root,path,file_name,extension,bytes
FUSION,BACKUP\DATA_HUB\FUSION\ADAUSD_FUSION.parquet,ADAUSD_FUSION.parquet,.parquet,28793364
FUSION,BACKUP\DATA_HUB\FUSION\ATMUSD_FUSION.parquet,ATMUSD_FUSION.parquet,.parquet,38193030
FUSION,BACKUP\DATA_HUB\FUSION\AUDCAD_FUSION.parquet,AUDCAD_FUSION.parquet,.parquet,33628667
FUSION,BACKUP\DATA_HUB\FUSION\AUDCHF_FUSION.parquet,AUDCHF_FUSION.parquet,.parquet,39125495
FUSION,BACKUP\DATA_HUB\FUSION\AUDJPY_FUSION.parquet,AUDJPY_FUSION.parquet,.parquet,34967174
FUSION,BACKUP\DATA_HUB\FUSION\AUDNZD_FUSION.parquet,AUDNZD_FUSION.parquet,.parquet,38313342
FUSION,BACKUP\DATA_HUB\FUSION\AUDPLN_FUSION.parquet,AUDPLN_FUSION.parquet,.parquet,14915397
FUSION,BACKUP\DATA_HUB\FUSION\AUDSGD_FUSION.parquet,AUDSGD_FUSION.parquet,.parquet,39714316
FUSION,BACKUP\DATA_HUB\FUSION\AUDUSD_FUSION.parquet,AUDUSD_FUSION.parquet,.parquet,39287006
FUSION,BACKUP\DATA_HUB\FUSION\AUS200_FUSION.parquet,AUS200_FUSION.parquet,.parquet,32879411
FUSION,BACKUP\DATA_HUB\FUSION\BCHUSD_FUSION.parquet,BCHUSD_FUSION.parquet,.parquet,35451349
FUSION,BACKUP\DATA_HUB\FUSION\BNBUSD_FUSION.parquet,BNBUSD_FUSION.parquet,.parquet,39758113
FUSION,BACKUP\DATA_HUB\FUSION\BTCAUD_FUSION.parquet,BTCAUD_FUSION.parquet,.parquet,36068041
FUSION,BACKUP\DATA_HUB\FUSION\CA60_FUSION.parquet,CA60_FUSION.parquet,.parquet,10851466
FUSION,BACKUP\DATA_HUB\FUSION\CADCHF_FUSION.parquet,CADCHF_FUSION.parquet,.parquet,38952077
FUSION,BACKUP\DATA_HUB\FUSION\CADJPY_FUSION.parquet,CADJPY_FUSION.parquet,.parquet,40456409
FUSION,BACKUP\DATA_HUB\FUSION\CHFJPY_FUSION.parquet,CHFJPY_FUSION.parquet,.parquet,35301092
FUSION,BACKUP\DATA_HUB\FUSION\CHFPLN_FUSION.parquet,CHFPLN_FUSION.parquet,.parquet,15754434
FUSION,BACKUP\DATA_HUB\FUSION\CHFSGD_FUSION.parquet,CHFSGD_FUSION.parquet,.parquet,39444324
FUSION,BACKUP\DATA_HUB\FUSION\CHINAH_FUSION.parquet,CHINAH_FUSION.parquet,.parquet,16412509
FUSION,BACKUP\DATA_HUB\FUSION\CN50_FUSION.parquet,CN50_FUSION.parquet,.parquet,39567297
FUSION,BACKUP\DATA_HUB\FUSION\COMPUSD_FUSION.parquet,COMPUSD_FUSION.parquet,.parquet,26334307
FUSION,BACKUP\DATA_HUB\FUSION\DOGEUSD_FUSION.parquet,DOGEUSD_FUSION.parquet,.parquet,33126563
FUSION,BACKUP\DATA_HUB\FUSION\DOTUSD_FUSION.parquet,DOTUSD_FUSION.parquet,.parquet,33718154
FUSION,BACKUP\DATA_HUB\FUSION\ETCUSD_FUSION.parquet,ETCUSD_FUSION.parquet,.parquet,31764426
FUSION,BACKUP\DATA_HUB\FUSION\ETHAUD_FUSION.parquet,ETHAUD_FUSION.parquet,.parquet,28872417
FUSION,BACKUP\DATA_HUB\FUSION\EURAUD_FUSION.parquet,EURAUD_FUSION.parquet,.parquet,40795458
FUSION,BACKUP\DATA_HUB\FUSION\EURCAD_FUSION.parquet,EURCAD_FUSION.parquet,.parquet,40293248
FUSION,BACKUP\DATA_HUB\FUSION\EURCHF_FUSION.parquet,EURCHF_FUSION.parquet,.parquet,38807554
FUSION,BACKUP\DATA_HUB\FUSION\EURCZK_FUSION.parquet,EURCZK_FUSION.parquet,.parquet,38445143
FUSION,BACKUP\DATA_HUB\FUSION\EURDKK_FUSION.parquet,EURDKK_FUSION.parquet,.parquet,34677163
FUSION,BACKUP\DATA_HUB\FUSION\EURGBP_FUSION.parquet,EURGBP_FUSION.parquet,.parquet,38067993
FUSION,BACKUP\DATA_HUB\FUSION\EURHUF_FUSION.parquet,EURHUF_FUSION.parquet,.parquet,38684271
FUSION,BACKUP\DATA_HUB\FUSION\EURJPY_FUSION.parquet,EURJPY_FUSION.parquet,.parquet,41456280
FUSION,BACKUP\DATA_HUB\FUSION\EURMXN_FUSION.parquet,EURMXN_FUSION.parquet,.parquet,16406461
FUSION,BACKUP\DATA_HUB\FUSION\EURNOK_FUSION.parquet,EURNOK_FUSION.parquet,.parquet,44568944
FUSION,BACKUP\DATA_HUB\FUSION\EURNZD_FUSION.parquet,EURNZD_FUSION.parquet,.parquet,41053649
FUSION,BACKUP\DATA_HUB\FUSION\EURPLN_FUSION.parquet,EURPLN_FUSION.parquet,.parquet,41867866
FUSION,BACKUP\DATA_HUB\FUSION\EURSEK_FUSION.parquet,EURSEK_FUSION.parquet,.parquet,44414211
FUSION,BACKUP\DATA_HUB\FUSION\EURSGD_FUSION.parquet,EURSGD_FUSION.parquet,.parquet,39901516
FUSION,BACKUP\DATA_HUB\FUSION\EURTRY_FUSION.parquet,EURTRY_FUSION.parquet,.parquet,29111352
FUSION,BACKUP\DATA_HUB\FUSION\EURUSD_FUSION.parquet,EURUSD_FUSION.parquet,.parquet,39712715
FUSION,BACKUP\DATA_HUB\FUSION\EURX_FUSION.parquet,EURX_FUSION.parquet,.parquet,26197627
FUSION,BACKUP\DATA_HUB\FUSION\EURZAR_FUSION.parquet,EURZAR_FUSION.parquet,.parquet,16427794
FUSION,BACKUP\DATA_HUB\FUSION\EUSTX50-F_FUSION.parquet,EUSTX50-F_FUSION.parquet,.parquet,37396646
FUSION,BACKUP\DATA_HUB\FUSION\EUSTX50_FUSION.parquet,EUSTX50_FUSION.parquet,.parquet,37416387
FUSION,BACKUP\DATA_HUB\FUSION\FRA40-F_FUSION.parquet,FRA40-F_FUSION.parquet,.parquet,30899496
FUSION,BACKUP\DATA_HUB\FUSION\FRA40_FUSION.parquet,FRA40_FUSION.parquet,.parquet,31098470
FUSION,BACKUP\DATA_HUB\FUSION\GBPAUD_FUSION.parquet,GBPAUD_FUSION.parquet,.parquet,41173012
FUSION,BACKUP\DATA_HUB\FUSION\GBPCAD_FUSION.parquet,GBPCAD_FUSION.parquet,.parquet,34208345
FUSION,BACKUP\DATA_HUB\FUSION\GBPCHF_FUSION.parquet,GBPCHF_FUSION.parquet,.parquet,39890438
FUSION,BACKUP\DATA_HUB\FUSION\GBPJPY_FUSION.parquet,GBPJPY_FUSION.parquet,.parquet,36360855
FUSION,BACKUP\DATA_HUB\FUSION\GBPNZD_FUSION.parquet,GBPNZD_FUSION.parquet,.parquet,41380566
FUSION,BACKUP\DATA_HUB\FUSION\GBPUSD_FUSION.parquet,GBPUSD_FUSION.parquet,.parquet,40247405
FUSION,BACKUP\DATA_HUB\FUSION\GER40-F_FUSION.parquet,GER40-F_FUSION.parquet,.parquet,40924488
FUSION,BACKUP\DATA_HUB\FUSION\GER40_FUSION.parquet,GER40_FUSION.parquet,.parquet,40981042
FUSION,BACKUP\DATA_HUB\FUSION\HK50-F_FUSION.parquet,HK50-F_FUSION.parquet,.parquet,39090251
FUSION,BACKUP\DATA_HUB\FUSION\HK50_FUSION.parquet,HK50_FUSION.parquet,.parquet,39492189
FUSION,BACKUP\DATA_HUB\FUSION\JPN225-F_FUSION.parquet,JPN225-F_FUSION.parquet,.parquet,39630410
FUSION,BACKUP\DATA_HUB\FUSION\JPN225_FUSION.parquet,JPN225_FUSION.parquet,.parquet,41129563
FUSION,BACKUP\DATA_HUB\FUSION\JPYX_FUSION.parquet,JPYX_FUSION.parquet,.parquet,27521316
FUSION,BACKUP\DATA_HUB\FUSION\KSMUSD_FUSION.parquet,KSMUSD_FUSION.parquet,.parquet,26736875
FUSION,BACKUP\DATA_HUB\FUSION\LINKUSD_FUSION.parquet,LINKUSD_FUSION.parquet,.parquet,35799383
FUSION,BACKUP\DATA_HUB\FUSION\LTCUSD_FUSION.parquet,LTCUSD_FUSION.parquet,.parquet,39782705
FUSION,BACKUP\DATA_HUB\FUSION\MATICUSD_FUSION.parquet,MATICUSD_FUSION.parquet,.parquet,5706309
FUSION,BACKUP\DATA_HUB\FUSION\modelos\EURUSD\features.json,features.json,.json,99
FUSION,BACKUP\DATA_HUB\FUSION\modelos\EURUSD\features_omnis.json,features_omnis.json,.json,380
FUSION,BACKUP\DATA_HUB\FUSION\modelos\EURUSD\super_brain.pkl,super_brain.pkl,.pkl,5387037
FUSION,BACKUP\DATA_HUB\FUSION\MXNJPY_FUSION.parquet,MXNJPY_FUSION.parquet,.parquet,17819756
FUSION,BACKUP\DATA_HUB\FUSION\NAS100-F_FUSION.parquet,NAS100-F_FUSION.parquet,.parquet,42816057
FUSION,BACKUP\DATA_HUB\FUSION\NAS100_FUSION.parquet,NAS100_FUSION.parquet,.parquet,42903346
FUSION,BACKUP\DATA_HUB\FUSION\NETH25_FUSION.parquet,NETH25_FUSION.parquet,.parquet,19090701
FUSION,BACKUP\DATA_HUB\FUSION\NZDCAD_FUSION.parquet,NZDCAD_FUSION.parquet,.parquet,33687055
FUSION,BACKUP\DATA_HUB\FUSION\NZDCHF_FUSION.parquet,NZDCHF_FUSION.parquet,.parquet,39163580
FUSION,BACKUP\DATA_HUB\FUSION\NZDJPY_FUSION.parquet,NZDJPY_FUSION.parquet,.parquet,39963231
FUSION,BACKUP\DATA_HUB\FUSION\NZDSGD_FUSION.parquet,NZDSGD_FUSION.parquet,.parquet,31787771
FUSION,BACKUP\DATA_HUB\FUSION\NZDUSD_FUSION.parquet,NZDUSD_FUSION.parquet,.parquet,39192035
FUSION,BACKUP\DATA_HUB\FUSION\SCI25_FUSION.parquet,SCI25_FUSION.parquet,.parquet,31108205
FUSION,BACKUP\DATA_HUB\FUSION\SGDJPY_FUSION.parquet,SGDJPY_FUSION.parquet,.parquet,40275665
FUSION,BACKUP\DATA_HUB\FUSION\SHBUSD_FUSION.parquet,SHBUSD_FUSION.parquet,.parquet,29307462
FUSION,BACKUP\DATA_HUB\FUSION\SPA35_FUSION.parquet,SPA35_FUSION.parquet,.parquet,35788610
FUSION,BACKUP\DATA_HUB\FUSION\SWI20-F_FUSION.parquet,SWI20-F_FUSION.parquet,.parquet,18467135
FUSION,BACKUP\DATA_HUB\FUSION\SWI20_FUSION.parquet,SWI20_FUSION.parquet,.parquet,18926314
FUSION,BACKUP\DATA_HUB\FUSION\TRXUSD_FUSION.parquet,TRXUSD_FUSION.parquet,.parquet,47853106
FUSION,BACKUP\DATA_HUB\FUSION\UK100-F_FUSION.parquet,UK100-F_FUSION.parquet,.parquet,39208346
FUSION,BACKUP\DATA_HUB\FUSION\UK100_FUSION.parquet,UK100_FUSION.parquet,.parquet,38799670
FUSION,BACKUP\DATA_HUB\FUSION\UNIUSD_FUSION.parquet,UNIUSD_FUSION.parquet,.parquet,34134692
FUSION,BACKUP\DATA_HUB\FUSION\US2000_FUSION.parquet,US2000_FUSION.parquet,.parquet,31752913
FUSION,BACKUP\DATA_HUB\FUSION\US30-F_FUSION.parquet,US30-F_FUSION.parquet,.parquet,39487040
FUSION,BACKUP\DATA_HUB\FUSION\US30_FUSION.parquet,US30_FUSION.parquet,.parquet,39525720
FUSION,BACKUP\DATA_HUB\FUSION\US500-F_FUSION.parquet,US500-F_FUSION.parquet,.parquet,33216743
FUSION,BACKUP\DATA_HUB\FUSION\US500_FUSION.parquet,US500_FUSION.parquet,.parquet,33199644
FUSION,BACKUP\DATA_HUB\FUSION\USDCAD_FUSION.parquet,USDCAD_FUSION.parquet,.parquet,39703983
FUSION,BACKUP\DATA_HUB\FUSION\USDCHF_FUSION.parquet,USDCHF_FUSION.parquet,.parquet,39328027
FUSION,BACKUP\DATA_HUB\FUSION\USDCNH_FUSION.parquet,USDCNH_FUSION.parquet,.parquet,42904529
FUSION,BACKUP\DATA_HUB\FUSION\USDCZK_FUSION.parquet,USDCZK_FUSION.parquet,.parquet,41376089
FUSION,BACKUP\DATA_HUB\FUSION\USDDKK_FUSION.parquet,USDDKK_FUSION.parquet,.parquet,43332336
FUSION,BACKUP\DATA_HUB\FUSION\USDHKD_FUSION.parquet,USDHKD_FUSION.parquet,.parquet,36520158
FUSION,BACKUP\DATA_HUB\FUSION\USDHUF_FUSION.parquet,USDHUF_FUSION.parquet,.parquet,42149772
FUSION,BACKUP\DATA_HUB\FUSION\USDILS_FUSION.parquet,USDILS_FUSION.parquet,.parquet,35537392
FUSION,BACKUP\DATA_HUB\FUSION\USDJPY_FUSION.parquet,USDJPY_FUSION.parquet,.parquet,40922054
FUSION,BACKUP\DATA_HUB\FUSION\USDMXN_FUSION.parquet,USDMXN_FUSION.parquet,.parquet,41962646
FUSION,BACKUP\DATA_HUB\FUSION\USDNOK_FUSION.parquet,USDNOK_FUSION.parquet,.parquet,44281723
FUSION,BACKUP\DATA_HUB\FUSION\USDPLN_FUSION.parquet,USDPLN_FUSION.parquet,.parquet,43134871
FUSION,BACKUP\DATA_HUB\FUSION\USDRON_FUSION.parquet,USDRON_FUSION.parquet,.parquet,34234839
FUSION,BACKUP\DATA_HUB\FUSION\USDSEK_FUSION.parquet,USDSEK_FUSION.parquet,.parquet,44278008
FUSION,BACKUP\DATA_HUB\FUSION\USDSGD_FUSION.parquet,USDSGD_FUSION.parquet,.parquet,38749373
FUSION,BACKUP\DATA_HUB\FUSION\USDTHB_FUSION.parquet,USDTHB_FUSION.parquet,.parquet,37178482
FUSION,BACKUP\DATA_HUB\FUSION\USDTRY_FUSION.parquet,USDTRY_FUSION.parquet,.parquet,44366486
FUSION,BACKUP\DATA_HUB\FUSION\USDX-F_FUSION.parquet,USDX-F_FUSION.parquet,.parquet,36507817
FUSION,BACKUP\DATA_HUB\FUSION\USDX_FUSION.parquet,USDX_FUSION.parquet,.parquet,36791263
FUSION,BACKUP\DATA_HUB\FUSION\USDZAR_FUSION.parquet,USDZAR_FUSION.parquet,.parquet,45220409
FUSION,BACKUP\DATA_HUB\FUSION\XAGUSD-F_FUSION.parquet,XAGUSD-F_FUSION.parquet,.parquet,33425111
FUSION,BACKUP\DATA_HUB\FUSION\XAGUSD_FUSION.parquet,XAGUSD_FUSION.parquet,.parquet,33243002
FUSION,BACKUP\DATA_HUB\FUSION\XAUUSD-F_FUSION.parquet,XAUUSD-F_FUSION.parquet,.parquet,41612095
FUSION,BACKUP\DATA_HUB\FUSION\XAUUSD_FUSION.parquet,XAUUSD_FUSION.parquet,.parquet,42272795
FUSION,BACKUP\DATA_HUB\FUSION\XLMUSD_FUSION.parquet,XLMUSD_FUSION.parquet,.parquet,40224037
FUSION,BACKUP\DATA_HUB\FUSION\XPDUSD_FUSION.parquet,XPDUSD_FUSION.parquet,.parquet,43172915
FUSION,BACKUP\DATA_HUB\FUSION\XPTUSD_FUSION.parquet,XPTUSD_FUSION.parquet,.parquet,41308506
FUSION,BACKUP\DATA_HUB\FUSION\XRPUSD_FUSION.parquet,XRPUSD_FUSION.parquet,.parquet,40215157
FUSION,BACKUP\DATA_HUB\FUSION\XTZUSD_FUSION.parquet,XTZUSD_FUSION.parquet,.parquet,22226179
FUSION,BACKUP\DATA_HUB\FUSION\ZARJPY_FUSION.parquet,ZARJPY_FUSION.parquet,.parquet,34974074
01_RAW_MT5,BACKUP\DATA_HUB\01_RAW_MT5\M5\aavusd.csv,aavusd.csv,.csv,5430958
01_RAW_MT5,BACKUP\DATA_HUB\01_RAW_MT5\M5\adausd.csv,adausd.csv,.csv,22855361
01_RAW_MT5,BACKUP\DATA_HUB\01_RAW_MT5\M5\aptusd.csv,aptusd.csv,.csv,6561751
01_RAW_MT5,BACKUP\DATA_HUB\01_RAW_MT5\M5\arbusd.csv,arbusd.csv,.csv,13973068
01_RAW_MT5,BACKUP\DATA_HUB\01_RAW_MT5\M5\atmusd.csv,atmusd.csv,.csv,26343622
01_RAW_MT5,BACKUP\DATA_HUB\01_RAW_MT5\M5\audcad.csv,audcad.csv,.csv,23375005
01_RAW_MT5,BACKUP\DATA_HUB\01_RAW_MT5\M5\audchf.csv,audchf.csv,.csv,27733828
01_RAW_MT5,BACKUP\DATA_HUB\01_RAW_MT5\M5\audcnh.csv,audcnh.csv,.csv,13277624
01_RAW_MT5,BACKUP\DATA_HUB\01_RAW_MT5\M5\auddkk.csv,auddkk.csv,.csv,9100526
01_RAW_MT5,BACKUP\DATA_HUB\01_RAW_MT5\M5\audhuf.csv,audhuf.csv,.csv,7653402
01_RAW_MT5,BACKUP\DATA_HUB\01_RAW_MT5\M5\audjpy.csv,audjpy.csv,.csv,21835738
01_RAW_MT5,BACKUP\DATA_HUB\01_RAW_MT5\M5\audnok.csv,audnok.csv,.csv,8710392
01_RAW_MT5,BACKUP\DATA_HUB\01_RAW_MT5\M5\audnzd.csv,audnzd.csv,.csv,27770808
01_RAW_MT5,BACKUP\DATA_HUB\01_RAW_MT5\M5\audpln.csv,audpln.csv,.csv,27421883
01_RAW_MT5,BACKUP\DATA_HUB\01_RAW_MT5\M5\audsgd.csv,audsgd.csv,.csv,27647546
01_RAW_MT5,BACKUP\DATA_HUB\01_RAW_MT5\M5\audusd.csv,audusd.csv,.csv,27398968
01_RAW_MT5,BACKUP\DATA_HUB\01_RAW_MT5\M5\aus200.csv,aus200.csv,.csv,21322769
01_RAW_MT5,BACKUP\DATA_HUB\01_RAW_MT5\M5\avaxusd.csv,avaxusd.csv,.csv,23564497
01_RAW_MT5,BACKUP\DATA_HUB\01_RAW_MT5\M5\bchusd.csv,bchusd.csv,.csv,25572021
01_RAW_MT5,BACKUP\DATA_HUB\01_RAW_MT5\M5\bnbusd.csv,bnbusd.csv,.csv,26331616
01_RAW_MT5,BACKUP\DATA_HUB\01_RAW_MT5\M5\bnkusd.csv,bnkusd.csv,.csv,4803230
01_RAW_MT5,BACKUP\DATA_HUB\01_RAW_MT5\M5\btcaud.csv,btcaud.csv,.csv,19041976
01_RAW_MT5,BACKUP\DATA_HUB\01_RAW_MT5\M5\btceur.csv,btceur.csv,.csv,18951563
01_RAW_MT5,BACKUP\DATA_HUB\01_RAW_MT5\M5\btcgbp.csv,btcgbp.csv,.csv,18691111
01_RAW_MT5,BACKUP\DATA_HUB\01_RAW_MT5\M5\btcusd.csv,btcusd.csv,.csv,10712886
01_RAW_MT5,BACKUP\DATA_HUB\01_RAW_MT5\M5\ca60.csv,ca60.csv,.csv,7123536
01_RAW_MT5,BACKUP\DATA_HUB\01_RAW_MT5\M5\cadchf.csv,cadchf.csv,.csv,27632509
01_RAW_MT5,BACKUP\DATA_HUB\01_RAW_MT5\M5\cadjpy.csv,cadjpy.csv,.csv,26816236
01_RAW_MT5,BACKUP\DATA_HUB\01_RAW_MT5\M5\cadmxn.csv,cadmxn.csv,.csv,9111595
01_RAW_MT5,BACKUP\DATA_HUB\01_RAW_MT5\M5\cadsgd.csv,cadsgd.csv,.csv,8491752
01_RAW_MT5,BACKUP\DATA_HUB\01_RAW_MT5\M5\chfdkk.csv,chfdkk.csv,.csv,8447174
01_RAW_MT5,BACKUP\DATA_HUB\01_RAW_MT5\M5\chfhuf.csv,chfhuf.csv,.csv,5304398
01_RAW_MT5,BACKUP\DATA_HUB\01_RAW_MT5\M5\chfjpy.csv,chfjpy.csv,.csv,23299021
01_RAW_MT5,BACKUP\DATA_HUB\01_RAW_MT5\M5\chfnok.csv,chfnok.csv,.csv,9197866
01_RAW_MT5,BACKUP\DATA_HUB\01_RAW_MT5\M5\chfpln.csv,chfpln.csv,.csv,27242336
01_RAW_MT5,BACKUP\DATA_HUB\01_RAW_MT5\M5\chfsek.csv,chfsek.csv,.csv,9082711
01_RAW_MT5,BACKUP\DATA_HUB\01_RAW_MT5\M5\chfsgd.csv,chfsgd.csv,.csv,27236103
01_RAW_MT5,BACKUP\DATA_HUB\01_RAW_MT5\M5\chinah.csv,chinah.csv,.csv,12738770
01_RAW_MT5,BACKUP\DATA_HUB\01_RAW_MT5\M5\cn50.csv,cn50.csv,.csv,25475711
01_RAW_MT5,BACKUP\DATA_HUB\01_RAW_MT5\M5\cnhjpy.csv,cnhjpy.csv,.csv,8093611
01_RAW_MT5,BACKUP\DATA_HUB\01_RAW_MT5\M5\compusd.csv,compusd.csv,.csv,16744919
01_RAW_MT5,BACKUP\DATA_HUB\01_RAW_MT5\M5\dogeusd.csv,dogeusd.csv,.csv,29501788
01_RAW_MT5,BACKUP\DATA_HUB\01_RAW_MT5\M5\dotusd.csv,dotusd.csv,.csv,27174581
01_RAW_MT5,BACKUP\DATA_HUB\01_RAW_MT5\M5\etcusd.csv,etcusd.csv,.csv,16090897
01_RAW_MT5,BACKUP\DATA_HUB\01_RAW_MT5\M5\ethaud.csv,ethaud.csv,.csv,16942097
01_RAW_MT5,BACKUP\DATA_HUB\01_RAW_MT5\M5\etheur.csv,etheur.csv,.csv,17325029
01_RAW_MT5,BACKUP\DATA_HUB\01_RAW_MT5\M5\ethgbp.csv,ethgbp.csv,.csv,17324996
01_RAW_MT5,BACKUP\DATA_HUB\01_RAW_MT5\M5\ethusd.csv,ethusd.csv,.csv,9592793
01_RAW_MT5,BACKUP\DATA_HUB\01_RAW_MT5\M5\euraud.csv,euraud.csv,.csv,27827096
01_RAW_MT5,BACKUP\DATA_HUB\01_RAW_MT5\M5\eurcad.csv,eurcad.csv,.csv,27751356
01_RAW_MT5,BACKUP\DATA_HUB\01_RAW_MT5\M5\eurchf.csv,eurchf.csv,.csv,27399502
01_RAW_MT5,BACKUP\DATA_HUB\01_RAW_MT5\M5\eurcnh.csv,eurcnh.csv,.csv,8602033
01_RAW_MT5,BACKUP\DATA_HUB\01_RAW_MT5\M5\eurczk.csv,eurczk.csv,.csv,25632594
01_RAW_MT5,BACKUP\DATA_HUB\01_RAW_MT5\M5\eurdkk.csv,eurdkk.csv,.csv,26802301
01_RAW_MT5,BACKUP\DATA_HUB\01_RAW_MT5\M5\eurgbp.csv,eurgbp.csv,.csv,27417243
01_RAW_MT5,BACKUP\DATA_HUB\01_RAW_MT5\M5\eurhuf.csv,eurhuf.csv,.csv,22768807
01_RAW_MT5,BACKUP\DATA_HUB\01_RAW_MT5\M5\eurils.csv,eurils.csv,.csv,4669660
01_RAW_MT5,BACKUP\DATA_HUB\01_RAW_MT5\M5\eurjpy.csv,eurjpy.csv,.csv,27543087
01_RAW_MT5,BACKUP\DATA_HUB\01_RAW_MT5\M5\eurmxn.csv,eurmxn.csv,.csv,29058709
01_RAW_MT5,BACKUP\DATA_HUB\01_RAW_MT5\M5\eurnok.csv,eurnok.csv,.csv,29643289
01_RAW_MT5,BACKUP\DATA_HUB\01_RAW_MT5\M5\eurnzd.csv,eurnzd.csv,.csv,27788243
01_RAW_MT5,BACKUP\DATA_HUB\01_RAW_MT5\M5\eurpln.csv,eurpln.csv,.csv,27388524
01_RAW_MT5,BACKUP\DATA_HUB\01_RAW_MT5\M5\eursek.csv,eursek.csv,.csv,29753464
01_RAW_MT5,BACKUP\DATA_HUB\01_RAW_MT5\M5\eursgd.csv,eursgd.csv,.csv,27713019
01_RAW_MT5,BACKUP\DATA_HUB\01_RAW_MT5\M5\eurtry.csv,eurtry.csv,.csv,16880863
01_RAW_MT5,BACKUP\DATA_HUB\01_RAW_MT5\M5\eurusd.csv,eurusd.csv,.csv,27414669
01_RAW_MT5,BACKUP\DATA_HUB\01_RAW_MT5\M5\eurx.csv,eurx.csv,.csv,23119269
01_RAW_MT5,BACKUP\DATA_HUB\01_RAW_MT5\M5\eurzar.csv,eurzar.csv,.csv,29043898
01_RAW_MT5,BACKUP\DATA_HUB\01_RAW_MT5\M5\eustx50-f.csv,eustx50-f.csv,.csv,24186735
01_RAW_MT5,BACKUP\DATA_HUB\01_RAW_MT5\M5\eustx50.csv,eustx50.csv,.csv,23670134
01_RAW_MT5,BACKUP\DATA_HUB\01_RAW_MT5\M5\fetusd.csv,fetusd.csv,.csv,2689409
01_RAW_MT5,BACKUP\DATA_HUB\01_RAW_MT5\M5\flousd.csv,flousd.csv,.csv,7522795
01_RAW_MT5,BACKUP\DATA_HUB\01_RAW_MT5\M5\fra40-f.csv,fra40-f.csv,.csv,14933538
01_RAW_MT5,BACKUP\DATA_HUB\01_RAW_MT5\M5\fra40.csv,fra40.csv,.csv,14996245
01_RAW_MT5,BACKUP\DATA_HUB\01_RAW_MT5\M5\gbpaud.csv,gbpaud.csv,.csv,27723035
01_RAW_MT5,BACKUP\DATA_HUB\01_RAW_MT5\M5\gbpcad.csv,gbpcad.csv,.csv,23362844
01_RAW_MT5,BACKUP\DATA_HUB\01_RAW_MT5\M5\gbpchf.csv,gbpchf.csv,.csv,27710385
01_RAW_MT5,BACKUP\DATA_HUB\01_RAW_MT5\M5\gbpcnh.csv,gbpcnh.csv,.csv,8601884
01_RAW_MT5,BACKUP\DATA_HUB\01_RAW_MT5\M5\gbpdkk.csv,gbpdkk.csv,.csv,8443271
01_RAW_MT5,BACKUP\DATA_HUB\01_RAW_MT5\M5\gbphuf.csv,gbphuf.csv,.csv,5303201
01_RAW_MT5,BACKUP\DATA_HUB\01_RAW_MT5\M5\gbpjpy.csv,gbpjpy.csv,.csv,23314165
01_RAW_MT5,BACKUP\DATA_HUB\01_RAW_MT5\M5\gbpmxn.csv,gbpmxn.csv,.csv,9088300
01_RAW_MT5,BACKUP\DATA_HUB\01_RAW_MT5\M5\gbpnok.csv,gbpnok.csv,.csv,9085843
01_RAW_MT5,BACKUP\DATA_HUB\01_RAW_MT5\M5\gbpnzd.csv,gbpnzd.csv,.csv,27731968
01_RAW_MT5,BACKUP\DATA_HUB\01_RAW_MT5\M5\gbpsek.csv,gbpsek.csv,.csv,9086023
01_RAW_MT5,BACKUP\DATA_HUB\01_RAW_MT5\M5\gbpsgd.csv,gbpsgd.csv,.csv,8577058
01_RAW_MT5,BACKUP\DATA_HUB\01_RAW_MT5\M5\gbptry.csv,gbptry.csv,.csv,5704309
01_RAW_MT5,BACKUP\DATA_HUB\01_RAW_MT5\M5\gbpusd.csv,gbpusd.csv,.csv,27475034
01_RAW_MT5,BACKUP\DATA_HUB\01_RAW_MT5\M5\ger40-f.csv,ger40-f.csv,.csv,25023322
01_RAW_MT5,BACKUP\DATA_HUB\01_RAW_MT5\M5\ger40.csv,ger40.csv,.csv,24459553
01_RAW_MT5,BACKUP\DATA_HUB\01_RAW_MT5\M5\glmrusd.csv,glmrusd.csv,.csv,15987426
01_RAW_MT5,BACKUP\DATA_HUB\01_RAW_MT5\M5\hbarusd.csv,hbarusd.csv,.csv,3517184
01_RAW_MT5,BACKUP\DATA_HUB\01_RAW_MT5\M5\hk50-f.csv,hk50-f.csv,.csv,22890610
01_RAW_MT5,BACKUP\DATA_HUB\01_RAW_MT5\M5\hk50.csv,hk50.csv,.csv,22700987
01_RAW_MT5,BACKUP\DATA_HUB\01_RAW_MT5\M5\hstech.csv,hstech.csv,.csv,466231
01_RAW_MT5,BACKUP\DATA_HUB\01_RAW_MT5\M5\hypeusd.csv,hypeusd.csv,.csv,2611639
01_RAW_MT5,BACKUP\DATA_HUB\01_RAW_MT5\M5\injusd.csv,injusd.csv,.csv,2971834
01_RAW_MT5,BACKUP\DATA_HUB\01_RAW_MT5\M5\jpn225-f.csv,jpn225-f.csv,.csv,26728527
01_RAW_MT5,BACKUP\DATA_HUB\01_RAW_MT5\M5\jpn225.csv,jpn225.csv,.csv,26548545
01_RAW_MT5,BACKUP\DATA_HUB\01_RAW_MT5\M5\jpyx.csv,jpyx.csv,.csv,21807110
01_RAW_MT5,BACKUP\DATA_HUB\01_RAW_MT5\M5\jupusd.csv,jupusd.csv,.csv,4594239
01_RAW_MT5,BACKUP\DATA_HUB\01_RAW_MT5\M5\ksmusd.csv,ksmusd.csv,.csv,16180111
01_RAW_MT5,BACKUP\DATA_HUB\01_RAW_MT5\M5\linkusd.csv,linkusd.csv,.csv,28575572
01_RAW_MT5,BACKUP\DATA_HUB\01_RAW_MT5\M5\ltcusd.csv,ltcusd.csv,.csv,29403434
01_RAW_MT5,BACKUP\DATA_HUB\01_RAW_MT5\M5\manusd.csv,manusd.csv,.csv,23585252
01_RAW_MT5,BACKUP\DATA_HUB\01_RAW_MT5\M5\maticusd.csv,maticusd.csv,.csv,24583308
01_RAW_MT5,BACKUP\DATA_HUB\01_RAW_MT5\M5\mxnjpy.csv,mxnjpy.csv,.csv,27434594
01_RAW_MT5,BACKUP\DATA_HUB\01_RAW_MT5\M5\nas100-f.csv,nas100-f.csv,.csv,26293942
01_RAW_MT5,BACKUP\DATA_HUB\01_RAW_MT5\M5\nas100.csv,nas100.csv,.csv,26590822
01_RAW_MT5,BACKUP\DATA_HUB\01_RAW_MT5\M5\nerusd.csv,nerusd.csv,.csv,22381746
01_RAW_MT5,BACKUP\DATA_HUB\01_RAW_MT5\M5\neth25.csv,neth25.csv,.csv,12743364
01_RAW_MT5,BACKUP\DATA_HUB\01_RAW_MT5\M5\nokjpy.csv,nokjpy.csv,.csv,9306160
01_RAW_MT5,BACKUP\DATA_HUB\01_RAW_MT5\M5\noksek.csv,noksek.csv,.csv,8557715
01_RAW_MT5,BACKUP\DATA_HUB\01_RAW_MT5\M5\nzdcad.csv,nzdcad.csv,.csv,23315494
01_RAW_MT5,BACKUP\DATA_HUB\01_RAW_MT5\M5\nzdchf.csv,nzdchf.csv,.csv,27659316
01_RAW_MT5,BACKUP\DATA_HUB\01_RAW_MT5\M5\nzdcnh.csv,nzdcnh.csv,.csv,8589933
01_RAW_MT5,BACKUP\DATA_HUB\01_RAW_MT5\M5\nzdhuf.csv,nzdhuf.csv,.csv,5300982
01_RAW_MT5,BACKUP\DATA_HUB\01_RAW_MT5\M5\nzdjpy.csv,nzdjpy.csv,.csv,25687714
01_RAW_MT5,BACKUP\DATA_HUB\01_RAW_MT5\M5\nzdsgd.csv,nzdsgd.csv,.csv,27265633
01_RAW_MT5,BACKUP\DATA_HUB\01_RAW_MT5\M5\nzdusd.csv,nzdusd.csv,.csv,27376341
01_RAW_MT5,BACKUP\DATA_HUB\01_RAW_MT5\M5\ondusd.csv,ondusd.csv,.csv,4857119
01_RAW_MT5,BACKUP\DATA_HUB\01_RAW_MT5\M5\paxgusd.csv,paxgusd.csv,.csv,2424008
01_RAW_MT5,BACKUP\DATA_HUB\01_RAW_MT5\M5\pepusd.csv,pepusd.csv,.csv,13965398
01_RAW_MT5,BACKUP\DATA_HUB\01_RAW_MT5\M5\polusd.csv,polusd.csv,.csv,3482944
01_RAW_MT5,BACKUP\DATA_HUB\01_RAW_MT5\M5\renderusd.csv,renderusd.csv,.csv,6586883
01_RAW_MT5,BACKUP\DATA_HUB\01_RAW_MT5\M5\sanusd.csv,sanusd.csv,.csv,20761343
01_RAW_MT5,BACKUP\DATA_HUB\01_RAW_MT5\M5\sci25.csv,sci25.csv,.csv,19166572
01_RAW_MT5,BACKUP\DATA_HUB\01_RAW_MT5\M5\sekjpy.csv,sekjpy.csv,.csv,9184333
01_RAW_MT5,BACKUP\DATA_HUB\01_RAW_MT5\M5\sgdjpy.csv,sgdjpy.csv,.csv,26938315
01_RAW_MT5,BACKUP\DATA_HUB\01_RAW_MT5\M5\shbusd.csv,shbusd.csv,.csv,25953491
01_RAW_MT5,BACKUP\DATA_HUB\01_RAW_MT5\M5\solusd.csv,solusd.csv,.csv,24034834
01_RAW_MT5,BACKUP\DATA_HUB\01_RAW_MT5\M5\sonusd.csv,sonusd.csv,.csv,2696034
01_RAW_MT5,BACKUP\DATA_HUB\01_RAW_MT5\M5\spa35.csv,spa35.csv,.csv,19978126
01_RAW_MT5,BACKUP\DATA_HUB\01_RAW_MT5\M5\suiusd.csv,suiusd.csv,.csv,3670110
01_RAW_MT5,BACKUP\DATA_HUB\01_RAW_MT5\M5\swi20-f.csv,swi20-f.csv,.csv,13711031
01_RAW_MT5,BACKUP\DATA_HUB\01_RAW_MT5\M5\swi20.csv,swi20.csv,.csv,13798441
01_RAW_MT5,BACKUP\DATA_HUB\01_RAW_MT5\M5\tonusd.csv,tonusd.csv,.csv,3513666
01_RAW_MT5,BACKUP\DATA_HUB\01_RAW_MT5\M5\trumpusd.csv,trumpusd.csv,.csv,5743394
01_RAW_MT5,BACKUP\DATA_HUB\01_RAW_MT5\M5\trxusd.csv,trxusd.csv,.csv,37813728
01_RAW_MT5,BACKUP\DATA_HUB\01_RAW_MT5\M5\twn.csv,twn.csv,.csv,149451
01_RAW_MT5,BACKUP\DATA_HUB\01_RAW_MT5\M5\uk100-f.csv,uk100-f.csv,.csv,24888425
01_RAW_MT5,BACKUP\DATA_HUB\01_RAW_MT5\M5\uk100.csv,uk100.csv,.csv,24095876
01_RAW_MT5,BACKUP\DATA_HUB\01_RAW_MT5\M5\uniusd.csv,uniusd.csv,.csv,23413131
01_RAW_MT5,BACKUP\DATA_HUB\01_RAW_MT5\M5\us2000.csv,us2000.csv,.csv,24668816
01_RAW_MT5,BACKUP\DATA_HUB\01_RAW_MT5\M5\us30-f.csv,us30-f.csv,.csv,27207528
01_RAW_MT5,BACKUP\DATA_HUB\01_RAW_MT5\M5\us30.csv,us30.csv,.csv,27235899
01_RAW_MT5,BACKUP\DATA_HUB\01_RAW_MT5\M5\us400.csv,us400.csv,.csv,502243
01_RAW_MT5,BACKUP\DATA_HUB\01_RAW_MT5\M5\us500-f.csv,us500-f.csv,.csv,23094987
01_RAW_MT5,BACKUP\DATA_HUB\01_RAW_MT5\M5\us500.csv,us500.csv,.csv,22943580
01_RAW_MT5,BACKUP\DATA_HUB\01_RAW_MT5\M5\usdaed.csv,usdaed.csv,.csv,1790709
01_RAW_MT5,BACKUP\DATA_HUB\01_RAW_MT5\M5\usdbrl.csv,usdbrl.csv,.csv,3657405
01_RAW_MT5,BACKUP\DATA_HUB\01_RAW_MT5\M5\usdcad.csv,usdcad.csv,.csv,27458730
01_RAW_MT5,BACKUP\DATA_HUB\01_RAW_MT5\M5\usdchf.csv,usdchf.csv,.csv,27355779
01_RAW_MT5,BACKUP\DATA_HUB\01_RAW_MT5\M5\usdclp.csv,usdclp.csv,.csv,2518317
01_RAW_MT5,BACKUP\DATA_HUB\01_RAW_MT5\M5\usdcnh.csv,usdcnh.csv,.csv,27718562
01_RAW_MT5,BACKUP\DATA_HUB\01_RAW_MT5\M5\usdcop.csv,usdcop.csv,.csv,1967137
01_RAW_MT5,BACKUP\DATA_HUB\01_RAW_MT5\M5\usdczk.csv,usdczk.csv,.csv,27714122
01_RAW_MT5,BACKUP\DATA_HUB\01_RAW_MT5\M5\usddkk.csv,usddkk.csv,.csv,27684265
01_RAW_MT5,BACKUP\DATA_HUB\01_RAW_MT5\M5\usdhkd.csv,usdhkd.csv,.csv,27151469
01_RAW_MT5,BACKUP\DATA_HUB\01_RAW_MT5\M5\usdhuf.csv,usdhuf.csv,.csv,26607954
01_RAW_MT5,BACKUP\DATA_HUB\01_RAW_MT5\M5\usdidr.csv,usdidr.csv,.csv,8966250
01_RAW_MT5,BACKUP\DATA_HUB\01_RAW_MT5\M5\usdils.csv,usdils.csv,.csv,18907371
01_RAW_MT5,BACKUP\DATA_HUB\01_RAW_MT5\M5\usdinr.csv,usdinr.csv,.csv,9114239
01_RAW_MT5,BACKUP\DATA_HUB\01_RAW_MT5\M5\usdjpy.csv,usdjpy.csv,.csv,27491805
01_RAW_MT5,BACKUP\DATA_HUB\01_RAW_MT5\M5\usdkrw.csv,usdkrw.csv,.csv,10929441
01_RAW_MT5,BACKUP\DATA_HUB\01_RAW_MT5\M5\usdmxn.csv,usdmxn.csv,.csv,30027930
01_RAW_MT5,BACKUP\DATA_HUB\01_RAW_MT5\M5\usdnok.csv,usdnok.csv,.csv,28854348
01_RAW_MT5,BACKUP\DATA_HUB\01_RAW_MT5\M5\usdpln.csv,usdpln.csv,.csv,27723470
01_RAW_MT5,BACKUP\DATA_HUB\01_RAW_MT5\M5\usdron.csv,usdron.csv,.csv,17847808
01_RAW_MT5,BACKUP\DATA_HUB\01_RAW_MT5\M5\usdsek.csv,usdsek.csv,.csv,28661850
01_RAW_MT5,BACKUP\DATA_HUB\01_RAW_MT5\M5\usdsgd.csv,usdsgd.csv,.csv,27592714
01_RAW_MT5,BACKUP\DATA_HUB\01_RAW_MT5\M5\usdthb.csv,usdthb.csv,.csv,23498316
01_RAW_MT5,BACKUP\DATA_HUB\01_RAW_MT5\M5\usdtry.csv,usdtry.csv,.csv,27494012
01_RAW_MT5,BACKUP\DATA_HUB\01_RAW_MT5\M5\usdtwd.csv,usdtwd.csv,.csv,9762512
01_RAW_MT5,BACKUP\DATA_HUB\01_RAW_MT5\M5\usdx-f.csv,usdx-f.csv,.csv,23178005
01_RAW_MT5,BACKUP\DATA_HUB\01_RAW_MT5\M5\usdx.csv,usdx.csv,.csv,23341675
01_RAW_MT5,BACKUP\DATA_HUB\01_RAW_MT5\M5\usdzar.csv,usdzar.csv,.csv,30085378
01_RAW_MT5,BACKUP\DATA_HUB\01_RAW_MT5\M5\vix.csv,vix.csv,.csv,18610772
01_RAW_MT5,BACKUP\DATA_HUB\01_RAW_MT5\M5\wifusd.csv,wifusd.csv,.csv,7026414
01_RAW_MT5,BACKUP\DATA_HUB\01_RAW_MT5\M5\xagaud.csv,xagaud.csv,.csv,7567047
01_RAW_MT5,BACKUP\DATA_HUB\01_RAW_MT5\M5\xageur.csv,xageur.csv,.csv,16958824
01_RAW_MT5,BACKUP\DATA_HUB\01_RAW_MT5\M5\xagsgd.csv,xagsgd.csv,.csv,7834906
01_RAW_MT5,BACKUP\DATA_HUB\01_RAW_MT5\M5\xagusd-f.csv,xagusd-f.csv,.csv,24473548
01_RAW_MT5,BACKUP\DATA_HUB\01_RAW_MT5\M5\xagusd.csv,xagusd.csv,.csv,24370908
01_RAW_MT5,BACKUP\DATA_HUB\01_RAW_MT5\M5\xauaud.csv,xauaud.csv,.csv,8449201
01_RAW_MT5,BACKUP\DATA_HUB\01_RAW_MT5\M5\xauchf.csv,xauchf.csv,.csv,13444856
01_RAW_MT5,BACKUP\DATA_HUB\01_RAW_MT5\M5\xaucnh.csv,xaucnh.csv,.csv,7364785
01_RAW_MT5,BACKUP\DATA_HUB\01_RAW_MT5\M5\xaueur.csv,xaueur.csv,.csv,13442848
01_RAW_MT5,BACKUP\DATA_HUB\01_RAW_MT5\M5\xaugbp.csv,xaugbp.csv,.csv,13444286
01_RAW_MT5,BACKUP\DATA_HUB\01_RAW_MT5\M5\xaujpy.csv,xaujpy.csv,.csv,6997242
01_RAW_MT5,BACKUP\DATA_HUB\01_RAW_MT5\M5\xausgd.csv,xausgd.csv,.csv,8442422
01_RAW_MT5,BACKUP\DATA_HUB\01_RAW_MT5\M5\xauthb.csv,xauthb.csv,.csv,5418475
01_RAW_MT5,BACKUP\DATA_HUB\01_RAW_MT5\M5\xautusd.csv,xautusd.csv,.csv,2423434
01_RAW_MT5,BACKUP\DATA_HUB\01_RAW_MT5\M5\xauusd-f.csv,xauusd-f.csv,.csv,26164457
01_RAW_MT5,BACKUP\DATA_HUB\01_RAW_MT5\M5\xauusd.csv,xauusd.csv,.csv,27436855
01_RAW_MT5,BACKUP\DATA_HUB\01_RAW_MT5\M5\xlmusd.csv,xlmusd.csv,.csv,29677378
01_RAW_MT5,BACKUP\DATA_HUB\01_RAW_MT5\M5\xpdusd.csv,xpdusd.csv,.csv,26397302
01_RAW_MT5,BACKUP\DATA_HUB\01_RAW_MT5\M5\xptusd.csv,xptusd.csv,.csv,25700832
01_RAW_MT5,BACKUP\DATA_HUB\01_RAW_MT5\M5\xrpusd.csv,xrpusd.csv,.csv,28737208
01_RAW_MT5,BACKUP\DATA_HUB\01_RAW_MT5\M5\xtzusd.csv,xtzusd.csv,.csv,25204174
01_RAW_MT5,BACKUP\DATA_HUB\01_RAW_MT5\M5\zarjpy.csv,zarjpy.csv,.csv,23480650
02_Organizado_MT5,BACKUP\DATA_HUB\02_Organizado_MT5\2020\01\AUDCHF.csv,AUDCHF.csv,.csv,27944239
02_Organizado_MT5,BACKUP\DATA_HUB\02_Organizado_MT5\2020\01\AUDNZD.csv,AUDNZD.csv,.csv,27980930
02_Organizado_MT5,BACKUP\DATA_HUB\02_Organizado_MT5\2020\01\AUDPLN.csv,AUDPLN.csv,.csv,29854417
02_Organizado_MT5,BACKUP\DATA_HUB\02_Organizado_MT5\2020\01\AUDSGD.csv,AUDSGD.csv,.csv,27856984
02_Organizado_MT5,BACKUP\DATA_HUB\02_Organizado_MT5\2020\01\AUDUSD.csv,AUDUSD.csv,.csv,27612482
02_Organizado_MT5,BACKUP\DATA_HUB\02_Organizado_MT5\2020\01\AUS200.csv,AUS200.csv,.csv,22869793
02_Organizado_MT5,BACKUP\DATA_HUB\02_Organizado_MT5\2020\01\BTCAUD.csv,BTCAUD.csv,.csv,23610842
02_Organizado_MT5,BACKUP\DATA_HUB\02_Organizado_MT5\2020\01\CADCHF.csv,CADCHF.csv,.csv,27851163
02_Organizado_MT5,BACKUP\DATA_HUB\02_Organizado_MT5\2020\01\CADJPY.csv,CADJPY.csv,.csv,27022541
02_Organizado_MT5,BACKUP\DATA_HUB\02_Organizado_MT5\2020\01\CHFJPY.csv,CHFJPY.csv,.csv,23473319
02_Organizado_MT5,BACKUP\DATA_HUB\02_Organizado_MT5\2020\01\CHFPLN.csv,CHFPLN.csv,.csv,27295375
02_Organizado_MT5,BACKUP\DATA_HUB\02_Organizado_MT5\2020\01\CHFSGD.csv,CHFSGD.csv,.csv,27441473
02_Organizado_MT5,BACKUP\DATA_HUB\02_Organizado_MT5\2020\01\CN50.csv,CN50.csv,.csv,32213135
02_Organizado_MT5,BACKUP\DATA_HUB\02_Organizado_MT5\2020\01\ETCUSD.csv,ETCUSD.csv,.csv,18548854
02_Organizado_MT5,BACKUP\DATA_HUB\02_Organizado_MT5\2020\01\EURAUD.csv,EURAUD.csv,.csv,28035980
02_Organizado_MT5,BACKUP\DATA_HUB\02_Organizado_MT5\2020\01\EURCAD.csv,EURCAD.csv,.csv,27961825
02_Organizado_MT5,BACKUP\DATA_HUB\02_Organizado_MT5\2020\01\EURCHF.csv,EURCHF.csv,.csv,27614638
02_Organizado_MT5,BACKUP\DATA_HUB\02_Organizado_MT5\2020\01\EURCZK.csv,EURCZK.csv,.csv,27875032
02_Organizado_MT5,BACKUP\DATA_HUB\02_Organizado_MT5\2020\01\EURDKK.csv,EURDKK.csv,.csv,27003377
02_Organizado_MT5,BACKUP\DATA_HUB\02_Organizado_MT5\2020\01\EURGBP.csv,EURGBP.csv,.csv,27625217
02_Organizado_MT5,BACKUP\DATA_HUB\02_Organizado_MT5\2020\01\EURHUF.csv,EURHUF.csv,.csv,23094034
02_Organizado_MT5,BACKUP\DATA_HUB\02_Organizado_MT5\2020\01\EURJPY.csv,EURJPY.csv,.csv,27748290
02_Organizado_MT5,BACKUP\DATA_HUB\02_Organizado_MT5\2020\01\EURMXN.csv,EURMXN.csv,.csv,29122199
02_Organizado_MT5,BACKUP\DATA_HUB\02_Organizado_MT5\2020\01\EURNOK.csv,EURNOK.csv,.csv,29838767
02_Organizado_MT5,BACKUP\DATA_HUB\02_Organizado_MT5\2020\01\EURNZD.csv,EURNZD.csv,.csv,27996690
02_Organizado_MT5,BACKUP\DATA_HUB\02_Organizado_MT5\2020\01\EURPLN.csv,EURPLN.csv,.csv,27611332
02_Organizado_MT5,BACKUP\DATA_HUB\02_Organizado_MT5\2020\01\EURSEK.csv,EURSEK.csv,.csv,29953774
02_Organizado_MT5,BACKUP\DATA_HUB\02_Organizado_MT5\2020\01\EURSGD.csv,EURSGD.csv,.csv,27922003
02_Organizado_MT5,BACKUP\DATA_HUB\02_Organizado_MT5\2020\01\EURTRY.csv,EURTRY.csv,.csv,16982981
02_Organizado_MT5,BACKUP\DATA_HUB\02_Organizado_MT5\2020\01\EURUSD.csv,EURUSD.csv,.csv,27624589
02_Organizado_MT5,BACKUP\DATA_HUB\02_Organizado_MT5\2020\01\EURZAR.csv,EURZAR.csv,.csv,29206422
02_Organizado_MT5,BACKUP\DATA_HUB\02_Organizado_MT5\2020\01\EUSTX50-F.csv,EUSTX50-F.csv,.csv,31231087
02_Organizado_MT5,BACKUP\DATA_HUB\02_Organizado_MT5\2020\01\EUSTX50.csv,EUSTX50.csv,.csv,30561046
02_Organizado_MT5,BACKUP\DATA_HUB\02_Organizado_MT5\2020\01\FRA40-F.csv,FRA40-F.csv,.csv,19220002
02_Organizado_MT5,BACKUP\DATA_HUB\02_Organizado_MT5\2020\01\FRA40.csv,FRA40.csv,.csv,19300053
02_Organizado_MT5,BACKUP\DATA_HUB\02_Organizado_MT5\2020\01\GBPAUD.csv,GBPAUD.csv,.csv,27932603
02_Organizado_MT5,BACKUP\DATA_HUB\02_Organizado_MT5\2020\01\GBPCAD.csv,GBPCAD.csv,.csv,23538331
02_Organizado_MT5,BACKUP\DATA_HUB\02_Organizado_MT5\2020\01\GBPCHF.csv,GBPCHF.csv,.csv,27919271
02_Organizado_MT5,BACKUP\DATA_HUB\02_Organizado_MT5\2020\01\GBPNZD.csv,GBPNZD.csv,.csv,27930007
02_Organizado_MT5,BACKUP\DATA_HUB\02_Organizado_MT5\2020\01\GBPUSD.csv,GBPUSD.csv,.csv,27684925
02_Organizado_MT5,BACKUP\DATA_HUB\02_Organizado_MT5\2020\01\GER40-F.csv,GER40-F.csv,.csv,31762746
02_Organizado_MT5,BACKUP\DATA_HUB\02_Organizado_MT5\2020\01\GER40.csv,GER40.csv,.csv,31062049
02_Organizado_MT5,BACKUP\DATA_HUB\02_Organizado_MT5\2020\01\HK50-F.csv,HK50-F.csv,.csv,28958674
02_Organizado_MT5,BACKUP\DATA_HUB\02_Organizado_MT5\2020\01\HK50.csv,HK50.csv,.csv,28746027
02_Organizado_MT5,BACKUP\DATA_HUB\02_Organizado_MT5\2020\01\JPN225-F.csv,JPN225-F.csv,.csv,33879135
02_Organizado_MT5,BACKUP\DATA_HUB\02_Organizado_MT5\2020\01\JPN225.csv,JPN225.csv,.csv,33695089
02_Organizado_MT5,BACKUP\DATA_HUB\02_Organizado_MT5\2020\01\LTCUSD.csv,LTCUSD.csv,.csv,39356826
02_Organizado_MT5,BACKUP\DATA_HUB\02_Organizado_MT5\2020\01\MXNJPY.csv,MXNJPY.csv,.csv,23712224
02_Organizado_MT5,BACKUP\DATA_HUB\02_Organizado_MT5\2020\01\NAS100-F.csv,NAS100-F.csv,.csv,33393222
02_Organizado_MT5,BACKUP\DATA_HUB\02_Organizado_MT5\2020\01\NAS100.csv,NAS100.csv,.csv,33691382
02_Organizado_MT5,BACKUP\DATA_HUB\02_Organizado_MT5\2020\01\NZDCHF.csv,NZDCHF.csv,.csv,27867966
02_Organizado_MT5,BACKUP\DATA_HUB\02_Organizado_MT5\2020\01\NZDJPY.csv,NZDJPY.csv,.csv,25895313
02_Organizado_MT5,BACKUP\DATA_HUB\02_Organizado_MT5\2020\01\NZDSGD.csv,NZDSGD.csv,.csv,27466493
02_Organizado_MT5,BACKUP\DATA_HUB\02_Organizado_MT5\2020\01\NZDUSD.csv,NZDUSD.csv,.csv,27590165
02_Organizado_MT5,BACKUP\DATA_HUB\02_Organizado_MT5\2020\01\SCI25.csv,SCI25.csv,.csv,25301516
02_Organizado_MT5,BACKUP\DATA_HUB\02_Organizado_MT5\2020\01\SGDJPY.csv,SGDJPY.csv,.csv,27144844
02_Organizado_MT5,BACKUP\DATA_HUB\02_Organizado_MT5\2020\01\SPA35.csv,SPA35.csv,.csv,25623630
02_Organizado_MT5,BACKUP\DATA_HUB\02_Organizado_MT5\2020\01\TRXUSD.csv,TRXUSD.csv,.csv,38097533
02_Organizado_MT5,BACKUP\DATA_HUB\02_Organizado_MT5\2020\01\UK100-F.csv,UK100-F.csv,.csv,32041225
02_Organizado_MT5,BACKUP\DATA_HUB\02_Organizado_MT5\2020\01\UK100.csv,UK100.csv,.csv,31016644
02_Organizado_MT5,BACKUP\DATA_HUB\02_Organizado_MT5\2020\01\US2000.csv,US2000.csv,.csv,26478124
02_Organizado_MT5,BACKUP\DATA_HUB\02_Organizado_MT5\2020\01\US30-F.csv,US30-F.csv,.csv,29023396
02_Organizado_MT5,BACKUP\DATA_HUB\02_Organizado_MT5\2020\01\US30.csv,US30.csv,.csv,29051527
02_Organizado_MT5,BACKUP\DATA_HUB\02_Organizado_MT5\2020\01\US500-F.csv,US500-F.csv,.csv,24777423
02_Organizado_MT5,BACKUP\DATA_HUB\02_Organizado_MT5\2020\01\US500.csv,US500.csv,.csv,24626032
02_Organizado_MT5,BACKUP\DATA_HUB\02_Organizado_MT5\2020\01\USDCAD.csv,USDCAD.csv,.csv,27669208
02_Organizado_MT5,BACKUP\DATA_HUB\02_Organizado_MT5\2020\01\USDCHF.csv,USDCHF.csv,.csv,27563646
02_Organizado_MT5,BACKUP\DATA_HUB\02_Organizado_MT5\2020\01\USDCNH.csv,USDCNH.csv,.csv,27924022
02_Organizado_MT5,BACKUP\DATA_HUB\02_Organizado_MT5\2020\01\USDCZK.csv,USDCZK.csv,.csv,29760587
02_Organizado_MT5,BACKUP\DATA_HUB\02_Organizado_MT5\2020\01\USDDKK.csv,USDDKK.csv,.csv,27896778
02_Organizado_MT5,BACKUP\DATA_HUB\02_Organizado_MT5\2020\01\USDHKD.csv,USDHKD.csv,.csv,27384255
02_Organizado_MT5,BACKUP\DATA_HUB\02_Organizado_MT5\2020\01\USDHUF.csv,USDHUF.csv,.csv,26793086
02_Organizado_MT5,BACKUP\DATA_HUB\02_Organizado_MT5\2020\01\USDILS.csv,USDILS.csv,.csv,19050438
02_Organizado_MT5,BACKUP\DATA_HUB\02_Organizado_MT5\2020\01\USDJPY.csv,USDJPY.csv,.csv,27695268
02_Organizado_MT5,BACKUP\DATA_HUB\02_Organizado_MT5\2020\01\USDMXN.csv,USDMXN.csv,.csv,30233890
02_Organizado_MT5,BACKUP\DATA_HUB\02_Organizado_MT5\2020\01\USDNOK.csv,USDNOK.csv,.csv,29371190
02_Organizado_MT5,BACKUP\DATA_HUB\02_Organizado_MT5\2020\01\USDPLN.csv,USDPLN.csv,.csv,27882276
02_Organizado_MT5,BACKUP\DATA_HUB\02_Organizado_MT5\2020\01\USDRON.csv,USDRON.csv,.csv,17950042
02_Organizado_MT5,BACKUP\DATA_HUB\02_Organizado_MT5\2020\01\USDSEK.csv,USDSEK.csv,.csv,29168870
02_Organizado_MT5,BACKUP\DATA_HUB\02_Organizado_MT5\2020\01\USDSGD.csv,USDSGD.csv,.csv,27808104
02_Organizado_MT5,BACKUP\DATA_HUB\02_Organizado_MT5\2020\01\USDTHB.csv,USDTHB.csv,.csv,25252759
02_Organizado_MT5,BACKUP\DATA_HUB\02_Organizado_MT5\2020\01\USDTRY.csv,USDTRY.csv,.csv,27707095
02_Organizado_MT5,BACKUP\DATA_HUB\02_Organizado_MT5\2020\01\USDX-F.csv,USDX-F.csv,.csv,26570871
02_Organizado_MT5,BACKUP\DATA_HUB\02_Organizado_MT5\2020\01\USDX.csv,USDX.csv,.csv,26800146
02_Organizado_MT5,BACKUP\DATA_HUB\02_Organizado_MT5\2020\01\USDZAR.csv,USDZAR.csv,.csv,30353466
02_Organizado_MT5,BACKUP\DATA_HUB\02_Organizado_MT5\2020\01\XAGUSD-F.csv,XAGUSD-F.csv,.csv,22854934
02_Organizado_MT5,BACKUP\DATA_HUB\02_Organizado_MT5\2020\01\XAGUSD.csv,XAGUSD.csv,.csv,22793378
02_Organizado_MT5,BACKUP\DATA_HUB\02_Organizado_MT5\2020\01\XAUUSD-F.csv,XAUUSD-F.csv,.csv,26525606
02_Organizado_MT5,BACKUP\DATA_HUB\02_Organizado_MT5\2020\01\XAUUSD.csv,XAUUSD.csv,.csv,26878654
02_Organizado_MT5,BACKUP\DATA_HUB\02_Organizado_MT5\2020\01\XPDUSD.csv,XPDUSD.csv,.csv,31870590
02_Organizado_MT5,BACKUP\DATA_HUB\02_Organizado_MT5\2020\01\XPTUSD.csv,XPTUSD.csv,.csv,31242731
02_Organizado_MT5,BACKUP\DATA_HUB\02_Organizado_MT5\2020\01\ZARJPY.csv,ZARJPY.csv,.csv,23685900
02_Organizado_MT5,BACKUP\DATA_HUB\02_Organizado_MT5\2020\04\CA60.csv,CA60.csv,.csv,8617278
02_Organizado_MT5,BACKUP\DATA_HUB\02_Organizado_MT5\2020\05\EURX.csv,EURX.csv,.csv,29912933
02_Organizado_MT5,BACKUP\DATA_HUB\02_Organizado_MT5\2020\05\JPYX.csv,JPYX.csv,.csv,25220718
02_Organizado_MT5,BACKUP\DATA_HUB\02_Organizado_MT5\2020\06\ETHAUD.csv,ETHAUD.csv,.csv,21451424
02_Organizado_MT5,BACKUP\DATA_HUB\02_Organizado_MT5\2020\07\COMPUSD.csv,COMPUSD.csv,.csv,19330198
02_Organizado_MT5,BACKUP\DATA_HUB\02_Organizado_MT5\2020\09\KSMUSD.csv,KSMUSD.csv,.csv,18636987
02_Organizado_MT5,BACKUP\DATA_HUB\02_Organizado_MT5\2020\10\SWI20-F.csv,SWI20-F.csv,.csv,17364951
02_Organizado_MT5,BACKUP\DATA_HUB\02_Organizado_MT5\2020\10\SWI20.csv,SWI20.csv,.csv,17455938
02_Organizado_MT5,BACKUP\DATA_HUB\02_Organizado_MT5\2020\11\CHINAH.csv,CHINAH.csv,.csv,16169838
02_Organizado_MT5,BACKUP\DATA_HUB\02_Organizado_MT5\2020\11\NETH25.csv,NETH25.csv,.csv,15615401
02_Organizado_MT5,BACKUP\DATA_HUB\02_Organizado_MT5\2021\01\AUDCAD.csv,AUDCAD.csv,.csv,23546467
02_Organizado_MT5,BACKUP\DATA_HUB\02_Organizado_MT5\2021\01\AUDJPY.csv,AUDJPY.csv,.csv,22009413
02_Organizado_MT5,BACKUP\DATA_HUB\02_Organizado_MT5\2021\01\GBPJPY.csv,GBPJPY.csv,.csv,23487499
02_Organizado_MT5,BACKUP\DATA_HUB\02_Organizado_MT5\2021\01\LINKUSD.csv,LINKUSD.csv,.csv,33193798
02_Organizado_MT5,BACKUP\DATA_HUB\02_Organizado_MT5\2021\01\NZDCAD.csv,NZDCAD.csv,.csv,23489195
02_Organizado_MT5,BACKUP\DATA_HUB\02_Organizado_MT5\2021\02\DOTUSD.csv,DOTUSD.csv,.csv,31682803
02_Organizado_MT5,BACKUP\DATA_HUB\02_Organizado_MT5\2021\03\XRPUSD.csv,XRPUSD.csv,.csv,31051826
02_Organizado_MT5,BACKUP\DATA_HUB\02_Organizado_MT5\2021\05\XLMUSD.csv,XLMUSD.csv,.csv,29834116
02_Organizado_MT5,BACKUP\DATA_HUB\02_Organizado_MT5\2021\06\BCHUSD.csv,BCHUSD.csv,.csv,33682421
02_Organizado_MT5,BACKUP\DATA_HUB\02_Organizado_MT5\2021\06\DOGEUSD.csv,DOGEUSD.csv,.csv,29801765
02_Organizado_MT5,BACKUP\DATA_HUB\02_Organizado_MT5\2021\08\BNBUSD.csv,BNBUSD.csv,.csv,32195855
02_Organizado_MT5,BACKUP\DATA_HUB\02_Organizado_MT5\2021\09\ADAUSD.csv,ADAUSD.csv,.csv,26824631
02_Organizado_MT5,BACKUP\DATA_HUB\02_Organizado_MT5\2021\09\ATMUSD.csv,ATMUSD.csv,.csv,28465788
02_Organizado_MT5,BACKUP\DATA_HUB\02_Organizado_MT5\2021\09\SHBUSD.csv,SHBUSD.csv,.csv,26157421
02_Organizado_MT5,BACKUP\DATA_HUB\02_Organizado_MT5\2021\10\UNIUSD.csv,UNIUSD.csv,.csv,27557507
02_Organizado_MT5,BACKUP\DATA_HUB\02_Organizado_MT5\2021\10\XTZUSD.csv,XTZUSD.csv,.csv,27412673
02_Organizado_MT5,BACKUP\DATA_HUB\02_Organizado_MT5\2021\11\MATICUSD.csv,MATICUSD.csv,.csv,26736629
02_Organizado_MT5,BACKUP\DATA_HUB\02_Organizado_MT5\2021\11\SOLUSD.csv,SOLUSD.csv,.csv,29615826
02_Organizado_MT5,BACKUP\DATA_HUB\02_Organizado_MT5\2022\01\GLMRUSD.csv,GLMRUSD.csv,.csv,16625518
02_Organizado_MT5,BACKUP\DATA_HUB\02_Organizado_MT5\2022\01\MANUSD.csv,MANUSD.csv,.csv,25568947
02_Organizado_MT5,BACKUP\DATA_HUB\02_Organizado_MT5\2022\01\NERUSD.csv,NERUSD.csv,.csv,25921463
02_Organizado_MT5,BACKUP\DATA_HUB\02_Organizado_MT5\2022\01\SANUSD.csv,SANUSD.csv,.csv,25701555
02_Organizado_MT5,BACKUP\DATA_HUB\02_Organizado_MT5\2022\01\XAGEUR.csv,XAGEUR.csv,.csv,16526302
02_Organizado_MT5,BACKUP\DATA_HUB\02_Organizado_MT5\2022\02\AVAXUSD.csv,AVAXUSD.csv,.csv,27200860
02_Organizado_MT5,BACKUP\DATA_HUB\02_Organizado_MT5\2022\12\USDTWD.csv,USDTWD.csv,.csv,11292756
02_Organizado_MT5,BACKUP\DATA_HUB\02_Organizado_MT5\2023\02\USDINR.csv,USDINR.csv,.csv,10524754
02_Organizado_MT5,BACKUP\DATA_HUB\02_Organizado_MT5\2023\03\BTCEUR.csv,BTCEUR.csv,.csv,24201403
02_Organizado_MT5,BACKUP\DATA_HUB\02_Organizado_MT5\2023\03\BTCGBP.csv,BTCGBP.csv,.csv,23878167
02_Organizado_MT5,BACKUP\DATA_HUB\02_Organizado_MT5\2023\03\ETHEUR.csv,ETHEUR.csv,.csv,22512149
02_Organizado_MT5,BACKUP\DATA_HUB\02_Organizado_MT5\2023\03\ETHGBP.csv,ETHGBP.csv,.csv,22512116
02_Organizado_MT5,BACKUP\DATA_HUB\02_Organizado_MT5\2023\03\USDKRW.csv,USDKRW.csv,.csv,13237157
02_Organizado_MT5,BACKUP\DATA_HUB\02_Organizado_MT5\2023\03\XAUCHF.csv,XAUCHF.csv,.csv,12662818
02_Organizado_MT5,BACKUP\DATA_HUB\02_Organizado_MT5\2023\03\XAUEUR.csv,XAUEUR.csv,.csv,12661682
02_Organizado_MT5,BACKUP\DATA_HUB\02_Organizado_MT5\2023\03\XAUGBP.csv,XAUGBP.csv,.csv,12662163
02_Organizado_MT5,BACKUP\DATA_HUB\02_Organizado_MT5\2023\04\AUDCNH.csv,AUDCNH.csv,.csv,13332897
02_Organizado_MT5,BACKUP\DATA_HUB\02_Organizado_MT5\2023\07\USDIDR.csv,USDIDR.csv,.csv,11378186
02_Organizado_MT5,BACKUP\DATA_HUB\02_Organizado_MT5\2023\10\ARBUSD.csv,ARBUSD.csv,.csv,15140751
02_Organizado_MT5,BACKUP\DATA_HUB\02_Organizado_MT5\2023\12\PEPUSD.csv,PEPUSD.csv,.csv,14074942
02_Organizado_MT5,BACKUP\DATA_HUB\02_Organizado_MT5\2024\04\AUDDKK.csv,AUDDKK.csv,.csv,9151821
02_Organizado_MT5,BACKUP\DATA_HUB\02_Organizado_MT5\2024\04\XAGSGD.csv,XAGSGD.csv,.csv,7385267
02_Organizado_MT5,BACKUP\DATA_HUB\02_Organizado_MT5\2024\05\AUDHUF.csv,AUDHUF.csv,.csv,7687343
02_Organizado_MT5,BACKUP\DATA_HUB\02_Organizado_MT5\2024\05\AUDNOK.csv,AUDNOK.csv,.csv,8758672
02_Organizado_MT5,BACKUP\DATA_HUB\02_Organizado_MT5\2024\05\CADMXN.csv,CADMXN.csv,.csv,9175038
02_Organizado_MT5,BACKUP\DATA_HUB\02_Organizado_MT5\2024\05\CADSGD.csv,CADSGD.csv,.csv,8544397
02_Organizado_MT5,BACKUP\DATA_HUB\02_Organizado_MT5\2024\05\CHFDKK.csv,CHFDKK.csv,.csv,8510801
02_Organizado_MT5,BACKUP\DATA_HUB\02_Organizado_MT5\2024\05\CHFNOK.csv,CHFNOK.csv,.csv,9249864
02_Organizado_MT5,BACKUP\DATA_HUB\02_Organizado_MT5\2024\05\CHFSEK.csv,CHFSEK.csv,.csv,9146515
02_Organizado_MT5,BACKUP\DATA_HUB\02_Organizado_MT5\2024\05\CNHJPY.csv,CNHJPY.csv,.csv,8156679
02_Organizado_MT5,BACKUP\DATA_HUB\02_Organizado_MT5\2024\05\EURCNH.csv,EURCNH.csv,.csv,8655280
02_Organizado_MT5,BACKUP\DATA_HUB\02_Organizado_MT5\2024\05\GBPCNH.csv,GBPCNH.csv,.csv,8653835
02_Organizado_MT5,BACKUP\DATA_HUB\02_Organizado_MT5\2024\05\GBPDKK.csv,GBPDKK.csv,.csv,8507365
02_Organizado_MT5,BACKUP\DATA_HUB\02_Organizado_MT5\2024\05\GBPMXN.csv,GBPMXN.csv,.csv,9151549
02_Organizado_MT5,BACKUP\DATA_HUB\02_Organizado_MT5\2024\05\GBPNOK.csv,GBPNOK.csv,.csv,9147660
02_Organizado_MT5,BACKUP\DATA_HUB\02_Organizado_MT5\2024\05\GBPSEK.csv,GBPSEK.csv,.csv,9149660
02_Organizado_MT5,BACKUP\DATA_HUB\02_Organizado_MT5\2024\05\GBPSGD.csv,GBPSGD.csv,.csv,8629302
02_Organizado_MT5,BACKUP\DATA_HUB\02_Organizado_MT5\2024\05\NOKJPY.csv,NOKJPY.csv,.csv,8208792
02_Organizado_MT5,BACKUP\DATA_HUB\02_Organizado_MT5\2024\05\NOKSEK.csv,NOKSEK.csv,.csv,8610580
02_Organizado_MT5,BACKUP\DATA_HUB\02_Organizado_MT5\2024\05\NZDCNH.csv,NZDCNH.csv,.csv,8642365
02_Organizado_MT5,BACKUP\DATA_HUB\02_Organizado_MT5\2024\05\SEKJPY.csv,SEKJPY.csv,.csv,8097698
02_Organizado_MT5,BACKUP\DATA_HUB\02_Organizado_MT5\2024\05\XAGAUD.csv,XAGAUD.csv,.csv,7093383
02_Organizado_MT5,BACKUP\DATA_HUB\02_Organizado_MT5\2024\05\XAUAUD.csv,XAUAUD.csv,.csv,7962850
02_Organizado_MT5,BACKUP\DATA_HUB\02_Organizado_MT5\2024\05\XAUSGD.csv,XAUSGD.csv,.csv,7957031
02_Organizado_MT5,BACKUP\DATA_HUB\02_Organizado_MT5\2024\09\XAUCNH.csv,XAUCNH.csv,.csv,7022912
02_Organizado_MT5,BACKUP\DATA_HUB\02_Organizado_MT5\2024\09\XAUJPY.csv,XAUJPY.csv,.csv,7893762
02_Organizado_MT5,BACKUP\DATA_HUB\02_Organizado_MT5\2025\01\APTUSD.csv,APTUSD.csv,.csv,7748062
02_Organizado_MT5,BACKUP\DATA_HUB\02_Organizado_MT5\2025\01\FLOUSD.csv,FLOUSD.csv,.csv,7580494
02_Organizado_MT5,BACKUP\DATA_HUB\02_Organizado_MT5\2025\01\RENDERUSD.csv,RENDERUSD.csv,.csv,7748281
02_Organizado_MT5,BACKUP\DATA_HUB\02_Organizado_MT5\2025\01\WIFUSD.csv,WIFUSD.csv,.csv,7603881
02_Organizado_MT5,BACKUP\DATA_HUB\02_Organizado_MT5\2025\02\TRUMPUSD.csv,TRUMPUSD.csv,.csv,7252025
02_Organizado_MT5,BACKUP\DATA_HUB\02_Organizado_MT5\REPROVADOS\AAVUSD.csv,AAVUSD.csv,.csv,6661927
02_Organizado_MT5,BACKUP\DATA_HUB\02_Organizado_MT5\REPROVADOS\BNKUSD.csv,BNKUSD.csv,.csv,4840129
02_Organizado_MT5,BACKUP\DATA_HUB\02_Organizado_MT5\REPROVADOS\BTCUSD.csv,BTCUSD.csv,.csv,13463318
02_Organizado_MT5,BACKUP\DATA_HUB\02_Organizado_MT5\REPROVADOS\CHFHUF.csv,CHFHUF.csv,.csv,5344363
02_Organizado_MT5,BACKUP\DATA_HUB\02_Organizado_MT5\REPROVADOS\ETHUSD.csv,ETHUSD.csv,.csv,12345001
02_Organizado_MT5,BACKUP\DATA_HUB\02_Organizado_MT5\REPROVADOS\EURILS.csv,EURILS.csv,.csv,4704757
02_Organizado_MT5,BACKUP\DATA_HUB\02_Organizado_MT5\REPROVADOS\FETUSD.csv,FETUSD.csv,.csv,2900100
02_Organizado_MT5,BACKUP\DATA_HUB\02_Organizado_MT5\REPROVADOS\GBPHUF.csv,GBPHUF.csv,.csv,5342922
02_Organizado_MT5,BACKUP\DATA_HUB\02_Organizado_MT5\REPROVADOS\GBPTRY.csv,GBPTRY.csv,.csv,5804664
02_Organizado_MT5,BACKUP\DATA_HUB\02_Organizado_MT5\REPROVADOS\HBARUSD.csv,HBARUSD.csv,.csv,3798711
02_Organizado_MT5,BACKUP\DATA_HUB\02_Organizado_MT5\REPROVADOS\HSTECH.csv,HSTECH.csv,.csv,569419
02_Organizado_MT5,BACKUP\DATA_HUB\02_Organizado_MT5\REPROVADOS\HYPEUSD.csv,HYPEUSD.csv,.csv,3248748
02_Organizado_MT5,BACKUP\DATA_HUB\02_Organizado_MT5\REPROVADOS\INJUSD.csv,INJUSD.csv,.csv,3771912
02_Organizado_MT5,BACKUP\DATA_HUB\02_Organizado_MT5\REPROVADOS\JUPUSD.csv,JUPUSD.csv,.csv,4968988
02_Organizado_MT5,BACKUP\DATA_HUB\02_Organizado_MT5\REPROVADOS\NZDHUF.csv,NZDHUF.csv,.csv,5340236
02_Organizado_MT5,BACKUP\DATA_HUB\02_Organizado_MT5\REPROVADOS\ONDUSD.csv,ONDUSD.csv,.csv,4956364
02_Organizado_MT5,BACKUP\DATA_HUB\02_Organizado_MT5\REPROVADOS\PAXGUSD.csv,PAXGUSD.csv,.csv,2944751
02_Organizado_MT5,BACKUP\DATA_HUB\02_Organizado_MT5\REPROVADOS\POLUSD.csv,POLUSD.csv,.csv,3766390
02_Organizado_MT5,BACKUP\DATA_HUB\02_Organizado_MT5\REPROVADOS\SONUSD.csv,SONUSD.csv,.csv,3053003
02_Organizado_MT5,BACKUP\DATA_HUB\02_Organizado_MT5\REPROVADOS\SUIUSD.csv,SUIUSD.csv,.csv,4291502
02_Organizado_MT5,BACKUP\DATA_HUB\02_Organizado_MT5\REPROVADOS\TONUSD.csv,TONUSD.csv,.csv,4148051
02_Organizado_MT5,BACKUP\DATA_HUB\02_Organizado_MT5\REPROVADOS\TWN.csv,TWN.csv,.csv,193019
02_Organizado_MT5,BACKUP\DATA_HUB\02_Organizado_MT5\REPROVADOS\US400.csv,US400.csv,.csv,622964
02_Organizado_MT5,BACKUP\DATA_HUB\02_Organizado_MT5\REPROVADOS\USDAED.csv,USDAED.csv,.csv,1806309
02_Organizado_MT5,BACKUP\DATA_HUB\02_Organizado_MT5\REPROVADOS\USDBRL.csv,USDBRL.csv,.csv,3684310
02_Organizado_MT5,BACKUP\DATA_HUB\02_Organizado_MT5\REPROVADOS\USDCLP.csv,USDCLP.csv,.csv,3077640
02_Organizado_MT5,BACKUP\DATA_HUB\02_Organizado_MT5\REPROVADOS\USDCOP.csv,USDCOP.csv,.csv,2375486
02_Organizado_MT5,BACKUP\DATA_HUB\02_Organizado_MT5\REPROVADOS\VIX.csv,VIX.csv,.csv,23219557
02_Organizado_MT5,BACKUP\DATA_HUB\02_Organizado_MT5\REPROVADOS\XAUTHB.csv,XAUTHB.csv,.csv,5773140
02_Organizado_MT5,BACKUP\DATA_HUB\02_Organizado_MT5\REPROVADOS\XAUTUSD.csv,XAUTUSD.csv,.csv,2440492
03_M5_Sincronizado_Final,BACKUP\DATA_HUB\03_M5_Sincronizado_Final\2020\01\AUDCHF.csv,AUDCHF.csv,.csv,55899401
03_M5_Sincronizado_Final,BACKUP\DATA_HUB\03_M5_Sincronizado_Final\2020\01\AUDNZD.csv,AUDNZD.csv,.csv,55944913
03_M5_Sincronizado_Final,BACKUP\DATA_HUB\03_M5_Sincronizado_Final\2020\01\AUDPLN.csv,AUDPLN.csv,.csv,48399845
03_M5_Sincronizado_Final,BACKUP\DATA_HUB\03_M5_Sincronizado_Final\2020\01\AUDSGD.csv,AUDSGD.csv,.csv,55807260
03_M5_Sincronizado_Final,BACKUP\DATA_HUB\03_M5_Sincronizado_Final\2020\01\AUDUSD.csv,AUDUSD.csv,.csv,55566702
03_M5_Sincronizado_Final,BACKUP\DATA_HUB\03_M5_Sincronizado_Final\2020\01\AUS200.csv,AUS200.csv,.csv,45632390
03_M5_Sincronizado_Final,BACKUP\DATA_HUB\03_M5_Sincronizado_Final\2020\01\BTCAUD.csv,BTCAUD.csv,.csv,53564159
03_M5_Sincronizado_Final,BACKUP\DATA_HUB\03_M5_Sincronizado_Final\2020\01\CADCHF.csv,CADCHF.csv,.csv,55809834
03_M5_Sincronizado_Final,BACKUP\DATA_HUB\03_M5_Sincronizado_Final\2020\01\CADJPY.csv,CADJPY.csv,.csv,51131784
03_M5_Sincronizado_Final,BACKUP\DATA_HUB\03_M5_Sincronizado_Final\2020\01\CHFJPY.csv,CHFJPY.csv,.csv,51805329
03_M5_Sincronizado_Final,BACKUP\DATA_HUB\03_M5_Sincronizado_Final\2020\01\CHFPLN.csv,CHFPLN.csv,.csv,55236713
03_M5_Sincronizado_Final,BACKUP\DATA_HUB\03_M5_Sincronizado_Final\2020\01\CHFSGD.csv,CHFSGD.csv,.csv,55701156
03_M5_Sincronizado_Final,BACKUP\DATA_HUB\03_M5_Sincronizado_Final\2020\01\CN50.csv,CN50.csv,.csv,47678421
03_M5_Sincronizado_Final,BACKUP\DATA_HUB\03_M5_Sincronizado_Final\2020\01\ETCUSD.csv,ETCUSD.csv,.csv,48121564
03_M5_Sincronizado_Final,BACKUP\DATA_HUB\03_M5_Sincronizado_Final\2020\01\EURAUD.csv,EURAUD.csv,.csv,55997987
03_M5_Sincronizado_Final,BACKUP\DATA_HUB\03_M5_Sincronizado_Final\2020\01\EURCAD.csv,EURCAD.csv,.csv,55929344
03_M5_Sincronizado_Final,BACKUP\DATA_HUB\03_M5_Sincronizado_Final\2020\01\EURCHF.csv,EURCHF.csv,.csv,55568320
03_M5_Sincronizado_Final,BACKUP\DATA_HUB\03_M5_Sincronizado_Final\2020\01\EURCZK.csv,EURCZK.csv,.csv,53962745
03_M5_Sincronizado_Final,BACKUP\DATA_HUB\03_M5_Sincronizado_Final\2020\01\EURDKK.csv,EURDKK.csv,.csv,55328745
03_M5_Sincronizado_Final,BACKUP\DATA_HUB\03_M5_Sincronizado_Final\2020\01\EURGBP.csv,EURGBP.csv,.csv,55573148
03_M5_Sincronizado_Final,BACKUP\DATA_HUB\03_M5_Sincronizado_Final\2020\01\EURHUF.csv,EURHUF.csv,.csv,51695169
03_M5_Sincronizado_Final,BACKUP\DATA_HUB\03_M5_Sincronizado_Final\2020\01\EURJPY.csv,EURJPY.csv,.csv,52170356
03_M5_Sincronizado_Final,BACKUP\DATA_HUB\03_M5_Sincronizado_Final\2020\01\EURMXN.csv,EURMXN.csv,.csv,57752819
03_M5_Sincronizado_Final,BACKUP\DATA_HUB\03_M5_Sincronizado_Final\2020\01\EURNOK.csv,EURNOK.csv,.csv,58413655
03_M5_Sincronizado_Final,BACKUP\DATA_HUB\03_M5_Sincronizado_Final\2020\01\EURNZD.csv,EURNZD.csv,.csv,55993507
03_M5_Sincronizado_Final,BACKUP\DATA_HUB\03_M5_Sincronizado_Final\2020\01\EURPLN.csv,EURPLN.csv,.csv,55690550
03_M5_Sincronizado_Final,BACKUP\DATA_HUB\03_M5_Sincronizado_Final\2020\01\EURSEK.csv,EURSEK.csv,.csv,58610438
03_M5_Sincronizado_Final,BACKUP\DATA_HUB\03_M5_Sincronizado_Final\2020\01\EURSGD.csv,EURSGD.csv,.csv,55873817
03_M5_Sincronizado_Final,BACKUP\DATA_HUB\03_M5_Sincronizado_Final\2020\01\EURTRY.csv,EURTRY.csv,.csv,55590264
03_M5_Sincronizado_Final,BACKUP\DATA_HUB\03_M5_Sincronizado_Final\2020\01\EURUSD.csv,EURUSD.csv,.csv,55574323
03_M5_Sincronizado_Final,BACKUP\DATA_HUB\03_M5_Sincronizado_Final\2020\01\EURZAR.csv,EURZAR.csv,.csv,57869476
03_M5_Sincronizado_Final,BACKUP\DATA_HUB\03_M5_Sincronizado_Final\2020\01\EUSTX50-F.csv,EUSTX50-F.csv,.csv,47770537
03_M5_Sincronizado_Final,BACKUP\DATA_HUB\03_M5_Sincronizado_Final\2020\01\EUSTX50.csv,EUSTX50.csv,.csv,46430527
03_M5_Sincronizado_Final,BACKUP\DATA_HUB\03_M5_Sincronizado_Final\2020\01\FRA40-F.csv,FRA40-F.csv,.csv,45838771
03_M5_Sincronizado_Final,BACKUP\DATA_HUB\03_M5_Sincronizado_Final\2020\01\FRA40.csv,FRA40.csv,.csv,44544257
03_M5_Sincronizado_Final,BACKUP\DATA_HUB\03_M5_Sincronizado_Final\2020\01\GBPAUD.csv,GBPAUD.csv,.csv,55926802
03_M5_Sincronizado_Final,BACKUP\DATA_HUB\03_M5_Sincronizado_Final\2020\01\GBPCAD.csv,GBPCAD.csv,.csv,55255820
03_M5_Sincronizado_Final,BACKUP\DATA_HUB\03_M5_Sincronizado_Final\2020\01\GBPCHF.csv,GBPCHF.csv,.csv,55887032
03_M5_Sincronizado_Final,BACKUP\DATA_HUB\03_M5_Sincronizado_Final\2020\01\GBPNZD.csv,GBPNZD.csv,.csv,55873597
03_M5_Sincronizado_Final,BACKUP\DATA_HUB\03_M5_Sincronizado_Final\2020\01\GBPUSD.csv,GBPUSD.csv,.csv,55636060
03_M5_Sincronizado_Final,BACKUP\DATA_HUB\03_M5_Sincronizado_Final\2020\01\GER40-F.csv,GER40-F.csv,.csv,49157284
03_M5_Sincronizado_Final,BACKUP\DATA_HUB\03_M5_Sincronizado_Final\2020\01\GER40.csv,GER40.csv,.csv,47752954
03_M5_Sincronizado_Final,BACKUP\DATA_HUB\03_M5_Sincronizado_Final\2020\01\HK50-F.csv,HK50-F.csv,.csv,48656001
03_M5_Sincronizado_Final,BACKUP\DATA_HUB\03_M5_Sincronizado_Final\2020\01\HK50.csv,HK50.csv,.csv,47241231
03_M5_Sincronizado_Final,BACKUP\DATA_HUB\03_M5_Sincronizado_Final\2020\01\JPN225-F.csv,JPN225-F.csv,.csv,50145083
03_M5_Sincronizado_Final,BACKUP\DATA_HUB\03_M5_Sincronizado_Final\2020\01\JPN225.csv,JPN225.csv,.csv,48675933
03_M5_Sincronizado_Final,BACKUP\DATA_HUB\03_M5_Sincronizado_Final\2020\01\LTCUSD.csv,LTCUSD.csv,.csv,41688802
03_M5_Sincronizado_Final,BACKUP\DATA_HUB\03_M5_Sincronizado_Final\2020\01\MXNJPY.csv,MXNJPY.csv,.csv,46631593
03_M5_Sincronizado_Final,BACKUP\DATA_HUB\03_M5_Sincronizado_Final\2020\01\NAS100-F.csv,NAS100-F.csv,.csv,49826975
03_M5_Sincronizado_Final,BACKUP\DATA_HUB\03_M5_Sincronizado_Final\2020\01\NAS100.csv,NAS100.csv,.csv,48812811
03_M5_Sincronizado_Final,BACKUP\DATA_HUB\03_M5_Sincronizado_Final\2020\01\NZDCHF.csv,NZDCHF.csv,.csv,55826184
03_M5_Sincronizado_Final,BACKUP\DATA_HUB\03_M5_Sincronizado_Final\2020\01\NZDJPY.csv,NZDJPY.csv,.csv,49587227
03_M5_Sincronizado_Final,BACKUP\DATA_HUB\03_M5_Sincronizado_Final\2020\01\NZDSGD.csv,NZDSGD.csv,.csv,55370983
03_M5_Sincronizado_Final,BACKUP\DATA_HUB\03_M5_Sincronizado_Final\2020\01\NZDUSD.csv,NZDUSD.csv,.csv,55548768
03_M5_Sincronizado_Final,BACKUP\DATA_HUB\03_M5_Sincronizado_Final\2020\01\SCI25.csv,SCI25.csv,.csv,41926858
03_M5_Sincronizado_Final,BACKUP\DATA_HUB\03_M5_Sincronizado_Final\2020\01\SGDJPY.csv,SGDJPY.csv,.csv,51320741
03_M5_Sincronizado_Final,BACKUP\DATA_HUB\03_M5_Sincronizado_Final\2020\01\SPA35.csv,SPA35.csv,.csv,45945367
03_M5_Sincronizado_Final,BACKUP\DATA_HUB\03_M5_Sincronizado_Final\2020\01\TRXUSD.csv,TRXUSD.csv,.csv,49154565
03_M5_Sincronizado_Final,BACKUP\DATA_HUB\03_M5_Sincronizado_Final\2020\01\UK100-F.csv,UK100-F.csv,.csv,46866648
03_M5_Sincronizado_Final,BACKUP\DATA_HUB\03_M5_Sincronizado_Final\2020\01\UK100.csv,UK100.csv,.csv,45503152
03_M5_Sincronizado_Final,BACKUP\DATA_HUB\03_M5_Sincronizado_Final\2020\01\US2000.csv,US2000.csv,.csv,45695486
03_M5_Sincronizado_Final,BACKUP\DATA_HUB\03_M5_Sincronizado_Final\2020\01\US30-F.csv,US30-F.csv,.csv,48937725
03_M5_Sincronizado_Final,BACKUP\DATA_HUB\03_M5_Sincronizado_Final\2020\01\US30.csv,US30.csv,.csv,47665998
03_M5_Sincronizado_Final,BACKUP\DATA_HUB\03_M5_Sincronizado_Final\2020\01\US500-F.csv,US500-F.csv,.csv,46370066
03_M5_Sincronizado_Final,BACKUP\DATA_HUB\03_M5_Sincronizado_Final\2020\01\US500.csv,US500.csv,.csv,44915548
03_M5_Sincronizado_Final,BACKUP\DATA_HUB\03_M5_Sincronizado_Final\2020\01\USDCAD.csv,USDCAD.csv,.csv,55622659
03_M5_Sincronizado_Final,BACKUP\DATA_HUB\03_M5_Sincronizado_Final\2020\01\USDCHF.csv,USDCHF.csv,.csv,55524734
03_M5_Sincronizado_Final,BACKUP\DATA_HUB\03_M5_Sincronizado_Final\2020\01\USDCNH.csv,USDCNH.csv,.csv,55854864
03_M5_Sincronizado_Final,BACKUP\DATA_HUB\03_M5_Sincronizado_Final\2020\01\USDCZK.csv,USDCZK.csv,.csv,54002247
03_M5_Sincronizado_Final,BACKUP\DATA_HUB\03_M5_Sincronizado_Final\2020\01\USDDKK.csv,USDDKK.csv,.csv,56014651
03_M5_Sincronizado_Final,BACKUP\DATA_HUB\03_M5_Sincronizado_Final\2020\01\USDHKD.csv,USDHKD.csv,.csv,55491840
03_M5_Sincronizado_Final,BACKUP\DATA_HUB\03_M5_Sincronizado_Final\2020\01\USDHUF.csv,USDHUF.csv,.csv,52163276
03_M5_Sincronizado_Final,BACKUP\DATA_HUB\03_M5_Sincronizado_Final\2020\01\USDILS.csv,USDILS.csv,.csv,54377116
03_M5_Sincronizado_Final,BACKUP\DATA_HUB\03_M5_Sincronizado_Final\2020\01\USDJPY.csv,USDJPY.csv,.csv,52127294
03_M5_Sincronizado_Final,BACKUP\DATA_HUB\03_M5_Sincronizado_Final\2020\01\USDMXN.csv,USDMXN.csv,.csv,54632413
03_M5_Sincronizado_Final,BACKUP\DATA_HUB\03_M5_Sincronizado_Final\2020\01\USDNOK.csv,USDNOK.csv,.csv,57856812
03_M5_Sincronizado_Final,BACKUP\DATA_HUB\03_M5_Sincronizado_Final\2020\01\USDPLN.csv,USDPLN.csv,.csv,55782025
03_M5_Sincronizado_Final,BACKUP\DATA_HUB\03_M5_Sincronizado_Final\2020\01\USDRON.csv,USDRON.csv,.csv,54281986
03_M5_Sincronizado_Final,BACKUP\DATA_HUB\03_M5_Sincronizado_Final\2020\01\USDSEK.csv,USDSEK.csv,.csv,57623457
03_M5_Sincronizado_Final,BACKUP\DATA_HUB\03_M5_Sincronizado_Final\2020\01\USDSGD.csv,USDSGD.csv,.csv,55778540
03_M5_Sincronizado_Final,BACKUP\DATA_HUB\03_M5_Sincronizado_Final\2020\01\USDTHB.csv,USDTHB.csv,.csv,53291163
03_M5_Sincronizado_Final,BACKUP\DATA_HUB\03_M5_Sincronizado_Final\2020\01\USDTRY.csv,USDTRY.csv,.csv,57413927
03_M5_Sincronizado_Final,BACKUP\DATA_HUB\03_M5_Sincronizado_Final\2020\01\USDX-F.csv,USDX-F.csv,.csv,50545195
03_M5_Sincronizado_Final,BACKUP\DATA_HUB\03_M5_Sincronizado_Final\2020\01\USDX.csv,USDX.csv,.csv,49273983
03_M5_Sincronizado_Final,BACKUP\DATA_HUB\03_M5_Sincronizado_Final\2020\01\USDZAR.csv,USDZAR.csv,.csv,59124142
03_M5_Sincronizado_Final,BACKUP\DATA_HUB\03_M5_Sincronizado_Final\2020\01\XAGUSD-F.csv,XAGUSD-F.csv,.csv,46440014
03_M5_Sincronizado_Final,BACKUP\DATA_HUB\03_M5_Sincronizado_Final\2020\01\XAGUSD.csv,XAGUSD.csv,.csv,45201313
03_M5_Sincronizado_Final,BACKUP\DATA_HUB\03_M5_Sincronizado_Final\2020\01\XAUUSD-F.csv,XAUUSD-F.csv,.csv,51756660
03_M5_Sincronizado_Final,BACKUP\DATA_HUB\03_M5_Sincronizado_Final\2020\01\XAUUSD.csv,XAUUSD.csv,.csv,50904192
03_M5_Sincronizado_Final,BACKUP\DATA_HUB\03_M5_Sincronizado_Final\2020\01\XPDUSD.csv,XPDUSD.csv,.csv,50469111
03_M5_Sincronizado_Final,BACKUP\DATA_HUB\03_M5_Sincronizado_Final\2020\01\XPTUSD.csv,XPTUSD.csv,.csv,49349269
03_M5_Sincronizado_Final,BACKUP\DATA_HUB\03_M5_Sincronizado_Final\2020\01\ZARJPY.csv,ZARJPY.csv,.csv,46676334
03_M5_Sincronizado_Final,BACKUP\DATA_HUB\03_M5_Sincronizado_Final\2020\04\CA60.csv,CA60.csv,.csv,8617306
03_M5_Sincronizado_Final,BACKUP\DATA_HUB\03_M5_Sincronizado_Final\2020\05\EURX.csv,EURX.csv,.csv,29621638
03_M5_Sincronizado_Final,BACKUP\DATA_HUB\03_M5_Sincronizado_Final\2020\05\JPYX.csv,JPYX.csv,.csv,26500784
03_M5_Sincronizado_Final,BACKUP\DATA_HUB\03_M5_Sincronizado_Final\2020\06\ETHAUD.csv,ETHAUD.csv,.csv,22038932
03_M5_Sincronizado_Final,BACKUP\DATA_HUB\03_M5_Sincronizado_Final\2020\07\COMPUSD.csv,COMPUSD.csv,.csv,20226659
03_M5_Sincronizado_Final,BACKUP\DATA_HUB\03_M5_Sincronizado_Final\2020\09\KSMUSD.csv,KSMUSD.csv,.csv,20676997
03_M5_Sincronizado_Final,BACKUP\DATA_HUB\03_M5_Sincronizado_Final\2020\10\SWI20-F.csv,SWI20-F.csv,.csv,17840375
03_M5_Sincronizado_Final,BACKUP\DATA_HUB\03_M5_Sincronizado_Final\2020\10\SWI20.csv,SWI20.csv,.csv,16541414
03_M5_Sincronizado_Final,BACKUP\DATA_HUB\03_M5_Sincronizado_Final\2020\11\CHINAH.csv,CHINAH.csv,.csv,18117810
03_M5_Sincronizado_Final,BACKUP\DATA_HUB\03_M5_Sincronizado_Final\2020\11\NETH25.csv,NETH25.csv,.csv,15944739
03_M5_Sincronizado_Final,BACKUP\DATA_HUB\03_M5_Sincronizado_Final\2021\01\AUDCAD.csv,AUDCAD.csv,.csv,45803218
03_M5_Sincronizado_Final,BACKUP\DATA_HUB\03_M5_Sincronizado_Final\2021\01\AUDJPY.csv,AUDJPY.csv,.csv,40909120
03_M5_Sincronizado_Final,BACKUP\DATA_HUB\03_M5_Sincronizado_Final\2021\01\GBPJPY.csv,GBPJPY.csv,.csv,42838707
03_M5_Sincronizado_Final,BACKUP\DATA_HUB\03_M5_Sincronizado_Final\2021\01\LINKUSD.csv,LINKUSD.csv,.csv,34791210
03_M5_Sincronizado_Final,BACKUP\DATA_HUB\03_M5_Sincronizado_Final\2021\01\NZDCAD.csv,NZDCAD.csv,.csv,45752424
03_M5_Sincronizado_Final,BACKUP\DATA_HUB\03_M5_Sincronizado_Final\2021\02\DOTUSD.csv,DOTUSD.csv,.csv,32728943
03_M5_Sincronizado_Final,BACKUP\DATA_HUB\03_M5_Sincronizado_Final\2021\03\XRPUSD.csv,XRPUSD.csv,.csv,37300614
03_M5_Sincronizado_Final,BACKUP\DATA_HUB\03_M5_Sincronizado_Final\2021\05\XLMUSD.csv,XLMUSD.csv,.csv,38444678
03_M5_Sincronizado_Final,BACKUP\DATA_HUB\03_M5_Sincronizado_Final\2021\06\BCHUSD.csv,BCHUSD.csv,.csv,32115775
03_M5_Sincronizado_Final,BACKUP\DATA_HUB\03_M5_Sincronizado_Final\2021\06\DOGEUSD.csv,DOGEUSD.csv,.csv,42151360
03_M5_Sincronizado_Final,BACKUP\DATA_HUB\03_M5_Sincronizado_Final\2021\08\BNBUSD.csv,BNBUSD.csv,.csv,33141825
03_M5_Sincronizado_Final,BACKUP\DATA_HUB\03_M5_Sincronizado_Final\2021\09\ADAUSD.csv,ADAUSD.csv,.csv,34237691
03_M5_Sincronizado_Final,BACKUP\DATA_HUB\03_M5_Sincronizado_Final\2021\09\ATMUSD.csv,ATMUSD.csv,.csv,33746015
03_M5_Sincronizado_Final,BACKUP\DATA_HUB\03_M5_Sincronizado_Final\2021\09\SHBUSD.csv,SHBUSD.csv,.csv,40817295
03_M5_Sincronizado_Final,BACKUP\DATA_HUB\03_M5_Sincronizado_Final\2021\10\UNIUSD.csv,UNIUSD.csv,.csv,30784445
03_M5_Sincronizado_Final,BACKUP\DATA_HUB\03_M5_Sincronizado_Final\2021\10\XTZUSD.csv,XTZUSD.csv,.csv,31943164
03_M5_Sincronizado_Final,BACKUP\DATA_HUB\03_M5_Sincronizado_Final\2021\11\MATICUSD.csv,MATICUSD.csv,.csv,31275027
03_M5_Sincronizado_Final,BACKUP\DATA_HUB\03_M5_Sincronizado_Final\2021\11\SOLUSD.csv,SOLUSD.csv,.csv,30515978
03_M5_Sincronizado_Final,BACKUP\DATA_HUB\03_M5_Sincronizado_Final\2022\01\GLMRUSD.csv,GLMRUSD.csv,.csv,38401058
03_M5_Sincronizado_Final,BACKUP\DATA_HUB\03_M5_Sincronizado_Final\2022\01\MANUSD.csv,MANUSD.csv,.csv,35378349
03_M5_Sincronizado_Final,BACKUP\DATA_HUB\03_M5_Sincronizado_Final\2022\01\NERUSD.csv,NERUSD.csv,.csv,28887931
03_M5_Sincronizado_Final,BACKUP\DATA_HUB\03_M5_Sincronizado_Final\2022\01\SANUSD.csv,SANUSD.csv,.csv,29151957
03_M5_Sincronizado_Final,BACKUP\DATA_HUB\03_M5_Sincronizado_Final\2022\01\XAGEUR.csv,XAGEUR.csv,.csv,29489862
03_M5_Sincronizado_Final,BACKUP\DATA_HUB\03_M5_Sincronizado_Final\2022\02\AVAXUSD.csv,AVAXUSD.csv,.csv,30628464
03_M5_Sincronizado_Final,BACKUP\DATA_HUB\03_M5_Sincronizado_Final\2022\12\USDTWD.csv,USDTWD.csv,.csv,12555794
03_M5_Sincronizado_Final,BACKUP\DATA_HUB\03_M5_Sincronizado_Final\2023\02\USDINR.csv,USDINR.csv,.csv,11694965
03_M5_Sincronizado_Final,BACKUP\DATA_HUB\03_M5_Sincronizado_Final\2023\03\BTCEUR.csv,BTCEUR.csv,.csv,22957936
03_M5_Sincronizado_Final,BACKUP\DATA_HUB\03_M5_Sincronizado_Final\2023\03\BTCGBP.csv,BTCGBP.csv,.csv,24202386
03_M5_Sincronizado_Final,BACKUP\DATA_HUB\03_M5_Sincronizado_Final\2023\03\ETHEUR.csv,ETHEUR.csv,.csv,22836088
03_M5_Sincronizado_Final,BACKUP\DATA_HUB\03_M5_Sincronizado_Final\2023\03\ETHGBP.csv,ETHGBP.csv,.csv,22836055
03_M5_Sincronizado_Final,BACKUP\DATA_HUB\03_M5_Sincronizado_Final\2023\03\USDKRW.csv,USDKRW.csv,.csv,24839893
03_M5_Sincronizado_Final,BACKUP\DATA_HUB\03_M5_Sincronizado_Final\2023\03\XAUCHF.csv,XAUCHF.csv,.csv,24692899
03_M5_Sincronizado_Final,BACKUP\DATA_HUB\03_M5_Sincronizado_Final\2023\03\XAUEUR.csv,XAUEUR.csv,.csv,24691851
03_M5_Sincronizado_Final,BACKUP\DATA_HUB\03_M5_Sincronizado_Final\2023\03\XAUGBP.csv,XAUGBP.csv,.csv,24692276
03_M5_Sincronizado_Final,BACKUP\DATA_HUB\03_M5_Sincronizado_Final\2023\04\AUDCNH.csv,AUDCNH.csv,.csv,17121035
03_M5_Sincronizado_Final,BACKUP\DATA_HUB\03_M5_Sincronizado_Final\2023\07\USDIDR.csv,USDIDR.csv,.csv,10925976
03_M5_Sincronizado_Final,BACKUP\DATA_HUB\03_M5_Sincronizado_Final\2023\10\ARBUSD.csv,ARBUSD.csv,.csv,18293707
03_M5_Sincronizado_Final,BACKUP\DATA_HUB\03_M5_Sincronizado_Final\2023\12\PEPUSD.csv,PEPUSD.csv,.csv,18230263
03_M5_Sincronizado_Final,BACKUP\DATA_HUB\03_M5_Sincronizado_Final\2024\04\AUDDKK.csv,AUDDKK.csv,.csv,11754107
03_M5_Sincronizado_Final,BACKUP\DATA_HUB\03_M5_Sincronizado_Final\2024\04\XAGSGD.csv,XAGSGD.csv,.csv,9739132
03_M5_Sincronizado_Final,BACKUP\DATA_HUB\03_M5_Sincronizado_Final\2024\05\AUDHUF.csv,AUDHUF.csv,.csv,11702015
03_M5_Sincronizado_Final,BACKUP\DATA_HUB\03_M5_Sincronizado_Final\2024\05\AUDNOK.csv,AUDNOK.csv,.csv,11025796
03_M5_Sincronizado_Final,BACKUP\DATA_HUB\03_M5_Sincronizado_Final\2024\05\CADMXN.csv,CADMXN.csv,.csv,13349088
03_M5_Sincronizado_Final,BACKUP\DATA_HUB\03_M5_Sincronizado_Final\2024\05\CADSGD.csv,CADSGD.csv,.csv,12720672
03_M5_Sincronizado_Final,BACKUP\DATA_HUB\03_M5_Sincronizado_Final\2024\05\CHFDKK.csv,CHFDKK.csv,.csv,12679238
03_M5_Sincronizado_Final,BACKUP\DATA_HUB\03_M5_Sincronizado_Final\2024\05\CHFNOK.csv,CHFNOK.csv,.csv,13418684
03_M5_Sincronizado_Final,BACKUP\DATA_HUB\03_M5_Sincronizado_Final\2024\05\CHFSEK.csv,CHFSEK.csv,.csv,13313258
03_M5_Sincronizado_Final,BACKUP\DATA_HUB\03_M5_Sincronizado_Final\2024\05\CNHJPY.csv,CNHJPY.csv,.csv,11462133
03_M5_Sincronizado_Final,BACKUP\DATA_HUB\03_M5_Sincronizado_Final\2024\05\EURCNH.csv,EURCNH.csv,.csv,12823200
03_M5_Sincronizado_Final,BACKUP\DATA_HUB\03_M5_Sincronizado_Final\2024\05\GBPCNH.csv,GBPCNH.csv,.csv,12821594
03_M5_Sincronizado_Final,BACKUP\DATA_HUB\03_M5_Sincronizado_Final\2024\05\GBPDKK.csv,GBPDKK.csv,.csv,12672941
03_M5_Sincronizado_Final,BACKUP\DATA_HUB\03_M5_Sincronizado_Final\2024\05\GBPMXN.csv,GBPMXN.csv,.csv,13325786
03_M5_Sincronizado_Final,BACKUP\DATA_HUB\03_M5_Sincronizado_Final\2024\05\GBPNOK.csv,GBPNOK.csv,.csv,13313177
03_M5_Sincronizado_Final,BACKUP\DATA_HUB\03_M5_Sincronizado_Final\2024\05\GBPSEK.csv,GBPSEK.csv,.csv,13314444
03_M5_Sincronizado_Final,BACKUP\DATA_HUB\03_M5_Sincronizado_Final\2024\05\GBPSGD.csv,GBPSGD.csv,.csv,12804457
03_M5_Sincronizado_Final,BACKUP\DATA_HUB\03_M5_Sincronizado_Final\2024\05\NOKJPY.csv,NOKJPY.csv,.csv,11515204
03_M5_Sincronizado_Final,BACKUP\DATA_HUB\03_M5_Sincronizado_Final\2024\05\NOKSEK.csv,NOKSEK.csv,.csv,12776467
03_M5_Sincronizado_Final,BACKUP\DATA_HUB\03_M5_Sincronizado_Final\2024\05\NZDCNH.csv,NZDCNH.csv,.csv,12808866
03_M5_Sincronizado_Final,BACKUP\DATA_HUB\03_M5_Sincronizado_Final\2024\05\SEKJPY.csv,SEKJPY.csv,.csv,11401192
03_M5_Sincronizado_Final,BACKUP\DATA_HUB\03_M5_Sincronizado_Final\2024\05\XAGAUD.csv,XAGAUD.csv,.csv,10131356
03_M5_Sincronizado_Final,BACKUP\DATA_HUB\03_M5_Sincronizado_Final\2024\05\XAUAUD.csv,XAUAUD.csv,.csv,11220223
03_M5_Sincronizado_Final,BACKUP\DATA_HUB\03_M5_Sincronizado_Final\2024\05\XAUSGD.csv,XAUSGD.csv,.csv,11214405
03_M5_Sincronizado_Final,BACKUP\DATA_HUB\03_M5_Sincronizado_Final\2024\09\XAUCNH.csv,XAUCNH.csv,.csv,9264411
03_M5_Sincronizado_Final,BACKUP\DATA_HUB\03_M5_Sincronizado_Final\2024\09\XAUJPY.csv,XAUJPY.csv,.csv,8454115
03_M5_Sincronizado_Final,BACKUP\DATA_HUB\03_M5_Sincronizado_Final\2025\01\APTUSD.csv,APTUSD.csv,.csv,8313104
03_M5_Sincronizado_Final,BACKUP\DATA_HUB\03_M5_Sincronizado_Final\2025\01\FLOUSD.csv,FLOUSD.csv,.csv,11251934
03_M5_Sincronizado_Final,BACKUP\DATA_HUB\03_M5_Sincronizado_Final\2025\01\RENDERUSD.csv,RENDERUSD.csv,.csv,9738463
03_M5_Sincronizado_Final,BACKUP\DATA_HUB\03_M5_Sincronizado_Final\2025\01\WIFUSD.csv,WIFUSD.csv,.csv,10376956
03_M5_Sincronizado_Final,BACKUP\DATA_HUB\03_M5_Sincronizado_Final\2025\02\TRUMPUSD.csv,TRUMPUSD.csv,.csv,7739097
04_MultiTimeframe,BACKUP\DATA_HUB\04_MultiTimeframe\D1\2020\01\AUDCHF.csv,AUDCHF.csv,.csv,171926
04_MultiTimeframe,BACKUP\DATA_HUB\04_MultiTimeframe\D1\2020\01\AUDNZD.csv,AUDNZD.csv,.csv,171934
04_MultiTimeframe,BACKUP\DATA_HUB\04_MultiTimeframe\D1\2020\01\AUDPLN.csv,AUDPLN.csv,.csv,180604
04_MultiTimeframe,BACKUP\DATA_HUB\04_MultiTimeframe\D1\2020\01\AUDSGD.csv,AUDSGD.csv,.csv,172901
04_MultiTimeframe,BACKUP\DATA_HUB\04_MultiTimeframe\D1\2020\01\AUDUSD.csv,AUDUSD.csv,.csv,172080
04_MultiTimeframe,BACKUP\DATA_HUB\04_MultiTimeframe\D1\2020\01\AUS200.csv,AUS200.csv,.csv,105255
04_MultiTimeframe,BACKUP\DATA_HUB\04_MultiTimeframe\D1\2020\01\BTCAUD.csv,BTCAUD.csv,.csv,208696
04_MultiTimeframe,BACKUP\DATA_HUB\04_MultiTimeframe\D1\2020\01\CADCHF.csv,CADCHF.csv,.csv,171925
04_MultiTimeframe,BACKUP\DATA_HUB\04_MultiTimeframe\D1\2020\01\CADJPY.csv,CADJPY.csv,.csv,155068
04_MultiTimeframe,BACKUP\DATA_HUB\04_MultiTimeframe\D1\2020\01\CHFJPY.csv,CHFJPY.csv,.csv,157926
04_MultiTimeframe,BACKUP\DATA_HUB\04_MultiTimeframe\D1\2020\01\CHFPLN.csv,CHFPLN.csv,.csv,168011
04_MultiTimeframe,BACKUP\DATA_HUB\04_MultiTimeframe\D1\2020\01\CHFSGD.csv,CHFSGD.csv,.csv,172091
04_MultiTimeframe,BACKUP\DATA_HUB\04_MultiTimeframe\D1\2020\01\CN50.csv,CN50.csv,.csv,202934
04_MultiTimeframe,BACKUP\DATA_HUB\04_MultiTimeframe\D1\2020\01\ETCUSD.csv,ETCUSD.csv,.csv,180199
04_MultiTimeframe,BACKUP\DATA_HUB\04_MultiTimeframe\D1\2020\01\EURAUD.csv,EURAUD.csv,.csv,172745
04_MultiTimeframe,BACKUP\DATA_HUB\04_MultiTimeframe\D1\2020\01\EURCAD.csv,EURCAD.csv,.csv,172334
04_MultiTimeframe,BACKUP\DATA_HUB\04_MultiTimeframe\D1\2020\01\EURCHF.csv,EURCHF.csv,.csv,172080
04_MultiTimeframe,BACKUP\DATA_HUB\04_MultiTimeframe\D1\2020\01\EURCZK.csv,EURCZK.csv,.csv,180287
04_MultiTimeframe,BACKUP\DATA_HUB\04_MultiTimeframe\D1\2020\01\EURDKK.csv,EURDKK.csv,.csv,171611
04_MultiTimeframe,BACKUP\DATA_HUB\04_MultiTimeframe\D1\2020\01\EURGBP.csv,EURGBP.csv,.csv,172092
04_MultiTimeframe,BACKUP\DATA_HUB\04_MultiTimeframe\D1\2020\01\EURHUF.csv,EURHUF.csv,.csv,158731
04_MultiTimeframe,BACKUP\DATA_HUB\04_MultiTimeframe\D1\2020\01\EURJPY.csv,EURJPY.csv,.csv,159546
04_MultiTimeframe,BACKUP\DATA_HUB\04_MultiTimeframe\D1\2020\01\EURMXN.csv,EURMXN.csv,.csv,176560
04_MultiTimeframe,BACKUP\DATA_HUB\04_MultiTimeframe\D1\2020\01\EURNOK.csv,EURNOK.csv,.csv,181074
04_MultiTimeframe,BACKUP\DATA_HUB\04_MultiTimeframe\D1\2020\01\EURNZD.csv,EURNZD.csv,.csv,172262
04_MultiTimeframe,BACKUP\DATA_HUB\04_MultiTimeframe\D1\2020\01\EURPLN.csv,EURPLN.csv,.csv,172092
04_MultiTimeframe,BACKUP\DATA_HUB\04_MultiTimeframe\D1\2020\01\EURSEK.csv,EURSEK.csv,.csv,181765
04_MultiTimeframe,BACKUP\DATA_HUB\04_MultiTimeframe\D1\2020\01\EURSGD.csv,EURSGD.csv,.csv,172997
04_MultiTimeframe,BACKUP\DATA_HUB\04_MultiTimeframe\D1\2020\01\EURTRY.csv,EURTRY.csv,.csv,174434
04_MultiTimeframe,BACKUP\DATA_HUB\04_MultiTimeframe\D1\2020\01\EURUSD.csv,EURUSD.csv,.csv,172154
04_MultiTimeframe,BACKUP\DATA_HUB\04_MultiTimeframe\D1\2020\01\EURZAR.csv,EURZAR.csv,.csv,176962
04_MultiTimeframe,BACKUP\DATA_HUB\04_MultiTimeframe\D1\2020\01\EUSTX50-F.csv,EUSTX50-F.csv,.csv,204033
04_MultiTimeframe,BACKUP\DATA_HUB\04_MultiTimeframe\D1\2020\01\EUSTX50.csv,EUSTX50.csv,.csv,199627
04_MultiTimeframe,BACKUP\DATA_HUB\04_MultiTimeframe\D1\2020\01\FRA40-F.csv,FRA40-F.csv,.csv,200466
04_MultiTimeframe,BACKUP\DATA_HUB\04_MultiTimeframe\D1\2020\01\FRA40.csv,FRA40.csv,.csv,196074
04_MultiTimeframe,BACKUP\DATA_HUB\04_MultiTimeframe\D1\2020\01\GBPAUD.csv,GBPAUD.csv,.csv,172491
04_MultiTimeframe,BACKUP\DATA_HUB\04_MultiTimeframe\D1\2020\01\GBPCAD.csv,GBPCAD.csv,.csv,171141
04_MultiTimeframe,BACKUP\DATA_HUB\04_MultiTimeframe\D1\2020\01\GBPCHF.csv,GBPCHF.csv,.csv,172197
04_MultiTimeframe,BACKUP\DATA_HUB\04_MultiTimeframe\D1\2020\01\GBPNZD.csv,GBPNZD.csv,.csv,173067
04_MultiTimeframe,BACKUP\DATA_HUB\04_MultiTimeframe\D1\2020\01\GBPUSD.csv,GBPUSD.csv,.csv,172321
04_MultiTimeframe,BACKUP\DATA_HUB\04_MultiTimeframe\D1\2020\01\GER40-F.csv,GER40-F.csv,.csv,209433
04_MultiTimeframe,BACKUP\DATA_HUB\04_MultiTimeframe\D1\2020\01\GER40.csv,GER40.csv,.csv,205020
04_MultiTimeframe,BACKUP\DATA_HUB\04_MultiTimeframe\D1\2020\01\HK50-F.csv,HK50-F.csv,.csv,207467
04_MultiTimeframe,BACKUP\DATA_HUB\04_MultiTimeframe\D1\2020\01\HK50.csv,HK50.csv,.csv,203098
04_MultiTimeframe,BACKUP\DATA_HUB\04_MultiTimeframe\D1\2020\01\JPN225-F.csv,JPN225-F.csv,.csv,211548
04_MultiTimeframe,BACKUP\DATA_HUB\04_MultiTimeframe\D1\2020\01\JPN225.csv,JPN225.csv,.csv,207135
04_MultiTimeframe,BACKUP\DATA_HUB\04_MultiTimeframe\D1\2020\01\LTCUSD.csv,LTCUSD.csv,.csv,184040
04_MultiTimeframe,BACKUP\DATA_HUB\04_MultiTimeframe\D1\2020\01\MXNJPY.csv,MXNJPY.csv,.csv,138085
04_MultiTimeframe,BACKUP\DATA_HUB\04_MultiTimeframe\D1\2020\01\NAS100-F.csv,NAS100-F.csv,.csv,212400
04_MultiTimeframe,BACKUP\DATA_HUB\04_MultiTimeframe\D1\2020\01\NAS100.csv,NAS100.csv,.csv,207999
04_MultiTimeframe,BACKUP\DATA_HUB\04_MultiTimeframe\D1\2020\01\NZDCHF.csv,NZDCHF.csv,.csv,171919
04_MultiTimeframe,BACKUP\DATA_HUB\04_MultiTimeframe\D1\2020\01\NZDJPY.csv,NZDJPY.csv,.csv,149927
04_MultiTimeframe,BACKUP\DATA_HUB\04_MultiTimeframe\D1\2020\01\NZDSGD.csv,NZDSGD.csv,.csv,170301
04_MultiTimeframe,BACKUP\DATA_HUB\04_MultiTimeframe\D1\2020\01\NZDUSD.csv,NZDUSD.csv,.csv,171912
04_MultiTimeframe,BACKUP\DATA_HUB\04_MultiTimeframe\D1\2020\01\SCI25.csv,SCI25.csv,.csv,185857
04_MultiTimeframe,BACKUP\DATA_HUB\04_MultiTimeframe\D1\2020\01\SGDJPY.csv,SGDJPY.csv,.csv,154872
04_MultiTimeframe,BACKUP\DATA_HUB\04_MultiTimeframe\D1\2020\01\SPA35.csv,SPA35.csv,.csv,198937
04_MultiTimeframe,BACKUP\DATA_HUB\04_MultiTimeframe\D1\2020\01\TRXUSD.csv,TRXUSD.csv,.csv,160053
04_MultiTimeframe,BACKUP\DATA_HUB\04_MultiTimeframe\D1\2020\01\UK100-F.csv,UK100-F.csv,.csv,200634
04_MultiTimeframe,BACKUP\DATA_HUB\04_MultiTimeframe\D1\2020\01\UK100.csv,UK100.csv,.csv,196217
04_MultiTimeframe,BACKUP\DATA_HUB\04_MultiTimeframe\D1\2020\01\US2000.csv,US2000.csv,.csv,105682
04_MultiTimeframe,BACKUP\DATA_HUB\04_MultiTimeframe\D1\2020\01\US30-F.csv,US30-F.csv,.csv,115311
04_MultiTimeframe,BACKUP\DATA_HUB\04_MultiTimeframe\D1\2020\01\US30.csv,US30.csv,.csv,111088
04_MultiTimeframe,BACKUP\DATA_HUB\04_MultiTimeframe\D1\2020\01\US500-F.csv,US500-F.csv,.csv,107894
04_MultiTimeframe,BACKUP\DATA_HUB\04_MultiTimeframe\D1\2020\01\US500.csv,US500.csv,.csv,103496
04_MultiTimeframe,BACKUP\DATA_HUB\04_MultiTimeframe\D1\2020\01\USDCAD.csv,USDCAD.csv,.csv,172132
04_MultiTimeframe,BACKUP\DATA_HUB\04_MultiTimeframe\D1\2020\01\USDCHF.csv,USDCHF.csv,.csv,171986
04_MultiTimeframe,BACKUP\DATA_HUB\04_MultiTimeframe\D1\2020\01\USDCNH.csv,USDCNH.csv,.csv,173218
04_MultiTimeframe,BACKUP\DATA_HUB\04_MultiTimeframe\D1\2020\01\USDCZK.csv,USDCZK.csv,.csv,181193
04_MultiTimeframe,BACKUP\DATA_HUB\04_MultiTimeframe\D1\2020\01\USDDKK.csv,USDDKK.csv,.csv,171945
04_MultiTimeframe,BACKUP\DATA_HUB\04_MultiTimeframe\D1\2020\01\USDHKD.csv,USDHKD.csv,.csv,170668
04_MultiTimeframe,BACKUP\DATA_HUB\04_MultiTimeframe\D1\2020\01\USDHUF.csv,USDHUF.csv,.csv,158844
04_MultiTimeframe,BACKUP\DATA_HUB\04_MultiTimeframe\D1\2020\01\USDILS.csv,USDILS.csv,.csv,171594
04_MultiTimeframe,BACKUP\DATA_HUB\04_MultiTimeframe\D1\2020\01\USDJPY.csv,USDJPY.csv,.csv,159471
04_MultiTimeframe,BACKUP\DATA_HUB\04_MultiTimeframe\D1\2020\01\USDMXN.csv,USDMXN.csv,.csv,181000
04_MultiTimeframe,BACKUP\DATA_HUB\04_MultiTimeframe\D1\2020\01\USDNOK.csv,USDNOK.csv,.csv,176905
04_MultiTimeframe,BACKUP\DATA_HUB\04_MultiTimeframe\D1\2020\01\USDPLN.csv,USDPLN.csv,.csv,172267
04_MultiTimeframe,BACKUP\DATA_HUB\04_MultiTimeframe\D1\2020\01\USDRON.csv,USDRON.csv,.csv,171864
04_MultiTimeframe,BACKUP\DATA_HUB\04_MultiTimeframe\D1\2020\01\USDSEK.csv,USDSEK.csv,.csv,176200
04_MultiTimeframe,BACKUP\DATA_HUB\04_MultiTimeframe\D1\2020\01\USDSGD.csv,USDSGD.csv,.csv,171908
04_MultiTimeframe,BACKUP\DATA_HUB\04_MultiTimeframe\D1\2020\01\USDTHB.csv,USDTHB.csv,.csv,180015
04_MultiTimeframe,BACKUP\DATA_HUB\04_MultiTimeframe\D1\2020\01\USDTRY.csv,USDTRY.csv,.csv,178056
04_MultiTimeframe,BACKUP\DATA_HUB\04_MultiTimeframe\D1\2020\01\USDX-F.csv,USDX-F.csv,.csv,185076
04_MultiTimeframe,BACKUP\DATA_HUB\04_MultiTimeframe\D1\2020\01\USDX.csv,USDX.csv,.csv,180755
04_MultiTimeframe,BACKUP\DATA_HUB\04_MultiTimeframe\D1\2020\01\USDZAR.csv,USDZAR.csv,.csv,180911
04_MultiTimeframe,BACKUP\DATA_HUB\04_MultiTimeframe\D1\2020\01\XAGUSD-F.csv,XAGUSD-F.csv,.csv,138915
04_MultiTimeframe,BACKUP\DATA_HUB\04_MultiTimeframe\D1\2020\01\XAGUSD.csv,XAGUSD.csv,.csv,134589
04_MultiTimeframe,BACKUP\DATA_HUB\04_MultiTimeframe\D1\2020\01\XAUUSD-F.csv,XAUUSD-F.csv,.csv,157303
04_MultiTimeframe,BACKUP\DATA_HUB\04_MultiTimeframe\D1\2020\01\XAUUSD.csv,XAUUSD.csv,.csv,153141
04_MultiTimeframe,BACKUP\DATA_HUB\04_MultiTimeframe\D1\2020\01\XPDUSD.csv,XPDUSD.csv,.csv,196436
04_MultiTimeframe,BACKUP\DATA_HUB\04_MultiTimeframe\D1\2020\01\XPTUSD.csv,XPTUSD.csv,.csv,192978
04_MultiTimeframe,BACKUP\DATA_HUB\04_MultiTimeframe\D1\2020\01\ZARJPY.csv,ZARJPY.csv,.csv,141403
04_MultiTimeframe,BACKUP\DATA_HUB\04_MultiTimeframe\D1\2020\04\CA60.csv,CA60.csv,.csv,123389
04_MultiTimeframe,BACKUP\DATA_HUB\04_MultiTimeframe\D1\2020\05\EURX.csv,EURX.csv,.csv,134877
04_MultiTimeframe,BACKUP\DATA_HUB\04_MultiTimeframe\D1\2020\05\JPYX.csv,JPYX.csv,.csv,102032
04_MultiTimeframe,BACKUP\DATA_HUB\04_MultiTimeframe\D1\2020\06\ETHAUD.csv,ETHAUD.csv,.csv,180570
04_MultiTimeframe,BACKUP\DATA_HUB\04_MultiTimeframe\D1\2020\07\COMPUSD.csv,COMPUSD.csv,.csv,166792
04_MultiTimeframe,BACKUP\DATA_HUB\04_MultiTimeframe\D1\2020\09\KSMUSD.csv,KSMUSD.csv,.csv,159376
04_MultiTimeframe,BACKUP\DATA_HUB\04_MultiTimeframe\D1\2020\10\SWI20-F.csv,SWI20-F.csv,.csv,132091
04_MultiTimeframe,BACKUP\DATA_HUB\04_MultiTimeframe\D1\2020\10\SWI20.csv,SWI20.csv,.csv,121082
04_MultiTimeframe,BACKUP\DATA_HUB\04_MultiTimeframe\D1\2020\11\CHINAH.csv,CHINAH.csv,.csv,126030
04_MultiTimeframe,BACKUP\DATA_HUB\04_MultiTimeframe\D1\2020\11\NETH25.csv,NETH25.csv,.csv,112216
04_MultiTimeframe,BACKUP\DATA_HUB\04_MultiTimeframe\D1\2021\01\AUDCAD.csv,AUDCAD.csv,.csv,149960
04_MultiTimeframe,BACKUP\DATA_HUB\04_MultiTimeframe\D1\2021\01\AUDJPY.csv,AUDJPY.csv,.csv,132434
04_MultiTimeframe,BACKUP\DATA_HUB\04_MultiTimeframe\D1\2021\01\GBPJPY.csv,GBPJPY.csv,.csv,139178
04_MultiTimeframe,BACKUP\DATA_HUB\04_MultiTimeframe\D1\2021\01\LINKUSD.csv,LINKUSD.csv,.csv,147739
04_MultiTimeframe,BACKUP\DATA_HUB\04_MultiTimeframe\D1\2021\01\NZDCAD.csv,NZDCAD.csv,.csv,149804
04_MultiTimeframe,BACKUP\DATA_HUB\04_MultiTimeframe\D1\2021\02\DOTUSD.csv,DOTUSD.csv,.csv,139085
04_MultiTimeframe,BACKUP\DATA_HUB\04_MultiTimeframe\D1\2021\03\XRPUSD.csv,XRPUSD.csv,.csv,136566
04_MultiTimeframe,BACKUP\DATA_HUB\04_MultiTimeframe\D1\2021\05\XLMUSD.csv,XLMUSD.csv,.csv,119173
04_MultiTimeframe,BACKUP\DATA_HUB\04_MultiTimeframe\D1\2021\06\BCHUSD.csv,BCHUSD.csv,.csv,132156
04_MultiTimeframe,BACKUP\DATA_HUB\04_MultiTimeframe\D1\2021\06\DOGEUSD.csv,DOGEUSD.csv,.csv,131564
04_MultiTimeframe,BACKUP\DATA_HUB\04_MultiTimeframe\D1\2021\08\BNBUSD.csv,BNBUSD.csv,.csv,137647
04_MultiTimeframe,BACKUP\DATA_HUB\04_MultiTimeframe\D1\2021\09\ADAUSD.csv,ADAUSD.csv,.csv,127975
04_MultiTimeframe,BACKUP\DATA_HUB\04_MultiTimeframe\D1\2021\09\ATMUSD.csv,ATMUSD.csv,.csv,118278
04_MultiTimeframe,BACKUP\DATA_HUB\04_MultiTimeframe\D1\2021\09\SHBUSD.csv,SHBUSD.csv,.csv,125586
04_MultiTimeframe,BACKUP\DATA_HUB\04_MultiTimeframe\D1\2021\10\UNIUSD.csv,UNIUSD.csv,.csv,108143
04_MultiTimeframe,BACKUP\DATA_HUB\04_MultiTimeframe\D1\2021\10\XTZUSD.csv,XTZUSD.csv,.csv,120940
04_MultiTimeframe,BACKUP\DATA_HUB\04_MultiTimeframe\H1\2020\01\AUDCHF.csv,AUDCHF.csv,.csv,4529319
04_MultiTimeframe,BACKUP\DATA_HUB\04_MultiTimeframe\H1\2020\01\AUDNZD.csv,AUDNZD.csv,.csv,4533467
04_MultiTimeframe,BACKUP\DATA_HUB\04_MultiTimeframe\H1\2020\01\AUDPLN.csv,AUDPLN.csv,.csv,4765062
04_MultiTimeframe,BACKUP\DATA_HUB\04_MultiTimeframe\H1\2020\01\AUDSGD.csv,AUDSGD.csv,.csv,4539097
04_MultiTimeframe,BACKUP\DATA_HUB\04_MultiTimeframe\H1\2020\01\AUDUSD.csv,AUDUSD.csv,.csv,4532164
04_MultiTimeframe,BACKUP\DATA_HUB\04_MultiTimeframe\H1\2020\01\AUS200.csv,AUS200.csv,.csv,2921972
04_MultiTimeframe,BACKUP\DATA_HUB\04_MultiTimeframe\H1\2020\01\BTCAUD.csv,BTCAUD.csv,.csv,5408729
04_MultiTimeframe,BACKUP\DATA_HUB\04_MultiTimeframe\H1\2020\01\CADCHF.csv,CADCHF.csv,.csv,4526619
04_MultiTimeframe,BACKUP\DATA_HUB\04_MultiTimeframe\H1\2020\01\CADJPY.csv,CADJPY.csv,.csv,4126799
04_MultiTimeframe,BACKUP\DATA_HUB\04_MultiTimeframe\H1\2020\01\CHFJPY.csv,CHFJPY.csv,.csv,4202178
04_MultiTimeframe,BACKUP\DATA_HUB\04_MultiTimeframe\H1\2020\01\CHFPLN.csv,CHFPLN.csv,.csv,4469113
04_MultiTimeframe,BACKUP\DATA_HUB\04_MultiTimeframe\H1\2020\01\CHFSGD.csv,CHFSGD.csv,.csv,4533545
04_MultiTimeframe,BACKUP\DATA_HUB\04_MultiTimeframe\H1\2020\01\CN50.csv,CN50.csv,.csv,5254716
04_MultiTimeframe,BACKUP\DATA_HUB\04_MultiTimeframe\H1\2020\01\ETCUSD.csv,ETCUSD.csv,.csv,4665902
04_MultiTimeframe,BACKUP\DATA_HUB\04_MultiTimeframe\H1\2020\01\EURAUD.csv,EURAUD.csv,.csv,4540174
04_MultiTimeframe,BACKUP\DATA_HUB\04_MultiTimeframe\H1\2020\01\EURCAD.csv,EURCAD.csv,.csv,4536733
04_MultiTimeframe,BACKUP\DATA_HUB\04_MultiTimeframe\H1\2020\01\EURCHF.csv,EURCHF.csv,.csv,4529797
04_MultiTimeframe,BACKUP\DATA_HUB\04_MultiTimeframe\H1\2020\01\EURCZK.csv,EURCZK.csv,.csv,4716008
04_MultiTimeframe,BACKUP\DATA_HUB\04_MultiTimeframe\H1\2020\01\EURDKK.csv,EURDKK.csv,.csv,4506259
04_MultiTimeframe,BACKUP\DATA_HUB\04_MultiTimeframe\H1\2020\01\EURGBP.csv,EURGBP.csv,.csv,4531821
04_MultiTimeframe,BACKUP\DATA_HUB\04_MultiTimeframe\H1\2020\01\EURHUF.csv,EURHUF.csv,.csv,4191975
04_MultiTimeframe,BACKUP\DATA_HUB\04_MultiTimeframe\H1\2020\01\EURJPY.csv,EURJPY.csv,.csv,4225007
04_MultiTimeframe,BACKUP\DATA_HUB\04_MultiTimeframe\H1\2020\01\EURMXN.csv,EURMXN.csv,.csv,4671966
04_MultiTimeframe,BACKUP\DATA_HUB\04_MultiTimeframe\H1\2020\01\EURNOK.csv,EURNOK.csv,.csv,4735853
04_MultiTimeframe,BACKUP\DATA_HUB\04_MultiTimeframe\H1\2020\01\EURNZD.csv,EURNZD.csv,.csv,4536452
04_MultiTimeframe,BACKUP\DATA_HUB\04_MultiTimeframe\H1\2020\01\EURPLN.csv,EURPLN.csv,.csv,4522932
04_MultiTimeframe,BACKUP\DATA_HUB\04_MultiTimeframe\H1\2020\01\EURSEK.csv,EURSEK.csv,.csv,4754179
04_MultiTimeframe,BACKUP\DATA_HUB\04_MultiTimeframe\H1\2020\01\EURSGD.csv,EURSGD.csv,.csv,4544380
04_MultiTimeframe,BACKUP\DATA_HUB\04_MultiTimeframe\H1\2020\01\EURTRY.csv,EURTRY.csv,.csv,4593423
04_MultiTimeframe,BACKUP\DATA_HUB\04_MultiTimeframe\H1\2020\01\EURUSD.csv,EURUSD.csv,.csv,4533649
04_MultiTimeframe,BACKUP\DATA_HUB\04_MultiTimeframe\H1\2020\01\EURZAR.csv,EURZAR.csv,.csv,4680651
04_MultiTimeframe,BACKUP\DATA_HUB\04_MultiTimeframe\H1\2020\01\EUSTX50-F.csv,EUSTX50-F.csv,.csv,5289674
04_MultiTimeframe,BACKUP\DATA_HUB\04_MultiTimeframe\H1\2020\01\EUSTX50.csv,EUSTX50.csv,.csv,5183343
04_MultiTimeframe,BACKUP\DATA_HUB\04_MultiTimeframe\H1\2020\01\FRA40-F.csv,FRA40-F.csv,.csv,5172339
04_MultiTimeframe,BACKUP\DATA_HUB\04_MultiTimeframe\H1\2020\01\FRA40.csv,FRA40.csv,.csv,5067342
04_MultiTimeframe,BACKUP\DATA_HUB\04_MultiTimeframe\H1\2020\01\GBPAUD.csv,GBPAUD.csv,.csv,4538658
04_MultiTimeframe,BACKUP\DATA_HUB\04_MultiTimeframe\H1\2020\01\GBPCAD.csv,GBPCAD.csv,.csv,4517529
04_MultiTimeframe,BACKUP\DATA_HUB\04_MultiTimeframe\H1\2020\01\GBPCHF.csv,GBPCHF.csv,.csv,4534854
04_MultiTimeframe,BACKUP\DATA_HUB\04_MultiTimeframe\H1\2020\01\GBPNZD.csv,GBPNZD.csv,.csv,4543999
04_MultiTimeframe,BACKUP\DATA_HUB\04_MultiTimeframe\H1\2020\01\GBPUSD.csv,GBPUSD.csv,.csv,4536214
04_MultiTimeframe,BACKUP\DATA_HUB\04_MultiTimeframe\H1\2020\01\GER40-F.csv,GER40-F.csv,.csv,5414954
04_MultiTimeframe,BACKUP\DATA_HUB\04_MultiTimeframe\H1\2020\01\GER40.csv,GER40.csv,.csv,5308377
04_MultiTimeframe,BACKUP\DATA_HUB\04_MultiTimeframe\H1\2020\01\HK50-F.csv,HK50-F.csv,.csv,5361307
04_MultiTimeframe,BACKUP\DATA_HUB\04_MultiTimeframe\H1\2020\01\HK50.csv,HK50.csv,.csv,5256007
04_MultiTimeframe,BACKUP\DATA_HUB\04_MultiTimeframe\H1\2020\01\JPN225-F.csv,JPN225-F.csv,.csv,5464684
04_MultiTimeframe,BACKUP\DATA_HUB\04_MultiTimeframe\H1\2020\01\JPN225.csv,JPN225.csv,.csv,5359388
04_MultiTimeframe,BACKUP\DATA_HUB\04_MultiTimeframe\H1\2020\01\LTCUSD.csv,LTCUSD.csv,.csv,4794364
04_MultiTimeframe,BACKUP\DATA_HUB\04_MultiTimeframe\H1\2020\01\MXNJPY.csv,MXNJPY.csv,.csv,3748656
04_MultiTimeframe,BACKUP\DATA_HUB\04_MultiTimeframe\H1\2020\01\NAS100-F.csv,NAS100-F.csv,.csv,5475216
04_MultiTimeframe,BACKUP\DATA_HUB\04_MultiTimeframe\H1\2020\01\NAS100.csv,NAS100.csv,.csv,5370809
04_MultiTimeframe,BACKUP\DATA_HUB\04_MultiTimeframe\H1\2020\01\NZDCHF.csv,NZDCHF.csv,.csv,4528762
04_MultiTimeframe,BACKUP\DATA_HUB\04_MultiTimeframe\H1\2020\01\NZDJPY.csv,NZDJPY.csv,.csv,4008189
04_MultiTimeframe,BACKUP\DATA_HUB\04_MultiTimeframe\H1\2020\01\NZDSGD.csv,NZDSGD.csv,.csv,4500115
04_MultiTimeframe,BACKUP\DATA_HUB\04_MultiTimeframe\H1\2020\01\NZDUSD.csv,NZDUSD.csv,.csv,4529254
04_MultiTimeframe,BACKUP\DATA_HUB\04_MultiTimeframe\H1\2020\01\SCI25.csv,SCI25.csv,.csv,4858127
04_MultiTimeframe,BACKUP\DATA_HUB\04_MultiTimeframe\H1\2020\01\SGDJPY.csv,SGDJPY.csv,.csv,4119558
04_MultiTimeframe,BACKUP\DATA_HUB\04_MultiTimeframe\H1\2020\01\SPA35.csv,SPA35.csv,.csv,5149022
04_MultiTimeframe,BACKUP\DATA_HUB\04_MultiTimeframe\H1\2020\01\TRXUSD.csv,TRXUSD.csv,.csv,4221418
04_MultiTimeframe,BACKUP\DATA_HUB\04_MultiTimeframe\H1\2020\01\UK100-F.csv,UK100-F.csv,.csv,5207585
04_MultiTimeframe,BACKUP\DATA_HUB\04_MultiTimeframe\H1\2020\01\UK100.csv,UK100.csv,.csv,5100773
04_MultiTimeframe,BACKUP\DATA_HUB\04_MultiTimeframe\H1\2020\01\US2000.csv,US2000.csv,.csv,2940081
04_MultiTimeframe,BACKUP\DATA_HUB\04_MultiTimeframe\H1\2020\01\US30-F.csv,US30-F.csv,.csv,3166651
04_MultiTimeframe,BACKUP\DATA_HUB\04_MultiTimeframe\H1\2020\01\US30.csv,US30.csv,.csv,3063967
04_MultiTimeframe,BACKUP\DATA_HUB\04_MultiTimeframe\H1\2020\01\US500-F.csv,US500-F.csv,.csv,2990850
04_MultiTimeframe,BACKUP\DATA_HUB\04_MultiTimeframe\H1\2020\01\US500.csv,US500.csv,.csv,2885877
04_MultiTimeframe,BACKUP\DATA_HUB\04_MultiTimeframe\H1\2020\01\USDCAD.csv,USDCAD.csv,.csv,4533790
04_MultiTimeframe,BACKUP\DATA_HUB\04_MultiTimeframe\H1\2020\01\USDCHF.csv,USDCHF.csv,.csv,4528338
04_MultiTimeframe,BACKUP\DATA_HUB\04_MultiTimeframe\H1\2020\01\USDCNH.csv,USDCNH.csv,.csv,4543654
04_MultiTimeframe,BACKUP\DATA_HUB\04_MultiTimeframe\H1\2020\01\USDCZK.csv,USDCZK.csv,.csv,4740073
04_MultiTimeframe,BACKUP\DATA_HUB\04_MultiTimeframe\H1\2020\01\USDDKK.csv,USDDKK.csv,.csv,4528376
04_MultiTimeframe,BACKUP\DATA_HUB\04_MultiTimeframe\H1\2020\01\USDHKD.csv,USDHKD.csv,.csv,4500600
04_MultiTimeframe,BACKUP\DATA_HUB\04_MultiTimeframe\H1\2020\01\USDHUF.csv,USDHUF.csv,.csv,4212016
04_MultiTimeframe,BACKUP\DATA_HUB\04_MultiTimeframe\H1\2020\01\USDILS.csv,USDILS.csv,.csv,4489255
04_MultiTimeframe,BACKUP\DATA_HUB\04_MultiTimeframe\H1\2020\01\USDJPY.csv,USDJPY.csv,.csv,4224293
04_MultiTimeframe,BACKUP\DATA_HUB\04_MultiTimeframe\H1\2020\01\USDMXN.csv,USDMXN.csv,.csv,4738199
04_MultiTimeframe,BACKUP\DATA_HUB\04_MultiTimeframe\H1\2020\01\USDNOK.csv,USDNOK.csv,.csv,4648469
04_MultiTimeframe,BACKUP\DATA_HUB\04_MultiTimeframe\H1\2020\01\USDPLN.csv,USDPLN.csv,.csv,4529110
04_MultiTimeframe,BACKUP\DATA_HUB\04_MultiTimeframe\H1\2020\01\USDRON.csv,USDRON.csv,.csv,4492891
04_MultiTimeframe,BACKUP\DATA_HUB\04_MultiTimeframe\H1\2020\01\USDSEK.csv,USDSEK.csv,.csv,4630572
04_MultiTimeframe,BACKUP\DATA_HUB\04_MultiTimeframe\H1\2020\01\USDSGD.csv,USDSGD.csv,.csv,4520392
04_MultiTimeframe,BACKUP\DATA_HUB\04_MultiTimeframe\H1\2020\01\USDTHB.csv,USDTHB.csv,.csv,4705333
04_MultiTimeframe,BACKUP\DATA_HUB\04_MultiTimeframe\H1\2020\01\USDTRY.csv,USDTRY.csv,.csv,4658617
04_MultiTimeframe,BACKUP\DATA_HUB\04_MultiTimeframe\H1\2020\01\USDX-F.csv,USDX-F.csv,.csv,4826139
04_MultiTimeframe,BACKUP\DATA_HUB\04_MultiTimeframe\H1\2020\01\USDX.csv,USDX.csv,.csv,4721433
04_MultiTimeframe,BACKUP\DATA_HUB\04_MultiTimeframe\H1\2020\01\USDZAR.csv,USDZAR.csv,.csv,4738595
04_MultiTimeframe,BACKUP\DATA_HUB\04_MultiTimeframe\H1\2020\01\XAGUSD-F.csv,XAGUSD-F.csv,.csv,3731271
04_MultiTimeframe,BACKUP\DATA_HUB\04_MultiTimeframe\H1\2020\01\XAGUSD.csv,XAGUSD.csv,.csv,3628082
04_MultiTimeframe,BACKUP\DATA_HUB\04_MultiTimeframe\H1\2020\01\XAUUSD-F.csv,XAUUSD-F.csv,.csv,4167867
04_MultiTimeframe,BACKUP\DATA_HUB\04_MultiTimeframe\H1\2020\01\XAUUSD.csv,XAUUSD.csv,.csv,4064217
04_MultiTimeframe,BACKUP\DATA_HUB\04_MultiTimeframe\H1\2020\01\XPDUSD.csv,XPDUSD.csv,.csv,5103443
04_MultiTimeframe,BACKUP\DATA_HUB\04_MultiTimeframe\H1\2020\01\XPTUSD.csv,XPTUSD.csv,.csv,5024627
04_MultiTimeframe,BACKUP\DATA_HUB\04_MultiTimeframe\H1\2020\01\ZARJPY.csv,ZARJPY.csv,.csv,3786201
04_MultiTimeframe,BACKUP\DATA_HUB\04_MultiTimeframe\H1\2020\04\CA60.csv,CA60.csv,.csv,1080590
04_MultiTimeframe,BACKUP\DATA_HUB\04_MultiTimeframe\H1\2020\05\EURX.csv,EURX.csv,.csv,3422319
04_MultiTimeframe,BACKUP\DATA_HUB\04_MultiTimeframe\H1\2020\05\JPYX.csv,JPYX.csv,.csv,2656784
04_MultiTimeframe,BACKUP\DATA_HUB\04_MultiTimeframe\H1\2020\06\ETHAUD.csv,ETHAUD.csv,.csv,2965908
04_MultiTimeframe,BACKUP\DATA_HUB\04_MultiTimeframe\H1\2020\07\COMPUSD.csv,COMPUSD.csv,.csv,3096040
04_MultiTimeframe,BACKUP\DATA_HUB\04_MultiTimeframe\H1\2020\09\KSMUSD.csv,KSMUSD.csv,.csv,2419513
04_MultiTimeframe,BACKUP\DATA_HUB\04_MultiTimeframe\H1\2020\10\SWI20-F.csv,SWI20-F.csv,.csv,1994586
04_MultiTimeframe,BACKUP\DATA_HUB\04_MultiTimeframe\H1\2020\10\SWI20.csv,SWI20.csv,.csv,1840324
04_MultiTimeframe,BACKUP\DATA_HUB\04_MultiTimeframe\H1\2020\11\CHINAH.csv,CHINAH.csv,.csv,1899921
04_MultiTimeframe,BACKUP\DATA_HUB\04_MultiTimeframe\H1\2020\11\NETH25.csv,NETH25.csv,.csv,1713643
04_MultiTimeframe,BACKUP\DATA_HUB\04_MultiTimeframe\H1\2021\01\AUDCAD.csv,AUDCAD.csv,.csv,3857802
04_MultiTimeframe,BACKUP\DATA_HUB\04_MultiTimeframe\H1\2021\01\AUDJPY.csv,AUDJPY.csv,.csv,3442903
04_MultiTimeframe,BACKUP\DATA_HUB\04_MultiTimeframe\H1\2021\01\GBPJPY.csv,GBPJPY.csv,.csv,3594500
04_MultiTimeframe,BACKUP\DATA_HUB\04_MultiTimeframe\H1\2021\01\LINKUSD.csv,LINKUSD.csv,.csv,3781855
04_MultiTimeframe,BACKUP\DATA_HUB\04_MultiTimeframe\H1\2021\01\NZDCAD.csv,NZDCAD.csv,.csv,3852164
04_MultiTimeframe,BACKUP\DATA_HUB\04_MultiTimeframe\H1\2021\02\DOTUSD.csv,DOTUSD.csv,.csv,3570059
04_MultiTimeframe,BACKUP\DATA_HUB\04_MultiTimeframe\H1\2021\03\XRPUSD.csv,XRPUSD.csv,.csv,3510198
04_MultiTimeframe,BACKUP\DATA_HUB\04_MultiTimeframe\H1\2021\05\XLMUSD.csv,XLMUSD.csv,.csv,3425919
04_MultiTimeframe,BACKUP\DATA_HUB\04_MultiTimeframe\H1\2021\06\BCHUSD.csv,BCHUSD.csv,.csv,3730516
04_MultiTimeframe,BACKUP\DATA_HUB\04_MultiTimeframe\H1\2021\06\DOGEUSD.csv,DOGEUSD.csv,.csv,3715906
04_MultiTimeframe,BACKUP\DATA_HUB\04_MultiTimeframe\H1\2021\08\BNBUSD.csv,BNBUSD.csv,.csv,3507778
04_MultiTimeframe,BACKUP\DATA_HUB\04_MultiTimeframe\H1\2021\09\ADAUSD.csv,ADAUSD.csv,.csv,3361114
04_MultiTimeframe,BACKUP\DATA_HUB\04_MultiTimeframe\H1\2021\09\ATMUSD.csv,ATMUSD.csv,.csv,3171459
04_MultiTimeframe,BACKUP\DATA_HUB\04_MultiTimeframe\H1\2021\09\SHBUSD.csv,SHBUSD.csv,.csv,3347080
04_MultiTimeframe,BACKUP\DATA_HUB\04_MultiTimeframe\H1\2021\10\UNIUSD.csv,UNIUSD.csv,.csv,3134495
04_MultiTimeframe,BACKUP\DATA_HUB\04_MultiTimeframe\H1\2021\10\XTZUSD.csv,XTZUSD.csv,.csv,3425448
04_MultiTimeframe,BACKUP\DATA_HUB\04_MultiTimeframe\H4\2020\01\AUDCHF.csv,AUDCHF.csv,.csv,1138902
04_MultiTimeframe,BACKUP\DATA_HUB\04_MultiTimeframe\H4\2020\01\AUDNZD.csv,AUDNZD.csv,.csv,1139660
04_MultiTimeframe,BACKUP\DATA_HUB\04_MultiTimeframe\H4\2020\01\AUDPLN.csv,AUDPLN.csv,.csv,1195456
04_MultiTimeframe,BACKUP\DATA_HUB\04_MultiTimeframe\H4\2020\01\AUDSGD.csv,AUDSGD.csv,.csv,1143526
04_MultiTimeframe,BACKUP\DATA_HUB\04_MultiTimeframe\H4\2020\01\AUDUSD.csv,AUDUSD.csv,.csv,1140219
04_MultiTimeframe,BACKUP\DATA_HUB\04_MultiTimeframe\H4\2020\01\AUS200.csv,AUS200.csv,.csv,739710
04_MultiTimeframe,BACKUP\DATA_HUB\04_MultiTimeframe\H4\2020\01\BTCAUD.csv,BTCAUD.csv,.csv,1360343
04_MultiTimeframe,BACKUP\DATA_HUB\04_MultiTimeframe\H4\2020\01\CADCHF.csv,CADCHF.csv,.csv,1138679
04_MultiTimeframe,BACKUP\DATA_HUB\04_MultiTimeframe\H4\2020\01\CADJPY.csv,CADJPY.csv,.csv,1039091
04_MultiTimeframe,BACKUP\DATA_HUB\04_MultiTimeframe\H4\2020\01\CHFJPY.csv,CHFJPY.csv,.csv,1057358
04_MultiTimeframe,BACKUP\DATA_HUB\04_MultiTimeframe\H4\2020\01\CHFPLN.csv,CHFPLN.csv,.csv,1120954
04_MultiTimeframe,BACKUP\DATA_HUB\04_MultiTimeframe\H4\2020\01\CHFSGD.csv,CHFSGD.csv,.csv,1140229
04_MultiTimeframe,BACKUP\DATA_HUB\04_MultiTimeframe\H4\2020\01\CN50.csv,CN50.csv,.csv,1322362
04_MultiTimeframe,BACKUP\DATA_HUB\04_MultiTimeframe\H4\2020\01\ETCUSD.csv,ETCUSD.csv,.csv,1174735
04_MultiTimeframe,BACKUP\DATA_HUB\04_MultiTimeframe\H4\2020\01\EURAUD.csv,EURAUD.csv,.csv,1144030
04_MultiTimeframe,BACKUP\DATA_HUB\04_MultiTimeframe\H4\2020\01\EURCAD.csv,EURCAD.csv,.csv,1142339
04_MultiTimeframe,BACKUP\DATA_HUB\04_MultiTimeframe\H4\2020\01\EURCHF.csv,EURCHF.csv,.csv,1139860
04_MultiTimeframe,BACKUP\DATA_HUB\04_MultiTimeframe\H4\2020\01\EURCZK.csv,EURCZK.csv,.csv,1187559
04_MultiTimeframe,BACKUP\DATA_HUB\04_MultiTimeframe\H4\2020\01\EURDKK.csv,EURDKK.csv,.csv,1135441
04_MultiTimeframe,BACKUP\DATA_HUB\04_MultiTimeframe\H4\2020\01\EURGBP.csv,EURGBP.csv,.csv,1140524
04_MultiTimeframe,BACKUP\DATA_HUB\04_MultiTimeframe\H4\2020\01\EURHUF.csv,EURHUF.csv,.csv,1055278
04_MultiTimeframe,BACKUP\DATA_HUB\04_MultiTimeframe\H4\2020\01\EURJPY.csv,EURJPY.csv,.csv,1065014
04_MultiTimeframe,BACKUP\DATA_HUB\04_MultiTimeframe\H4\2020\01\EURMXN.csv,EURMXN.csv,.csv,1171539
04_MultiTimeframe,BACKUP\DATA_HUB\04_MultiTimeframe\H4\2020\01\EURNOK.csv,EURNOK.csv,.csv,1192478
04_MultiTimeframe,BACKUP\DATA_HUB\04_MultiTimeframe\H4\2020\01\EURNZD.csv,EURNZD.csv,.csv,1142482
04_MultiTimeframe,BACKUP\DATA_HUB\04_MultiTimeframe\H4\2020\01\EURPLN.csv,EURPLN.csv,.csv,1138231
04_MultiTimeframe,BACKUP\DATA_HUB\04_MultiTimeframe\H4\2020\01\EURSEK.csv,EURSEK.csv,.csv,1196964
04_MultiTimeframe,BACKUP\DATA_HUB\04_MultiTimeframe\H4\2020\01\EURSGD.csv,EURSGD.csv,.csv,1144611
04_MultiTimeframe,BACKUP\DATA_HUB\04_MultiTimeframe\H4\2020\01\EURTRY.csv,EURTRY.csv,.csv,1154998
04_MultiTimeframe,BACKUP\DATA_HUB\04_MultiTimeframe\H4\2020\01\EURUSD.csv,EURUSD.csv,.csv,1141262
04_MultiTimeframe,BACKUP\DATA_HUB\04_MultiTimeframe\H4\2020\01\EURZAR.csv,EURZAR.csv,.csv,1174186
04_MultiTimeframe,BACKUP\DATA_HUB\04_MultiTimeframe\H4\2020\01\EUSTX50-F.csv,EUSTX50-F.csv,.csv,1331380
04_MultiTimeframe,BACKUP\DATA_HUB\04_MultiTimeframe\H4\2020\01\EUSTX50.csv,EUSTX50.csv,.csv,1305051
04_MultiTimeframe,BACKUP\DATA_HUB\04_MultiTimeframe\H4\2020\01\FRA40-F.csv,FRA40-F.csv,.csv,1300089
04_MultiTimeframe,BACKUP\DATA_HUB\04_MultiTimeframe\H4\2020\01\FRA40.csv,FRA40.csv,.csv,1273848
04_MultiTimeframe,BACKUP\DATA_HUB\04_MultiTimeframe\H4\2020\01\GBPAUD.csv,GBPAUD.csv,.csv,1143385
04_MultiTimeframe,BACKUP\DATA_HUB\04_MultiTimeframe\H4\2020\01\GBPCAD.csv,GBPCAD.csv,.csv,1136622
04_MultiTimeframe,BACKUP\DATA_HUB\04_MultiTimeframe\H4\2020\01\GBPCHF.csv,GBPCHF.csv,.csv,1141969
04_MultiTimeframe,BACKUP\DATA_HUB\04_MultiTimeframe\H4\2020\01\GBPNZD.csv,GBPNZD.csv,.csv,1144913
04_MultiTimeframe,BACKUP\DATA_HUB\04_MultiTimeframe\H4\2020\01\GBPUSD.csv,GBPUSD.csv,.csv,1142165
04_MultiTimeframe,BACKUP\DATA_HUB\04_MultiTimeframe\H4\2020\01\GER40-F.csv,GER40-F.csv,.csv,1362977
04_MultiTimeframe,BACKUP\DATA_HUB\04_MultiTimeframe\H4\2020\01\GER40.csv,GER40.csv,.csv,1336758
04_MultiTimeframe,BACKUP\DATA_HUB\04_MultiTimeframe\H4\2020\01\HK50-F.csv,HK50-F.csv,.csv,1350996
04_MultiTimeframe,BACKUP\DATA_HUB\04_MultiTimeframe\H4\2020\01\HK50.csv,HK50.csv,.csv,1324573
04_MultiTimeframe,BACKUP\DATA_HUB\04_MultiTimeframe\H4\2020\01\JPN225-F.csv,JPN225-F.csv,.csv,1374597
04_MultiTimeframe,BACKUP\DATA_HUB\04_MultiTimeframe\H4\2020\01\JPN225.csv,JPN225.csv,.csv,1348204
04_MultiTimeframe,BACKUP\DATA_HUB\04_MultiTimeframe\H4\2020\01\LTCUSD.csv,LTCUSD.csv,.csv,1208801
04_MultiTimeframe,BACKUP\DATA_HUB\04_MultiTimeframe\H4\2020\01\MXNJPY.csv,MXNJPY.csv,.csv,940785
04_MultiTimeframe,BACKUP\DATA_HUB\04_MultiTimeframe\H4\2020\01\NAS100-F.csv,NAS100-F.csv,.csv,1378187
04_MultiTimeframe,BACKUP\DATA_HUB\04_MultiTimeframe\H4\2020\01\NAS100.csv,NAS100.csv,.csv,1351834
04_MultiTimeframe,BACKUP\DATA_HUB\04_MultiTimeframe\H4\2020\01\NZDCHF.csv,NZDCHF.csv,.csv,1138173
04_MultiTimeframe,BACKUP\DATA_HUB\04_MultiTimeframe\H4\2020\01\NZDJPY.csv,NZDJPY.csv,.csv,1008850
04_MultiTimeframe,BACKUP\DATA_HUB\04_MultiTimeframe\H4\2020\01\NZDSGD.csv,NZDSGD.csv,.csv,1131412
04_MultiTimeframe,BACKUP\DATA_HUB\04_MultiTimeframe\H4\2020\01\NZDUSD.csv,NZDUSD.csv,.csv,1138616
04_MultiTimeframe,BACKUP\DATA_HUB\04_MultiTimeframe\H4\2020\01\SCI25.csv,SCI25.csv,.csv,1221836
04_MultiTimeframe,BACKUP\DATA_HUB\04_MultiTimeframe\H4\2020\01\SGDJPY.csv,SGDJPY.csv,.csv,1037951
04_MultiTimeframe,BACKUP\DATA_HUB\04_MultiTimeframe\H4\2020\01\SPA35.csv,SPA35.csv,.csv,1295197
04_MultiTimeframe,BACKUP\DATA_HUB\04_MultiTimeframe\H4\2020\01\TRXUSD.csv,TRXUSD.csv,.csv,1064256
04_MultiTimeframe,BACKUP\DATA_HUB\04_MultiTimeframe\H4\2020\01\UK100-F.csv,UK100-F.csv,.csv,1310375
04_MultiTimeframe,BACKUP\DATA_HUB\04_MultiTimeframe\H4\2020\01\UK100.csv,UK100.csv,.csv,1284074
04_MultiTimeframe,BACKUP\DATA_HUB\04_MultiTimeframe\H4\2020\01\US2000.csv,US2000.csv,.csv,743290
04_MultiTimeframe,BACKUP\DATA_HUB\04_MultiTimeframe\H4\2020\01\US30-F.csv,US30-F.csv,.csv,799377
04_MultiTimeframe,BACKUP\DATA_HUB\04_MultiTimeframe\H4\2020\01\US30.csv,US30.csv,.csv,773483
04_MultiTimeframe,BACKUP\DATA_HUB\04_MultiTimeframe\H4\2020\01\US500-F.csv,US500-F.csv,.csv,755886
04_MultiTimeframe,BACKUP\DATA_HUB\04_MultiTimeframe\H4\2020\01\US500.csv,US500.csv,.csv,729687
04_MultiTimeframe,BACKUP\DATA_HUB\04_MultiTimeframe\H4\2020\01\USDCAD.csv,USDCAD.csv,.csv,1140810
04_MultiTimeframe,BACKUP\DATA_HUB\04_MultiTimeframe\H4\2020\01\USDCHF.csv,USDCHF.csv,.csv,1139529
04_MultiTimeframe,BACKUP\DATA_HUB\04_MultiTimeframe\H4\2020\01\USDCNH.csv,USDCNH.csv,.csv,1145324
04_MultiTimeframe,BACKUP\DATA_HUB\04_MultiTimeframe\H4\2020\01\USDCZK.csv,USDCZK.csv,.csv,1193845
04_MultiTimeframe,BACKUP\DATA_HUB\04_MultiTimeframe\H4\2020\01\USDDKK.csv,USDDKK.csv,.csv,1138601
04_MultiTimeframe,BACKUP\DATA_HUB\04_MultiTimeframe\H4\2020\01\USDHKD.csv,USDHKD.csv,.csv,1133369
04_MultiTimeframe,BACKUP\DATA_HUB\04_MultiTimeframe\H4\2020\01\USDHUF.csv,USDHUF.csv,.csv,1061871
04_MultiTimeframe,BACKUP\DATA_HUB\04_MultiTimeframe\H4\2020\01\USDILS.csv,USDILS.csv,.csv,1129238
04_MultiTimeframe,BACKUP\DATA_HUB\04_MultiTimeframe\H4\2020\01\USDJPY.csv,USDJPY.csv,.csv,1064946
04_MultiTimeframe,BACKUP\DATA_HUB\04_MultiTimeframe\H4\2020\01\USDMXN.csv,USDMXN.csv,.csv,1192309
04_MultiTimeframe,BACKUP\DATA_HUB\04_MultiTimeframe\H4\2020\01\USDNOK.csv,USDNOK.csv,.csv,1169243
04_MultiTimeframe,BACKUP\DATA_HUB\04_MultiTimeframe\H4\2020\01\USDPLN.csv,USDPLN.csv,.csv,1140739
04_MultiTimeframe,BACKUP\DATA_HUB\04_MultiTimeframe\H4\2020\01\USDRON.csv,USDRON.csv,.csv,1130188
04_MultiTimeframe,BACKUP\DATA_HUB\04_MultiTimeframe\H4\2020\01\USDSEK.csv,USDSEK.csv,.csv,1164516
04_MultiTimeframe,BACKUP\DATA_HUB\04_MultiTimeframe\H4\2020\01\USDSGD.csv,USDSGD.csv,.csv,1137663
04_MultiTimeframe,BACKUP\DATA_HUB\04_MultiTimeframe\H4\2020\01\USDTHB.csv,USDTHB.csv,.csv,1186781
04_MultiTimeframe,BACKUP\DATA_HUB\04_MultiTimeframe\H4\2020\01\USDTRY.csv,USDTRY.csv,.csv,1173141
04_MultiTimeframe,BACKUP\DATA_HUB\04_MultiTimeframe\H4\2020\01\USDX-F.csv,USDX-F.csv,.csv,1216081
04_MultiTimeframe,BACKUP\DATA_HUB\04_MultiTimeframe\H4\2020\01\USDX.csv,USDX.csv,.csv,1190084
04_MultiTimeframe,BACKUP\DATA_HUB\04_MultiTimeframe\H4\2020\01\USDZAR.csv,USDZAR.csv,.csv,1192207
04_MultiTimeframe,BACKUP\DATA_HUB\04_MultiTimeframe\H4\2020\01\XAGUSD-F.csv,XAGUSD-F.csv,.csv,941071
04_MultiTimeframe,BACKUP\DATA_HUB\04_MultiTimeframe\H4\2020\01\XAGUSD.csv,XAGUSD.csv,.csv,914761
04_MultiTimeframe,BACKUP\DATA_HUB\04_MultiTimeframe\H4\2020\01\XAUUSD-F.csv,XAUUSD-F.csv,.csv,1050895
04_MultiTimeframe,BACKUP\DATA_HUB\04_MultiTimeframe\H4\2020\01\XAUUSD.csv,XAUUSD.csv,.csv,1025415
04_MultiTimeframe,BACKUP\DATA_HUB\04_MultiTimeframe\H4\2020\01\XPDUSD.csv,XPDUSD.csv,.csv,1284619
04_MultiTimeframe,BACKUP\DATA_HUB\04_MultiTimeframe\H4\2020\01\XPTUSD.csv,XPTUSD.csv,.csv,1264373
04_MultiTimeframe,BACKUP\DATA_HUB\04_MultiTimeframe\H4\2020\01\ZARJPY.csv,ZARJPY.csv,.csv,955064
04_MultiTimeframe,BACKUP\DATA_HUB\04_MultiTimeframe\H4\2020\04\CA60.csv,CA60.csv,.csv,272684
04_MultiTimeframe,BACKUP\DATA_HUB\04_MultiTimeframe\H4\2020\05\EURX.csv,EURX.csv,.csv,885048
04_MultiTimeframe,BACKUP\DATA_HUB\04_MultiTimeframe\H4\2020\05\JPYX.csv,JPYX.csv,.csv,688891
04_MultiTimeframe,BACKUP\DATA_HUB\04_MultiTimeframe\H4\2020\06\ETHAUD.csv,ETHAUD.csv,.csv,826086
04_MultiTimeframe,BACKUP\DATA_HUB\04_MultiTimeframe\H4\2020\07\COMPUSD.csv,COMPUSD.csv,.csv,859407
04_MultiTimeframe,BACKUP\DATA_HUB\04_MultiTimeframe\H4\2020\09\KSMUSD.csv,KSMUSD.csv,.csv,676112
04_MultiTimeframe,BACKUP\DATA_HUB\04_MultiTimeframe\H4\2020\10\SWI20-F.csv,SWI20-F.csv,.csv,572272
04_MultiTimeframe,BACKUP\DATA_HUB\04_MultiTimeframe\H4\2020\10\SWI20.csv,SWI20.csv,.csv,528304
04_MultiTimeframe,BACKUP\DATA_HUB\04_MultiTimeframe\H4\2020\11\CHINAH.csv,CHINAH.csv,.csv,545292
04_MultiTimeframe,BACKUP\DATA_HUB\04_MultiTimeframe\H4\2020\11\NETH25.csv,NETH25.csv,.csv,491704
04_MultiTimeframe,BACKUP\DATA_HUB\04_MultiTimeframe\H4\2021\01\AUDCAD.csv,AUDCAD.csv,.csv,991394
04_MultiTimeframe,BACKUP\DATA_HUB\04_MultiTimeframe\H4\2021\01\AUDJPY.csv,AUDJPY.csv,.csv,885795
04_MultiTimeframe,BACKUP\DATA_HUB\04_MultiTimeframe\H4\2021\01\GBPJPY.csv,GBPJPY.csv,.csv,924879
04_MultiTimeframe,BACKUP\DATA_HUB\04_MultiTimeframe\H4\2021\01\LINKUSD.csv,LINKUSD.csv,.csv,974429
04_MultiTimeframe,BACKUP\DATA_HUB\04_MultiTimeframe\H4\2021\01\NZDCAD.csv,NZDCAD.csv,.csv,988437
04_MultiTimeframe,BACKUP\DATA_HUB\04_MultiTimeframe\H4\2021\02\DOTUSD.csv,DOTUSD.csv,.csv,920052
04_MultiTimeframe,BACKUP\DATA_HUB\04_MultiTimeframe\H4\2021\03\XRPUSD.csv,XRPUSD.csv,.csv,905042
04_MultiTimeframe,BACKUP\DATA_HUB\04_MultiTimeframe\H4\2021\05\XLMUSD.csv,XLMUSD.csv,.csv,863863
04_MultiTimeframe,BACKUP\DATA_HUB\04_MultiTimeframe\H4\2021\06\BCHUSD.csv,BCHUSD.csv,.csv,940775
04_MultiTimeframe,BACKUP\DATA_HUB\04_MultiTimeframe\H4\2021\06\DOGEUSD.csv,DOGEUSD.csv,.csv,937335
04_MultiTimeframe,BACKUP\DATA_HUB\04_MultiTimeframe\H4\2021\08\BNBUSD.csv,BNBUSD.csv,.csv,903386
04_MultiTimeframe,BACKUP\DATA_HUB\04_MultiTimeframe\H4\2021\09\ADAUSD.csv,ADAUSD.csv,.csv,847221
04_MultiTimeframe,BACKUP\DATA_HUB\04_MultiTimeframe\H4\2021\09\ATMUSD.csv,ATMUSD.csv,.csv,795348
04_MultiTimeframe,BACKUP\DATA_HUB\04_MultiTimeframe\H4\2021\09\SHBUSD.csv,SHBUSD.csv,.csv,839264
04_MultiTimeframe,BACKUP\DATA_HUB\04_MultiTimeframe\H4\2021\10\UNIUSD.csv,UNIUSD.csv,.csv,788771
04_MultiTimeframe,BACKUP\DATA_HUB\04_MultiTimeframe\H4\2021\10\XTZUSD.csv,XTZUSD.csv,.csv,863579
04_MultiTimeframe,BACKUP\DATA_HUB\04_MultiTimeframe\M15\2020\01\AUDCHF.csv,AUDCHF.csv,.csv,17994334
04_MultiTimeframe,BACKUP\DATA_HUB\04_MultiTimeframe\M15\2020\01\AUDNZD.csv,AUDNZD.csv,.csv,17998885
04_MultiTimeframe,BACKUP\DATA_HUB\04_MultiTimeframe\M15\2020\01\AUDPLN.csv,AUDPLN.csv,.csv,19008829
04_MultiTimeframe,BACKUP\DATA_HUB\04_MultiTimeframe\M15\2020\01\AUDSGD.csv,AUDSGD.csv,.csv,18048944
04_MultiTimeframe,BACKUP\DATA_HUB\04_MultiTimeframe\M15\2020\01\AUDUSD.csv,AUDUSD.csv,.csv,18007900
04_MultiTimeframe,BACKUP\DATA_HUB\04_MultiTimeframe\M15\2020\01\AUS200.csv,AUS200.csv,.csv,11589648
04_MultiTimeframe,BACKUP\DATA_HUB\04_MultiTimeframe\M15\2020\01\BTCAUD.csv,BTCAUD.csv,.csv,21478723
04_MultiTimeframe,BACKUP\DATA_HUB\04_MultiTimeframe\M15\2020\01\CADCHF.csv,CADCHF.csv,.csv,17990919
04_MultiTimeframe,BACKUP\DATA_HUB\04_MultiTimeframe\M15\2020\01\CADJPY.csv,CADJPY.csv,.csv,16389196
04_MultiTimeframe,BACKUP\DATA_HUB\04_MultiTimeframe\M15\2020\01\CHFJPY.csv,CHFJPY.csv,.csv,16709422
04_MultiTimeframe,BACKUP\DATA_HUB\04_MultiTimeframe\M15\2020\01\CHFPLN.csv,CHFPLN.csv,.csv,17832071
04_MultiTimeframe,BACKUP\DATA_HUB\04_MultiTimeframe\M15\2020\01\CHFSGD.csv,CHFSGD.csv,.csv,17997624
04_MultiTimeframe,BACKUP\DATA_HUB\04_MultiTimeframe\M15\2020\01\CN50.csv,CN50.csv,.csv,20903755
04_MultiTimeframe,BACKUP\DATA_HUB\04_MultiTimeframe\M15\2020\01\ETCUSD.csv,ETCUSD.csv,.csv,18565521
04_MultiTimeframe,BACKUP\DATA_HUB\04_MultiTimeframe\M15\2020\01\EURAUD.csv,EURAUD.csv,.csv,18059108
04_MultiTimeframe,BACKUP\DATA_HUB\04_MultiTimeframe\M15\2020\01\EURCAD.csv,EURCAD.csv,.csv,18035394
04_MultiTimeframe,BACKUP\DATA_HUB\04_MultiTimeframe\M15\2020\01\EURCHF.csv,EURCHF.csv,.csv,18001510
04_MultiTimeframe,BACKUP\DATA_HUB\04_MultiTimeframe\M15\2020\01\EURCZK.csv,EURCZK.csv,.csv,18753773
04_MultiTimeframe,BACKUP\DATA_HUB\04_MultiTimeframe\M15\2020\01\EURDKK.csv,EURDKK.csv,.csv,17909778
04_MultiTimeframe,BACKUP\DATA_HUB\04_MultiTimeframe\M15\2020\01\EURGBP.csv,EURGBP.csv,.csv,18010121
04_MultiTimeframe,BACKUP\DATA_HUB\04_MultiTimeframe\M15\2020\01\EURHUF.csv,EURHUF.csv,.csv,16660924
04_MultiTimeframe,BACKUP\DATA_HUB\04_MultiTimeframe\M15\2020\01\EURJPY.csv,EURJPY.csv,.csv,16800955
04_MultiTimeframe,BACKUP\DATA_HUB\04_MultiTimeframe\M15\2020\01\EURMXN.csv,EURMXN.csv,.csv,18643228
04_MultiTimeframe,BACKUP\DATA_HUB\04_MultiTimeframe\M15\2020\01\EURNOK.csv,EURNOK.csv,.csv,18830088
04_MultiTimeframe,BACKUP\DATA_HUB\04_MultiTimeframe\M15\2020\01\EURNZD.csv,EURNZD.csv,.csv,18034203
04_MultiTimeframe,BACKUP\DATA_HUB\04_MultiTimeframe\M15\2020\01\EURPLN.csv,EURPLN.csv,.csv,17968213
04_MultiTimeframe,BACKUP\DATA_HUB\04_MultiTimeframe\M15\2020\01\EURSEK.csv,EURSEK.csv,.csv,18897785
04_MultiTimeframe,BACKUP\DATA_HUB\04_MultiTimeframe\M15\2020\01\EURSGD.csv,EURSGD.csv,.csv,18063483
04_MultiTimeframe,BACKUP\DATA_HUB\04_MultiTimeframe\M15\2020\01\EURTRY.csv,EURTRY.csv,.csv,18300922
04_MultiTimeframe,BACKUP\DATA_HUB\04_MultiTimeframe\M15\2020\01\EURUSD.csv,EURUSD.csv,.csv,18019040
04_MultiTimeframe,BACKUP\DATA_HUB\04_MultiTimeframe\M15\2020\01\EURZAR.csv,EURZAR.csv,.csv,18683280
04_MultiTimeframe,BACKUP\DATA_HUB\04_MultiTimeframe\M15\2020\01\EUSTX50-F.csv,EUSTX50-F.csv,.csv,21044136
04_MultiTimeframe,BACKUP\DATA_HUB\04_MultiTimeframe\M15\2020\01\EUSTX50.csv,EUSTX50.csv,.csv,20623329
04_MultiTimeframe,BACKUP\DATA_HUB\04_MultiTimeframe\M15\2020\01\FRA40-F.csv,FRA40-F.csv,.csv,20607884
04_MultiTimeframe,BACKUP\DATA_HUB\04_MultiTimeframe\M15\2020\01\FRA40.csv,FRA40.csv,.csv,20188125
04_MultiTimeframe,BACKUP\DATA_HUB\04_MultiTimeframe\M15\2020\01\GBPAUD.csv,GBPAUD.csv,.csv,18048418
04_MultiTimeframe,BACKUP\DATA_HUB\04_MultiTimeframe\M15\2020\01\GBPCAD.csv,GBPCAD.csv,.csv,17974048
04_MultiTimeframe,BACKUP\DATA_HUB\04_MultiTimeframe\M15\2020\01\GBPCHF.csv,GBPCHF.csv,.csv,18027766
04_MultiTimeframe,BACKUP\DATA_HUB\04_MultiTimeframe\M15\2020\01\GBPNZD.csv,GBPNZD.csv,.csv,18072074
04_MultiTimeframe,BACKUP\DATA_HUB\04_MultiTimeframe\M15\2020\01\GBPUSD.csv,GBPUSD.csv,.csv,18031943
04_MultiTimeframe,BACKUP\DATA_HUB\04_MultiTimeframe\M15\2020\01\GER40-F.csv,GER40-F.csv,.csv,21544094
04_MultiTimeframe,BACKUP\DATA_HUB\04_MultiTimeframe\M15\2020\01\GER40.csv,GER40.csv,.csv,21122840
04_MultiTimeframe,BACKUP\DATA_HUB\04_MultiTimeframe\M15\2020\01\HK50-F.csv,HK50-F.csv,.csv,21346739
04_MultiTimeframe,BACKUP\DATA_HUB\04_MultiTimeframe\M15\2020\01\HK50.csv,HK50.csv,.csv,20927091
04_MultiTimeframe,BACKUP\DATA_HUB\04_MultiTimeframe\M15\2020\01\JPN225-F.csv,JPN225-F.csv,.csv,21742889
04_MultiTimeframe,BACKUP\DATA_HUB\04_MultiTimeframe\M15\2020\01\JPN225.csv,JPN225.csv,.csv,21321961
04_MultiTimeframe,BACKUP\DATA_HUB\04_MultiTimeframe\M15\2020\01\LTCUSD.csv,LTCUSD.csv,.csv,19023942
04_MultiTimeframe,BACKUP\DATA_HUB\04_MultiTimeframe\M15\2020\01\MXNJPY.csv,MXNJPY.csv,.csv,14935868
04_MultiTimeframe,BACKUP\DATA_HUB\04_MultiTimeframe\M15\2020\01\NAS100-F.csv,NAS100-F.csv,.csv,21793338
04_MultiTimeframe,BACKUP\DATA_HUB\04_MultiTimeframe\M15\2020\01\NAS100.csv,NAS100.csv,.csv,21373117
04_MultiTimeframe,BACKUP\DATA_HUB\04_MultiTimeframe\M15\2020\01\NZDCHF.csv,NZDCHF.csv,.csv,17989677
04_MultiTimeframe,BACKUP\DATA_HUB\04_MultiTimeframe\M15\2020\01\NZDJPY.csv,NZDJPY.csv,.csv,15903924
04_MultiTimeframe,BACKUP\DATA_HUB\04_MultiTimeframe\M15\2020\01\NZDSGD.csv,NZDSGD.csv,.csv,17913647
04_MultiTimeframe,BACKUP\DATA_HUB\04_MultiTimeframe\M15\2020\01\NZDUSD.csv,NZDUSD.csv,.csv,17991159
04_MultiTimeframe,BACKUP\DATA_HUB\04_MultiTimeframe\M15\2020\01\SCI25.csv,SCI25.csv,.csv,19303734
04_MultiTimeframe,BACKUP\DATA_HUB\04_MultiTimeframe\M15\2020\01\SGDJPY.csv,SGDJPY.csv,.csv,16363569
04_MultiTimeframe,BACKUP\DATA_HUB\04_MultiTimeframe\M15\2020\01\SPA35.csv,SPA35.csv,.csv,20501317
04_MultiTimeframe,BACKUP\DATA_HUB\04_MultiTimeframe\M15\2020\01\TRXUSD.csv,TRXUSD.csv,.csv,16737158
04_MultiTimeframe,BACKUP\DATA_HUB\04_MultiTimeframe\M15\2020\01\UK100-F.csv,UK100-F.csv,.csv,20720983
04_MultiTimeframe,BACKUP\DATA_HUB\04_MultiTimeframe\M15\2020\01\UK100.csv,UK100.csv,.csv,20295332
04_MultiTimeframe,BACKUP\DATA_HUB\04_MultiTimeframe\M15\2020\01\US2000.csv,US2000.csv,.csv,11666540
04_MultiTimeframe,BACKUP\DATA_HUB\04_MultiTimeframe\M15\2020\01\US30-F.csv,US30-F.csv,.csv,12566205
04_MultiTimeframe,BACKUP\DATA_HUB\04_MultiTimeframe\M15\2020\01\US30.csv,US30.csv,.csv,12151495
04_MultiTimeframe,BACKUP\DATA_HUB\04_MultiTimeframe\M15\2020\01\US500-F.csv,US500-F.csv,.csv,11853577
04_MultiTimeframe,BACKUP\DATA_HUB\04_MultiTimeframe\M15\2020\01\US500.csv,US500.csv,.csv,11435220
04_MultiTimeframe,BACKUP\DATA_HUB\04_MultiTimeframe\M15\2020\01\USDCAD.csv,USDCAD.csv,.csv,18015003
04_MultiTimeframe,BACKUP\DATA_HUB\04_MultiTimeframe\M15\2020\01\USDCHF.csv,USDCHF.csv,.csv,17996654
04_MultiTimeframe,BACKUP\DATA_HUB\04_MultiTimeframe\M15\2020\01\USDCNH.csv,USDCNH.csv,.csv,18074958
04_MultiTimeframe,BACKUP\DATA_HUB\04_MultiTimeframe\M15\2020\01\USDCZK.csv,USDCZK.csv,.csv,18848296
04_MultiTimeframe,BACKUP\DATA_HUB\04_MultiTimeframe\M15\2020\01\USDDKK.csv,USDDKK.csv,.csv,17989956
04_MultiTimeframe,BACKUP\DATA_HUB\04_MultiTimeframe\M15\2020\01\USDHKD.csv,USDHKD.csv,.csv,17872879
04_MultiTimeframe,BACKUP\DATA_HUB\04_MultiTimeframe\M15\2020\01\USDHUF.csv,USDHUF.csv,.csv,16734986
04_MultiTimeframe,BACKUP\DATA_HUB\04_MultiTimeframe\M15\2020\01\USDILS.csv,USDILS.csv,.csv,17866129
04_MultiTimeframe,BACKUP\DATA_HUB\04_MultiTimeframe\M15\2020\01\USDJPY.csv,USDJPY.csv,.csv,16797236
04_MultiTimeframe,BACKUP\DATA_HUB\04_MultiTimeframe\M15\2020\01\USDMXN.csv,USDMXN.csv,.csv,18841503
04_MultiTimeframe,BACKUP\DATA_HUB\04_MultiTimeframe\M15\2020\01\USDNOK.csv,USDNOK.csv,.csv,18459460
04_MultiTimeframe,BACKUP\DATA_HUB\04_MultiTimeframe\M15\2020\01\USDPLN.csv,USDPLN.csv,.csv,18004260
04_MultiTimeframe,BACKUP\DATA_HUB\04_MultiTimeframe\M15\2020\01\USDRON.csv,USDRON.csv,.csv,17883794
04_MultiTimeframe,BACKUP\DATA_HUB\04_MultiTimeframe\M15\2020\01\USDSEK.csv,USDSEK.csv,.csv,18391457
04_MultiTimeframe,BACKUP\DATA_HUB\04_MultiTimeframe\M15\2020\01\USDSGD.csv,USDSGD.csv,.csv,17975824
04_MultiTimeframe,BACKUP\DATA_HUB\04_MultiTimeframe\M15\2020\01\USDTHB.csv,USDTHB.csv,.csv,18728428
04_MultiTimeframe,BACKUP\DATA_HUB\04_MultiTimeframe\M15\2020\01\USDTRY.csv,USDTRY.csv,.csv,18514076
04_MultiTimeframe,BACKUP\DATA_HUB\04_MultiTimeframe\M15\2020\01\USDX-F.csv,USDX-F.csv,.csv,19209559
04_MultiTimeframe,BACKUP\DATA_HUB\04_MultiTimeframe\M15\2020\01\USDX.csv,USDX.csv,.csv,18790921
04_MultiTimeframe,BACKUP\DATA_HUB\04_MultiTimeframe\M15\2020\01\USDZAR.csv,USDZAR.csv,.csv,18835546
04_MultiTimeframe,BACKUP\DATA_HUB\04_MultiTimeframe\M15\2020\01\XAGUSD-F.csv,XAGUSD-F.csv,.csv,14821460
04_MultiTimeframe,BACKUP\DATA_HUB\04_MultiTimeframe\M15\2020\01\XAGUSD.csv,XAGUSD.csv,.csv,14406509
04_MultiTimeframe,BACKUP\DATA_HUB\04_MultiTimeframe\M15\2020\01\XAUUSD-F.csv,XAUUSD-F.csv,.csv,16568342
04_MultiTimeframe,BACKUP\DATA_HUB\04_MultiTimeframe\M15\2020\01\XAUUSD.csv,XAUUSD.csv,.csv,16164173
04_MultiTimeframe,BACKUP\DATA_HUB\04_MultiTimeframe\M15\2020\01\XPDUSD.csv,XPDUSD.csv,.csv,20303470
04_MultiTimeframe,BACKUP\DATA_HUB\04_MultiTimeframe\M15\2020\01\XPTUSD.csv,XPTUSD.csv,.csv,19985649
04_MultiTimeframe,BACKUP\DATA_HUB\04_MultiTimeframe\M15\2020\01\ZARJPY.csv,ZARJPY.csv,.csv,15038084
04_MultiTimeframe,BACKUP\DATA_HUB\04_MultiTimeframe\M15\2020\04\CA60.csv,CA60.csv,.csv,3625985
04_MultiTimeframe,BACKUP\DATA_HUB\04_MultiTimeframe\M15\2020\05\EURX.csv,EURX.csv,.csv,13519746
04_MultiTimeframe,BACKUP\DATA_HUB\04_MultiTimeframe\M15\2020\05\JPYX.csv,JPYX.csv,.csv,10476661
04_MultiTimeframe,BACKUP\DATA_HUB\04_MultiTimeframe\M15\2020\06\ETHAUD.csv,ETHAUD.csv,.csv,9545679
04_MultiTimeframe,BACKUP\DATA_HUB\04_MultiTimeframe\M15\2020\07\COMPUSD.csv,COMPUSD.csv,.csv,9188127
04_MultiTimeframe,BACKUP\DATA_HUB\04_MultiTimeframe\M15\2020\09\KSMUSD.csv,KSMUSD.csv,.csv,8388584
04_MultiTimeframe,BACKUP\DATA_HUB\04_MultiTimeframe\M15\2020\10\SWI20-F.csv,SWI20-F.csv,.csv,7864788
04_MultiTimeframe,BACKUP\DATA_HUB\04_MultiTimeframe\M15\2020\10\SWI20.csv,SWI20.csv,.csv,7253816
04_MultiTimeframe,BACKUP\DATA_HUB\04_MultiTimeframe\M15\2020\11\CHINAH.csv,CHINAH.csv,.csv,7498659
04_MultiTimeframe,BACKUP\DATA_HUB\04_MultiTimeframe\M15\2020\11\NETH25.csv,NETH25.csv,.csv,6742840
04_MultiTimeframe,BACKUP\DATA_HUB\04_MultiTimeframe\M15\2021\01\AUDCAD.csv,AUDCAD.csv,.csv,15316224
04_MultiTimeframe,BACKUP\DATA_HUB\04_MultiTimeframe\M15\2021\01\AUDJPY.csv,AUDJPY.csv,.csv,13670898
04_MultiTimeframe,BACKUP\DATA_HUB\04_MultiTimeframe\M15\2021\01\GBPJPY.csv,GBPJPY.csv,.csv,14285432
04_MultiTimeframe,BACKUP\DATA_HUB\04_MultiTimeframe\M15\2021\01\LINKUSD.csv,LINKUSD.csv,.csv,14991115
04_MultiTimeframe,BACKUP\DATA_HUB\04_MultiTimeframe\M15\2021\01\NZDCAD.csv,NZDCAD.csv,.csv,15290411
04_MultiTimeframe,BACKUP\DATA_HUB\04_MultiTimeframe\M15\2021\02\DOTUSD.csv,DOTUSD.csv,.csv,14150041
04_MultiTimeframe,BACKUP\DATA_HUB\04_MultiTimeframe\M15\2021\03\XRPUSD.csv,XRPUSD.csv,.csv,13920643
04_MultiTimeframe,BACKUP\DATA_HUB\04_MultiTimeframe\M15\2021\05\XLMUSD.csv,XLMUSD.csv,.csv,13581449
04_MultiTimeframe,BACKUP\DATA_HUB\04_MultiTimeframe\M15\2021\06\BCHUSD.csv,BCHUSD.csv,.csv,14803459
04_MultiTimeframe,BACKUP\DATA_HUB\04_MultiTimeframe\M15\2021\06\DOGEUSD.csv,DOGEUSD.csv,.csv,14749023
04_MultiTimeframe,BACKUP\DATA_HUB\04_MultiTimeframe\M15\2021\08\BNBUSD.csv,BNBUSD.csv,.csv,13909954
04_MultiTimeframe,BACKUP\DATA_HUB\04_MultiTimeframe\M15\2021\09\ADAUSD.csv,ADAUSD.csv,.csv,13360215
04_MultiTimeframe,BACKUP\DATA_HUB\04_MultiTimeframe\M15\2021\09\ATMUSD.csv,ATMUSD.csv,.csv,12647723
04_MultiTimeframe,BACKUP\DATA_HUB\04_MultiTimeframe\M15\2021\09\SHBUSD.csv,SHBUSD.csv,.csv,13347772
04_MultiTimeframe,BACKUP\DATA_HUB\04_MultiTimeframe\M15\2021\10\UNIUSD.csv,UNIUSD.csv,.csv,12496478
04_MultiTimeframe,BACKUP\DATA_HUB\04_MultiTimeframe\M15\2021\10\XTZUSD.csv,XTZUSD.csv,.csv,13609726
04_MultiTimeframe,BACKUP\DATA_HUB\04_MultiTimeframe\M15\2021\11\MATICUSD.csv,MATICUSD.csv,.csv,10747546
04_MultiTimeframe,BACKUP\DATA_HUB\04_MultiTimeframe\M30\2020\01\AUDCHF.csv,AUDCHF.csv,.csv,9024755
04_MultiTimeframe,BACKUP\DATA_HUB\04_MultiTimeframe\M30\2020\01\AUDNZD.csv,AUDNZD.csv,.csv,9033127
04_MultiTimeframe,BACKUP\DATA_HUB\04_MultiTimeframe\M30\2020\01\AUDPLN.csv,AUDPLN.csv,.csv,9517093
04_MultiTimeframe,BACKUP\DATA_HUB\04_MultiTimeframe\M30\2020\01\AUDSGD.csv,AUDSGD.csv,.csv,9053747
04_MultiTimeframe,BACKUP\DATA_HUB\04_MultiTimeframe\M30\2020\01\AUDUSD.csv,AUDUSD.csv,.csv,9033361
04_MultiTimeframe,BACKUP\DATA_HUB\04_MultiTimeframe\M30\2020\01\AUS200.csv,AUS200.csv,.csv,5819193
04_MultiTimeframe,BACKUP\DATA_HUB\04_MultiTimeframe\M30\2020\01\BTCAUD.csv,BTCAUD.csv,.csv,10775505
04_MultiTimeframe,BACKUP\DATA_HUB\04_MultiTimeframe\M30\2020\01\CADCHF.csv,CADCHF.csv,.csv,9021467
04_MultiTimeframe,BACKUP\DATA_HUB\04_MultiTimeframe\M30\2020\01\CADJPY.csv,CADJPY.csv,.csv,8225959
04_MultiTimeframe,BACKUP\DATA_HUB\04_MultiTimeframe\M30\2020\01\CHFJPY.csv,CHFJPY.csv,.csv,8381912
04_MultiTimeframe,BACKUP\DATA_HUB\04_MultiTimeframe\M30\2020\01\CHFPLN.csv,CHFPLN.csv,.csv,8927781
04_MultiTimeframe,BACKUP\DATA_HUB\04_MultiTimeframe\M30\2020\01\CHFSGD.csv,CHFSGD.csv,.csv,9035455
04_MultiTimeframe,BACKUP\DATA_HUB\04_MultiTimeframe\M30\2020\01\CN50.csv,CN50.csv,.csv,10479168
04_MultiTimeframe,BACKUP\DATA_HUB\04_MultiTimeframe\M30\2020\01\ETCUSD.csv,ETCUSD.csv,.csv,9305505
04_MultiTimeframe,BACKUP\DATA_HUB\04_MultiTimeframe\M30\2020\01\EURAUD.csv,EURAUD.csv,.csv,9059743
04_MultiTimeframe,BACKUP\DATA_HUB\04_MultiTimeframe\M30\2020\01\EURCAD.csv,EURCAD.csv,.csv,9048685
04_MultiTimeframe,BACKUP\DATA_HUB\04_MultiTimeframe\M30\2020\01\EURCHF.csv,EURCHF.csv,.csv,9029752
04_MultiTimeframe,BACKUP\DATA_HUB\04_MultiTimeframe\M30\2020\01\EURCZK.csv,EURCZK.csv,.csv,9402814
04_MultiTimeframe,BACKUP\DATA_HUB\04_MultiTimeframe\M30\2020\01\EURDKK.csv,EURDKK.csv,.csv,8984490
04_MultiTimeframe,BACKUP\DATA_HUB\04_MultiTimeframe\M30\2020\01\EURGBP.csv,EURGBP.csv,.csv,9035383
04_MultiTimeframe,BACKUP\DATA_HUB\04_MultiTimeframe\M30\2020\01\EURHUF.csv,EURHUF.csv,.csv,8356124
04_MultiTimeframe,BACKUP\DATA_HUB\04_MultiTimeframe\M30\2020\01\EURJPY.csv,EURJPY.csv,.csv,8428566
04_MultiTimeframe,BACKUP\DATA_HUB\04_MultiTimeframe\M30\2020\01\EURMXN.csv,EURMXN.csv,.csv,9330768
04_MultiTimeframe,BACKUP\DATA_HUB\04_MultiTimeframe\M30\2020\01\EURNOK.csv,EURNOK.csv,.csv,9442918
04_MultiTimeframe,BACKUP\DATA_HUB\04_MultiTimeframe\M30\2020\01\EURNZD.csv,EURNZD.csv,.csv,9050906
04_MultiTimeframe,BACKUP\DATA_HUB\04_MultiTimeframe\M30\2020\01\EURPLN.csv,EURPLN.csv,.csv,9012356
04_MultiTimeframe,BACKUP\DATA_HUB\04_MultiTimeframe\M30\2020\01\EURSEK.csv,EURSEK.csv,.csv,9478368
04_MultiTimeframe,BACKUP\DATA_HUB\04_MultiTimeframe\M30\2020\01\EURSGD.csv,EURSGD.csv,.csv,9064670
04_MultiTimeframe,BACKUP\DATA_HUB\04_MultiTimeframe\M30\2020\01\EURTRY.csv,EURTRY.csv,.csv,9169422
04_MultiTimeframe,BACKUP\DATA_HUB\04_MultiTimeframe\M30\2020\01\EURUSD.csv,EURUSD.csv,.csv,9039950
04_MultiTimeframe,BACKUP\DATA_HUB\04_MultiTimeframe\M30\2020\01\EURZAR.csv,EURZAR.csv,.csv,9351574
04_MultiTimeframe,BACKUP\DATA_HUB\04_MultiTimeframe\M30\2020\01\EUSTX50-F.csv,EUSTX50-F.csv,.csv,10551275
04_MultiTimeframe,BACKUP\DATA_HUB\04_MultiTimeframe\M30\2020\01\EUSTX50.csv,EUSTX50.csv,.csv,10340579
04_MultiTimeframe,BACKUP\DATA_HUB\04_MultiTimeframe\M30\2020\01\FRA40-F.csv,FRA40-F.csv,.csv,10323290
04_MultiTimeframe,BACKUP\DATA_HUB\04_MultiTimeframe\M30\2020\01\FRA40.csv,FRA40.csv,.csv,10113759
04_MultiTimeframe,BACKUP\DATA_HUB\04_MultiTimeframe\M30\2020\01\GBPAUD.csv,GBPAUD.csv,.csv,9056012
04_MultiTimeframe,BACKUP\DATA_HUB\04_MultiTimeframe\M30\2020\01\GBPCAD.csv,GBPCAD.csv,.csv,9014258
04_MultiTimeframe,BACKUP\DATA_HUB\04_MultiTimeframe\M30\2020\01\GBPCHF.csv,GBPCHF.csv,.csv,9044606
04_MultiTimeframe,BACKUP\DATA_HUB\04_MultiTimeframe\M30\2020\01\GBPNZD.csv,GBPNZD.csv,.csv,9065187
04_MultiTimeframe,BACKUP\DATA_HUB\04_MultiTimeframe\M30\2020\01\GBPUSD.csv,GBPUSD.csv,.csv,9047495
04_MultiTimeframe,BACKUP\DATA_HUB\04_MultiTimeframe\M30\2020\01\GER40-F.csv,GER40-F.csv,.csv,10803573
04_MultiTimeframe,BACKUP\DATA_HUB\04_MultiTimeframe\M30\2020\01\GER40.csv,GER40.csv,.csv,10592522
04_MultiTimeframe,BACKUP\DATA_HUB\04_MultiTimeframe\M30\2020\01\HK50-F.csv,HK50-F.csv,.csv,10699033
04_MultiTimeframe,BACKUP\DATA_HUB\04_MultiTimeframe\M30\2020\01\HK50.csv,HK50.csv,.csv,10489170
04_MultiTimeframe,BACKUP\DATA_HUB\04_MultiTimeframe\M30\2020\01\JPN225-F.csv,JPN225-F.csv,.csv,10896433
04_MultiTimeframe,BACKUP\DATA_HUB\04_MultiTimeframe\M30\2020\01\JPN225.csv,JPN225.csv,.csv,10685810
04_MultiTimeframe,BACKUP\DATA_HUB\04_MultiTimeframe\M30\2020\01\LTCUSD.csv,LTCUSD.csv,.csv,9552353
04_MultiTimeframe,BACKUP\DATA_HUB\04_MultiTimeframe\M30\2020\01\MXNJPY.csv,MXNJPY.csv,.csv,7482209
04_MultiTimeframe,BACKUP\DATA_HUB\04_MultiTimeframe\M30\2020\01\NAS100-F.csv,NAS100-F.csv,.csv,10924475
04_MultiTimeframe,BACKUP\DATA_HUB\04_MultiTimeframe\M30\2020\01\NAS100.csv,NAS100.csv,.csv,10714350
04_MultiTimeframe,BACKUP\DATA_HUB\04_MultiTimeframe\M30\2020\01\NZDCHF.csv,NZDCHF.csv,.csv,9019939
04_MultiTimeframe,BACKUP\DATA_HUB\04_MultiTimeframe\M30\2020\01\NZDJPY.csv,NZDJPY.csv,.csv,7987191
04_MultiTimeframe,BACKUP\DATA_HUB\04_MultiTimeframe\M30\2020\01\NZDSGD.csv,NZDSGD.csv,.csv,8980045
04_MultiTimeframe,BACKUP\DATA_HUB\04_MultiTimeframe\M30\2020\01\NZDUSD.csv,NZDUSD.csv,.csv,9023365
04_MultiTimeframe,BACKUP\DATA_HUB\04_MultiTimeframe\M30\2020\01\SCI25.csv,SCI25.csv,.csv,9678953
04_MultiTimeframe,BACKUP\DATA_HUB\04_MultiTimeframe\M30\2020\01\SGDJPY.csv,SGDJPY.csv,.csv,8214101
04_MultiTimeframe,BACKUP\DATA_HUB\04_MultiTimeframe\M30\2020\01\SPA35.csv,SPA35.csv,.csv,10270772
04_MultiTimeframe,BACKUP\DATA_HUB\04_MultiTimeframe\M30\2020\01\TRXUSD.csv,TRXUSD.csv,.csv,8397214
04_MultiTimeframe,BACKUP\DATA_HUB\04_MultiTimeframe\M30\2020\01\UK100-F.csv,UK100-F.csv,.csv,10386171
04_MultiTimeframe,BACKUP\DATA_HUB\04_MultiTimeframe\M30\2020\01\UK100.csv,UK100.csv,.csv,10174175
04_MultiTimeframe,BACKUP\DATA_HUB\04_MultiTimeframe\M30\2020\01\US2000.csv,US2000.csv,.csv,5858066
04_MultiTimeframe,BACKUP\DATA_HUB\04_MultiTimeframe\M30\2020\01\US30-F.csv,US30-F.csv,.csv,6305851
04_MultiTimeframe,BACKUP\DATA_HUB\04_MultiTimeframe\M30\2020\01\US30.csv,US30.csv,.csv,6099766
04_MultiTimeframe,BACKUP\DATA_HUB\04_MultiTimeframe\M30\2020\01\US500-F.csv,US500-F.csv,.csv,5952971
04_MultiTimeframe,BACKUP\DATA_HUB\04_MultiTimeframe\M30\2020\01\US500.csv,US500.csv,.csv,5743399
04_MultiTimeframe,BACKUP\DATA_HUB\04_MultiTimeframe\M30\2020\01\USDCAD.csv,USDCAD.csv,.csv,9038180
04_MultiTimeframe,BACKUP\DATA_HUB\04_MultiTimeframe\M30\2020\01\USDCHF.csv,USDCHF.csv,.csv,9026668
04_MultiTimeframe,BACKUP\DATA_HUB\04_MultiTimeframe\M30\2020\01\USDCNH.csv,USDCNH.csv,.csv,9063653
04_MultiTimeframe,BACKUP\DATA_HUB\04_MultiTimeframe\M30\2020\01\USDCZK.csv,USDCZK.csv,.csv,9454950
04_MultiTimeframe,BACKUP\DATA_HUB\04_MultiTimeframe\M30\2020\01\USDDKK.csv,USDDKK.csv,.csv,9022021
04_MultiTimeframe,BACKUP\DATA_HUB\04_MultiTimeframe\M30\2020\01\USDHKD.csv,USDHKD.csv,.csv,8976507
04_MultiTimeframe,BACKUP\DATA_HUB\04_MultiTimeframe\M30\2020\01\USDHUF.csv,USDHUF.csv,.csv,8397331
04_MultiTimeframe,BACKUP\DATA_HUB\04_MultiTimeframe\M30\2020\01\USDILS.csv,USDILS.csv,.csv,8953263
04_MultiTimeframe,BACKUP\DATA_HUB\04_MultiTimeframe\M30\2020\01\USDJPY.csv,USDJPY.csv,.csv,8427287
04_MultiTimeframe,BACKUP\DATA_HUB\04_MultiTimeframe\M30\2020\01\USDMXN.csv,USDMXN.csv,.csv,9447148
04_MultiTimeframe,BACKUP\DATA_HUB\04_MultiTimeframe\M30\2020\01\USDNOK.csv,USDNOK.csv,.csv,9266717
04_MultiTimeframe,BACKUP\DATA_HUB\04_MultiTimeframe\M30\2020\01\USDPLN.csv,USDPLN.csv,.csv,9032389
04_MultiTimeframe,BACKUP\DATA_HUB\04_MultiTimeframe\M30\2020\01\USDRON.csv,USDRON.csv,.csv,8962014
04_MultiTimeframe,BACKUP\DATA_HUB\04_MultiTimeframe\M30\2020\01\USDSEK.csv,USDSEK.csv,.csv,9226920
04_MultiTimeframe,BACKUP\DATA_HUB\04_MultiTimeframe\M30\2020\01\USDSGD.csv,USDSGD.csv,.csv,9010553
04_MultiTimeframe,BACKUP\DATA_HUB\04_MultiTimeframe\M30\2020\01\USDTHB.csv,USDTHB.csv,.csv,9388621
04_MultiTimeframe,BACKUP\DATA_HUB\04_MultiTimeframe\M30\2020\01\USDTRY.csv,USDTRY.csv,.csv,9287132
04_MultiTimeframe,BACKUP\DATA_HUB\04_MultiTimeframe\M30\2020\01\USDX-F.csv,USDX-F.csv,.csv,9628344
04_MultiTimeframe,BACKUP\DATA_HUB\04_MultiTimeframe\M30\2020\01\USDX.csv,USDX.csv,.csv,9419978
04_MultiTimeframe,BACKUP\DATA_HUB\04_MultiTimeframe\M30\2020\01\USDZAR.csv,USDZAR.csv,.csv,9446589
04_MultiTimeframe,BACKUP\DATA_HUB\04_MultiTimeframe\M30\2020\01\XAGUSD-F.csv,XAGUSD-F.csv,.csv,7436043
04_MultiTimeframe,BACKUP\DATA_HUB\04_MultiTimeframe\M30\2020\01\XAGUSD.csv,XAGUSD.csv,.csv,7226910
04_MultiTimeframe,BACKUP\DATA_HUB\04_MultiTimeframe\M30\2020\01\XAUUSD-F.csv,XAUUSD-F.csv,.csv,8310998
04_MultiTimeframe,BACKUP\DATA_HUB\04_MultiTimeframe\M30\2020\01\XAUUSD.csv,XAUUSD.csv,.csv,8106153
04_MultiTimeframe,BACKUP\DATA_HUB\04_MultiTimeframe\M30\2020\01\XPDUSD.csv,XPDUSD.csv,.csv,10179291
04_MultiTimeframe,BACKUP\DATA_HUB\04_MultiTimeframe\M30\2020\01\XPTUSD.csv,XPTUSD.csv,.csv,10019101
04_MultiTimeframe,BACKUP\DATA_HUB\04_MultiTimeframe\M30\2020\01\ZARJPY.csv,ZARJPY.csv,.csv,7546737
04_MultiTimeframe,BACKUP\DATA_HUB\04_MultiTimeframe\M30\2020\04\CA60.csv,CA60.csv,.csv,1882962
04_MultiTimeframe,BACKUP\DATA_HUB\04_MultiTimeframe\M30\2020\05\EURX.csv,EURX.csv,.csv,6802862
04_MultiTimeframe,BACKUP\DATA_HUB\04_MultiTimeframe\M30\2020\05\JPYX.csv,JPYX.csv,.csv,5280788
04_MultiTimeframe,BACKUP\DATA_HUB\04_MultiTimeframe\M30\2020\06\ETHAUD.csv,ETHAUD.csv,.csv,5168676
04_MultiTimeframe,BACKUP\DATA_HUB\04_MultiTimeframe\M30\2020\07\COMPUSD.csv,COMPUSD.csv,.csv,5134642
04_MultiTimeframe,BACKUP\DATA_HUB\04_MultiTimeframe\M30\2020\09\KSMUSD.csv,KSMUSD.csv,.csv,4414486
04_MultiTimeframe,BACKUP\DATA_HUB\04_MultiTimeframe\M30\2020\10\SWI20-F.csv,SWI20-F.csv,.csv,3971476
04_MultiTimeframe,BACKUP\DATA_HUB\04_MultiTimeframe\M30\2020\10\SWI20.csv,SWI20.csv,.csv,3663459
04_MultiTimeframe,BACKUP\DATA_HUB\04_MultiTimeframe\M30\2020\11\CHINAH.csv,CHINAH.csv,.csv,3785845
04_MultiTimeframe,BACKUP\DATA_HUB\04_MultiTimeframe\M30\2020\11\NETH25.csv,NETH25.csv,.csv,3408304
04_MultiTimeframe,BACKUP\DATA_HUB\04_MultiTimeframe\M30\2021\01\AUDCAD.csv,AUDCAD.csv,.csv,7691792
04_MultiTimeframe,BACKUP\DATA_HUB\04_MultiTimeframe\M30\2021\01\AUDJPY.csv,AUDJPY.csv,.csv,6863704
04_MultiTimeframe,BACKUP\DATA_HUB\04_MultiTimeframe\M30\2021\01\GBPJPY.csv,GBPJPY.csv,.csv,7167172
04_MultiTimeframe,BACKUP\DATA_HUB\04_MultiTimeframe\M30\2021\01\LINKUSD.csv,LINKUSD.csv,.csv,7532554
04_MultiTimeframe,BACKUP\DATA_HUB\04_MultiTimeframe\M30\2021\01\NZDCAD.csv,NZDCAD.csv,.csv,7669625
04_MultiTimeframe,BACKUP\DATA_HUB\04_MultiTimeframe\M30\2021\02\DOTUSD.csv,DOTUSD.csv,.csv,7105390
04_MultiTimeframe,BACKUP\DATA_HUB\04_MultiTimeframe\M30\2021\03\XRPUSD.csv,XRPUSD.csv,.csv,6994020
04_MultiTimeframe,BACKUP\DATA_HUB\04_MultiTimeframe\M30\2021\05\XLMUSD.csv,XLMUSD.csv,.csv,6822235
04_MultiTimeframe,BACKUP\DATA_HUB\04_MultiTimeframe\M30\2021\06\BCHUSD.csv,BCHUSD.csv,.csv,7435472
04_MultiTimeframe,BACKUP\DATA_HUB\04_MultiTimeframe\M30\2021\06\DOGEUSD.csv,DOGEUSD.csv,.csv,7405638
04_MultiTimeframe,BACKUP\DATA_HUB\04_MultiTimeframe\M30\2021\08\BNBUSD.csv,BNBUSD.csv,.csv,6985574
04_MultiTimeframe,BACKUP\DATA_HUB\04_MultiTimeframe\M30\2021\09\ADAUSD.csv,ADAUSD.csv,.csv,6699470
04_MultiTimeframe,BACKUP\DATA_HUB\04_MultiTimeframe\M30\2021\09\ATMUSD.csv,ATMUSD.csv,.csv,6332180
04_MultiTimeframe,BACKUP\DATA_HUB\04_MultiTimeframe\M30\2021\09\SHBUSD.csv,SHBUSD.csv,.csv,6683281
04_MultiTimeframe,BACKUP\DATA_HUB\04_MultiTimeframe\M30\2021\10\UNIUSD.csv,UNIUSD.csv,.csv,6257821
04_MultiTimeframe,BACKUP\DATA_HUB\04_MultiTimeframe\M30\2021\10\XTZUSD.csv,XTZUSD.csv,.csv,6828242
04_MultiTimeframe,BACKUP\DATA_HUB\04_MultiTimeframe\M5\2020\01\AUDCHF.csv,AUDCHF.csv,.csv,54043426
04_MultiTimeframe,BACKUP\DATA_HUB\04_MultiTimeframe\M5\2020\01\AUDNZD.csv,AUDNZD.csv,.csv,54084177
04_MultiTimeframe,BACKUP\DATA_HUB\04_MultiTimeframe\M5\2020\01\AUDPLN.csv,AUDPLN.csv,.csv,56862887
04_MultiTimeframe,BACKUP\DATA_HUB\04_MultiTimeframe\M5\2020\01\AUDSGD.csv,AUDSGD.csv,.csv,53946234
04_MultiTimeframe,BACKUP\DATA_HUB\04_MultiTimeframe\M5\2020\01\AUDUSD.csv,AUDUSD.csv,.csv,53719576
04_MultiTimeframe,BACKUP\DATA_HUB\04_MultiTimeframe\M5\2020\01\AUS200.csv,AUS200.csv,.csv,35808342
04_MultiTimeframe,BACKUP\DATA_HUB\04_MultiTimeframe\M5\2020\01\BTCAUD.csv,BTCAUD.csv,.csv,63796906
04_MultiTimeframe,BACKUP\DATA_HUB\04_MultiTimeframe\M5\2020\01\CADCHF.csv,CADCHF.csv,.csv,53954988
04_MultiTimeframe,BACKUP\DATA_HUB\04_MultiTimeframe\M5\2020\01\CADJPY.csv,CADJPY.csv,.csv,49399047
04_MultiTimeframe,BACKUP\DATA_HUB\04_MultiTimeframe\M5\2020\01\CHFJPY.csv,CHFJPY.csv,.csv,50063095
04_MultiTimeframe,BACKUP\DATA_HUB\04_MultiTimeframe\M5\2020\01\CHFPLN.csv,CHFPLN.csv,.csv,53363087
04_MultiTimeframe,BACKUP\DATA_HUB\04_MultiTimeframe\M5\2020\01\CHFSGD.csv,CHFSGD.csv,.csv,53843704
04_MultiTimeframe,BACKUP\DATA_HUB\04_MultiTimeframe\M5\2020\01\CN50.csv,CN50.csv,.csv,62836586
04_MultiTimeframe,BACKUP\DATA_HUB\04_MultiTimeframe\M5\2020\01\ETCUSD.csv,ETCUSD.csv,.csv,54591747
04_MultiTimeframe,BACKUP\DATA_HUB\04_MultiTimeframe\M5\2020\01\EURAUD.csv,EURAUD.csv,.csv,54131953
04_MultiTimeframe,BACKUP\DATA_HUB\04_MultiTimeframe\M5\2020\01\EURCAD.csv,EURCAD.csv,.csv,54066429
04_MultiTimeframe,BACKUP\DATA_HUB\04_MultiTimeframe\M5\2020\01\EURCHF.csv,EURCHF.csv,.csv,53723564
04_MultiTimeframe,BACKUP\DATA_HUB\04_MultiTimeframe\M5\2020\01\EURCZK.csv,EURCZK.csv,.csv,56372023
04_MultiTimeframe,BACKUP\DATA_HUB\04_MultiTimeframe\M5\2020\01\EURDKK.csv,EURDKK.csv,.csv,53483872
04_MultiTimeframe,BACKUP\DATA_HUB\04_MultiTimeframe\M5\2020\01\EURGBP.csv,EURGBP.csv,.csv,53728298
04_MultiTimeframe,BACKUP\DATA_HUB\04_MultiTimeframe\M5\2020\01\EURHUF.csv,EURHUF.csv,.csv,49994004
04_MultiTimeframe,BACKUP\DATA_HUB\04_MultiTimeframe\M5\2020\01\EURJPY.csv,EURJPY.csv,.csv,50437090
04_MultiTimeframe,BACKUP\DATA_HUB\04_MultiTimeframe\M5\2020\01\EURMXN.csv,EURMXN.csv,.csv,55786832
04_MultiTimeframe,BACKUP\DATA_HUB\04_MultiTimeframe\M5\2020\01\EURNOK.csv,EURNOK.csv,.csv,56451453
04_MultiTimeframe,BACKUP\DATA_HUB\04_MultiTimeframe\M5\2020\01\EURNZD.csv,EURNZD.csv,.csv,54131039
04_MultiTimeframe,BACKUP\DATA_HUB\04_MultiTimeframe\M5\2020\01\EURPLN.csv,EURPLN.csv,.csv,53832794
04_MultiTimeframe,BACKUP\DATA_HUB\04_MultiTimeframe\M5\2020\01\EURSEK.csv,EURSEK.csv,.csv,56652465
04_MultiTimeframe,BACKUP\DATA_HUB\04_MultiTimeframe\M5\2020\01\EURSGD.csv,EURSGD.csv,.csv,54012056
04_MultiTimeframe,BACKUP\DATA_HUB\04_MultiTimeframe\M5\2020\01\EURTRY.csv,EURTRY.csv,.csv,53661203
04_MultiTimeframe,BACKUP\DATA_HUB\04_MultiTimeframe\M5\2020\01\EURUSD.csv,EURUSD.csv,.csv,53728418
04_MultiTimeframe,BACKUP\DATA_HUB\04_MultiTimeframe\M5\2020\01\EURZAR.csv,EURZAR.csv,.csv,55899819
04_MultiTimeframe,BACKUP\DATA_HUB\04_MultiTimeframe\M5\2020\01\EUSTX50-F.csv,EUSTX50-F.csv,.csv,62992426
04_MultiTimeframe,BACKUP\DATA_HUB\04_MultiTimeframe\M5\2020\01\EUSTX50.csv,EUSTX50.csv,.csv,61666323
04_MultiTimeframe,BACKUP\DATA_HUB\04_MultiTimeframe\M5\2020\01\FRA40-F.csv,FRA40-F.csv,.csv,60463768
04_MultiTimeframe,BACKUP\DATA_HUB\04_MultiTimeframe\M5\2020\01\FRA40.csv,FRA40.csv,.csv,59217034
04_MultiTimeframe,BACKUP\DATA_HUB\04_MultiTimeframe\M5\2020\01\GBPAUD.csv,GBPAUD.csv,.csv,54062938
04_MultiTimeframe,BACKUP\DATA_HUB\04_MultiTimeframe\M5\2020\01\GBPCAD.csv,GBPCAD.csv,.csv,53391564
04_MultiTimeframe,BACKUP\DATA_HUB\04_MultiTimeframe\M5\2020\01\GBPCHF.csv,GBPCHF.csv,.csv,54025369
04_MultiTimeframe,BACKUP\DATA_HUB\04_MultiTimeframe\M5\2020\01\GBPNZD.csv,GBPNZD.csv,.csv,54010178
04_MultiTimeframe,BACKUP\DATA_HUB\04_MultiTimeframe\M5\2020\01\GBPUSD.csv,GBPUSD.csv,.csv,53788382
04_MultiTimeframe,BACKUP\DATA_HUB\04_MultiTimeframe\M5\2020\01\GER40-F.csv,GER40-F.csv,.csv,64265831
04_MultiTimeframe,BACKUP\DATA_HUB\04_MultiTimeframe\M5\2020\01\GER40.csv,GER40.csv,.csv,62874746
04_MultiTimeframe,BACKUP\DATA_HUB\04_MultiTimeframe\M5\2020\01\HK50-F.csv,HK50-F.csv,.csv,63640832
04_MultiTimeframe,BACKUP\DATA_HUB\04_MultiTimeframe\M5\2020\01\HK50.csv,HK50.csv,.csv,62273860
04_MultiTimeframe,BACKUP\DATA_HUB\04_MultiTimeframe\M5\2020\01\JPN225-F.csv,JPN225-F.csv,.csv,65298373
04_MultiTimeframe,BACKUP\DATA_HUB\04_MultiTimeframe\M5\2020\01\JPN225.csv,JPN225.csv,.csv,63886358
04_MultiTimeframe,BACKUP\DATA_HUB\04_MultiTimeframe\M5\2020\01\LTCUSD.csv,LTCUSD.csv,.csv,57810023
04_MultiTimeframe,BACKUP\DATA_HUB\04_MultiTimeframe\M5\2020\01\MXNJPY.csv,MXNJPY.csv,.csv,45042840
04_MultiTimeframe,BACKUP\DATA_HUB\04_MultiTimeframe\M5\2020\01\NAS100-F.csv,NAS100-F.csv,.csv,64978122
04_MultiTimeframe,BACKUP\DATA_HUB\04_MultiTimeframe\M5\2020\01\NAS100.csv,NAS100.csv,.csv,64004958
04_MultiTimeframe,BACKUP\DATA_HUB\04_MultiTimeframe\M5\2020\01\NZDCHF.csv,NZDCHF.csv,.csv,53970703
04_MultiTimeframe,BACKUP\DATA_HUB\04_MultiTimeframe\M5\2020\01\NZDJPY.csv,NZDJPY.csv,.csv,47943076
04_MultiTimeframe,BACKUP\DATA_HUB\04_MultiTimeframe\M5\2020\01\NZDSGD.csv,NZDSGD.csv,.csv,53507708
04_MultiTimeframe,BACKUP\DATA_HUB\04_MultiTimeframe\M5\2020\01\NZDUSD.csv,NZDUSD.csv,.csv,53704122
04_MultiTimeframe,BACKUP\DATA_HUB\04_MultiTimeframe\M5\2020\01\SCI25.csv,SCI25.csv,.csv,57133467
04_MultiTimeframe,BACKUP\DATA_HUB\04_MultiTimeframe\M5\2020\01\SGDJPY.csv,SGDJPY.csv,.csv,49573630
04_MultiTimeframe,BACKUP\DATA_HUB\04_MultiTimeframe\M5\2020\01\SPA35.csv,SPA35.csv,.csv,60874967
04_MultiTimeframe,BACKUP\DATA_HUB\04_MultiTimeframe\M5\2020\01\TRXUSD.csv,TRXUSD.csv,.csv,47511440
04_MultiTimeframe,BACKUP\DATA_HUB\04_MultiTimeframe\M5\2020\01\UK100-F.csv,UK100-F.csv,.csv,62073542
04_MultiTimeframe,BACKUP\DATA_HUB\04_MultiTimeframe\M5\2020\01\UK100.csv,UK100.csv,.csv,60710157
04_MultiTimeframe,BACKUP\DATA_HUB\04_MultiTimeframe\M5\2020\01\US2000.csv,US2000.csv,.csv,35746415
04_MultiTimeframe,BACKUP\DATA_HUB\04_MultiTimeframe\M5\2020\01\US30-F.csv,US30-F.csv,.csv,38882462
04_MultiTimeframe,BACKUP\DATA_HUB\04_MultiTimeframe\M5\2020\01\US30.csv,US30.csv,.csv,37651148
04_MultiTimeframe,BACKUP\DATA_HUB\04_MultiTimeframe\M5\2020\01\US500-F.csv,US500-F.csv,.csv,36443047
04_MultiTimeframe,BACKUP\DATA_HUB\04_MultiTimeframe\M5\2020\01\US500.csv,US500.csv,.csv,35045344
04_MultiTimeframe,BACKUP\DATA_HUB\04_MultiTimeframe\M5\2020\01\USDCAD.csv,USDCAD.csv,.csv,53774633
04_MultiTimeframe,BACKUP\DATA_HUB\04_MultiTimeframe\M5\2020\01\USDCHF.csv,USDCHF.csv,.csv,53680704
04_MultiTimeframe,BACKUP\DATA_HUB\04_MultiTimeframe\M5\2020\01\USDCNH.csv,USDCNH.csv,.csv,54001796
04_MultiTimeframe,BACKUP\DATA_HUB\04_MultiTimeframe\M5\2020\01\USDCZK.csv,USDCZK.csv,.csv,56426590
04_MultiTimeframe,BACKUP\DATA_HUB\04_MultiTimeframe\M5\2020\01\USDDKK.csv,USDDKK.csv,.csv,54152788
04_MultiTimeframe,BACKUP\DATA_HUB\04_MultiTimeframe\M5\2020\01\USDHKD.csv,USDHKD.csv,.csv,53642497
04_MultiTimeframe,BACKUP\DATA_HUB\04_MultiTimeframe\M5\2020\01\USDHUF.csv,USDHUF.csv,.csv,50423425
04_MultiTimeframe,BACKUP\DATA_HUB\04_MultiTimeframe\M5\2020\01\USDILS.csv,USDILS.csv,.csv,52559416
04_MultiTimeframe,BACKUP\DATA_HUB\04_MultiTimeframe\M5\2020\01\USDJPY.csv,USDJPY.csv,.csv,50392970
04_MultiTimeframe,BACKUP\DATA_HUB\04_MultiTimeframe\M5\2020\01\USDMXN.csv,USDMXN.csv,.csv,57040765
04_MultiTimeframe,BACKUP\DATA_HUB\04_MultiTimeframe\M5\2020\01\USDNOK.csv,USDNOK.csv,.csv,55980694
04_MultiTimeframe,BACKUP\DATA_HUB\04_MultiTimeframe\M5\2020\01\USDPLN.csv,USDPLN.csv,.csv,53918297
04_MultiTimeframe,BACKUP\DATA_HUB\04_MultiTimeframe\M5\2020\01\USDRON.csv,USDRON.csv,.csv,52466099
04_MultiTimeframe,BACKUP\DATA_HUB\04_MultiTimeframe\M5\2020\01\USDSEK.csv,USDSEK.csv,.csv,55750778
04_MultiTimeframe,BACKUP\DATA_HUB\04_MultiTimeframe\M5\2020\01\USDSGD.csv,USDSGD.csv,.csv,53927275
04_MultiTimeframe,BACKUP\DATA_HUB\04_MultiTimeframe\M5\2020\01\USDTHB.csv,USDTHB.csv,.csv,55688506
04_MultiTimeframe,BACKUP\DATA_HUB\04_MultiTimeframe\M5\2020\01\USDTRY.csv,USDTRY.csv,.csv,55474106
04_MultiTimeframe,BACKUP\DATA_HUB\04_MultiTimeframe\M5\2020\01\USDX-F.csv,USDX-F.csv,.csv,57238727
04_MultiTimeframe,BACKUP\DATA_HUB\04_MultiTimeframe\M5\2020\01\USDX.csv,USDX.csv,.csv,56013431
04_MultiTimeframe,BACKUP\DATA_HUB\04_MultiTimeframe\M5\2020\01\USDZAR.csv,USDZAR.csv,.csv,57156382
04_MultiTimeframe,BACKUP\DATA_HUB\04_MultiTimeframe\M5\2020\01\XAGUSD-F.csv,XAGUSD-F.csv,.csv,44887990
04_MultiTimeframe,BACKUP\DATA_HUB\04_MultiTimeframe\M5\2020\01\XAGUSD.csv,XAGUSD.csv,.csv,43686310
04_MultiTimeframe,BACKUP\DATA_HUB\04_MultiTimeframe\M5\2020\01\XAUUSD-F.csv,XAUUSD-F.csv,.csv,50027654
04_MultiTimeframe,BACKUP\DATA_HUB\04_MultiTimeframe\M5\2020\01\XAUUSD.csv,XAUUSD.csv,.csv,49200905
04_MultiTimeframe,BACKUP\DATA_HUB\04_MultiTimeframe\M5\2020\01\XPDUSD.csv,XPDUSD.csv,.csv,61388290
04_MultiTimeframe,BACKUP\DATA_HUB\04_MultiTimeframe\M5\2020\01\XPTUSD.csv,XPTUSD.csv,.csv,60274422
04_MultiTimeframe,BACKUP\DATA_HUB\04_MultiTimeframe\M5\2020\01\ZARJPY.csv,ZARJPY.csv,.csv,45129247
04_MultiTimeframe,BACKUP\DATA_HUB\04_MultiTimeframe\M5\2020\04\CA60.csv,CA60.csv,.csv,10422091
04_MultiTimeframe,BACKUP\DATA_HUB\04_MultiTimeframe\M5\2020\05\EURX.csv,EURX.csv,.csv,41558190
04_MultiTimeframe,BACKUP\DATA_HUB\04_MultiTimeframe\M5\2020\05\JPYX.csv,JPYX.csv,.csv,30767784
04_MultiTimeframe,BACKUP\DATA_HUB\04_MultiTimeframe\M5\2020\06\ETHAUD.csv,ETHAUD.csv,.csv,26445032
04_MultiTimeframe,BACKUP\DATA_HUB\04_MultiTimeframe\M5\2020\07\COMPUSD.csv,COMPUSD.csv,.csv,24708824
04_MultiTimeframe,BACKUP\DATA_HUB\04_MultiTimeframe\M5\2020\09\KSMUSD.csv,KSMUSD.csv,.csv,23591257
04_MultiTimeframe,BACKUP\DATA_HUB\04_MultiTimeframe\M5\2020\10\SWI20-F.csv,SWI20-F.csv,.csv,24240675
04_MultiTimeframe,BACKUP\DATA_HUB\04_MultiTimeframe\M5\2020\10\SWI20.csv,SWI20.csv,.csv,21114174
04_MultiTimeframe,BACKUP\DATA_HUB\04_MultiTimeframe\M5\2020\11\CHINAH.csv,CHINAH.csv,.csv,22710051
04_MultiTimeframe,BACKUP\DATA_HUB\04_MultiTimeframe\M5\2020\11\NETH25.csv,NETH25.csv,.csv,19385664
04_MultiTimeframe,BACKUP\DATA_HUB\04_MultiTimeframe\M5\2021\01\AUDCAD.csv,AUDCAD.csv,.csv,45803218
04_MultiTimeframe,BACKUP\DATA_HUB\04_MultiTimeframe\M5\2021\01\AUDJPY.csv,AUDJPY.csv,.csv,40909120
04_MultiTimeframe,BACKUP\DATA_HUB\04_MultiTimeframe\M5\2021\01\GBPJPY.csv,GBPJPY.csv,.csv,42838707
04_MultiTimeframe,BACKUP\DATA_HUB\04_MultiTimeframe\M5\2021\01\LINKUSD.csv,LINKUSD.csv,.csv,42777105
04_MultiTimeframe,BACKUP\DATA_HUB\04_MultiTimeframe\M5\2021\01\NZDCAD.csv,NZDCAD.csv,.csv,45752424
04_MultiTimeframe,BACKUP\DATA_HUB\04_MultiTimeframe\M5\2021\02\DOTUSD.csv,DOTUSD.csv,.csv,40573013
04_MultiTimeframe,BACKUP\DATA_HUB\04_MultiTimeframe\M5\2021\03\XRPUSD.csv,XRPUSD.csv,.csv,39904264
04_MultiTimeframe,BACKUP\DATA_HUB\04_MultiTimeframe\M5\2021\05\XLMUSD.csv,XLMUSD.csv,.csv,38444678
04_MultiTimeframe,BACKUP\DATA_HUB\04_MultiTimeframe\M5\2021\06\BCHUSD.csv,BCHUSD.csv,.csv,42239215
04_MultiTimeframe,BACKUP\DATA_HUB\04_MultiTimeframe\M5\2021\06\DOGEUSD.csv,DOGEUSD.csv,.csv,45676637
04_MultiTimeframe,BACKUP\DATA_HUB\04_MultiTimeframe\M5\2021\08\BNBUSD.csv,BNBUSD.csv,.csv,40236390
04_MultiTimeframe,BACKUP\DATA_HUB\04_MultiTimeframe\M5\2021\09\ADAUSD.csv,ADAUSD.csv,.csv,40868661
04_MultiTimeframe,BACKUP\DATA_HUB\04_MultiTimeframe\M5\2021\09\ATMUSD.csv,ATMUSD.csv,.csv,36121600
04_MultiTimeframe,BACKUP\DATA_HUB\04_MultiTimeframe\M5\2021\09\SHBUSD.csv,SHBUSD.csv,.csv,40817295
04_MultiTimeframe,BACKUP\DATA_HUB\04_MultiTimeframe\M5\2021\10\UNIUSD.csv,UNIUSD.csv,.csv,35537875
04_MultiTimeframe,BACKUP\DATA_HUB\04_MultiTimeframe\M5\2021\10\XTZUSD.csv,XTZUSD.csv,.csv,41880583
04_MultiTimeframe,BACKUP\DATA_HUB\04_MultiTimeframe\M5\2021\11\MATICUSD.csv,MATICUSD.csv,.csv,40723866
