path,name,extension,size_mb,modified_at,category
BACKUP\BUILD_MODELS\models_pkl\model_SHARD_FOREX_CROSSES_M30.pkl,model_SHARD_FOREX_CROSSES_M30.pkl,.pkl,21.604,2026-04-12T15:11:12.437228203,build_models_shard
BACKUP\BUILD_MODELS\models_pkl\model_SHARD_EXOTICS_WORLD_M30.pkl,model_SHARD_EXOTICS_WORLD_M30.pkl,.pkl,21.428,2026-04-12T14:45:02.716721296,build_models_shard
BACKUP\BUILD_MODELS\models_pkl\model_SHARD_FOREX_MAJORS_M5.pkl,model_SHARD_FOREX_MAJORS_M5.pkl,.pkl,20.547,2026-04-12T15:40:17.331873894,build_models_shard
BACKUP\BUILD_MODELS\models_pkl\model_SHARD_OTHERS_M5.pkl,model_SHARD_OTHERS_M5.pkl,.pkl,20.47,2026-04-12T16:11:27.227998972,build_models_shard
BACKUP\BUILD_MODELS\models_pkl\model_SHARD_FOREX_MAJORS_M30.pkl,model_SHARD_FOREX_MAJORS_M30.pkl,.pkl,20.341,2026-04-12T15:26:45.739480495,build_models_shard
BACKUP\BUILD_MODELS\models_pkl\model_SHARD_OTHERS_M30.pkl,model_SHARD_OTHERS_M30.pkl,.pkl,20.336,2026-04-12T15:55:05.593807697,build_models_shard
BACKUP\BUILD_MODELS\models_pkl\model_SHARD_CRYPTO_M30.pkl,model_SHARD_CRYPTO_M30.pkl,.pkl,20.323,2026-04-12T14:13:55.977970123,build_models_shard
BACKUP\BUILD_MODELS\models_pkl\model_SHARD_CRYPTO_M15.pkl,model_SHARD_CRYPTO_M15.pkl,.pkl,19.872,2026-04-12T14:10:47.151449203,build_models_shard
BACKUP\BUILD_MODELS\models_pkl\model_SHARD_METALS_ELITE_M30.pkl,model_SHARD_METALS_ELITE_M30.pkl,.pkl,3.536,2026-04-12T15:46:20.832178831,build_models_shard
BACKUP\BUILD_MODELS\models_pkl\model_SHARD_CRYPTO_M5.pkl,model_SHARD_CRYPTO_M5.pkl,.pkl,3.299,2026-04-12T14:32:47.503390074,build_models_shard
BACKUP\BUILD_MODELS\models_pkl\model_SHARD_OTHERS_M15.pkl,model_SHARD_OTHERS_M15.pkl,.pkl,2.788,2026-04-12T15:52:15.409925938,build_models_shard
BACKUP\BUILD_MODELS\models_pkl\model_SHARD_FOREX_CROSSES_M15.pkl,model_SHARD_FOREX_CROSSES_M15.pkl,.pkl,2.477,2026-04-12T15:01:27.478079319,build_models_shard
BACKUP\BUILD_MODELS\models_pkl\model_SHARD_METALS_ELITE_M15.pkl,model_SHARD_METALS_ELITE_M15.pkl,.pkl,2.449,2026-04-12T15:45:15.793418169,build_models_shard
BACKUP\BUILD_MODELS\models_pkl\model_SHARD_EXOTICS_WORLD_M15.pkl,model_SHARD_EXOTICS_WORLD_M15.pkl,.pkl,2.222,2026-04-12T14:35:53.732032061,build_models_shard
BACKUP\BUILD_MODELS\models_pkl\model_SHARD_FOREX_CROSSES_M5.pkl,model_SHARD_FOREX_CROSSES_M5.pkl,.pkl,2.216,2026-04-12T15:23:21.904042006,build_models_shard
BACKUP\BUILD_MODELS\models_pkl\model_SHARD_METALS_ELITE_M5.pkl,model_SHARD_METALS_ELITE_M5.pkl,.pkl,2.122,2026-04-12T15:50:56.331724882,build_models_shard
BACKUP\BUILD_MODELS\models_pkl\model_SHARD_EXOTICS_WORLD_M5.pkl,model_SHARD_EXOTICS_WORLD_M5.pkl,.pkl,2.048,2026-04-12T14:57:05.931966782,build_models_shard
BACKUP\BUILD_MODELS\models_pkl\model_SHARD_INDEXES_M30.pkl,model_SHARD_INDEXES_M30.pkl,.pkl,1.997,2026-04-12T15:41:40.376399994,build_models_shard
BACKUP\BUILD_MODELS\models_pkl\model_SHARD_FOREX_MAJORS_M15.pkl,model_SHARD_FOREX_MAJORS_M15.pkl,.pkl,1.708,2026-04-12T15:24:23.055913925,build_models_shard
BACKUP\BUILD_MODELS\models_pkl\model_SHARD_INDEXES_M15.pkl,model_SHARD_INDEXES_M15.pkl,.pkl,1.693,2026-04-12T15:41:10.957432985,build_models_shard
BACKUP\BUILD_MODELS\models_pkl\model_SHARD_INDEXES_M5.pkl,model_SHARD_INDEXES_M5.pkl,.pkl,1.334,2026-04-12T15:43:40.975819588,build_models_shard
BACKUP\DATA_HUB\FUSION\modelos\EURUSD\super_brain.pkl,super_brain.pkl,.pkl,5.137,2026-04-28T23:47:27.834472418,data_hub_symbol
BACKUP\DATA_HUB\modelos\BTCAUD_model.pkl,BTCAUD_model.pkl,.pkl,1.085,2026-04-27T06:13:30.646312475,data_hub_symbol
BACKUP\DATA_HUB\modelos\TRXUSD_model.pkl,TRXUSD_model.pkl,.pkl,0.853,2026-04-27T02:43:34.984639883,data_hub_symbol
BACKUP\DATA_HUB\modelos\TRXUSD_qlib_model.pkl,TRXUSD_qlib_model.pkl,.pkl,0.846,2026-04-27T03:29:00.912210703,data_hub_symbol
BACKUP\DATA_HUB\modelos\UNIUSD_model.pkl,UNIUSD_model.pkl,.pkl,0.816,2026-04-27T02:44:00.177402973,data_hub_symbol
BACKUP\DATA_HUB\modelos\UNIUSD_qlib_model.pkl,UNIUSD_qlib_model.pkl,.pkl,0.809,2026-04-27T03:29:14.886547565,data_hub_symbol
BACKUP\DATA_HUB\modelos\ETHAUD_qlib_model.pkl,ETHAUD_qlib_model.pkl,.pkl,0.702,2026-04-27T03:25:50.017515898,data_hub_symbol
BACKUP\DATA_HUB\modelos\KSMUSD_model.pkl,KSMUSD_model.pkl,.pkl,0.667,2026-04-27T02:41:36.919557810,data_hub_symbol
BACKUP\DATA_HUB\modelos\KSMUSD_qlib_model.pkl,KSMUSD_qlib_model.pkl,.pkl,0.661,2026-04-27T03:27:19.070287943,data_hub_symbol
BACKUP\DATA_HUB\modelos\COMPUSD_qlib_model.pkl,COMPUSD_qlib_model.pkl,.pkl,0.652,2026-04-27T03:24:57.997596264,data_hub_symbol
BACKUP\DATA_HUB\modelos\DOTUSD_qlib_model.pkl,DOTUSD_qlib_model.pkl,.pkl,0.232,2026-04-27T03:25:28.538067818,data_hub_symbol
BACKUP\DATA_HUB\modelos\ADAUSD_qlib_model.pkl,ADAUSD_qlib_model.pkl,.pkl,0.071,2026-04-27T03:44:54.852362633,data_hub_symbol
BACKUP\DATA_HUB\modelos\AUDCAD_qlib_model.pkl,AUDCAD_qlib_model.pkl,.pkl,0.071,2026-04-27T03:50:32.096225023,data_hub_symbol
BACKUP\DATA_HUB\modelos\GBPAUD_model.pkl,GBPAUD_model.pkl,.pkl,0.04,2026-04-27T02:40:30.989354849,data_hub_symbol
BACKUP\DATA_HUB\modelos\LTCUSD_model.pkl,LTCUSD_model.pkl,.pkl,0.04,2026-04-27T02:42:13.753479958,data_hub_symbol
BACKUP\DATA_HUB\modelos\MXNJPY_model.pkl,MXNJPY_model.pkl,.pkl,0.04,2026-04-27T02:42:16.193544626,data_hub_symbol
BACKUP\DATA_HUB\modelos\NZDSGD_model.pkl,NZDSGD_model.pkl,.pkl,0.04,2026-04-27T02:42:37.663881779,data_hub_symbol
BACKUP\DATA_HUB\modelos\EURUSD_model.pkl,EURUSD_model.pkl,.pkl,0.038,2026-04-27T02:40:15.049125671,data_hub_symbol
BACKUP\DATA_HUB\modelos\EURX_model.pkl,EURX_model.pkl,.pkl,0.038,2026-04-27T02:40:16.328525782,data_hub_symbol
BACKUP\DATA_HUB\modelos\EUSTX50-F_model.pkl,EUSTX50-F_model.pkl,.pkl,0.038,2026-04-27T02:40:20.803766489,data_hub_symbol
BACKUP\DATA_HUB\modelos\EUSTX50_model.pkl,EUSTX50_model.pkl,.pkl,0.038,2026-04-27T02:40:24.791082859,data_hub_symbol
BACKUP\DATA_HUB\modelos\GBPCAD_model.pkl,GBPCAD_model.pkl,.pkl,0.038,2026-04-27T02:40:34.171089411,data_hub_symbol
BACKUP\DATA_HUB\modelos\GBPUSD_model.pkl,GBPUSD_model.pkl,.pkl,0.038,2026-04-27T02:40:39.761150837,data_hub_symbol
BACKUP\DATA_HUB\modelos\GER40-F_model.pkl,GER40-F_model.pkl,.pkl,0.038,2026-04-27T02:40:42.261834383,data_hub_symbol
BACKUP\DATA_HUB\modelos\GER40_model.pkl,GER40_model.pkl,.pkl,0.038,2026-04-27T02:40:44.440263748,data_hub_symbol
BACKUP\DATA_HUB\modelos\HK50-F_model.pkl,HK50-F_model.pkl,.pkl,0.038,2026-04-27T02:40:46.238768101,data_hub_symbol
BACKUP\DATA_HUB\modelos\HK50_model.pkl,HK50_model.pkl,.pkl,0.038,2026-04-27T02:40:50.696869373,data_hub_symbol
BACKUP\DATA_HUB\modelos\JPN225-F_model.pkl,JPN225-F_model.pkl,.pkl,0.038,2026-04-27T02:40:52.561098814,data_hub_symbol
BACKUP\DATA_HUB\modelos\JPN225_model.pkl,JPN225_model.pkl,.pkl,0.038,2026-04-27T02:40:54.333328485,data_hub_symbol
BACKUP\DATA_HUB\modelos\NAS100-F_model.pkl,NAS100-F_model.pkl,.pkl,0.038,2026-04-27T02:42:18.151948929,data_hub_symbol
BACKUP\DATA_HUB\modelos\NAS100_model.pkl,NAS100_model.pkl,.pkl,0.038,2026-04-27T02:42:21.064461708,data_hub_symbol
BACKUP\DATA_HUB\modelos\NZDCHF_model.pkl,NZDCHF_model.pkl,.pkl,0.038,2026-04-27T02:42:34.518038511,data_hub_symbol
BACKUP\DATA_HUB\modelos\SGDJPY_model.pkl,SGDJPY_model.pkl,.pkl,0.038,2026-04-27T02:42:43.730336905,data_hub_symbol
BACKUP\DATA_HUB\modelos\SHBUSD_model.pkl,SHBUSD_model.pkl,.pkl,0.038,2026-04-27T02:42:45.358932018,data_hub_symbol
BACKUP\DATA_HUB\modelos\SPA35_model.pkl,SPA35_model.pkl,.pkl,0.038,2026-04-27T02:42:48.639129639,data_hub_symbol
BACKUP\DATA_HUB\modelos\UK100-F_model.pkl,UK100-F_model.pkl,.pkl,0.038,2026-04-27T02:43:40.552542925,data_hub_symbol
BACKUP\DATA_HUB\modelos\UK100_model.pkl,UK100_model.pkl,.pkl,0.038,2026-04-27T02:43:47.393361568,data_hub_symbol
BACKUP\DATA_HUB\modelos\AUDPLN_qlib_model.pkl,AUDPLN_qlib_model.pkl,.pkl,0.036,2026-04-27T03:20:27.435560703,data_hub_symbol
BACKUP\DATA_HUB\modelos\AUDUSD_qlib_model.pkl,AUDUSD_qlib_model.pkl,.pkl,0.036,2026-04-27T03:20:30.414469004,data_hub_symbol
BACKUP\DATA_HUB\modelos\BTCAUD_qlib_model.pkl,BTCAUD_qlib_model.pkl,.pkl,0.036,2026-04-27T03:24:17.165537357,data_hub_symbol
BACKUP\DATA_HUB\modelos\ETCUSD_qlib_model.pkl,ETCUSD_qlib_model.pkl,.pkl,0.036,2026-04-27T03:25:30.118321419,data_hub_symbol
BACKUP\DATA_HUB\modelos\EURCHF_qlib_model.pkl,EURCHF_qlib_model.pkl,.pkl,0.036,2026-04-27T03:25:54.423998594,data_hub_symbol
BACKUP\DATA_HUB\modelos\EURPLN_qlib_model.pkl,EURPLN_qlib_model.pkl,.pkl,0.036,2026-04-27T03:26:07.583521128,data_hub_symbol
BACKUP\DATA_HUB\modelos\GBPAUD_qlib_model.pkl,GBPAUD_qlib_model.pkl,.pkl,0.036,2026-04-27T03:26:23.193448544,data_hub_symbol
BACKUP\DATA_HUB\modelos\LTCUSD_qlib_model.pkl,LTCUSD_qlib_model.pkl,.pkl,0.036,2026-04-27T03:27:50.888809204,data_hub_symbol
BACKUP\DATA_HUB\modelos\MXNJPY_qlib_model.pkl,MXNJPY_qlib_model.pkl,.pkl,0.036,2026-04-27T03:27:52.960173607,data_hub_symbol
BACKUP\DATA_HUB\modelos\NZDSGD_qlib_model.pkl,NZDSGD_qlib_model.pkl,.pkl,0.036,2026-04-27T03:28:12.847410679,data_hub_symbol
BACKUP\DATA_HUB\modelos\AUDJPY_qlib_model.pkl,AUDJPY_qlib_model.pkl,.pkl,0.031,2026-04-27T03:20:24.484631777,data_hub_symbol
BACKUP\DATA_HUB\modelos\AUDNZD_qlib_model.pkl,AUDNZD_qlib_model.pkl,.pkl,0.031,2026-04-27T03:20:25.944883823,data_hub_symbol
BACKUP\DATA_HUB\modelos\AUDSGD_qlib_model.pkl,AUDSGD_qlib_model.pkl,.pkl,0.031,2026-04-27T03:20:28.960114002,data_hub_symbol
BACKUP\DATA_HUB\modelos\CADCHF_qlib_model.pkl,CADCHF_qlib_model.pkl,.pkl,0.031,2026-04-27T03:24:24.751401901,data_hub_symbol
BACKUP\DATA_HUB\modelos\CADJPY_qlib_model.pkl,CADJPY_qlib_model.pkl,.pkl,0.031,2026-04-27T03:24:28.398631811,data_hub_symbol
BACKUP\DATA_HUB\modelos\CHFJPY_qlib_model.pkl,CHFJPY_qlib_model.pkl,.pkl,0.031,2026-04-27T03:24:29.945249557,data_hub_symbol
BACKUP\DATA_HUB\modelos\CHFSGD_qlib_model.pkl,CHFSGD_qlib_model.pkl,.pkl,0.031,2026-04-27T03:24:33.358908892,data_hub_symbol
BACKUP\DATA_HUB\modelos\EURCAD_qlib_model.pkl,EURCAD_qlib_model.pkl,.pkl,0.031,2026-04-27T03:25:52.906907082,data_hub_symbol
BACKUP\DATA_HUB\modelos\EURCZK_qlib_model.pkl,EURCZK_qlib_model.pkl,.pkl,0.031,2026-04-27T03:25:55.922610998,data_hub_symbol
BACKUP\DATA_HUB\modelos\EURDKK_qlib_model.pkl,EURDKK_qlib_model.pkl,.pkl,0.031,2026-04-27T03:25:57.358863115,data_hub_symbol
BACKUP\DATA_HUB\modelos\EURHUF_qlib_model.pkl,EURHUF_qlib_model.pkl,.pkl,0.031,2026-04-27T03:26:00.243475199,data_hub_symbol
BACKUP\DATA_HUB\modelos\EURJPY_qlib_model.pkl,EURJPY_qlib_model.pkl,.pkl,0.031,2026-04-27T03:26:01.693180561,data_hub_symbol
BACKUP\DATA_HUB\modelos\EURNOK_qlib_model.pkl,EURNOK_qlib_model.pkl,.pkl,0.031,2026-04-27T03:26:04.661688328,data_hub_symbol
BACKUP\DATA_HUB\modelos\EURNZD_qlib_model.pkl,EURNZD_qlib_model.pkl,.pkl,0.031,2026-04-27T03:26:06.105434895,data_hub_symbol
BACKUP\DATA_HUB\modelos\EURSEK_qlib_model.pkl,EURSEK_qlib_model.pkl,.pkl,0.031,2026-04-27T03:26:09.064975977,data_hub_symbol
BACKUP\DATA_HUB\modelos\EURSGD_qlib_model.pkl,EURSGD_qlib_model.pkl,.pkl,0.031,2026-04-27T03:26:10.515453577,data_hub_symbol
BACKUP\DATA_HUB\modelos\EURUSD_qlib_model.pkl,EURUSD_qlib_model.pkl,.pkl,0.031,2026-04-27T03:26:13.408579588,data_hub_symbol
BACKUP\DATA_HUB\modelos\EURX_qlib_model.pkl,EURX_qlib_model.pkl,.pkl,0.031,2026-04-27T03:26:14.372183800,data_hub_symbol
BACKUP\DATA_HUB\modelos\EUSTX50-F_qlib_model.pkl,EUSTX50-F_qlib_model.pkl,.pkl,0.031,2026-04-27T03:26:17.287714243,data_hub_symbol
BACKUP\DATA_HUB\modelos\EUSTX50_qlib_model.pkl,EUSTX50_qlib_model.pkl,.pkl,0.031,2026-04-27T03:26:18.815718889,data_hub_symbol
BACKUP\DATA_HUB\modelos\GBPCAD_qlib_model.pkl,GBPCAD_qlib_model.pkl,.pkl,0.031,2026-04-27T03:26:24.678734303,data_hub_symbol
BACKUP\DATA_HUB\modelos\GBPUSD_qlib_model.pkl,GBPUSD_qlib_model.pkl,.pkl,0.031,2026-04-27T03:26:33.005444765,data_hub_symbol
BACKUP\DATA_HUB\modelos\GER40-F_qlib_model.pkl,GER40-F_qlib_model.pkl,.pkl,0.031,2026-04-27T03:26:34.503039598,data_hub_symbol
BACKUP\DATA_HUB\modelos\GER40_qlib_model.pkl,GER40_qlib_model.pkl,.pkl,0.031,2026-04-27T03:26:36.023457527,data_hub_symbol
BACKUP\DATA_HUB\modelos\HK50-F_qlib_model.pkl,HK50-F_qlib_model.pkl,.pkl,0.031,2026-04-27T03:26:37.460359335,data_hub_symbol
BACKUP\DATA_HUB\modelos\HK50_qlib_model.pkl,HK50_qlib_model.pkl,.pkl,0.031,2026-04-27T03:26:38.917377472,data_hub_symbol
BACKUP\DATA_HUB\modelos\JPN225-F_qlib_model.pkl,JPN225-F_qlib_model.pkl,.pkl,0.031,2026-04-27T03:26:40.417816162,data_hub_symbol
BACKUP\DATA_HUB\modelos\JPN225_qlib_model.pkl,JPN225_qlib_model.pkl,.pkl,0.031,2026-04-27T03:26:41.854776859,data_hub_symbol
BACKUP\DATA_HUB\modelos\NAS100-F_qlib_model.pkl,NAS100-F_qlib_model.pkl,.pkl,0.031,2026-04-27T03:27:54.521014929,data_hub_symbol
BACKUP\DATA_HUB\modelos\NAS100_qlib_model.pkl,NAS100_qlib_model.pkl,.pkl,0.031,2026-04-27T03:27:55.986712933,data_hub_symbol
BACKUP\DATA_HUB\modelos\NZDCHF_qlib_model.pkl,NZDCHF_qlib_model.pkl,.pkl,0.031,2026-04-27T03:28:09.907972813,data_hub_symbol
BACKUP\DATA_HUB\modelos\SGDJPY_qlib_model.pkl,SGDJPY_qlib_model.pkl,.pkl,0.031,2026-04-27T03:28:17.186648607,data_hub_symbol
BACKUP\DATA_HUB\modelos\SHBUSD_qlib_model.pkl,SHBUSD_qlib_model.pkl,.pkl,0.031,2026-04-27T03:28:18.180042505,data_hub_symbol
BACKUP\DATA_HUB\modelos\SPA35_qlib_model.pkl,SPA35_qlib_model.pkl,.pkl,0.031,2026-04-27T03:28:19.621727467,data_hub_symbol
BACKUP\DATA_HUB\modelos\UK100-F_qlib_model.pkl,UK100-F_qlib_model.pkl,.pkl,0.031,2026-04-27T03:29:02.362278223,data_hub_symbol
BACKUP\DATA_HUB\modelos\UK100_qlib_model.pkl,UK100_qlib_model.pkl,.pkl,0.031,2026-04-27T03:29:03.818997383,data_hub_symbol
BACKUP\DATA_HUB\modelos\ATMUSD_model.pkl,ATMUSD_model.pkl,.pkl,0.005,2026-04-27T04:22:42.923839092,data_hub_symbol
BACKUP\DATA_HUB\modelos\AUS200_model.pkl,AUS200_model.pkl,.pkl,0.005,2026-04-27T05:43:14.939510584,data_hub_symbol
BACKUP\DATA_HUB\modelos\BCHUSD_model.pkl,BCHUSD_model.pkl,.pkl,0.005,2026-04-27T05:53:35.141294718,data_hub_symbol
BACKUP\DATA_HUB\modelos\BNBUSD_model.pkl,BNBUSD_model.pkl,.pkl,0.005,2026-04-27T06:03:59.135527849,data_hub_symbol
BACKUP\DATA_HUB\modelos\CA60_model.pkl,CA60_model.pkl,.pkl,0.005,2026-04-27T06:15:49.512852192,data_hub_symbol
BACKUP\DATA_HUB\modelos\COMPUSD_model.pkl,COMPUSD_model.pkl,.pkl,0.005,2026-04-27T07:25:09.207975388,data_hub_symbol
BACKUP\DATA_HUB\modelos\DOTUSD_model.pkl,DOTUSD_model.pkl,.pkl,0.005,2026-04-27T07:45:01.266988039,data_hub_symbol
BACKUP\DATA_HUB\modelos\ETHAUD_model.pkl,ETHAUD_model.pkl,.pkl,0.005,2026-04-27T08:00:46.343318939,data_hub_symbol
BACKUP\DATA_HUB\modelos\ADAUSD_model.pkl,ADAUSD_model.pkl,.pkl,0.004,2026-04-27T04:13:00.051294565,data_hub_symbol
BACKUP\DATA_HUB\modelos\AUDCAD_model.pkl,AUDCAD_model.pkl,.pkl,0.004,2026-04-27T04:32:38.989828825,data_hub_symbol
BACKUP\DATA_HUB\modelos\AUDCHF_model.pkl,AUDCHF_model.pkl,.pkl,0.004,2026-04-27T04:44:42.448276997,data_hub_symbol
BACKUP\DATA_HUB\modelos\AUDJPY_model.pkl,AUDJPY_model.pkl,.pkl,0.004,2026-04-27T04:55:03.098284721,data_hub_symbol
BACKUP\DATA_HUB\modelos\AUDNZD_model.pkl,AUDNZD_model.pkl,.pkl,0.004,2026-04-27T05:06:44.548542976,data_hub_symbol
BACKUP\DATA_HUB\modelos\AUDPLN_model.pkl,AUDPLN_model.pkl,.pkl,0.004,2026-04-27T05:08:13.035979748,data_hub_symbol
BACKUP\DATA_HUB\modelos\AUDSGD_model.pkl,AUDSGD_model.pkl,.pkl,0.004,2026-04-27T05:20:13.454145432,data_hub_symbol
BACKUP\DATA_HUB\modelos\AUDUSD_model.pkl,AUDUSD_model.pkl,.pkl,0.004,2026-04-27T05:32:22.204738140,data_hub_symbol
BACKUP\DATA_HUB\modelos\CADCHF_model.pkl,CADCHF_model.pkl,.pkl,0.004,2026-04-27T06:27:52.749289513,data_hub_symbol
BACKUP\DATA_HUB\modelos\CADJPY_model.pkl,CADJPY_model.pkl,.pkl,0.004,2026-04-27T06:40:25.532185793,data_hub_symbol
BACKUP\DATA_HUB\modelos\CHFJPY_model.pkl,CHFJPY_model.pkl,.pkl,0.004,2026-04-27T06:50:21.472477674,data_hub_symbol
BACKUP\DATA_HUB\modelos\CHFSGD_model.pkl,CHFSGD_model.pkl,.pkl,0.004,2026-04-27T07:02:09.716900349,data_hub_symbol
BACKUP\DATA_HUB\modelos\CHINAH_model.pkl,CHINAH_model.pkl,.pkl,0.004,2026-04-27T07:06:25.961819649,data_hub_symbol
BACKUP\DATA_HUB\modelos\CN50_model.pkl,CN50_model.pkl,.pkl,0.004,2026-04-27T07:18:22.938789129,data_hub_symbol
BACKUP\DATA_HUB\modelos\DOGEUSD_model.pkl,DOGEUSD_model.pkl,.pkl,0.004,2026-04-27T07:34:52.510744094,data_hub_symbol
BACKUP\DATA_HUB\modelos\ETCUSD_model.pkl,ETCUSD_model.pkl,.pkl,0.004,2026-04-27T07:53:53.328432798,data_hub_symbol
BACKUP\DATA_HUB\modelos\EURAUD_model.pkl,EURAUD_model.pkl,.pkl,0.004,2026-04-27T08:12:57.405043602,data_hub_symbol
BACKUP\DATA_HUB\modelos\EURCAD_model.pkl,EURCAD_model.pkl,.pkl,0.004,2026-04-27T08:25:04.694973230,data_hub_symbol
BACKUP\DATA_HUB\modelos\EURCHF_model.pkl,EURCHF_model.pkl,.pkl,0.004,2026-04-27T08:37:13.982784510,data_hub_symbol
BACKUP\DATA_HUB\modelos\EURCZK_model.pkl,EURCZK_model.pkl,.pkl,0.004,2026-04-27T08:48:47.577137232,data_hub_symbol
BACKUP\DATA_HUB\modelos\EURDKK_model.pkl,EURDKK_model.pkl,.pkl,0.004,2026-04-27T09:00:00.529531002,data_hub_symbol
BACKUP\DATA_HUB\modelos\EURGBP_model.pkl,EURGBP_model.pkl,.pkl,0.004,2026-04-27T09:11:42.361723900,data_hub_symbol
BACKUP\DATA_HUB\modelos\EURHUF_model.pkl,EURHUF_model.pkl,.pkl,0.004,2026-04-27T09:23:34.495543718,data_hub_symbol
BACKUP\DATA_HUB\modelos\EURJPY_model.pkl,EURJPY_model.pkl,.pkl,0.004,2026-04-27T09:36:06.697573900,data_hub_symbol
BACKUP\DATA_HUB\modelos\EURNOK_model.pkl,EURNOK_model.pkl,.pkl,0.004,2026-04-27T09:48:30.835810423,data_hub_symbol
BACKUP\DATA_HUB\modelos\EURNZD_model.pkl,EURNZD_model.pkl,.pkl,0.004,2026-04-27T10:00:41.876142502,data_hub_symbol
BACKUP\DATA_HUB\modelos\EURPLN_model.pkl,EURPLN_model.pkl,.pkl,0.004,2026-04-27T10:12:50.777591705,data_hub_symbol
BACKUP\DATA_HUB\modelos\EURSEK_model.pkl,EURSEK_model.pkl,.pkl,0.004,2026-04-27T10:25:15.533296108,data_hub_symbol
BACKUP\DATA_HUB\modelos\EURSGD_model.pkl,EURSGD_model.pkl,.pkl,0.004,2026-04-27T10:37:10.327418089,data_hub_symbol
BACKUP\DATA_HUB\modelos\ATMUSD_qlib_model.pkl,ATMUSD_qlib_model.pkl,.pkl,0.002,2026-04-27T03:47:38.679496288,data_hub_symbol
BACKUP\DATA_HUB\modelos\US2000_model.pkl,US2000_model.pkl,.pkl,0.002,2026-04-27T02:47:01.852215052,data_hub_symbol
BACKUP\DATA_HUB\modelos\AUDCHF_qlib_model.pkl,AUDCHF_qlib_model.pkl,.pkl,0.001,2026-04-27T03:20:23.357827902,data_hub_symbol
BACKUP\DATA_HUB\modelos\AUS200_qlib_model.pkl,AUS200_qlib_model.pkl,.pkl,0.001,2026-04-27T03:23:23.178729296,data_hub_symbol
BACKUP\DATA_HUB\modelos\BCHUSD_qlib_model.pkl,BCHUSD_qlib_model.pkl,.pkl,0.001,2026-04-27T03:23:48.619904518,data_hub_symbol
BACKUP\DATA_HUB\modelos\BNBUSD_qlib_model.pkl,BNBUSD_qlib_model.pkl,.pkl,0.001,2026-04-27T03:24:15.672614336,data_hub_symbol
BACKUP\DATA_HUB\modelos\CA60_qlib_model.pkl,CA60_qlib_model.pkl,.pkl,0.001,2026-04-27T03:24:23.392986059,data_hub_symbol
BACKUP\DATA_HUB\modelos\CHFPLN_model.pkl,CHFPLN_model.pkl,.pkl,0.001,2026-04-27T02:37:54.842184782,data_hub_symbol
BACKUP\DATA_HUB\modelos\CHFPLN_qlib_model.pkl,CHFPLN_qlib_model.pkl,.pkl,0.001,2026-04-27T03:24:31.396395206,data_hub_symbol
BACKUP\DATA_HUB\modelos\CHINAH_qlib_model.pkl,CHINAH_qlib_model.pkl,.pkl,0.001,2026-04-27T03:24:34.051622391,data_hub_symbol
BACKUP\DATA_HUB\modelos\CN50_qlib_model.pkl,CN50_qlib_model.pkl,.pkl,0.001,2026-04-27T03:24:35.679716825,data_hub_symbol
BACKUP\DATA_HUB\modelos\DOGEUSD_qlib_model.pkl,DOGEUSD_qlib_model.pkl,.pkl,0.001,2026-04-27T03:24:59.139773130,data_hub_symbol
BACKUP\DATA_HUB\modelos\EURAUD_qlib_model.pkl,EURAUD_qlib_model.pkl,.pkl,0.001,2026-04-27T03:25:51.461215496,data_hub_symbol
BACKUP\DATA_HUB\modelos\EURGBP_qlib_model.pkl,EURGBP_qlib_model.pkl,.pkl,0.001,2026-04-27T03:25:58.805562496,data_hub_symbol
BACKUP\DATA_HUB\modelos\EURMXN_model.pkl,EURMXN_model.pkl,.pkl,0.001,2026-04-27T02:39:57.648797274,data_hub_symbol
BACKUP\DATA_HUB\modelos\EURMXN_qlib_model.pkl,EURMXN_qlib_model.pkl,.pkl,0.001,2026-04-27T03:26:03.110272169,data_hub_symbol
BACKUP\DATA_HUB\modelos\EURTRY_model.pkl,EURTRY_model.pkl,.pkl,0.001,2026-04-27T02:40:11.004389048,data_hub_symbol
BACKUP\DATA_HUB\modelos\EURTRY_qlib_model.pkl,EURTRY_qlib_model.pkl,.pkl,0.001,2026-04-27T03:26:11.950115442,data_hub_symbol
BACKUP\DATA_HUB\modelos\EURZAR_model.pkl,EURZAR_model.pkl,.pkl,0.001,2026-04-27T02:40:19.461885691,data_hub_symbol
BACKUP\DATA_HUB\modelos\EURZAR_qlib_model.pkl,EURZAR_qlib_model.pkl,.pkl,0.001,2026-04-27T03:26:15.768954277,data_hub_symbol
BACKUP\DATA_HUB\modelos\FRA40-F_model.pkl,FRA40-F_model.pkl,.pkl,0.001,2026-04-27T02:40:28.350333929,data_hub_symbol
BACKUP\DATA_HUB\modelos\FRA40-F_qlib_model.pkl,FRA40-F_qlib_model.pkl,.pkl,0.001,2026-04-27T03:26:20.268088102,data_hub_symbol
BACKUP\DATA_HUB\modelos\FRA40_model.pkl,FRA40_model.pkl,.pkl,0.001,2026-04-27T02:40:29.651478529,data_hub_symbol
BACKUP\DATA_HUB\modelos\FRA40_qlib_model.pkl,FRA40_qlib_model.pkl,.pkl,0.001,2026-04-27T03:26:21.703481436,data_hub_symbol
BACKUP\DATA_HUB\modelos\GBPCHF_model.pkl,GBPCHF_model.pkl,.pkl,0.001,2026-04-27T02:40:36.092621565,data_hub_symbol
BACKUP\DATA_HUB\modelos\GBPCHF_qlib_model.pkl,GBPCHF_qlib_model.pkl,.pkl,0.001,2026-04-27T03:26:26.178471804,data_hub_symbol
BACKUP\DATA_HUB\modelos\GBPJPY_model.pkl,GBPJPY_model.pkl,.pkl,0.001,2026-04-27T02:40:37.098892927,data_hub_symbol
BACKUP\DATA_HUB\modelos\GBPJPY_qlib_model.pkl,GBPJPY_qlib_model.pkl,.pkl,0.001,2026-04-27T03:26:28.707200527,data_hub_symbol
BACKUP\DATA_HUB\modelos\GBPNZD_model.pkl,GBPNZD_model.pkl,.pkl,0.001,2026-04-27T02:40:38.410398006,data_hub_symbol
BACKUP\DATA_HUB\modelos\GBPNZD_qlib_model.pkl,GBPNZD_qlib_model.pkl,.pkl,0.001,2026-04-27T03:26:31.490970850,data_hub_symbol
BACKUP\DATA_HUB\modelos\JPYX_model.pkl,JPYX_model.pkl,.pkl,0.001,2026-04-27T02:41:13.708201885,data_hub_symbol
BACKUP\DATA_HUB\modelos\JPYX_qlib_model.pkl,JPYX_qlib_model.pkl,.pkl,0.001,2026-04-27T03:27:00.401162386,data_hub_symbol
BACKUP\DATA_HUB\modelos\LINKUSD_model.pkl,LINKUSD_model.pkl,.pkl,0.001,2026-04-27T02:42:12.436131716,data_hub_symbol
BACKUP\DATA_HUB\modelos\LINKUSD_qlib_model.pkl,LINKUSD_qlib_model.pkl,.pkl,0.001,2026-04-27T03:27:49.414911509,data_hub_symbol
BACKUP\DATA_HUB\modelos\MATICUSD_model.pkl,MATICUSD_model.pkl,.pkl,0.001,2026-04-27T02:42:14.886454344,data_hub_symbol
BACKUP\DATA_HUB\modelos\MATICUSD_qlib_model.pkl,MATICUSD_qlib_model.pkl,.pkl,0.001,2026-04-27T03:27:51.464431047,data_hub_symbol
BACKUP\DATA_HUB\modelos\NETH25_model.pkl,NETH25_model.pkl,.pkl,0.001,2026-04-27T02:42:32.203863382,data_hub_symbol
BACKUP\DATA_HUB\modelos\NETH25_qlib_model.pkl,NETH25_qlib_model.pkl,.pkl,0.001,2026-04-27T03:28:07.369859457,data_hub_symbol
BACKUP\DATA_HUB\modelos\NZDCAD_model.pkl,NZDCAD_model.pkl,.pkl,0.001,2026-04-27T02:42:33.158132553,data_hub_symbol
BACKUP\DATA_HUB\modelos\NZDCAD_qlib_model.pkl,NZDCAD_qlib_model.pkl,.pkl,0.001,2026-04-27T03:28:08.455798388,data_hub_symbol
BACKUP\DATA_HUB\modelos\NZDJPY_model.pkl,NZDJPY_model.pkl,.pkl,0.001,2026-04-27T02:42:36.308948517,data_hub_symbol
BACKUP\DATA_HUB\modelos\NZDJPY_qlib_model.pkl,NZDJPY_qlib_model.pkl,.pkl,0.001,2026-04-27T03:28:11.408446550,data_hub_symbol
BACKUP\DATA_HUB\modelos\NZDUSD_model.pkl,NZDUSD_model.pkl,.pkl,0.001,2026-04-27T02:42:39.629597187,data_hub_symbol
BACKUP\DATA_HUB\modelos\NZDUSD_qlib_model.pkl,NZDUSD_qlib_model.pkl,.pkl,0.001,2026-04-27T03:28:14.278319359,data_hub_symbol
BACKUP\DATA_HUB\modelos\SCI25_model.pkl,SCI25_model.pkl,.pkl,0.001,2026-04-27T02:42:42.338138819,data_hub_symbol
BACKUP\DATA_HUB\modelos\SCI25_qlib_model.pkl,SCI25_qlib_model.pkl,.pkl,0.001,2026-04-27T03:28:15.706532955,data_hub_symbol
BACKUP\DATA_HUB\modelos\SWI20-F_model.pkl,SWI20-F_model.pkl,.pkl,0.001,2026-04-27T02:42:49.699035168,data_hub_symbol
BACKUP\DATA_HUB\modelos\SWI20-F_qlib_model.pkl,SWI20-F_qlib_model.pkl,.pkl,0.001,2026-04-27T03:28:20.285580397,data_hub_symbol
BACKUP\DATA_HUB\modelos\SWI20_model.pkl,SWI20_model.pkl,.pkl,0.001,2026-04-27T02:43:04.147256613,data_hub_symbol
BACKUP\DATA_HUB\modelos\SWI20_qlib_model.pkl,SWI20_qlib_model.pkl,.pkl,0.001,2026-04-27T03:28:31.516705035,data_hub_symbol
BACKUP\GENESIS_ALPHA\genesis_global_model.pkl,genesis_global_model.pkl,.pkl,5.199,2026-04-01T05:16:12.460276604,genesis_global
BACKUP\GENESIS_ALPHA\mlruns\904023667381748678\33ca2478a99d44e19451989ba66f5db3\artifacts\pred.pkl,pred.pkl,.pkl,2.471,2026-04-01T13:07:24.658117056,genesis_global
BACKUP\GENESIS_ALPHA\mlruns\904023667381748678\4615c436d80d492eae45f5f52b93ce3b\artifacts\pred.pkl,pred.pkl,.pkl,2.471,2026-04-01T12:01:58.503796816,genesis_global
BACKUP\GENESIS_ALPHA\mlruns\904023667381748678\49a5debc0d9741849840bd68cbcafddf\artifacts\pred.pkl,pred.pkl,.pkl,2.471,2026-04-01T12:27:16.341453552,genesis_global
BACKUP\GENESIS_ALPHA\mlruns\904023667381748678\686e45cee213402caf059e3a93b98959\artifacts\pred.pkl,pred.pkl,.pkl,2.471,2026-04-01T12:10:21.863479614,genesis_global
BACKUP\BUILD_MODELS\genesis_global_model.pkl,genesis_global_model.pkl,.pkl,2.084,2026-04-16T19:41:42.771436214,genesis_global
BACKUP\GENESIS_ALPHA\mlruns\904023667381748678\33ca2478a99d44e19451989ba66f5db3\artifacts\label.pkl,label.pkl,.pkl,1.957,2026-04-01T13:07:24.738410950,genesis_global
BACKUP\GENESIS_ALPHA\mlruns\904023667381748678\4615c436d80d492eae45f5f52b93ce3b\artifacts\label.pkl,label.pkl,.pkl,1.957,2026-04-01T12:01:58.579745770,genesis_global
BACKUP\GENESIS_ALPHA\mlruns\904023667381748678\49a5debc0d9741849840bd68cbcafddf\artifacts\label.pkl,label.pkl,.pkl,1.957,2026-04-01T12:27:16.392179251,genesis_global
BACKUP\GENESIS_ALPHA\mlruns\904023667381748678\686e45cee213402caf059e3a93b98959\artifacts\label.pkl,label.pkl,.pkl,1.957,2026-04-01T12:10:21.910906792,genesis_global
BACKUP\FEATURE_STORE\modelo_genesis_v1.pkl,modelo_genesis_v1.pkl,.pkl,0.256,2026-04-19T15:49:39.119220257,genesis_global
BACKUP\GENESIS_ALPHA\mlruns\904023667381748678\33ca2478a99d44e19451989ba66f5db3\artifacts\sig_analysis\ic.pkl,ic.pkl,.pkl,0.135,2026-04-01T13:07:37.489319086,genesis_global
BACKUP\GENESIS_ALPHA\mlruns\904023667381748678\33ca2478a99d44e19451989ba66f5db3\artifacts\sig_analysis\ric.pkl,ric.pkl,.pkl,0.135,2026-04-01T13:07:37.538545370,genesis_global
BACKUP\GENESIS_ALPHA\mlruns\904023667381748678\4615c436d80d492eae45f5f52b93ce3b\artifacts\sig_analysis\ic.pkl,ic.pkl,.pkl,0.135,2026-04-01T12:02:08.016945839,genesis_global
BACKUP\GENESIS_ALPHA\mlruns\904023667381748678\4615c436d80d492eae45f5f52b93ce3b\artifacts\sig_analysis\ric.pkl,ric.pkl,.pkl,0.135,2026-04-01T12:02:08.046549797,genesis_global
BACKUP\GENESIS_ALPHA\mlruns\904023667381748678\49a5debc0d9741849840bd68cbcafddf\artifacts\sig_analysis\ic.pkl,ic.pkl,.pkl,0.135,2026-04-01T12:27:25.061206341,genesis_global
BACKUP\GENESIS_ALPHA\mlruns\904023667381748678\49a5debc0d9741849840bd68cbcafddf\artifacts\sig_analysis\ric.pkl,ric.pkl,.pkl,0.135,2026-04-01T12:27:25.206864357,genesis_global
BACKUP\GENESIS_ALPHA\mlruns\904023667381748678\686e45cee213402caf059e3a93b98959\artifacts\sig_analysis\ic.pkl,ic.pkl,.pkl,0.135,2026-04-01T12:10:29.688396215,genesis_global
BACKUP\GENESIS_ALPHA\mlruns\904023667381748678\686e45cee213402caf059e3a93b98959\artifacts\sig_analysis\ric.pkl,ric.pkl,.pkl,0.135,2026-04-01T12:10:29.733205318,genesis_global
BACKUP\BUILD_MODELS\genesis_scaler.pkl,genesis_scaler.pkl,.pkl,0.002,2026-04-16T19:41:42.772374392,genesis_global
BACKUP\BUILD_MODELS\genesis_model_meta.pkl,genesis_model_meta.pkl,.pkl,0.001,2026-04-16T19:41:42.773342848,genesis_global
BACKUP\GENESIS_ALPHA\genesis_scaler.pkl,genesis_scaler.pkl,.pkl,0.001,2026-04-01T05:16:12.460276604,genesis_global
BACKUP\GENESIS_ALPHA\pickle_cache\rdagent.utils.env._get_truncated_stdout\314ec54c76d1f92c16df62ac6e8b7056.pkl,314ec54c76d1f92c16df62ac6e8b7056.pkl,.pkl,0.0,2026-04-01T15:51:12.958103418,genesis_global
BACKUP\GENESIS_ALPHA\pickle_cache\rdagent.utils.env._get_truncated_stdout\b23254e33f8063b77903960747137cdd.pkl,b23254e33f8063b77903960747137cdd.pkl,.pkl,0.0,2026-04-01T16:02:24.982912540,genesis_global
BACKUP\GENESIS_ALPHA\pickle_cache\utils.env.run\53392468405eb569069ceccb490258c0.pkl,53392468405eb569069ceccb490258c0.pkl,.pkl,0.0,2026-04-01T15:51:12.112066031,genesis_global
BACKUP\GENESIS_ALPHA\pickle_cache\utils.env.run\ca8de2d1ebc56289a9907eb75f81d54a.pkl,ca8de2d1ebc56289a9907eb75f81d54a.pkl,.pkl,0.0,2026-04-01T16:02:23.810616970,genesis_global
BACKUP\NEXUS_backup\data\models\by_symbol\EURUSD\base_models\extratrees_ExtraTrees_B2.pkl,extratrees_ExtraTrees_B2.pkl,.pkl,629.798,2026-04-27T11:22:09.997851849,nexus_by_symbol
BACKUP\NEXUS_backup\data\models\by_symbol\EURUSD\base_models\extratrees_ExtraTrees_B1.pkl,extratrees_ExtraTrees_B1.pkl,.pkl,615.689,2026-04-27T11:21:57.554953575,nexus_by_symbol
BACKUP\NEXUS_backup\data\models\by_symbol\EURUSD\base_models\extratrees_ExtraTrees_B3.pkl,extratrees_ExtraTrees_B3.pkl,.pkl,607.173,2026-04-27T11:22:22.423465729,nexus_by_symbol
BACKUP\NEXUS_backup\data\models\by_symbol\EURUSD\base_models\randomforest_RandomForest_B2.pkl,randomforest_RandomForest_B2.pkl,.pkl,391.036,2026-04-27T11:19:50.991216183,nexus_by_symbol
BACKUP\NEXUS_backup\data\models\by_symbol\EURUSD\base_models\randomforest_RandomForest_B1.pkl,randomforest_RandomForest_B1.pkl,.pkl,387.019,2026-04-27T11:19:25.665959120,nexus_by_symbol
BACKUP\NEXUS_backup\data\models\by_symbol\EURUSD\base_models\randomforest_RandomForest_B3.pkl,randomforest_RandomForest_B3.pkl,.pkl,384.02,2026-04-27T11:20:14.019229174,nexus_by_symbol
BACKUP\NEXUS_backup\data\models\by_symbol\EURUSD\base_models\extratrees_ExtraTrees_B5.pkl,extratrees_ExtraTrees_B5.pkl,.pkl,324.427,2026-04-27T11:22:34.314389467,nexus_by_symbol
BACKUP\NEXUS_backup\data\models\by_symbol\EURUSD\base_models\extratrees_ExtraTrees_B4.pkl,extratrees_ExtraTrees_B4.pkl,.pkl,314.981,2026-04-27T11:22:29.412157774,nexus_by_symbol
BACKUP\NEXUS_backup\data\models\by_symbol\EURUSD\base_models\randomforest_RandomForest_B5.pkl,randomforest_RandomForest_B5.pkl,.pkl,274.707,2026-04-27T11:21:05.459011316,nexus_by_symbol
BACKUP\NEXUS_backup\data\models\by_symbol\EURUSD\base_models\randomforest_RandomForest_B4.pkl,randomforest_RandomForest_B4.pkl,.pkl,266.204,2026-04-27T11:20:40.782864094,nexus_by_symbol
BACKUP\NEXUS_backup\data\models\by_symbol\EURUSD\base_models\extratrees_ExtraTrees_B6.pkl,extratrees_ExtraTrees_B6.pkl,.pkl,160.412,2026-04-27T11:22:38.590697050,nexus_by_symbol
BACKUP\NEXUS_backup\data\models\by_symbol\EURUSD\base_models\randomforest_RandomForest_B6.pkl,randomforest_RandomForest_B6.pkl,.pkl,155.714,2026-04-27T11:21:28.714792013,nexus_by_symbol
BACKUP\NEXUS_backup\data\models\by_symbol\EURUSD\base_models\extratrees_ExtraTrees_B8.pkl,extratrees_ExtraTrees_B8.pkl,.pkl,41.459,2026-04-27T11:22:43.116575241,nexus_by_symbol
BACKUP\NEXUS_backup\data\models\by_symbol\EURUSD\base_models\extratrees_ExtraTrees_B7.pkl,extratrees_ExtraTrees_B7.pkl,.pkl,41.22,2026-04-27T11:22:41.030493736,nexus_by_symbol
BACKUP\NEXUS_backup\data\models\by_symbol\EURUSD\base_models\randomforest_RandomForest_B8.pkl,randomforest_RandomForest_B8.pkl,.pkl,40.351,2026-04-27T11:21:47.762672186,nexus_by_symbol
BACKUP\NEXUS_backup\data\models\by_symbol\EURUSD\base_models\randomforest_RandomForest_B7.pkl,randomforest_RandomForest_B7.pkl,.pkl,40.121,2026-04-27T11:21:39.688337803,nexus_by_symbol
BACKUP\NEXUS_backup\data\models\by_symbol\EURUSD\base_models\kneighbors_KNeighbors_B3.pkl,kneighbors_KNeighbors_B3.pkl,.pkl,38.55,2026-04-27T11:34:02.395702600,nexus_by_symbol
BACKUP\NEXUS_backup\data\models\by_symbol\EURUSD\base_models\kneighbors_KNeighbors_B1.pkl,kneighbors_KNeighbors_B1.pkl,.pkl,29.908,2026-04-27T11:34:00.886853456,nexus_by_symbol
BACKUP\NEXUS_backup\data\models\by_symbol\EURUSD\base_models\kneighbors_KNeighbors_B2.pkl,kneighbors_KNeighbors_B2.pkl,.pkl,29.908,2026-04-27T11:34:01.571979046,nexus_by_symbol
BACKUP\NEXUS_backup\data\models\by_symbol\EURUSD\base_models\kneighbors_KNeighbors_B4.pkl,kneighbors_KNeighbors_B4.pkl,.pkl,29.908,2026-04-27T11:34:02.988600969,nexus_by_symbol
BACKUP\NEXUS_backup\data\models\by_symbol\EURUSD\base_models\kneighbors_KNeighbors_B5.pkl,kneighbors_KNeighbors_B5.pkl,.pkl,29.908,2026-04-27T11:34:03.662160873,nexus_by_symbol
BACKUP\NEXUS_backup\data\models\by_symbol\EURUSD\base_models\kneighbors_KNeighbors_B6.pkl,kneighbors_KNeighbors_B6.pkl,.pkl,29.908,2026-04-27T11:34:04.351660252,nexus_by_symbol
BACKUP\NEXUS_backup\data\models\by_symbol\EURUSD\base_models\kneighbors_KNeighbors_B7.pkl,kneighbors_KNeighbors_B7.pkl,.pkl,29.908,2026-04-27T11:34:05.312780380,nexus_by_symbol
BACKUP\NEXUS_backup\data\models\by_symbol\EURUSD\base_models\kneighbors_KNeighbors_B9.pkl,kneighbors_KNeighbors_B9.pkl,.pkl,27.427,2026-04-27T11:34:06.883661270,nexus_by_symbol
BACKUP\NEXUS_backup\data\models\by_symbol\EURUSD\base_models\kneighbors_KNeighbors_B8.pkl,kneighbors_KNeighbors_B8.pkl,.pkl,27.426,2026-04-27T11:34:06.428577900,nexus_by_symbol
BACKUP\NEXUS_backup\data\models\by_symbol\EURUSD\base_models\symbol_EURUSD.pkl,symbol_EURUSD.pkl,.pkl,21.516,2026-04-24T12:30:34.082128763,nexus_by_symbol
BACKUP\NEXUS_backup\data\models\by_symbol\EURUSD\base_models\decisiontree_DecisionTree_B2.pkl,decisiontree_DecisionTree_B2.pkl,.pkl,20.474,2026-04-27T11:34:20.435712814,nexus_by_symbol
BACKUP\NEXUS_backup\data\models\by_symbol\EURUSD\base_models\decisiontree_DecisionTree_B1.pkl,decisiontree_DecisionTree_B1.pkl,.pkl,20.33,2026-04-27T11:34:13.545493126,nexus_by_symbol
BACKUP\NEXUS_backup\data\models\by_symbol\EURUSD\base_models\decisiontree_DecisionTree_B3.pkl,decisiontree_DecisionTree_B3.pkl,.pkl,20.221,2026-04-27T11:34:27.009022713,nexus_by_symbol
BACKUP\NEXUS_backup\data\models\by_symbol\EURUSD\base_models\decisiontree_DecisionTree_B5.pkl,decisiontree_DecisionTree_B5.pkl,.pkl,10.593,2026-04-27T11:34:42.496373415,nexus_by_symbol
BACKUP\NEXUS_backup\data\models\by_symbol\EURUSD\base_models\decisiontree_DecisionTree_B4.pkl,decisiontree_DecisionTree_B4.pkl,.pkl,10.258,2026-04-27T11:34:35.681041956,nexus_by_symbol
BACKUP\NEXUS_backup\data\models\by_symbol\EURUSD\base_models\extratrees_ExtraTrees_B9.pkl,extratrees_ExtraTrees_B9.pkl,.pkl,8.61,2026-04-27T11:22:44.500597953,nexus_by_symbol
BACKUP\NEXUS_backup\data\models\by_symbol\EURUSD\base_models\randomforest_RandomForest_B9.pkl,randomforest_RandomForest_B9.pkl,.pkl,8.204,2026-04-27T11:21:51.130712747,nexus_by_symbol
BACKUP\NEXUS_backup\data\models\by_symbol\EURUSD\base_models\decisiontree_DecisionTree_B6.pkl,decisiontree_DecisionTree_B6.pkl,.pkl,5.283,2026-04-27T11:34:55.508226156,nexus_by_symbol
BACKUP\NEXUS_backup\data\models\by_symbol\EURUSD\base_models\decisiontree_DecisionTree_B8.pkl,decisiontree_DecisionTree_B8.pkl,.pkl,1.348,2026-04-27T11:35:02.346524239,nexus_by_symbol
BACKUP\NEXUS_backup\data\models\by_symbol\EURUSD\base_models\decisiontree_DecisionTree_B7.pkl,decisiontree_DecisionTree_B7.pkl,.pkl,1.339,2026-04-27T11:35:00.694330692,nexus_by_symbol
BACKUP\NEXUS_backup\data\models\by_symbol\EURUSD\ensemble\super_brain.pkl,super_brain.pkl,.pkl,0.646,2026-04-27T12:14:12.331981421,nexus_by_symbol
BACKUP\NEXUS_backup\data\models\by_symbol\EURUSD\base_models\xgboost_XGBoost_B3.pkl,xgboost_XGBoost_B3.pkl,.pkl,0.429,2026-04-27T11:35:06.179858208,nexus_by_symbol
BACKUP\NEXUS_backup\data\models\by_symbol\EURUSD\base_models\xgboost_XGBoost_B1.pkl,xgboost_XGBoost_B1.pkl,.pkl,0.428,2026-04-27T11:35:04.969624519,nexus_by_symbol
BACKUP\NEXUS_backup\data\models\by_symbol\EURUSD\base_models\xgboost_XGBoost_B2.pkl,xgboost_XGBoost_B2.pkl,.pkl,0.418,2026-04-27T11:35:05.559446096,nexus_by_symbol
BACKUP\NEXUS_backup\data\models\by_symbol\EURUSD\base_models\xgboost_XGBoost_B4.pkl,xgboost_XGBoost_B4.pkl,.pkl,0.411,2026-04-27T11:35:06.701534986,nexus_by_symbol
BACKUP\NEXUS_backup\data\models\by_symbol\EURUSD\base_models\xgboost_XGBoost_B6.pkl,xgboost_XGBoost_B6.pkl,.pkl,0.41,2026-04-27T11:35:07.823874474,nexus_by_symbol
BACKUP\NEXUS_backup\data\models\by_symbol\EURUSD\base_models\xgboost_XGBoost_B5.pkl,xgboost_XGBoost_B5.pkl,.pkl,0.407,2026-04-27T11:35:07.286170483,nexus_by_symbol
BACKUP\NEXUS_backup\data\models\by_symbol\EURUSD\base_models\xgboost_XGBoost_B8.pkl,xgboost_XGBoost_B8.pkl,.pkl,0.406,2026-04-27T11:35:08.961413860,nexus_by_symbol
BACKUP\NEXUS_backup\data\models\by_symbol\EURUSD\base_models\xgboost_XGBoost_B7.pkl,xgboost_XGBoost_B7.pkl,.pkl,0.396,2026-04-27T11:35:08.463106155,nexus_by_symbol
BACKUP\NEXUS_backup\data\models\by_symbol\EURUSD\base_models\lightgbm_LightGBM_B9.pkl,lightgbm_LightGBM_B9.pkl,.pkl,0.308,2026-04-27T11:35:13.303651571,nexus_by_symbol
BACKUP\NEXUS_backup\data\models\by_symbol\EURUSD\base_models\lightgbm_LightGBM_B7.pkl,lightgbm_LightGBM_B7.pkl,.pkl,0.302,2026-04-27T11:35:12.443124771,nexus_by_symbol
BACKUP\NEXUS_backup\data\models\by_symbol\EURUSD\base_models\lightgbm_LightGBM_B3.pkl,lightgbm_LightGBM_B3.pkl,.pkl,0.299,2026-04-27T11:35:10.657993793,nexus_by_symbol
BACKUP\NEXUS_backup\data\models\by_symbol\EURUSD\base_models\lightgbm_LightGBM_B6.pkl,lightgbm_LightGBM_B6.pkl,.pkl,0.299,2026-04-27T11:35:12.002150536,nexus_by_symbol
BACKUP\NEXUS_backup\data\models\by_symbol\EURUSD\base_models\lightgbm_LightGBM_B8.pkl,lightgbm_LightGBM_B8.pkl,.pkl,0.299,2026-04-27T11:35:12.837423325,nexus_by_symbol
BACKUP\NEXUS_backup\data\models\by_symbol\EURUSD\base_models\lightgbm_LightGBM_B1.pkl,lightgbm_LightGBM_B1.pkl,.pkl,0.298,2026-04-27T11:35:09.712827682,nexus_by_symbol
BACKUP\NEXUS_backup\data\models\by_symbol\EURUSD\base_models\lightgbm_LightGBM_B2.pkl,lightgbm_LightGBM_B2.pkl,.pkl,0.298,2026-04-27T11:35:10.219984055,nexus_by_symbol
BACKUP\NEXUS_backup\data\models\by_symbol\EURUSD\base_models\lightgbm_LightGBM_B4.pkl,lightgbm_LightGBM_B4.pkl,.pkl,0.298,2026-04-27T11:35:11.174828768,nexus_by_symbol
BACKUP\NEXUS_backup\data\models\by_symbol\EURUSD\base_models\lightgbm_LightGBM_B5.pkl,lightgbm_LightGBM_B5.pkl,.pkl,0.297,2026-04-27T11:35:11.581861496,nexus_by_symbol
BACKUP\NEXUS_backup\data\models\by_symbol\EURUSD\base_models\decisiontree_DecisionTree_B9.pkl,decisiontree_DecisionTree_B9.pkl,.pkl,0.274,2026-04-27T11:35:04.068543911,nexus_by_symbol
BACKUP\NEXUS_backup\data\models\by_symbol\EURUSD\base_models\huberregressor_HuberRegressor_B1.pkl,huberregressor_HuberRegressor_B1.pkl,.pkl,0.197,2026-04-27T11:18:55.603582382,nexus_by_symbol
BACKUP\NEXUS_backup\data\models\by_symbol\EURUSD\base_models\huberregressor_HuberRegressor_B2.pkl,huberregressor_HuberRegressor_B2.pkl,.pkl,0.197,2026-04-27T11:18:55.742901087,nexus_by_symbol
BACKUP\NEXUS_backup\data\models\by_symbol\EURUSD\base_models\huberregressor_HuberRegressor_B3.pkl,huberregressor_HuberRegressor_B3.pkl,.pkl,0.197,2026-04-27T11:18:57.068909407,nexus_by_symbol
BACKUP\NEXUS_backup\data\models\by_symbol\EURUSD\base_models\huberregressor_HuberRegressor_B4.pkl,huberregressor_HuberRegressor_B4.pkl,.pkl,0.197,2026-04-27T11:18:57.225401640,nexus_by_symbol
BACKUP\NEXUS_backup\data\models\by_symbol\EURUSD\base_models\huberregressor_HuberRegressor_B5.pkl,huberregressor_HuberRegressor_B5.pkl,.pkl,0.197,2026-04-27T11:18:57.369126081,nexus_by_symbol
BACKUP\NEXUS_backup\data\models\by_symbol\EURUSD\base_models\huberregressor_HuberRegressor_B6.pkl,huberregressor_HuberRegressor_B6.pkl,.pkl,0.197,2026-04-27T11:18:57.525116205,nexus_by_symbol
BACKUP\NEXUS_backup\data\models\by_symbol\EURUSD\base_models\huberregressor_HuberRegressor_B7.pkl,huberregressor_HuberRegressor_B7.pkl,.pkl,0.197,2026-04-27T11:18:57.670929432,nexus_by_symbol
BACKUP\NEXUS_backup\data\models\by_symbol\EURUSD\base_models\huberregressor_HuberRegressor_B8.pkl,huberregressor_HuberRegressor_B8.pkl,.pkl,0.197,2026-04-27T11:18:57.804680109,nexus_by_symbol
BACKUP\NEXUS_backup\data\models\by_symbol\EURUSD\base_models\huberregressor_HuberRegressor_B9.pkl,huberregressor_HuberRegressor_B9.pkl,.pkl,0.197,2026-04-27T11:19:02.090240717,nexus_by_symbol
BACKUP\NEXUS_backup\data\models\by_symbol\EURUSD\base_models\gradientboosting_GradientBoosting_B1.pkl,gradientboosting_GradientBoosting_B1.pkl,.pkl,0.136,2026-04-27T11:26:29.428064108,nexus_by_symbol
BACKUP\NEXUS_backup\data\models\by_symbol\EURUSD\base_models\gradientboosting_GradientBoosting_B3.pkl,gradientboosting_GradientBoosting_B3.pkl,.pkl,0.136,2026-04-27T11:29:38.422919750,nexus_by_symbol
BACKUP\NEXUS_backup\data\models\by_symbol\EURUSD\base_models\gradientboosting_GradientBoosting_B4.pkl,gradientboosting_GradientBoosting_B4.pkl,.pkl,0.136,2026-04-27T11:30:36.094772339,nexus_by_symbol
BACKUP\NEXUS_backup\data\models\by_symbol\EURUSD\base_models\gradientboosting_GradientBoosting_B8.pkl,gradientboosting_GradientBoosting_B8.pkl,.pkl,0.135,2026-04-27T11:33:34.647948980,nexus_by_symbol
BACKUP\NEXUS_backup\data\models\by_symbol\EURUSD\base_models\gradientboosting_GradientBoosting_B2.pkl,gradientboosting_GradientBoosting_B2.pkl,.pkl,0.134,2026-04-27T11:27:57.499067545,nexus_by_symbol
BACKUP\NEXUS_backup\data\models\by_symbol\EURUSD\base_models\gradientboosting_GradientBoosting_B5.pkl,gradientboosting_GradientBoosting_B5.pkl,.pkl,0.133,2026-04-27T11:31:36.663249016,nexus_by_symbol
BACKUP\NEXUS_backup\data\models\by_symbol\EURUSD\base_models\gradientboosting_GradientBoosting_B6.pkl,gradientboosting_GradientBoosting_B6.pkl,.pkl,0.133,2026-04-27T11:32:27.719247818,nexus_by_symbol
BACKUP\NEXUS_backup\data\models\by_symbol\EURUSD\base_models\gradientboosting_GradientBoosting_B7.pkl,gradientboosting_GradientBoosting_B7.pkl,.pkl,0.131,2026-04-27T11:32:56.354007483,nexus_by_symbol
BACKUP\NEXUS_backup\data\models\by_symbol\EURUSD\base_models\gradientboosting_GradientBoosting_B9.pkl,gradientboosting_GradientBoosting_B9.pkl,.pkl,0.13,2026-04-27T11:34:00.272651911,nexus_by_symbol
BACKUP\NEXUS_backup\data\models\by_symbol\EURUSD\base_models\xgboost_XGBoost_B9.pkl,xgboost_XGBoost_B9.pkl,.pkl,0.128,2026-04-27T11:35:09.303910494,nexus_by_symbol
BACKUP\NEXUS_backup\data\models\by_symbol\EURUSD\base_models\histgradientboosting_HistGradientBoosting_B7.pkl,histgradientboosting_HistGradientBoosting_B7.pkl,.pkl,0.08,2026-04-27T11:22:52.148489237,nexus_by_symbol
BACKUP\NEXUS_backup\data\models\by_symbol\EURUSD\base_models\histgradientboosting_HistGradientBoosting_B8.pkl,histgradientboosting_HistGradientBoosting_B8.pkl,.pkl,0.073,2026-04-27T11:22:52.490124941,nexus_by_symbol
BACKUP\NEXUS_backup\data\models\by_symbol\EURUSD\base_models\histgradientboosting_HistGradientBoosting_B9.pkl,histgradientboosting_HistGradientBoosting_B9.pkl,.pkl,0.069,2026-04-27T11:22:52.805289745,nexus_by_symbol
BACKUP\NEXUS_backup\data\models\by_symbol\EURUSD\base_models\adaboost_AdaBoost_B5.pkl,adaboost_AdaBoost_B5.pkl,.pkl,0.068,2026-04-27T11:24:29.943818092,nexus_by_symbol
BACKUP\NEXUS_backup\data\models\by_symbol\EURUSD\base_models\adaboost_AdaBoost_B2.pkl,adaboost_AdaBoost_B2.pkl,.pkl,0.067,2026-04-27T11:23:37.308052301,nexus_by_symbol
BACKUP\NEXUS_backup\data\models\by_symbol\EURUSD\base_models\histgradientboosting_HistGradientBoosting_B2.pkl,histgradientboosting_HistGradientBoosting_B2.pkl,.pkl,0.059,2026-04-27T11:22:50.068612576,nexus_by_symbol
BACKUP\NEXUS_backup\data\models\by_symbol\EURUSD\base_models\histgradientboosting_HistGradientBoosting_B5.pkl,histgradientboosting_HistGradientBoosting_B5.pkl,.pkl,0.058,2026-04-27T11:22:51.524385452,nexus_by_symbol
BACKUP\NEXUS_backup\data\models\by_symbol\EURUSD\base_models\histgradientboosting_HistGradientBoosting_B6.pkl,histgradientboosting_HistGradientBoosting_B6.pkl,.pkl,0.058,2026-04-27T11:22:51.779459,nexus_by_symbol
BACKUP\NEXUS_backup\data\models\by_symbol\EURUSD\base_models\adaboost_AdaBoost_B8.pkl,adaboost_AdaBoost_B8.pkl,.pkl,0.056,2026-04-27T11:25:05.666157722,nexus_by_symbol
BACKUP\NEXUS_backup\data\models\by_symbol\EURUSD\base_models\histgradientboosting_HistGradientBoosting_B1.pkl,histgradientboosting_HistGradientBoosting_B1.pkl,.pkl,0.056,2026-04-27T11:22:48.779272795,nexus_by_symbol
BACKUP\NEXUS_backup\data\models\by_symbol\EURUSD\base_models\histgradientboosting_HistGradientBoosting_B3.pkl,histgradientboosting_HistGradientBoosting_B3.pkl,.pkl,0.056,2026-04-27T11:22:50.939285517,nexus_by_symbol
BACKUP\NEXUS_backup\data\models\by_symbol\EURUSD\base_models\histgradientboosting_HistGradientBoosting_B4.pkl,histgradientboosting_HistGradientBoosting_B4.pkl,.pkl,0.056,2026-04-27T11:22:51.239269018,nexus_by_symbol
BACKUP\NEXUS_backup\data\models\by_symbol\EURUSD\base_models\adaboost_AdaBoost_B1.pkl,adaboost_AdaBoost_B1.pkl,.pkl,0.048,2026-04-27T11:23:12.588376760,nexus_by_symbol
BACKUP\NEXUS_backup\data\models\by_symbol\EURUSD\base_models\adaboost_AdaBoost_B7.pkl,adaboost_AdaBoost_B7.pkl,.pkl,0.047,2026-04-27T11:24:52.250145197,nexus_by_symbol
BACKUP\NEXUS_backup\data\models\by_symbol\EURUSD\base_models\adaboost_AdaBoost_B4.pkl,adaboost_AdaBoost_B4.pkl,.pkl,0.044,2026-04-27T11:24:07.853657007,nexus_by_symbol
BACKUP\NEXUS_backup\data\models\by_symbol\EURUSD\base_models\adaboost_AdaBoost_B3.pkl,adaboost_AdaBoost_B3.pkl,.pkl,0.035,2026-04-27T11:23:52.004866362,nexus_by_symbol
BACKUP\NEXUS_backup\data\models\by_symbol\EURUSD\base_models\adaboost_AdaBoost_B6.pkl,adaboost_AdaBoost_B6.pkl,.pkl,0.027,2026-04-27T11:24:39.385483742,nexus_by_symbol
BACKUP\NEXUS_backup\data\models\by_symbol\EURUSD\base_models\adaboost_AdaBoost_B9.pkl,adaboost_AdaBoost_B9.pkl,.pkl,0.019,2026-04-27T11:25:10.581669331,nexus_by_symbol
BACKUP\NEXUS_backup\data\models\by_symbol\EURUSD\base_models\bayesianridge_BayesianRidge_B1.pkl,bayesianridge_BayesianRidge_B1.pkl,.pkl,0.002,2026-04-27T11:18:54.948043823,nexus_by_symbol
BACKUP\NEXUS_backup\data\models\by_symbol\EURUSD\base_models\bayesianridge_BayesianRidge_B2.pkl,bayesianridge_BayesianRidge_B2.pkl,.pkl,0.002,2026-04-27T11:18:55.031214952,nexus_by_symbol
BACKUP\NEXUS_backup\data\models\by_symbol\EURUSD\base_models\bayesianridge_BayesianRidge_B3.pkl,bayesianridge_BayesianRidge_B3.pkl,.pkl,0.002,2026-04-27T11:18:55.132211685,nexus_by_symbol
BACKUP\NEXUS_backup\data\models\by_symbol\EURUSD\base_models\bayesianridge_BayesianRidge_B4.pkl,bayesianridge_BayesianRidge_B4.pkl,.pkl,0.002,2026-04-27T11:18:55.188216209,nexus_by_symbol
BACKUP\NEXUS_backup\data\models\by_symbol\EURUSD\base_models\bayesianridge_BayesianRidge_B5.pkl,bayesianridge_BayesianRidge_B5.pkl,.pkl,0.002,2026-04-27T11:18:55.243390083,nexus_by_symbol
BACKUP\NEXUS_backup\data\models\by_symbol\EURUSD\base_models\bayesianridge_BayesianRidge_B6.pkl,bayesianridge_BayesianRidge_B6.pkl,.pkl,0.002,2026-04-27T11:18:55.298803091,nexus_by_symbol
BACKUP\NEXUS_backup\data\models\by_symbol\EURUSD\base_models\bayesianridge_BayesianRidge_B7.pkl,bayesianridge_BayesianRidge_B7.pkl,.pkl,0.002,2026-04-27T11:18:55.353491306,nexus_by_symbol
BACKUP\NEXUS_backup\data\models\by_symbol\EURUSD\base_models\bayesianridge_BayesianRidge_B8.pkl,bayesianridge_BayesianRidge_B8.pkl,.pkl,0.002,2026-04-27T11:18:55.404508352,nexus_by_symbol
BACKUP\NEXUS_backup\data\models\by_symbol\EURUSD\base_models\bayesianridge_BayesianRidge_B9.pkl,bayesianridge_BayesianRidge_B9.pkl,.pkl,0.002,2026-04-27T11:18:55.457514048,nexus_by_symbol
BACKUP\NEXUS_backup\data\models\by_symbol\EURUSD\base_models\svr_SVR_B1.pkl,svr_SVR_B1.pkl,.pkl,0.002,2026-04-27T11:34:06.988618135,nexus_by_symbol
BACKUP\NEXUS_backup\data\models\by_symbol\EURUSD\base_models\svr_SVR_B2.pkl,svr_SVR_B2.pkl,.pkl,0.002,2026-04-27T11:34:07.125877619,nexus_by_symbol
BACKUP\NEXUS_backup\data\models\by_symbol\EURUSD\base_models\svr_SVR_B3.pkl,svr_SVR_B3.pkl,.pkl,0.002,2026-04-27T11:34:07.212944269,nexus_by_symbol
BACKUP\NEXUS_backup\data\models\by_symbol\EURUSD\base_models\svr_SVR_B4.pkl,svr_SVR_B4.pkl,.pkl,0.002,2026-04-27T11:34:07.300154686,nexus_by_symbol
BACKUP\NEXUS_backup\data\models\by_symbol\EURUSD\base_models\svr_SVR_B5.pkl,svr_SVR_B5.pkl,.pkl,0.002,2026-04-27T11:34:07.396216393,nexus_by_symbol
BACKUP\NEXUS_backup\data\models\by_symbol\EURUSD\base_models\svr_SVR_B6.pkl,svr_SVR_B6.pkl,.pkl,0.002,2026-04-27T11:34:07.484271288,nexus_by_symbol
BACKUP\NEXUS_backup\data\models\by_symbol\EURUSD\base_models\svr_SVR_B7.pkl,svr_SVR_B7.pkl,.pkl,0.002,2026-04-27T11:34:07.571165562,nexus_by_symbol
BACKUP\NEXUS_backup\data\models\by_symbol\EURUSD\base_models\svr_SVR_B8.pkl,svr_SVR_B8.pkl,.pkl,0.002,2026-04-27T11:34:07.679645777,nexus_by_symbol
BACKUP\NEXUS_backup\data\models\by_symbol\EURUSD\base_models\svr_SVR_B9.pkl,svr_SVR_B9.pkl,.pkl,0.002,2026-04-27T11:34:07.815378189,nexus_by_symbol
BACKUP\NEXUS_backup\data\models\by_symbol\EURUSD\base_models\elasticnet_ElasticNet_B1.pkl,elasticnet_ElasticNet_B1.pkl,.pkl,0.001,2026-04-27T11:18:54.246535301,nexus_by_symbol
BACKUP\NEXUS_backup\data\models\by_symbol\EURUSD\base_models\elasticnet_ElasticNet_B2.pkl,elasticnet_ElasticNet_B2.pkl,.pkl,0.001,2026-04-27T11:18:54.269535780,nexus_by_symbol
BACKUP\NEXUS_backup\data\models\by_symbol\EURUSD\base_models\elasticnet_ElasticNet_B3.pkl,elasticnet_ElasticNet_B3.pkl,.pkl,0.001,2026-04-27T11:18:54.305546999,nexus_by_symbol
BACKUP\NEXUS_backup\data\models\by_symbol\EURUSD\base_models\elasticnet_ElasticNet_B4.pkl,elasticnet_ElasticNet_B4.pkl,.pkl,0.001,2026-04-27T11:18:54.326549292,nexus_by_symbol
BACKUP\NEXUS_backup\data\models\by_symbol\EURUSD\base_models\elasticnet_ElasticNet_B5.pkl,elasticnet_ElasticNet_B5.pkl,.pkl,0.001,2026-04-27T11:18:54.349433184,nexus_by_symbol
BACKUP\NEXUS_backup\data\models\by_symbol\EURUSD\base_models\elasticnet_ElasticNet_B6.pkl,elasticnet_ElasticNet_B6.pkl,.pkl,0.001,2026-04-27T11:18:54.371465206,nexus_by_symbol
BACKUP\NEXUS_backup\data\models\by_symbol\EURUSD\base_models\elasticnet_ElasticNet_B7.pkl,elasticnet_ElasticNet_B7.pkl,.pkl,0.001,2026-04-27T11:18:54.392417908,nexus_by_symbol
BACKUP\NEXUS_backup\data\models\by_symbol\EURUSD\base_models\elasticnet_ElasticNet_B8.pkl,elasticnet_ElasticNet_B8.pkl,.pkl,0.001,2026-04-27T11:18:54.412396431,nexus_by_symbol
BACKUP\NEXUS_backup\data\models\by_symbol\EURUSD\base_models\elasticnet_ElasticNet_B9.pkl,elasticnet_ElasticNet_B9.pkl,.pkl,0.001,2026-04-27T11:18:54.435706377,nexus_by_symbol
BACKUP\NEXUS_backup\data\models\by_symbol\EURUSD\base_models\lasso_Lasso_B1.pkl,lasso_Lasso_B1.pkl,.pkl,0.001,2026-04-27T11:18:54.026714087,nexus_by_symbol
BACKUP\NEXUS_backup\data\models\by_symbol\EURUSD\base_models\lasso_Lasso_B2.pkl,lasso_Lasso_B2.pkl,.pkl,0.001,2026-04-27T11:18:54.049962759,nexus_by_symbol
BACKUP\NEXUS_backup\data\models\by_symbol\EURUSD\base_models\lasso_Lasso_B3.pkl,lasso_Lasso_B3.pkl,.pkl,0.001,2026-04-27T11:18:54.086683989,nexus_by_symbol
BACKUP\NEXUS_backup\data\models\by_symbol\EURUSD\base_models\lasso_Lasso_B4.pkl,lasso_Lasso_B4.pkl,.pkl,0.001,2026-04-27T11:18:54.109730005,nexus_by_symbol
BACKUP\NEXUS_backup\data\models\by_symbol\EURUSD\base_models\lasso_Lasso_B5.pkl,lasso_Lasso_B5.pkl,.pkl,0.001,2026-04-27T11:18:54.133328914,nexus_by_symbol
BACKUP\NEXUS_backup\data\models\by_symbol\EURUSD\base_models\lasso_Lasso_B6.pkl,lasso_Lasso_B6.pkl,.pkl,0.001,2026-04-27T11:18:54.156622887,nexus_by_symbol
BACKUP\NEXUS_backup\data\models\by_symbol\EURUSD\base_models\lasso_Lasso_B7.pkl,lasso_Lasso_B7.pkl,.pkl,0.001,2026-04-27T11:18:54.182641506,nexus_by_symbol
BACKUP\NEXUS_backup\data\models\by_symbol\EURUSD\base_models\lasso_Lasso_B8.pkl,lasso_Lasso_B8.pkl,.pkl,0.001,2026-04-27T11:18:54.205111980,nexus_by_symbol
BACKUP\NEXUS_backup\data\models\by_symbol\EURUSD\base_models\lasso_Lasso_B9.pkl,lasso_Lasso_B9.pkl,.pkl,0.001,2026-04-27T11:18:54.225548029,nexus_by_symbol
BACKUP\NEXUS_backup\data\models\by_symbol\EURUSD\base_models\linearregression_LinearRegression_B1.pkl,linearregression_LinearRegression_B1.pkl,.pkl,0.001,2026-04-27T11:18:54.477168083,nexus_by_symbol
BACKUP\NEXUS_backup\data\models\by_symbol\EURUSD\base_models\linearregression_LinearRegression_B2.pkl,linearregression_LinearRegression_B2.pkl,.pkl,0.001,2026-04-27T11:18:54.517196177,nexus_by_symbol
BACKUP\NEXUS_backup\data\models\by_symbol\EURUSD\base_models\linearregression_LinearRegression_B3.pkl,linearregression_LinearRegression_B3.pkl,.pkl,0.001,2026-04-27T11:18:54.622734785,nexus_by_symbol
BACKUP\NEXUS_backup\data\models\by_symbol\EURUSD\base_models\linearregression_LinearRegression_B4.pkl,linearregression_LinearRegression_B4.pkl,.pkl,0.001,2026-04-27T11:18:54.673041582,nexus_by_symbol
BACKUP\NEXUS_backup\data\models\by_symbol\EURUSD\base_models\linearregression_LinearRegression_B5.pkl,linearregression_LinearRegression_B5.pkl,.pkl,0.001,2026-04-27T11:18:54.718028545,nexus_by_symbol
BACKUP\NEXUS_backup\data\models\by_symbol\EURUSD\base_models\linearregression_LinearRegression_B6.pkl,linearregression_LinearRegression_B6.pkl,.pkl,0.001,2026-04-27T11:18:54.763029814,nexus_by_symbol
BACKUP\NEXUS_backup\data\models\by_symbol\EURUSD\base_models\linearregression_LinearRegression_B7.pkl,linearregression_LinearRegression_B7.pkl,.pkl,0.001,2026-04-27T11:18:54.806031704,nexus_by_symbol
BACKUP\NEXUS_backup\data\models\by_symbol\EURUSD\base_models\linearregression_LinearRegression_B8.pkl,linearregression_LinearRegression_B8.pkl,.pkl,0.001,2026-04-27T11:18:54.844028711,nexus_by_symbol
BACKUP\NEXUS_backup\data\models\by_symbol\EURUSD\base_models\linearregression_LinearRegression_B9.pkl,linearregression_LinearRegression_B9.pkl,.pkl,0.001,2026-04-27T11:18:54.884033680,nexus_by_symbol
BACKUP\NEXUS_backup\data\models\by_symbol\EURUSD\base_models\ridge_Ridge_B1.pkl,ridge_Ridge_B1.pkl,.pkl,0.001,2026-04-27T11:18:53.750797987,nexus_by_symbol
BACKUP\NEXUS_backup\data\models\by_symbol\EURUSD\base_models\ridge_Ridge_B2.pkl,ridge_Ridge_B2.pkl,.pkl,0.001,2026-04-27T11:18:53.780792236,nexus_by_symbol
BACKUP\NEXUS_backup\data\models\by_symbol\EURUSD\base_models\ridge_Ridge_B3.pkl,ridge_Ridge_B3.pkl,.pkl,0.001,2026-04-27T11:18:53.825776815,nexus_by_symbol
BACKUP\NEXUS_backup\data\models\by_symbol\EURUSD\base_models\ridge_Ridge_B4.pkl,ridge_Ridge_B4.pkl,.pkl,0.001,2026-04-27T11:18:53.853779554,nexus_by_symbol
BACKUP\NEXUS_backup\data\models\by_symbol\EURUSD\base_models\ridge_Ridge_B5.pkl,ridge_Ridge_B5.pkl,.pkl,0.001,2026-04-27T11:18:53.884775400,nexus_by_symbol
BACKUP\NEXUS_backup\data\models\by_symbol\EURUSD\base_models\ridge_Ridge_B6.pkl,ridge_Ridge_B6.pkl,.pkl,0.001,2026-04-27T11:18:53.914697409,nexus_by_symbol
BACKUP\NEXUS_backup\data\models\by_symbol\EURUSD\base_models\ridge_Ridge_B7.pkl,ridge_Ridge_B7.pkl,.pkl,0.001,2026-04-27T11:18:53.946699619,nexus_by_symbol
BACKUP\NEXUS_backup\data\models\by_symbol\EURUSD\base_models\ridge_Ridge_B8.pkl,ridge_Ridge_B8.pkl,.pkl,0.001,2026-04-27T11:18:53.974707603,nexus_by_symbol
BACKUP\NEXUS_backup\data\models\by_symbol\EURUSD\base_models\ridge_Ridge_B9.pkl,ridge_Ridge_B9.pkl,.pkl,0.001,2026-04-27T11:18:54.001076698,nexus_by_symbol
BACKUP\NEXUS_backup\data\models\global\strategies\global_all.pkl,global_all.pkl,.pkl,38.39,2026-04-24T12:15:10.610670328,nexus_global_strategy
BACKUP\NEXUS_backup\data\models\global\strategies\symbol_XTZUSD.pkl,symbol_XTZUSD.pkl,.pkl,31.441,2026-04-24T12:48:05.378131866,nexus_global_strategy
BACKUP\NEXUS_backup\data\models\global\strategies\symbol_EURX.pkl,symbol_EURX.pkl,.pkl,31.129,2026-04-24T12:30:50.333480597,nexus_global_strategy
BACKUP\NEXUS_backup\data\models\global\strategies\symbol_TRXUSD.pkl,symbol_TRXUSD.pkl,.pkl,29.73,2026-04-24T12:40:28.651588917,nexus_global_strategy
BACKUP\NEXUS_backup\data\models\global\strategies\symbol_LINKUSD.pkl,symbol_LINKUSD.pkl,.pkl,29.667,2026-04-24T12:36:36.073244095,nexus_global_strategy
BACKUP\NEXUS_backup\data\models\global\strategies\symbol_XRPUSD.pkl,symbol_XRPUSD.pkl,.pkl,29.59,2026-04-24T12:47:56.092999458,nexus_global_strategy
BACKUP\NEXUS_backup\data\models\global\strategies\symbol_DOTUSD.pkl,symbol_DOTUSD.pkl,.pkl,29.456,2026-04-24T12:26:12.584586620,nexus_global_strategy
BACKUP\NEXUS_backup\data\models\global\strategies\symbol_XLMUSD.pkl,symbol_XLMUSD.pkl,.pkl,29.146,2026-04-24T12:47:18.412081242,nexus_global_strategy
BACKUP\NEXUS_backup\data\models\global\strategies\symbol_JPYX.pkl,symbol_JPYX.pkl,.pkl,28.945,2026-04-24T12:36:10.812502384,nexus_global_strategy
BACKUP\NEXUS_backup\data\models\global\strategies\symbol_COMPUSD.pkl,symbol_COMPUSD.pkl,.pkl,28.368,2026-04-24T12:25:44.560142517,nexus_global_strategy
BACKUP\NEXUS_backup\data\models\global\strategies\symbol_BCHUSD.pkl,symbol_BCHUSD.pkl,.pkl,27.997,2026-04-24T12:23:23.453134537,nexus_global_strategy
BACKUP\NEXUS_backup\data\models\global\strategies\symbol_BNBUSD.pkl,symbol_BNBUSD.pkl,.pkl,27.891,2026-04-24T12:23:36.445305586,nexus_global_strategy
BACKUP\NEXUS_backup\data\models\global\strategies\symbol_UNIUSD.pkl,symbol_UNIUSD.pkl,.pkl,27.838,2026-04-24T12:41:06.552342415,nexus_global_strategy
BACKUP\NEXUS_backup\data\models\global\strategies\symbol_NETH25.pkl,symbol_NETH25.pkl,.pkl,27.692,2026-04-24T12:37:48.462259769,nexus_global_strategy
BACKUP\NEXUS_backup\data\models\global\strategies\symbol_ETHAUD.pkl,symbol_ETHAUD.pkl,.pkl,27.39,2026-04-24T12:26:46.739955902,nexus_global_strategy
BACKUP\NEXUS_backup\data\models\global\strategies\symbol_MATICUSD.pkl,symbol_MATICUSD.pkl,.pkl,27.21,2026-04-24T12:37:01.919668913,nexus_global_strategy
BACKUP\NEXUS_backup\data\models\global\strategies\symbol_KSMUSD.pkl,symbol_KSMUSD.pkl,.pkl,27.132,2026-04-24T12:36:24.596581459,nexus_global_strategy
BACKUP\NEXUS_backup\data\models\global\strategies\symbol_ATMUSD.pkl,symbol_ATMUSD.pkl,.pkl,26.928,2026-04-24T12:21:30.418678761,nexus_global_strategy
BACKUP\NEXUS_backup\data\models\global\strategies\symbol_SWI20-F.pkl,symbol_SWI20-F.pkl,.pkl,26.582,2026-04-24T12:40:01.265604734,nexus_global_strategy
BACKUP\NEXUS_backup\data\models\global\strategies\symbol_SWI20.pkl,symbol_SWI20.pkl,.pkl,26.582,2026-04-24T12:40:15.245591640,nexus_global_strategy
BACKUP\NEXUS_backup\data\models\global\strategies\symbol_ADAUSD.pkl,symbol_ADAUSD.pkl,.pkl,25.891,2026-04-24T12:21:16.052441835,nexus_global_strategy
BACKUP\NEXUS_backup\data\models\global\strategies\symbol_LTCUSD.pkl,symbol_LTCUSD.pkl,.pkl,23.687,2026-04-24T12:36:53.268602848,nexus_global_strategy
BACKUP\NEXUS_backup\data\models\global\strategies\symbol_DOGEUSD.pkl,symbol_DOGEUSD.pkl,.pkl,23.268,2026-04-24T12:25:59.114937782,nexus_global_strategy
BACKUP\NEXUS_backup\data\models\global\strategies\symbol_USDTRY.pkl,symbol_USDTRY.pkl,.pkl,23.237,2026-04-24T12:45:39.431289196,nexus_global_strategy
BACKUP\NEXUS_backup\data\models\global\strategies\symbol_USDCNH.pkl,symbol_USDCNH.pkl,.pkl,22.187,2026-04-24T12:42:50.343110800,nexus_global_strategy
BACKUP\NEXUS_backup\data\models\global\strategies\symbol_USDCHF.pkl,symbol_USDCHF.pkl,.pkl,22.002,2026-04-24T12:42:37.307666540,nexus_global_strategy
BACKUP\NEXUS_backup\data\models\global\strategies\symbol_USDCAD.pkl,symbol_USDCAD.pkl,.pkl,21.979,2026-04-24T12:42:24.348638296,nexus_global_strategy
BACKUP\NEXUS_backup\data\models\global\strategies\symbol_HK50-F.pkl,symbol_HK50-F.pkl,.pkl,21.959,2026-04-24T12:35:28.060072660,nexus_global_strategy
BACKUP\NEXUS_backup\data\models\global\strategies\symbol_HK50.pkl,symbol_HK50.pkl,.pkl,21.959,2026-04-24T12:35:38.162455082,nexus_global_strategy
BACKUP\NEXUS_backup\data\models\global\strategies\symbol_XAUUSD-F.pkl,symbol_XAUUSD-F.pkl,.pkl,21.898,2026-04-24T12:46:52.257359028,nexus_global_strategy
BACKUP\NEXUS_backup\data\models\global\strategies\symbol_XAUUSD.pkl,symbol_XAUUSD.pkl,.pkl,21.898,2026-04-24T12:47:04.760349274,nexus_global_strategy
BACKUP\NEXUS_backup\data\models\global\strategies\symbol_USDILS.pkl,symbol_USDILS.pkl,.pkl,21.791,2026-04-24T12:43:50.899986744,nexus_global_strategy
BACKUP\NEXUS_backup\data\models\global\strategies\symbol_USDTHB.pkl,symbol_USDTHB.pkl,.pkl,21.788,2026-04-24T12:45:27.465353489,nexus_global_strategy
BACKUP\NEXUS_backup\data\models\global\strategies\symbol_EURHUF.pkl,symbol_EURHUF.pkl,.pkl,21.719,2026-04-24T12:28:28.240589380,nexus_global_strategy
BACKUP\NEXUS_backup\data\models\global\strategies\symbol_UK100-F.pkl,symbol_UK100-F.pkl,.pkl,21.668,2026-04-24T12:40:41.339177132,nexus_global_strategy
BACKUP\NEXUS_backup\data\models\global\strategies\symbol_UK100.pkl,symbol_UK100.pkl,.pkl,21.668,2026-04-24T12:40:53.752891064,nexus_global_strategy
BACKUP\NEXUS_backup\data\models\global\strategies\symbol_USDJPY.pkl,symbol_USDJPY.pkl,.pkl,21.641,2026-04-24T12:44:02.771282434,nexus_global_strategy
BACKUP\NEXUS_backup\data\models\global\strategies\symbol_USDDKK.pkl,symbol_USDDKK.pkl,.pkl,21.594,2026-04-24T12:43:15.991109133,nexus_global_strategy
BACKUP\NEXUS_backup\data\models\global\strategies\symbol_GBPUSD.pkl,symbol_GBPUSD.pkl,.pkl,21.555,2026-04-24T12:34:52.725784302,nexus_global_strategy
BACKUP\NEXUS_backup\data\models\global\strategies\symbol_USDSGD.pkl,symbol_USDSGD.pkl,.pkl,21.549,2026-04-24T12:45:15.567972898,nexus_global_strategy
BACKUP\NEXUS_backup\data\models\global\strategies\symbol_GER40-F.pkl,symbol_GER40-F.pkl,.pkl,21.539,2026-04-24T12:35:04.387864351,nexus_global_strategy
BACKUP\NEXUS_backup\data\models\global\strategies\symbol_GER40.pkl,symbol_GER40.pkl,.pkl,21.539,2026-04-24T12:35:14.751935959,nexus_global_strategy
BACKUP\NEXUS_backup\data\models\global\strategies\symbol_USDX-F.pkl,symbol_USDX-F.pkl,.pkl,21.539,2026-04-24T12:45:51.223271847,nexus_global_strategy
BACKUP\NEXUS_backup\data\models\global\strategies\symbol_USDX.pkl,symbol_USDX.pkl,.pkl,21.539,2026-04-24T12:46:03.168335915,nexus_global_strategy
BACKUP\NEXUS_backup\data\models\global\strategies\symbol_EURCAD.pkl,symbol_EURCAD.pkl,.pkl,21.509,2026-04-24T12:27:12.170125961,nexus_global_strategy
BACKUP\NEXUS_backup\data\models\global\strategies\symbol_CADCHF.pkl,symbol_CADCHF.pkl,.pkl,21.479,2026-04-24T12:24:15.218197584,nexus_global_strategy
BACKUP\NEXUS_backup\data\models\global\strategies\symbol_SGDJPY.pkl,symbol_SGDJPY.pkl,.pkl,21.456,2026-04-24T12:39:23.631003618,nexus_global_strategy
BACKUP\NEXUS_backup\data\models\global\strategies\symbol_XPTUSD.pkl,symbol_XPTUSD.pkl,.pkl,21.393,2026-04-24T12:47:42.547353745,nexus_global_strategy
BACKUP\NEXUS_backup\data\models\global\strategies\symbol_NZDCAD.pkl,symbol_NZDCAD.pkl,.pkl,21.379,2026-04-24T12:38:01.645704508,nexus_global_strategy
BACKUP\NEXUS_backup\data\models\global\strategies\symbol_USDPLN.pkl,symbol_USDPLN.pkl,.pkl,21.36,2026-04-24T12:44:40.215798616,nexus_global_strategy
BACKUP\NEXUS_backup\data\models\global\strategies\symbol_EURCHF.pkl,symbol_EURCHF.pkl,.pkl,21.309,2026-04-24T12:27:24.518335581,nexus_global_strategy
BACKUP\NEXUS_backup\data\models\global\strategies\symbol_US2000.pkl,symbol_US2000.pkl,.pkl,21.262,2026-04-24T12:41:18.082808018,nexus_global_strategy
BACKUP\NEXUS_backup\data\models\global\strategies\symbol_SHBUSD.pkl,symbol_SHBUSD.pkl,.pkl,21.225,2026-04-24T12:39:37.138405561,nexus_global_strategy
BACKUP\NEXUS_backup\data\models\global\strategies\symbol_JPN225-F.pkl,symbol_JPN225-F.pkl,.pkl,21.199,2026-04-24T12:35:49.028652668,nexus_global_strategy
BACKUP\NEXUS_backup\data\models\global\strategies\symbol_JPN225.pkl,symbol_JPN225.pkl,.pkl,21.199,2026-04-24T12:35:59.511237621,nexus_global_strategy
BACKUP\NEXUS_backup\data\models\global\strategies\symbol_USDMXN.pkl,symbol_USDMXN.pkl,.pkl,21.199,2026-04-24T12:44:15.378601074,nexus_global_strategy
BACKUP\NEXUS_backup\data\models\global\strategies\symbol_EURJPY.pkl,symbol_EURJPY.pkl,.pkl,21.179,2026-04-24T12:28:42.447674036,nexus_global_strategy
BACKUP\NEXUS_backup\data\models\global\strategies\symbol_USDZAR.pkl,symbol_USDZAR.pkl,.pkl,21.1,2026-04-24T12:46:15.329485893,nexus_global_strategy
BACKUP\NEXUS_backup\data\models\global\strategies\symbol_NZDJPY.pkl,symbol_NZDJPY.pkl,.pkl,21.085,2026-04-24T12:38:27.703163385,nexus_global_strategy
BACKUP\NEXUS_backup\data\models\global\strategies\symbol_US30-F.pkl,symbol_US30-F.pkl,.pkl,21.085,2026-04-24T12:41:30.006787777,nexus_global_strategy
BACKUP\NEXUS_backup\data\models\global\strategies\symbol_US30.pkl,symbol_US30.pkl,.pkl,21.085,2026-04-24T12:41:44.116656542,nexus_global_strategy
BACKUP\NEXUS_backup\data\models\global\strategies\symbol_EURNZD.pkl,symbol_EURNZD.pkl,.pkl,21.051,2026-04-24T12:29:24.977444887,nexus_global_strategy
BACKUP\NEXUS_backup\data\models\global\strategies\symbol_AUDNZD.pkl,symbol_AUDNZD.pkl,.pkl,21.038,2026-04-24T12:22:20.353628635,nexus_global_strategy
BACKUP\NEXUS_backup\data\models\global\strategies\symbol_AUDJPY.pkl,symbol_AUDJPY.pkl,.pkl,20.999,2026-04-24T12:22:06.777050734,nexus_global_strategy
BACKUP\NEXUS_backup\data\models\global\strategies\symbol_XPDUSD.pkl,symbol_XPDUSD.pkl,.pkl,20.982,2026-04-24T12:47:30.616140604,nexus_global_strategy
BACKUP\NEXUS_backup\data\models\global\strategies\symbol_EURPLN.pkl,symbol_EURPLN.pkl,.pkl,20.98,2026-04-24T12:29:39.489273071,nexus_global_strategy
BACKUP\NEXUS_backup\data\models\global\strategies\symbol_NZDCHF.pkl,symbol_NZDCHF.pkl,.pkl,20.945,2026-04-24T12:38:15.031179428,nexus_global_strategy
BACKUP\NEXUS_backup\data\models\global\strategies\symbol_AUDCAD.pkl,symbol_AUDCAD.pkl,.pkl,20.94,2026-04-24T12:21:41.657995701,nexus_global_strategy
BACKUP\NEXUS_backup\data\models\global\strategies\symbol_EURGBP.pkl,symbol_EURGBP.pkl,.pkl,20.931,2026-04-24T12:28:11.607300282,nexus_global_strategy
BACKUP\NEXUS_backup\data\models\global\strategies\symbol_USDHUF.pkl,symbol_USDHUF.pkl,.pkl,20.916,2026-04-24T12:43:39.959249973,nexus_global_strategy
BACKUP\NEXUS_backup\data\models\global\strategies\symbol_USDNOK.pkl,symbol_USDNOK.pkl,.pkl,20.894,2026-04-24T12:44:28.212255478,nexus_global_strategy
BACKUP\NEXUS_backup\data\models\global\strategies\symbol_EUSTX50-F.pkl,symbol_EUSTX50-F.pkl,.pkl,20.811,2026-04-24T12:31:19.917262793,nexus_global_strategy
BACKUP\NEXUS_backup\data\models\global\strategies\symbol_EUSTX50.pkl,symbol_EUSTX50.pkl,.pkl,20.811,2026-04-24T12:31:34.000242710,nexus_global_strategy
BACKUP\NEXUS_backup\data\models\global\strategies\symbol_USDSEK.pkl,symbol_USDSEK.pkl,.pkl,20.805,2026-04-24T12:45:03.673971415,nexus_global_strategy
BACKUP\NEXUS_backup\data\models\global\strategies\symbol_CN50.pkl,symbol_CN50.pkl,.pkl,20.797,2026-04-24T12:25:29.609650612,nexus_global_strategy
BACKUP\NEXUS_backup\data\models\global\strategies\symbol_EURCZK.pkl,symbol_EURCZK.pkl,.pkl,20.797,2026-04-24T12:27:41.919939995,nexus_global_strategy
BACKUP\NEXUS_backup\data\models\global\strategies\symbol_GBPAUD.pkl,symbol_GBPAUD.pkl,.pkl,20.761,2026-04-24T12:32:15.998345137,nexus_global_strategy
BACKUP\NEXUS_backup\data\models\global\strategies\symbol_XAGUSD-F.pkl,symbol_XAGUSD-F.pkl,.pkl,20.758,2026-04-24T12:46:27.250241755,nexus_global_strategy
BACKUP\NEXUS_backup\data\models\global\strategies\symbol_XAGUSD.pkl,symbol_XAGUSD.pkl,.pkl,20.758,2026-04-24T12:46:39.775537729,nexus_global_strategy
BACKUP\NEXUS_backup\data\models\global\strategies\symbol_USDRON.pkl,symbol_USDRON.pkl,.pkl,20.677,2026-04-24T12:44:51.016657828,nexus_global_strategy
BACKUP\NEXUS_backup\data\models\global\strategies\symbol_SCI25.pkl,symbol_SCI25.pkl,.pkl,20.676,2026-04-24T12:39:09.575319290,nexus_global_strategy
BACKUP\NEXUS_backup\data\models\global\strategies\symbol_CADJPY.pkl,symbol_CADJPY.pkl,.pkl,20.674,2026-04-24T12:24:27.671909094,nexus_global_strategy
BACKUP\NEXUS_backup\data\models\global\strategies\symbol_GBPJPY.pkl,symbol_GBPJPY.pkl,.pkl,20.597,2026-04-24T12:33:04.800143719,nexus_global_strategy
BACKUP\NEXUS_backup\data\models\global\strategies\symbol_NZDUSD.pkl,symbol_NZDUSD.pkl,.pkl,20.597,2026-04-24T12:38:56.262305021,nexus_global_strategy
BACKUP\NEXUS_backup\data\models\global\strategies\symbol_ZARJPY.pkl,symbol_ZARJPY.pkl,.pkl,20.57,2026-04-24T12:48:16.906281710,nexus_global_strategy
BACKUP\NEXUS_backup\data\models\global\strategies\symbol_GBPCHF.pkl,symbol_GBPCHF.pkl,.pkl,20.564,2026-04-24T12:32:49.185227394,nexus_global_strategy
BACKUP\NEXUS_backup\data\models\global\strategies\symbol_EURAUD.pkl,symbol_EURAUD.pkl,.pkl,20.54,2026-04-24T12:26:59.942075968,nexus_global_strategy
BACKUP\NEXUS_backup\data\models\global\strategies\symbol_USDCZK.pkl,symbol_USDCZK.pkl,.pkl,20.522,2026-04-24T12:43:03.153439045,nexus_global_strategy
BACKUP\NEXUS_backup\data\models\global\strategies\symbol_GBPNZD.pkl,symbol_GBPNZD.pkl,.pkl,20.506,2026-04-24T12:34:39.889171600,nexus_global_strategy
BACKUP\NEXUS_backup\data\models\global\strategies\symbol_NAS100-F.pkl,symbol_NAS100-F.pkl,.pkl,20.474,2026-04-24T12:37:19.432440042,nexus_global_strategy
BACKUP\NEXUS_backup\data\models\global\strategies\symbol_NAS100.pkl,symbol_NAS100.pkl,.pkl,20.474,2026-04-24T12:37:33.277317286,nexus_global_strategy
BACKUP\NEXUS_backup\data\models\global\strategies\symbol_US500-F.pkl,symbol_US500-F.pkl,.pkl,20.41,2026-04-24T12:41:57.218748093,nexus_global_strategy
BACKUP\NEXUS_backup\data\models\global\strategies\symbol_US500.pkl,symbol_US500.pkl,.pkl,20.41,2026-04-24T12:42:10.387012005,nexus_global_strategy
BACKUP\NEXUS_backup\data\models\global\strategies\symbol_AUDUSD.pkl,symbol_AUDUSD.pkl,.pkl,20.4,2026-04-24T12:22:53.059041977,nexus_global_strategy
BACKUP\NEXUS_backup\data\models\global\strategies\symbol_AUDCHF.pkl,symbol_AUDCHF.pkl,.pkl,20.387,2026-04-24T12:21:55.533753157,nexus_global_strategy
BACKUP\NEXUS_backup\data\models\global\strategies\symbol_CHFSGD.pkl,symbol_CHFSGD.pkl,.pkl,20.246,2026-04-24T12:25:02.870734215,nexus_global_strategy
BACKUP\NEXUS_backup\data\models\global\strategies\symbol_EURSGD.pkl,symbol_EURSGD.pkl,.pkl,20.213,2026-04-24T12:30:09.022537231,nexus_global_strategy
BACKUP\NEXUS_backup\data\models\global\strategies\symbol_SPA35.pkl,symbol_SPA35.pkl,.pkl,20.085,2026-04-24T12:39:49.231328726,nexus_global_strategy
BACKUP\NEXUS_backup\data\models\global\strategies\symbol_AUDSGD.pkl,symbol_AUDSGD.pkl,.pkl,19.94,2026-04-24T12:22:37.142017126,nexus_global_strategy
BACKUP\NEXUS_backup\data\models\global\strategies\symbol_GBPCAD.pkl,symbol_GBPCAD.pkl,.pkl,19.076,2026-04-24T12:32:33.542024851,nexus_global_strategy
BACKUP\NEXUS_backup\data\models\global\strategies\symbol_AUS200.pkl,symbol_AUS200.pkl,.pkl,19.06,2026-04-24T12:23:08.320225477,nexus_global_strategy
BACKUP\NEXUS_backup\data\models\global\strategies\symbol_USDHKD.pkl,symbol_USDHKD.pkl,.pkl,19.031,2026-04-24T12:43:28.013118267,nexus_global_strategy
BACKUP\NEXUS_backup\data\models\global\strategies\symbol_EURNOK.pkl,symbol_EURNOK.pkl,.pkl,19.005,2026-04-24T12:29:09.548183918,nexus_global_strategy
BACKUP\NEXUS_backup\data\models\global\strategies\symbol_CHFJPY.pkl,symbol_CHFJPY.pkl,.pkl,18.964,2026-04-24T12:24:39.239897966,nexus_global_strategy
BACKUP\NEXUS_backup\data\models\global\strategies\symbol_CHINAH.pkl,symbol_CHINAH.pkl,.pkl,18.932,2026-04-24T12:25:15.748110056,nexus_global_strategy
BACKUP\NEXUS_backup\data\models\global\strategies\symbol_EURSEK.pkl,symbol_EURSEK.pkl,.pkl,18.809,2026-04-24T12:29:54.303977489,nexus_global_strategy
BACKUP\NEXUS_backup\data\models\global\strategies\symbol_FRA40-F.pkl,symbol_FRA40-F.pkl,.pkl,18.248,2026-04-24T12:31:48.892024994,nexus_global_strategy
BACKUP\NEXUS_backup\data\models\global\strategies\symbol_FRA40.pkl,symbol_FRA40.pkl,.pkl,18.248,2026-04-24T12:32:00.854554176,nexus_global_strategy
BACKUP\NEXUS_backup\data\models\global\strategies\symbol_NZDSGD.pkl,symbol_NZDSGD.pkl,.pkl,18.001,2026-04-24T12:38:37.543402672,nexus_global_strategy
BACKUP\NEXUS_backup\data\models\global\strategies\symbol_BTCAUD.pkl,symbol_BTCAUD.pkl,.pkl,17.651,2026-04-24T12:23:49.108008385,nexus_global_strategy
BACKUP\NEXUS_backup\data\models\global\strategies\symbol_CA60.pkl,symbol_CA60.pkl,.pkl,17.57,2026-04-24T12:24:00.166274309,nexus_global_strategy
BACKUP\NEXUS_backup\data\models\global\strategies\symbol_EURTRY.pkl,symbol_EURTRY.pkl,.pkl,17.192,2026-04-24T12:30:20.159879208,nexus_global_strategy
BACKUP\NEXUS_backup\data\models\global\strategies\symbol_EURDKK.pkl,symbol_EURDKK.pkl,.pkl,15.019,2026-04-24T12:27:55.575226307,nexus_global_strategy
BACKUP\NEXUS_backup\data\models\global\strategies\symbol_ETCUSD.pkl,symbol_ETCUSD.pkl,.pkl,14.869,2026-04-24T12:26:27.571501255,nexus_global_strategy
BACKUP\NEXUS_backup\data\models\global\strategies\symbol_MXNJPY.pkl,symbol_MXNJPY.pkl,.pkl,12.668,2026-04-24T12:37:07.605443716,nexus_global_strategy
BACKUP\NEXUS_backup\data\models\global\strategies\symbol_AUDPLN.pkl,symbol_AUDPLN.pkl,.pkl,10.239,2026-04-24T12:22:25.009050131,nexus_global_strategy
BACKUP\NEXUS_backup\data\models\global\strategies\symbol_EURMXN.pkl,symbol_EURMXN.pkl,.pkl,9.671,2026-04-24T12:28:53.715681553,nexus_global_strategy
BACKUP\NEXUS_backup\data\models\global\strategies\symbol_CHFPLN.pkl,symbol_CHFPLN.pkl,.pkl,9.115,2026-04-24T12:24:45.082932234,nexus_global_strategy
BACKUP\NEXUS_backup\data\models\global\strategies\symbol_EURZAR.pkl,symbol_EURZAR.pkl,.pkl,8.985,2026-04-24T12:30:58.620490074,nexus_global_strategy
BACKUP\NEXUS_backup\data\models\global\strategies\pullback_ml.pkl,pullback_ml.pkl,.pkl,0.523,2026-04-24T15:26:31.364122152,nexus_global_strategy
BACKUP\NEXUS_backup\data\models\global\strategies\ichimoku_ml.pkl,ichimoku_ml.pkl,.pkl,0.518,2026-04-24T15:25:52.525043488,nexus_global_strategy
BACKUP\NEXUS_backup\data\models\global\strategies\hvn_ml.pkl,hvn_ml.pkl,.pkl,0.515,2026-04-24T15:26:11.946998358,nexus_global_strategy
BACKUP\NEXUS_backup\data\models\global\strategies\momentum_ml.pkl,momentum_ml.pkl,.pkl,0.503,2026-04-24T16:20:31.287873507,nexus_global_strategy
BACKUP\NEXUS_backup\data\models\global\direction\direction_mtf.pkl,direction_mtf.pkl,.pkl,0.5,2026-04-24T16:17:17.650100470,nexus_global_strategy
BACKUP\NEXUS_backup\data\models\global\regime\regime_forex.pkl,regime_forex.pkl,.pkl,0.203,2026-04-27T00:27:27.288268805,nexus_global_strategy
BACKUP\NEXUS_backup\data\models\global\direction\direction_forex.pkl,direction_forex.pkl,.pkl,0.165,2026-04-27T00:27:27.293524504,nexus_global_strategy
BACKUP\NEXUS_backup\data\models\global\direction\direction_forex_D1.pkl,direction_forex_D1.pkl,.pkl,0.044,2026-04-27T02:18:23.596345663,nexus_global_strategy
BACKUP\NEXUS_backup\data\models\global\regime\regime_forex_D1.pkl,regime_forex_D1.pkl,.pkl,0.029,2026-04-27T02:18:23.581646919,nexus_global_strategy
BACKUP\PROJETO_QLIB_FINAL\omnis_model_eurusd_m5.pkl,omnis_model_eurusd_m5.pkl,.pkl,1.439,2026-04-19T23:32:16.184429646,qlib_baseline
BACKUP\OMNIS\EXECUÇÃO\models\qlib\qlib_forex_model.pkl,qlib_forex_model.pkl,.pkl,0.964,2026-04-03T11:53:12.775590897,qlib_baseline
BACKUP\OMNIS\EXECUÇÃO\models\qlib\qlib_crypto_model.pkl,qlib_crypto_model.pkl,.pkl,0.945,2026-04-03T11:53:04.191347837,qlib_baseline
BACKUP\OMNIS\EXECUÇÃO\models\qlib\qlib_metals_model.pkl,qlib_metals_model.pkl,.pkl,0.934,2026-04-03T11:53:13.565907717,qlib_baseline
BACKUP\OMNIS\EXECUÇÃO\models\qlib\qlib_xgboost_model.pkl,qlib_xgboost_model.pkl,.pkl,0.475,2026-04-22T02:49:52.147454500,qlib_baseline
BACKUP\QLIB\modelo_balanceado_lightgbm.pkl,modelo_balanceado_lightgbm.pkl,.pkl,0.373,2026-05-01T12:40:48.819863796,qlib_baseline
BACKUP\OMNIS\EXECUÇÃO\models\qlib\qlib_model.pkl,qlib_model.pkl,.pkl,0.252,2026-04-03T04:53:31.819506884,qlib_baseline
BACKUP\QLIB\modelo_alpha158_sucesso.pkl,modelo_alpha158_sucesso.pkl,.pkl,0.009,2026-05-01T01:51:57.302420378,qlib_baseline
BACKUP\OMNIS\EXECUÇÃO\models\qlib\qlib_crypto_scaler.pkl,qlib_crypto_scaler.pkl,.pkl,0.001,2026-04-03T11:53:04.191347837,qlib_baseline
BACKUP\OMNIS\EXECUÇÃO\models\qlib\qlib_forex_scaler.pkl,qlib_forex_scaler.pkl,.pkl,0.001,2026-04-03T11:53:12.775590897,qlib_baseline
BACKUP\OMNIS\EXECUÇÃO\models\qlib\qlib_metadata.pkl,qlib_metadata.pkl,.pkl,0.001,2026-04-22T02:49:52.152231216,qlib_baseline
BACKUP\OMNIS\EXECUÇÃO\models\qlib\qlib_metals_scaler.pkl,qlib_metals_scaler.pkl,.pkl,0.001,2026-04-03T11:53:13.566907883,qlib_baseline
BACKUP\OMNIS\EXECUÇÃO\models\qlib\qlib_scaler.pkl,qlib_scaler.pkl,.pkl,0.001,2026-04-22T02:49:52.149466515,qlib_baseline
BACKUP\OMNIS\EXECUÇÃO\models\qlib\qlib_crypto_labelencoder.pkl,qlib_crypto_labelencoder.pkl,.pkl,0.0,2026-04-03T11:53:04.192347527,qlib_baseline
BACKUP\OMNIS\EXECUÇÃO\models\qlib\qlib_forex_labelencoder.pkl,qlib_forex_labelencoder.pkl,.pkl,0.0,2026-04-03T11:53:12.775590897,qlib_baseline
BACKUP\OMNIS\EXECUÇÃO\models\qlib\qlib_metals_labelencoder.pkl,qlib_metals_labelencoder.pkl,.pkl,0.0,2026-04-03T11:53:13.567908525,qlib_baseline
BACKUP\omnis_backup_\models\meta\candles_model.pkl,candles_model.pkl,.pkl,7.988,2026-02-16T18:14:27.278497458,unknown
BACKUP\omnis_backup_\models\meta\orderflow_model.pkl,orderflow_model.pkl,.pkl,5.995,2026-02-27T18:05:11.918715,unknown
BACKUP\OMNIS\EXECUÇÃO\models\trained\omnis_v2_M15.pkl,omnis_v2_M15.pkl,.pkl,5.235,2026-04-05T03:10:54.490807056,unknown
BACKUP\OMNIS_v1_20260304_134715\models\trained\trend_model.pkl,trend_model.pkl,.pkl,5.055,2026-03-03T12:46:56.385768414,unknown
BACKUP\OMNIS_v1_20260304_134715\models\trained\candles_model.pkl,candles_model.pkl,.pkl,5.021,2026-03-03T16:37:45.979797602,unknown
BACKUP\OMNIS_v1_20260304_134715\models\trained\orderflow_model.pkl,orderflow_model.pkl,.pkl,4.983,2026-03-03T15:49:48.928512096,unknown
BACKUP\OMNIS_v1_20260304_134715\models\trained\pullback_model.pkl,pullback_model.pkl,.pkl,4.976,2026-03-03T17:16:09.858559132,unknown
BACKUP\omnis_backup_\models\meta\trend_model.pkl,trend_model.pkl,.pkl,4.975,2026-02-27T18:04:06.849644184,unknown
BACKUP\OMNIS_v1_20260304_134715\models\trained\quant_model.pkl,quant_model.pkl,.pkl,4.953,2026-03-03T19:13:54.170179129,unknown
BACKUP\OMNIS_v1_20260304_134715\models\trained\volatility_model.pkl,volatility_model.pkl,.pkl,4.949,2026-03-03T18:45:37.001876116,unknown
BACKUP\omnis_backup_\models\meta\volatility_model.pkl,volatility_model.pkl,.pkl,4.817,2026-02-27T18:03:12.790065050,unknown
BACKUP\OMNIS\EXECUÇÃO\models\trained\omnis_v2_H1.pkl,omnis_v2_H1.pkl,.pkl,4.773,2026-04-05T03:13:21.638708115,unknown
BACKUP\OMNIS_v1_20260304_134715\models\trained\sr_model.pkl,sr_model.pkl,.pkl,4.749,2026-03-03T18:48:49.127979039,unknown
BACKUP\OMNIS\EXECUÇÃO\models\trained\omnis_v2_D1.pkl,omnis_v2_D1.pkl,.pkl,4.347,2026-04-05T03:15:09.810385466,unknown
BACKUP\OMNIS\EXECUÇÃO\models\trained\omnis_v2_classifier.pkl,omnis_v2_classifier.pkl,.pkl,4.213,2026-04-02T22:56:49.383864403,unknown
BACKUP\omnis_backup_\models\backup2\candles_model.pkl,candles_model.pkl,.pkl,4.04,2026-01-24T22:48:07,unknown
BACKUP\omnis_backup_\models\meta\backup_before_improvements\candles_model.pkl,candles_model.pkl,.pkl,4.039,2026-01-24T22:48:07,unknown
BACKUP\OMNIS_v1_20260304_134715\models\trained\backup\candles_model.pkl,candles_model.pkl,.pkl,4.039,2026-01-24T22:48:07,unknown
BACKUP\OMNIS_Copia\modelos_trading\models\microstructure_expert_random_forest.pkl,microstructure_expert_random_forest.pkl,.pkl,3.838,2026-03-22T12:46:56.936904669,unknown
BACKUP\OMNIS_Copia\modelos_trading\models\ichimoku_expert_random_forest.pkl,ichimoku_expert_random_forest.pkl,.pkl,3.807,2026-03-22T12:46:49.869213581,unknown
BACKUP\omnis_backup_\models\meta\sr_model.pkl,sr_model.pkl,.pkl,3.803,2026-02-27T18:05:41.232164383,unknown
BACKUP\OMNIS_Copia\modelos_trading\models\fibonacci_expert_random_forest.pkl,fibonacci_expert_random_forest.pkl,.pkl,3.763,2026-03-22T12:46:44.822125196,unknown
BACKUP\OMNIS_Copia\modelos_trading\models\volume_expert_random_forest.pkl,volume_expert_random_forest.pkl,.pkl,3.56,2026-03-22T12:47:22.907023907,unknown
BACKUP\OMNIS_Copia\modelos_trading\models\pullback_hunter_random_forest.pkl,pullback_hunter_random_forest.pkl,.pkl,3.401,2026-03-22T12:45:30.382067204,unknown
BACKUP\OMNIS_Copia\modelos_trading\models\volatility_gauge_random_forest.pkl,volatility_gauge_random_forest.pkl,.pkl,3.254,2026-03-22T12:45:06.443531513,unknown
BACKUP\OMNIS_Copia\modelos_trading\models\trend_master_random_forest.pkl,trend_master_random_forest.pkl,.pkl,3.204,2026-03-22T12:44:51.839607,unknown
BACKUP\OMNIS_Copia\modelos_trading\models\swing_expert_random_forest.pkl,swing_expert_random_forest.pkl,.pkl,3.198,2026-03-22T12:47:18.258729696,unknown
BACKUP\OMNIS_Copia\modelos_trading\models\stats_quant_random_forest.pkl,stats_quant_random_forest.pkl,.pkl,3.134,2026-03-22T12:46:09.143044710,unknown
BACKUP\OMNIS_Copia\modelos_trading\models\zone_mapper_random_forest.pkl,zone_mapper_random_forest.pkl,.pkl,3.131,2026-03-22T12:45:21.221005917,unknown
BACKUP\omnis_backup_\models\meta\backup_before_improvements\sr_model.pkl,sr_model.pkl,.pkl,2.874,2026-01-24T22:48:07,unknown
BACKUP\OMNIS_v1_20260304_134715\models\trained\backup\sr_model.pkl,sr_model.pkl,.pkl,2.874,2026-01-24T22:48:07,unknown
BACKUP\omnis_backup_\models\meta\backup_before_improvements\trend_model.pkl,trend_model.pkl,.pkl,2.865,2026-01-24T22:48:07,unknown
BACKUP\OMNIS_v1_20260304_134715\models\trained\backup\trend_model.pkl,trend_model.pkl,.pkl,2.865,2026-01-24T22:48:07,unknown
BACKUP\omnis_backup_\models\backup2\sr_model.pkl,sr_model.pkl,.pkl,2.838,2026-01-24T22:48:07,unknown
BACKUP\omnis_backup_\models\backup2\trend_model.pkl,trend_model.pkl,.pkl,2.82,2026-01-24T22:48:07,unknown
BACKUP\OMNIS_Copia\modelos_trading\models\flow_aggressor_random_forest.pkl,flow_aggressor_random_forest.pkl,.pkl,2.819,2026-03-22T12:45:42.499258518,unknown
BACKUP\omnis_backup_\models\backup2\volatility_model.pkl,volatility_model.pkl,.pkl,2.799,2026-01-24T22:48:07,unknown
BACKUP\omnis_backup_\models\meta\backup_before_improvements\volatility_model.pkl,volatility_model.pkl,.pkl,2.76,2026-01-24T22:48:07,unknown
BACKUP\OMNIS_v1_20260304_134715\models\trained\backup\volatility_model.pkl,volatility_model.pkl,.pkl,2.76,2026-01-24T22:48:07,unknown
BACKUP\OMNIS_Copia\modelos_trading\models\momentum_expert_random_forest.pkl,momentum_expert_random_forest.pkl,.pkl,2.678,2026-03-22T12:47:06.674184084,unknown
BACKUP\OMNIS_Copia\modelos_trading\models\risk_guardian_random_forest.pkl,risk_guardian_random_forest.pkl,.pkl,2.55,2026-03-22T12:45:51.270698547,unknown
BACKUP\OMNIS_Copia\modelos_trading\models\market_microstructure_expert_random_forest.pkl,market_microstructure_expert_random_forest.pkl,.pkl,2.538,2026-03-22T12:46:52.078905582,unknown
BACKUP\OMNIS_Copia\modelos_trading\models\stochastic_expert_random_forest.pkl,stochastic_expert_random_forest.pkl,.pkl,2.53,2026-03-22T12:47:13.590190887,unknown
BACKUP\OMNIS_Copia\modelos_trading\models\correlation_expert_random_forest.pkl,correlation_expert_random_forest.pkl,.pkl,2.446,2026-03-22T12:46:40.802378893,unknown
BACKUP\OMNIS_Copia\modelos_trading\models\pattern_trigger_random_forest.pkl,pattern_trigger_random_forest.pkl,.pkl,2.325,2026-03-22T12:44:42.323348045,unknown
BACKUP\OMNIS_Copia\modelos_trading\models\exhaustion_detector_random_forest.pkl,exhaustion_detector_random_forest.pkl,.pkl,2.187,2026-03-22T12:45:59.971846819,unknown
BACKUP\OMNIS_Copia\modelos_trading\models\candlestick_expert_random_forest.pkl,candlestick_expert_random_forest.pkl,.pkl,2.047,2026-03-22T12:46:19.089922190,unknown
BACKUP\NEXUS\models\alpha158_best.joblib,alpha158_best.joblib,.joblib,1.889,2026-05-02T09:56:02.408227205,unknown
BACKUP\OMNIS\EXECUÇÃO\models\trained\forex\asset_models\GBPUSD_MULTI_TF.pkl,GBPUSD_MULTI_TF.pkl,.pkl,1.696,2026-03-27T15:56:21.111806154,unknown
BACKUP\OMNIS\EXECUÇÃO\models\trained\forex\super_models\OMNIS_SUPER_GLOBAL.pkl,OMNIS_SUPER_GLOBAL.pkl,.pkl,1.668,2026-03-27T15:57:50.820003986,unknown
BACKUP\OMNIS_v1_20260304_134715\models\trained\reversal_model.pkl,reversal_model.pkl,.pkl,1.667,2026-03-03T14:56:39.562305212,unknown
BACKUP\OMNIS_Copia\modelos_trading\models\ml_expert_random_forest.pkl,ml_expert_random_forest.pkl,.pkl,1.661,2026-03-22T12:47:03.476543903,unknown
BACKUP\omnis_backup_\models\meta\sell_detector_model.pkl,sell_detector_model.pkl,.pkl,1.66,2026-01-24T22:48:07,unknown
BACKUP\OMNIS_v1_20260304_134715\models\trained\sell_detector_model.pkl,sell_detector_model.pkl,.pkl,1.66,2026-01-24T22:48:07,unknown
BACKUP\OMNIS\EXECUÇÃO\models\trained\forex\asset_models\USDCHF_MULTI_TF.pkl,USDCHF_MULTI_TF.pkl,.pkl,1.644,2026-03-27T15:56:34.154809952,unknown
BACKUP\OMNIS\EXECUÇÃO\models\trained\forex\asset_models\AUDUSD_MULTI_TF.pkl,AUDUSD_MULTI_TF.pkl,.pkl,1.574,2026-03-27T15:55:42.237061262,unknown
BACKUP\OMNIS\EXECUÇÃO\models\trained\forex\asset_models\AUDJPY_MULTI_TF.pkl,AUDJPY_MULTI_TF.pkl,.pkl,1.572,2026-03-27T15:55:37.599642992,unknown
BACKUP\OMNIS\EXECUÇÃO\models\trained\forex\asset_models\EURJPY_MULTI_TF.pkl,EURJPY_MULTI_TF.pkl,.pkl,1.452,2026-03-27T15:56:00.847717285,unknown
BACKUP\OMNIS\EXECUÇÃO\models\trained\forex\asset_models\GBPJPY_MULTI_TF.pkl,GBPJPY_MULTI_TF.pkl,.pkl,1.421,2026-03-27T15:56:16.793671370,unknown
BACKUP\OMNIS\EXECUÇÃO\models\trained\forex\asset_models\EURCHF_MULTI_TF.pkl,EURCHF_MULTI_TF.pkl,.pkl,1.413,2026-03-27T15:55:47.967684507,unknown
BACKUP\OMNIS\EXECUÇÃO\models\trained\forex\asset_models\USDCAD_MULTI_TF.pkl,USDCAD_MULTI_TF.pkl,.pkl,1.408,2026-03-27T15:56:29.726046801,unknown
BACKUP\OMNIS\EXECUÇÃO\models\trained\forex\asset_models\EURGBP_MULTI_TF.pkl,EURGBP_MULTI_TF.pkl,.pkl,1.405,2026-03-27T15:55:53.175556898,unknown
BACKUP\OMNIS\EXECUÇÃO\models\trained\forex\asset_models\EURUSD_MULTI_TF.pkl,EURUSD_MULTI_TF.pkl,.pkl,1.398,2026-03-27T15:56:12.420364380,unknown
BACKUP\OMNIS\EXECUÇÃO\models\trained\forex\asset_models\USDJPY_MULTI_TF.pkl,USDJPY_MULTI_TF.pkl,.pkl,1.366,2026-03-27T15:56:38.347083569,unknown
BACKUP\omnis_backup_\models\meta\reversal_model.pkl,reversal_model.pkl,.pkl,1.343,2026-02-27T18:07:23.515916824,unknown
BACKUP\OMNIS\EXECUÇÃO\models\trained\forex\asset_models\NZDUSD_MULTI_TF.pkl,NZDUSD_MULTI_TF.pkl,.pkl,1.327,2026-03-27T15:56:25.511773825,unknown
BACKUP\OMNIS_v1_20260304_134715\models\trained\risk_model.pkl,risk_model.pkl,.pkl,1.261,2026-03-03T18:54:17.113085508,unknown
BACKUP\omnis_backup_\models\backup2\orderflow_model.pkl,orderflow_model.pkl,.pkl,1.254,2026-01-24T22:48:07,unknown
BACKUP\omnis_backup_\models\meta\backup_before_improvements\orderflow_model.pkl,orderflow_model.pkl,.pkl,1.184,2026-01-24T22:48:07,unknown
BACKUP\OMNIS_v1_20260304_134715\models\trained\backup\orderflow_model.pkl,orderflow_model.pkl,.pkl,1.184,2026-01-24T22:48:07,unknown
BACKUP\OMNIS_Copia\modelos_trading\models\hvn_expert_random_forest.pkl,hvn_expert_random_forest.pkl,.pkl,1.168,2026-03-22T12:46:48.290358305,unknown
BACKUP\OMNIS\EXECUÇÃO\models\trained\forex\individuals\EURUSD_M30_OMNIS_CORE.pkl,EURUSD_M30_OMNIS_CORE.pkl,.pkl,0.591,2026-03-27T15:54:43.620456934,unknown
BACKUP\OMNIS\EXECUÇÃO\models\trained\forex\individuals\USDJPY_M15_OMNIS_CORE.pkl,USDJPY_M15_OMNIS_CORE.pkl,.pkl,0.591,2026-03-27T15:55:27.740293264,unknown
BACKUP\OMNIS\EXECUÇÃO\models\trained\forex\individuals\trend\EURUSD_M30_trend_xgboost.pkl,EURUSD_M30_trend_xgboost.pkl,.pkl,0.591,2026-03-27T15:52:45.814174652,unknown
BACKUP\OMNIS\EXECUÇÃO\models\trained\forex\individuals\EURGBP_M15_OMNIS_CORE.pkl,EURGBP_M15_OMNIS_CORE.pkl,.pkl,0.583,2026-03-27T15:54:26.111744404,unknown
BACKUP\OMNIS\EXECUÇÃO\models\trained\forex\individuals\USDJPY_M30_OMNIS_CORE.pkl,USDJPY_M30_OMNIS_CORE.pkl,.pkl,0.583,2026-03-27T15:55:28.661857843,unknown
BACKUP\OMNIS\EXECUÇÃO\models\trained\forex\individuals\trend\EURGBP_M15_trend_xgboost.pkl,EURGBP_M15_trend_xgboost.pkl,.pkl,0.583,2026-03-27T15:52:14.149324179,unknown
BACKUP\OMNIS\EXECUÇÃO\models\trained\forex\individuals\EURUSD_M15_OMNIS_CORE.pkl,EURUSD_M15_OMNIS_CORE.pkl,.pkl,0.582,2026-03-27T15:54:41.914310217,unknown
BACKUP\OMNIS\EXECUÇÃO\models\trained\forex\individuals\trend\EURUSD_M15_trend_xgboost.pkl,EURUSD_M15_trend_xgboost.pkl,.pkl,0.582,2026-03-27T15:52:41.909477711,unknown
BACKUP\OMNIS\EXECUÇÃO\models\trained\forex\individuals\USDJPY_M5_OMNIS_CORE.pkl,USDJPY_M5_OMNIS_CORE.pkl,.pkl,0.578,2026-03-27T15:55:32.853110075,unknown
BACKUP\OMNIS\EXECUÇÃO\models\trained\forex\individuals\AUDUSD_M5_OMNIS_CORE.pkl,AUDUSD_M5_OMNIS_CORE.pkl,.pkl,0.572,2026-03-27T15:54:19.824632883,unknown
BACKUP\OMNIS\EXECUÇÃO\models\trained\forex\individuals\trend\AUDUSD_M5_trend_xgboost.pkl,AUDUSD_M5_trend_xgboost.pkl,.pkl,0.572,2026-03-27T15:52:07.559797287,unknown
BACKUP\OMNIS\EXECUÇÃO\models\trained\forex\individuals\EURCHF_M30_OMNIS_CORE.pkl,EURCHF_M30_OMNIS_CORE.pkl,.pkl,0.571,2026-03-27T15:54:22.354449511,unknown
BACKUP\OMNIS\EXECUÇÃO\models\trained\forex\individuals\EURJPY_M5_OMNIS_CORE.pkl,EURJPY_M5_OMNIS_CORE.pkl,.pkl,0.571,2026-03-27T15:54:34.220577002,unknown
BACKUP\OMNIS\EXECUÇÃO\models\trained\forex\individuals\trend\EURCHF_M30_trend_xgboost.pkl,EURCHF_M30_trend_xgboost.pkl,.pkl,0.571,2026-03-27T15:52:10.192064285,unknown
BACKUP\OMNIS\EXECUÇÃO\models\trained\forex\individuals\trend\EURJPY_M5_trend_xgboost.pkl,EURJPY_M5_trend_xgboost.pkl,.pkl,0.571,2026-03-27T15:52:31.571522236,unknown
BACKUP\OMNIS\EXECUÇÃO\models\trained\forex\individuals\AUDJPY_M5_OMNIS_CORE.pkl,AUDJPY_M5_OMNIS_CORE.pkl,.pkl,0.569,2026-03-27T15:54:15.801886559,unknown
BACKUP\OMNIS\EXECUÇÃO\models\trained\forex\individuals\EURCHF_M5_OMNIS_CORE.pkl,EURCHF_M5_OMNIS_CORE.pkl,.pkl,0.569,2026-03-27T15:54:24.297145605,unknown
BACKUP\OMNIS\EXECUÇÃO\models\trained\forex\individuals\trend\AUDJPY_M5_trend_xgboost.pkl,AUDJPY_M5_trend_xgboost.pkl,.pkl,0.569,2026-03-27T15:52:03.289455652,unknown
BACKUP\OMNIS\EXECUÇÃO\models\trained\forex\individuals\trend\EURCHF_M5_trend_xgboost.pkl,EURCHF_M5_trend_xgboost.pkl,.pkl,0.569,2026-03-27T15:52:12.107189894,unknown
BACKUP\OMNIS\EXECUÇÃO\models\trained\forex\individuals\GBPUSD_M5_OMNIS_CORE.pkl,GBPUSD_M5_OMNIS_CORE.pkl,.pkl,0.566,2026-03-27T15:54:54.854077101,unknown
BACKUP\OMNIS\EXECUÇÃO\models\trained\forex\individuals\USDCAD_M30_OMNIS_CORE.pkl,USDCAD_M30_OMNIS_CORE.pkl,.pkl,0.565,2026-03-27T15:55:10.790128469,unknown
BACKUP\OMNIS\EXECUÇÃO\models\trained\forex\individuals\USDCHF_M5_OMNIS_CORE.pkl,USDCHF_M5_OMNIS_CORE.pkl,.pkl,0.565,2026-03-27T15:55:23.047532320,unknown
BACKUP\OMNIS\EXECUÇÃO\models\trained\forex\individuals\AUDUSD_M15_OMNIS_CORE.pkl,AUDUSD_M15_OMNIS_CORE.pkl,.pkl,0.564,2026-03-27T15:54:17.405857086,unknown
BACKUP\OMNIS\EXECUÇÃO\models\trained\forex\individuals\EURGBP_M30_OMNIS_CORE.pkl,EURGBP_M30_OMNIS_CORE.pkl,.pkl,0.564,2026-03-27T15:54:26.843424797,unknown
BACKUP\OMNIS\EXECUÇÃO\models\trained\forex\individuals\trend\AUDUSD_M15_trend_xgboost.pkl,AUDUSD_M15_trend_xgboost.pkl,.pkl,0.564,2026-03-27T15:52:04.939059973,unknown
BACKUP\OMNIS\EXECUÇÃO\models\trained\forex\individuals\trend\EURGBP_M30_trend_xgboost.pkl,EURGBP_M30_trend_xgboost.pkl,.pkl,0.564,2026-03-27T15:52:14.911216497,unknown
BACKUP\OMNIS\EXECUÇÃO\models\trained\forex\individuals\AUDJPY_H1_OMNIS_CORE.pkl,AUDJPY_H1_OMNIS_CORE.pkl,.pkl,0.563,2026-03-27T15:54:12.181623936,unknown
BACKUP\OMNIS\EXECUÇÃO\models\trained\forex\individuals\trend\AUDJPY_H1_trend_xgboost.pkl,AUDJPY_H1_trend_xgboost.pkl,.pkl,0.563,2026-03-27T15:51:59.066195488,unknown
BACKUP\OMNIS\EXECUÇÃO\models\trained\forex\individuals\AUDJPY_M15_OMNIS_CORE.pkl,AUDJPY_M15_OMNIS_CORE.pkl,.pkl,0.562,2026-03-27T15:54:13.455997467,unknown
BACKUP\OMNIS\EXECUÇÃO\models\trained\forex\individuals\trend\AUDJPY_M15_trend_xgboost.pkl,AUDJPY_M15_trend_xgboost.pkl,.pkl,0.562,2026-03-27T15:52:00.495523453,unknown
BACKUP\OMNIS\EXECUÇÃO\models\trained\forex\individuals\EURJPY_M15_OMNIS_CORE.pkl,EURJPY_M15_OMNIS_CORE.pkl,.pkl,0.558,2026-03-27T15:54:31.389454126,unknown
BACKUP\OMNIS\EXECUÇÃO\models\trained\forex\individuals\trend\EURJPY_M15_trend_xgboost.pkl,EURJPY_M15_trend_xgboost.pkl,.pkl,0.558,2026-03-27T15:52:25.655630112,unknown
BACKUP\OMNIS\EXECUÇÃO\models\trained\forex\individuals\EURJPY_H4_OMNIS_CORE.pkl,EURJPY_H4_OMNIS_CORE.pkl,.pkl,0.557,2026-03-27T15:54:30.023116827,unknown
BACKUP\OMNIS\EXECUÇÃO\models\trained\forex\individuals\NZDUSD_M5_OMNIS_CORE.pkl,NZDUSD_M5_OMNIS_CORE.pkl,.pkl,0.557,2026-03-27T15:55:05.606988668,unknown
BACKUP\OMNIS\EXECUÇÃO\models\trained\forex\individuals\USDCAD_M5_OMNIS_CORE.pkl,USDCAD_M5_OMNIS_CORE.pkl,.pkl,0.557,2026-03-27T15:55:13.888762712,unknown
BACKUP\OMNIS\EXECUÇÃO\models\trained\forex\individuals\USDCHF_H4_OMNIS_CORE.pkl,USDCHF_H4_OMNIS_CORE.pkl,.pkl,0.557,2026-03-27T15:55:14.732169867,unknown
BACKUP\OMNIS\EXECUÇÃO\models\trained\forex\individuals\trend\EURJPY_H4_trend_xgboost.pkl,EURJPY_H4_trend_xgboost.pkl,.pkl,0.557,2026-03-27T15:52:22.722942591,unknown
BACKUP\OMNIS\EXECUÇÃO\models\trained\forex\individuals\GBPUSD_H1_OMNIS_CORE.pkl,GBPUSD_H1_OMNIS_CORE.pkl,.pkl,0.556,2026-03-27T15:54:51.275141716,unknown
BACKUP\OMNIS\EXECUÇÃO\models\trained\forex\individuals\trend\GBPUSD_H1_trend_xgboost.pkl,GBPUSD_H1_trend_xgboost.pkl,.pkl,0.556,2026-03-27T15:52:57.852358341,unknown
BACKUP\OMNIS\EXECUÇÃO\models\trained\forex\individuals\USDCAD_H1_OMNIS_CORE.pkl,USDCAD_H1_OMNIS_CORE.pkl,.pkl,0.555,2026-03-27T15:55:06.147867203,unknown
BACKUP\OMNIS\EXECUÇÃO\models\trained\forex\individuals\EURUSD_M5_OMNIS_CORE.pkl,EURUSD_M5_OMNIS_CORE.pkl,.pkl,0.553,2026-03-27T15:54:46.825990915,unknown
BACKUP\OMNIS\EXECUÇÃO\models\trained\forex\individuals\trend\EURUSD_M5_trend_xgboost.pkl,EURUSD_M5_trend_xgboost.pkl,.pkl,0.553,2026-03-27T15:52:48.924890041,unknown
BACKUP\OMNIS\EXECUÇÃO\models\trained\forex\individuals\GBPJPY_H1_OMNIS_CORE.pkl,GBPJPY_H1_OMNIS_CORE.pkl,.pkl,0.552,2026-03-27T15:54:47.237275362,unknown
BACKUP\OMNIS\EXECUÇÃO\models\trained\forex\individuals\trend\GBPJPY_H1_trend_xgboost.pkl,GBPJPY_H1_trend_xgboost.pkl,.pkl,0.552,2026-03-27T15:52:49.595313787,unknown
BACKUP\OMNIS\EXECUÇÃO\models\trained\forex\individuals\USDCHF_H1_OMNIS_CORE.pkl,USDCHF_H1_OMNIS_CORE.pkl,.pkl,0.551,2026-03-27T15:55:14.380630016,unknown
BACKUP\OMNIS\EXECUÇÃO\models\trained\forex\individuals\EURUSD_H1_OMNIS_CORE.pkl,EURUSD_H1_OMNIS_CORE.pkl,.pkl,0.55,2026-03-27T15:54:37.045666695,unknown
BACKUP\OMNIS\EXECUÇÃO\models\trained\forex\individuals\trend\EURUSD_H1_trend_xgboost.pkl,EURUSD_H1_trend_xgboost.pkl,.pkl,0.55,2026-03-27T15:52:35.269199371,unknown
BACKUP\OMNIS\EXECUÇÃO\models\trained\forex\individuals\GBPJPY_M5_OMNIS_CORE.pkl,GBPJPY_M5_OMNIS_CORE.pkl,.pkl,0.548,2026-03-27T15:54:50.848803520,unknown
BACKUP\OMNIS\EXECUÇÃO\models\trained\forex\individuals\trend\GBPJPY_M5_trend_xgboost.pkl,GBPJPY_M5_trend_xgboost.pkl,.pkl,0.548,2026-03-27T15:52:57.133572817,unknown
BACKUP\OMNIS\EXECUÇÃO\models\trained\forex\individuals\USDCAD_M15_OMNIS_CORE.pkl,USDCAD_M15_OMNIS_CORE.pkl,.pkl,0.547,2026-03-27T15:55:10.058831215,unknown
BACKUP\OMNIS\EXECUÇÃO\models\trained\forex\individuals\AUDJPY_M30_OMNIS_CORE.pkl,AUDJPY_M30_OMNIS_CORE.pkl,.pkl,0.546,2026-03-27T15:54:14.029073954,unknown
BACKUP\OMNIS\EXECUÇÃO\models\trained\forex\individuals\trend\AUDJPY_M30_trend_xgboost.pkl,AUDJPY_M30_trend_xgboost.pkl,.pkl,0.546,2026-03-27T15:52:01.156209230,unknown
BACKUP\OMNIS\EXECUÇÃO\models\trained\forex\individuals\EURGBP_M5_OMNIS_CORE.pkl,EURGBP_M5_OMNIS_CORE.pkl,.pkl,0.544,2026-03-27T15:54:28.628131390,unknown
BACKUP\OMNIS\EXECUÇÃO\models\trained\forex\individuals\trend\EURGBP_M5_trend_xgboost.pkl,EURGBP_M5_trend_xgboost.pkl,.pkl,0.544,2026-03-27T15:52:18.624120951,unknown
BACKUP\OMNIS\EXECUÇÃO\models\trained\forex\individuals\USDCAD_H4_OMNIS_CORE.pkl,USDCAD_H4_OMNIS_CORE.pkl,.pkl,0.541,2026-03-27T15:55:06.584679604,unknown
BACKUP\OMNIS\EXECUÇÃO\models\trained\forex\individuals\EURGBP_H1_OMNIS_CORE.pkl,EURGBP_H1_OMNIS_CORE.pkl,.pkl,0.54,2026-03-27T15:54:24.746154785,unknown
BACKUP\OMNIS\EXECUÇÃO\models\trained\forex\individuals\trend\EURGBP_H1_trend_xgboost.pkl,EURGBP_H1_trend_xgboost.pkl,.pkl,0.54,2026-03-27T15:52:12.701571703,unknown
BACKUP\OMNIS\EXECUÇÃO\models\trained\forex\individuals\EURGBP_H4_OMNIS_CORE.pkl,EURGBP_H4_OMNIS_CORE.pkl,.pkl,0.535,2026-03-27T15:54:25.079425573,unknown
BACKUP\OMNIS\EXECUÇÃO\models\trained\forex\individuals\USDCHF_M15_OMNIS_CORE.pkl,USDCHF_M15_OMNIS_CORE.pkl,.pkl,0.535,2026-03-27T15:55:18.206379890,unknown
BACKUP\OMNIS\EXECUÇÃO\models\trained\forex\individuals\trend\EURGBP_H4_trend_xgboost.pkl,EURGBP_H4_trend_xgboost.pkl,.pkl,0.535,2026-03-27T15:52:13.036571026,unknown
BACKUP\OMNIS\EXECUÇÃO\models\trained\forex\individuals\AUDUSD_M30_OMNIS_CORE.pkl,AUDUSD_M30_OMNIS_CORE.pkl,.pkl,0.533,2026-03-27T15:54:17.974634409,unknown
BACKUP\OMNIS\EXECUÇÃO\models\trained\forex\individuals\GBPUSD_H4_OMNIS_CORE.pkl,GBPUSD_H4_OMNIS_CORE.pkl,.pkl,0.533,2026-03-27T15:54:51.610403061,unknown
BACKUP\OMNIS\EXECUÇÃO\models\trained\forex\individuals\trend\AUDUSD_M30_trend_xgboost.pkl,AUDUSD_M30_trend_xgboost.pkl,.pkl,0.533,2026-03-27T15:52:05.590369940,unknown
BACKUP\OMNIS\EXECUÇÃO\models\trained\forex\individuals\trend\GBPUSD_H4_trend_xgboost.pkl,GBPUSD_H4_trend_xgboost.pkl,.pkl,0.533,2026-03-27T15:52:58.316997290,unknown
BACKUP\OMNIS\EXECUÇÃO\models\trained\forex\individuals\AUDUSD_H4_OMNIS_CORE.pkl,AUDUSD_H4_OMNIS_CORE.pkl,.pkl,0.532,2026-03-27T15:54:16.496408463,unknown
BACKUP\OMNIS\EXECUÇÃO\models\trained\forex\individuals\EURCHF_H4_OMNIS_CORE.pkl,EURCHF_H4_OMNIS_CORE.pkl,.pkl,0.532,2026-03-27T15:54:20.626094818,unknown
BACKUP\OMNIS\EXECUÇÃO\models\trained\forex\individuals\trend\AUDUSD_H4_trend_xgboost.pkl,AUDUSD_H4_trend_xgboost.pkl,.pkl,0.532,2026-03-27T15:52:04.024081707,unknown
BACKUP\OMNIS\EXECUÇÃO\models\trained\forex\individuals\trend\EURCHF_H4_trend_xgboost.pkl,EURCHF_H4_trend_xgboost.pkl,.pkl,0.532,2026-03-27T15:52:08.441796541,unknown
BACKUP\OMNIS\EXECUÇÃO\models\trained\forex\individuals\EURJPY_H1_OMNIS_CORE.pkl,EURJPY_H1_OMNIS_CORE.pkl,.pkl,0.53,2026-03-27T15:54:29.352354527,unknown
BACKUP\OMNIS\EXECUÇÃO\models\trained\forex\individuals\GBPUSD_M30_OMNIS_CORE.pkl,GBPUSD_M30_OMNIS_CORE.pkl,.pkl,0.53,2026-03-27T15:54:53.164731979,unknown
BACKUP\OMNIS\EXECUÇÃO\models\trained\forex\individuals\NZDUSD_H4_OMNIS_CORE.pkl,NZDUSD_H4_OMNIS_CORE.pkl,.pkl,0.53,2026-03-27T15:54:55.786012173,unknown
BACKUP\OMNIS\EXECUÇÃO\models\trained\forex\individuals\trend\EURJPY_H1_trend_xgboost.pkl,EURJPY_H1_trend_xgboost.pkl,.pkl,0.53,2026-03-27T15:52:21.413466215,unknown
BACKUP\OMNIS\EXECUÇÃO\models\trained\forex\individuals\trend\GBPUSD_M30_trend_xgboost.pkl,GBPUSD_M30_trend_xgboost.pkl,.pkl,0.53,2026-03-27T15:53:01.212598562,unknown
BACKUP\OMNIS\EXECUÇÃO\models\trained\forex\individuals\GBPJPY_M15_OMNIS_CORE.pkl,GBPJPY_M15_OMNIS_CORE.pkl,.pkl,0.529,2026-03-27T15:54:48.545339108,unknown
BACKUP\OMNIS\EXECUÇÃO\models\trained\forex\individuals\trend\GBPJPY_M15_trend_xgboost.pkl,GBPJPY_M15_trend_xgboost.pkl,.pkl,0.529,2026-03-27T15:52:51.418417454,unknown
BACKUP\OMNIS\EXECUÇÃO\models\trained\forex\individuals\NZDUSD_M30_OMNIS_CORE.pkl,NZDUSD_M30_OMNIS_CORE.pkl,.pkl,0.527,2026-03-27T15:55:03.265096903,unknown
BACKUP\omnis_backup_\models\meta\risk_model.pkl,risk_model.pkl,.pkl,0.525,2026-02-27T18:06:31.754753590,unknown
BACKUP\OMNIS\EXECUÇÃO\models\trained\forex\individuals\GBPJPY_H4_OMNIS_CORE.pkl,GBPJPY_H4_OMNIS_CORE.pkl,.pkl,0.522,2026-03-27T15:54:47.595393896,unknown
BACKUP\OMNIS\EXECUÇÃO\models\trained\forex\individuals\trend\GBPJPY_H4_trend_xgboost.pkl,GBPJPY_H4_trend_xgboost.pkl,.pkl,0.522,2026-03-27T15:52:49.989180803,unknown
BACKUP\OMNIS\EXECUÇÃO\models\trained\forex\individuals\GBPUSD_M15_OMNIS_CORE.pkl,GBPUSD_M15_OMNIS_CORE.pkl,.pkl,0.521,2026-03-27T15:54:52.541432381,unknown
BACKUP\OMNIS\EXECUÇÃO\models\trained\forex\individuals\trend\GBPUSD_M15_trend_xgboost.pkl,GBPUSD_M15_trend_xgboost.pkl,.pkl,0.521,2026-03-27T15:53:00.081237555,unknown
BACKUP\OMNIS\EXECUÇÃO\models\trained\forex\individuals\AUDUSD_H1_OMNIS_CORE.pkl,AUDUSD_H1_OMNIS_CORE.pkl,.pkl,0.52,2026-03-27T15:54:16.214061499,unknown
BACKUP\OMNIS\EXECUÇÃO\models\trained\forex\individuals\NZDUSD_M15_OMNIS_CORE.pkl,NZDUSD_M15_OMNIS_CORE.pkl,.pkl,0.52,2026-03-27T15:55:02.361668587,unknown
BACKUP\OMNIS\EXECUÇÃO\models\trained\forex\individuals\trend\AUDUSD_H1_trend_xgboost.pkl,AUDUSD_H1_trend_xgboost.pkl,.pkl,0.52,2026-03-27T15:52:03.746723890,unknown
BACKUP\OMNIS\EXECUÇÃO\models\trained\forex\individuals\EURCHF_M15_OMNIS_CORE.pkl,EURCHF_M15_OMNIS_CORE.pkl,.pkl,0.519,2026-03-27T15:54:21.640403986,unknown
BACKUP\OMNIS\EXECUÇÃO\models\trained\forex\individuals\trend\EURCHF_M15_trend_xgboost.pkl,EURCHF_M15_trend_xgboost.pkl,.pkl,0.519,2026-03-27T15:52:09.494907379,unknown
BACKUP\OMNIS\EXECUÇÃO\models\trained\forex\individuals\USDCHF_M30_OMNIS_CORE.pkl,USDCHF_M30_OMNIS_CORE.pkl,.pkl,0.514,2026-03-27T15:55:18.945515156,unknown
BACKUP\OMNIS\EXECUÇÃO\models\trained\forex\individuals\NZDUSD_H1_OMNIS_CORE.pkl,NZDUSD_H1_OMNIS_CORE.pkl,.pkl,0.512,2026-03-27T15:54:55.434733629,unknown
BACKUP\OMNIS\EXECUÇÃO\models\trained\forex\individuals\EURJPY_M30_OMNIS_CORE.pkl,EURJPY_M30_OMNIS_CORE.pkl,.pkl,0.51,2026-03-27T15:54:32.323736429,unknown
BACKUP\OMNIS\EXECUÇÃO\models\trained\forex\individuals\GBPJPY_M30_OMNIS_CORE.pkl,GBPJPY_M30_OMNIS_CORE.pkl,.pkl,0.51,2026-03-27T15:54:49.162230730,unknown
BACKUP\OMNIS\EXECUÇÃO\models\trained\forex\individuals\USDJPY_H1_OMNIS_CORE.pkl,USDJPY_H1_OMNIS_CORE.pkl,.pkl,0.51,2026-03-27T15:55:23.519118309,unknown
BACKUP\OMNIS\EXECUÇÃO\models\trained\forex\individuals\trend\EURJPY_M30_trend_xgboost.pkl,EURJPY_M30_trend_xgboost.pkl,.pkl,0.51,2026-03-27T15:52:28.554271460,unknown
BACKUP\OMNIS\EXECUÇÃO\models\trained\forex\individuals\trend\GBPJPY_M30_trend_xgboost.pkl,GBPJPY_M30_trend_xgboost.pkl,.pkl,0.51,2026-03-27T15:52:54.031129122,unknown
BACKUP\OMNIS\EXECUÇÃO\models\trained\forex\individuals\EURUSD_H4_OMNIS_CORE.pkl,EURUSD_H4_OMNIS_CORE.pkl,.pkl,0.508,2026-03-27T15:54:38.013786554,unknown
BACKUP\OMNIS\EXECUÇÃO\models\trained\forex\individuals\trend\EURUSD_H4_trend_xgboost.pkl,EURUSD_H4_trend_xgboost.pkl,.pkl,0.508,2026-03-27T15:52:38.125190020,unknown
BACKUP\OMNIS\EXECUÇÃO\models\trained\forex\individuals\EURCHF_H1_OMNIS_CORE.pkl,EURCHF_H1_OMNIS_CORE.pkl,.pkl,0.504,2026-03-27T15:54:20.288345098,unknown
BACKUP\OMNIS\EXECUÇÃO\models\trained\forex\individuals\trend\EURCHF_H1_trend_xgboost.pkl,EURCHF_H1_trend_xgboost.pkl,.pkl,0.504,2026-03-27T15:52:08.095176458,unknown
BACKUP\OMNIS\EXECUÇÃO\models\trained\forex\individuals\USDJPY_H4_OMNIS_CORE.pkl,USDJPY_H4_OMNIS_CORE.pkl,.pkl,0.501,2026-03-27T15:55:23.920780659,unknown
BACKUP\OMNIS\EXECUÇÃO\models\trained\forex\individuals\AUDJPY_H4_OMNIS_CORE.pkl,AUDJPY_H4_OMNIS_CORE.pkl,.pkl,0.492,2026-03-27T15:54:12.437973022,unknown
BACKUP\OMNIS\EXECUÇÃO\models\trained\forex\individuals\trend\AUDJPY_H4_trend_xgboost.pkl,AUDJPY_H4_trend_xgboost.pkl,.pkl,0.492,2026-03-27T15:51:59.358724833,unknown
BACKUP\omnis_backup_\models\meta\backup_before_improvements\risk_model.pkl,risk_model.pkl,.pkl,0.403,2026-01-24T22:48:07,unknown
BACKUP\OMNIS_v1_20260304_134715\models\trained\backup\risk_model.pkl,risk_model.pkl,.pkl,0.403,2026-01-24T22:48:07,unknown
BACKUP\omnis_backup_\models\backup2\risk_model.pkl,risk_model.pkl,.pkl,0.4,2026-01-24T22:48:07,unknown
BACKUP\OMNIS_Copia\modelos_trading\models\pullback_hunter_gradient_boosting.pkl,pullback_hunter_gradient_boosting.pkl,.pkl,0.358,2026-03-22T12:45:38.565125465,unknown
BACKUP\OMNIS_Copia\modelos_trading\models\zone_mapper_gradient_boosting.pkl,zone_mapper_gradient_boosting.pkl,.pkl,0.346,2026-03-22T12:45:25.424987316,unknown
BACKUP\OMNIS_Copia\modelos_trading\models\ichimoku_expert_gradient_boosting.pkl,ichimoku_expert_gradient_boosting.pkl,.pkl,0.329,2026-03-22T12:46:51.277231216,unknown
BACKUP\OMNIS_Copia\modelos_trading\models\stats_quant_gradient_boosting.pkl,stats_quant_gradient_boosting.pkl,.pkl,0.322,2026-03-22T12:46:17.451430559,unknown
BACKUP\OMNIS_Copia\modelos_trading\models\fibonacci_expert_gradient_boosting.pkl,fibonacci_expert_gradient_boosting.pkl,.pkl,0.32,2026-03-22T12:46:46.471249819,unknown
BACKUP\OMNIS_Copia\modelos_trading\models\swing_expert_gradient_boosting.pkl,swing_expert_gradient_boosting.pkl,.pkl,0.315,2026-03-22T12:47:21.340273619,unknown
BACKUP\OMNIS_Copia\modelos_trading\models\trend_master_gradient_boosting.pkl,trend_master_gradient_boosting.pkl,.pkl,0.315,2026-03-22T12:45:00.668576717,unknown
BACKUP\OMNIS_Copia\modelos_trading\models\volume_expert_gradient_boosting.pkl,volume_expert_gradient_boosting.pkl,.pkl,0.305,2026-03-22T12:47:26.683508158,unknown
BACKUP\OMNIS_Copia\modelos_trading\models\volatility_gauge_gradient_boosting.pkl,volatility_gauge_gradient_boosting.pkl,.pkl,0.304,2026-03-22T12:45:17.171163797,unknown
BACKUP\OMNIS_Copia\modelos_trading\models\microstructure_expert_gradient_boosting.pkl,microstructure_expert_gradient_boosting.pkl,.pkl,0.303,2026-03-22T12:47:02.463371515,unknown
BACKUP\OMNIS_Copia\modelos_trading\models\correlation_expert_gradient_boosting.pkl,correlation_expert_gradient_boosting.pkl,.pkl,0.29,2026-03-22T12:46:43.955939293,unknown
BACKUP\OMNIS_Copia\modelos_trading\models\risk_guardian_gradient_boosting.pkl,risk_guardian_gradient_boosting.pkl,.pkl,0.29,2026-03-22T12:45:55.548160791,unknown
BACKUP\OMNIS_Copia\modelos_trading\models\flow_aggressor_gradient_boosting.pkl,flow_aggressor_gradient_boosting.pkl,.pkl,0.288,2026-03-22T12:45:47.654922962,unknown
BACKUP\OMNIS_Copia\modelos_trading\models\exhaustion_detector_gradient_boosting.pkl,exhaustion_detector_gradient_boosting.pkl,.pkl,0.287,2026-03-22T12:46:02.351466179,unknown
BACKUP\OMNIS_Copia\modelos_trading\models\stochastic_expert_gradient_boosting.pkl,stochastic_expert_gradient_boosting.pkl,.pkl,0.287,2026-03-22T12:47:16.834993124,unknown
BACKUP\OMNIS_Copia\modelos_trading\models\pattern_trigger_gradient_boosting.pkl,pattern_trigger_gradient_boosting.pkl,.pkl,0.286,2026-03-22T12:44:45.280548811,unknown
BACKUP\OMNIS_Copia\modelos_trading\models\momentum_expert_gradient_boosting.pkl,momentum_expert_gradient_boosting.pkl,.pkl,0.284,2026-03-22T12:47:11.068361521,unknown
BACKUP\OMNIS_Copia\modelos_trading\models\market_microstructure_expert_gradient_boosting.pkl,market_microstructure_expert_gradient_boosting.pkl,.pkl,0.277,2026-03-22T12:46:54.220198393,unknown
BACKUP\OMNIS_Copia\modelos_trading\models\ml_expert_gradient_boosting.pkl,ml_expert_gradient_boosting.pkl,.pkl,0.272,2026-03-22T12:47:04.866614819,unknown
BACKUP\OMNIS_Copia\modelos_trading\models\candlestick_expert_gradient_boosting.pkl,candlestick_expert_gradient_boosting.pkl,.pkl,0.268,2026-03-22T12:46:21.629516840,unknown
BACKUP\OMNIS\EXECUÇÃO\models\trained\trend\xgboost\GBPJPY_M5_trend_xgboost.pkl,GBPJPY_M5_trend_xgboost.pkl,.pkl,0.267,2026-03-27T01:59:41.384518385,unknown
BACKUP\OMNIS\EXECUÇÃO\models\trained\trend\xgboost\EURUSD_M30_trend_xgboost.pkl,EURUSD_M30_trend_xgboost.pkl,.pkl,0.265,2026-03-27T01:55:59.769841909,unknown
BACKUP\OMNIS\EXECUÇÃO\models\trained\trend\xgboost\EURCAD_M5_trend_xgboost.pkl,EURCAD_M5_trend_xgboost.pkl,.pkl,0.264,2026-03-27T01:46:08.269146442,unknown
BACKUP\OMNIS\EXECUÇÃO\models\trained\trend\xgboost\BTCUSD_M5_trend_xgboost.pkl,BTCUSD_M5_trend_xgboost.pkl,.pkl,0.262,2026-03-27T01:42:35.176049709,unknown
BACKUP\OMNIS\EXECUÇÃO\models\trained\trend\xgboost\AUDJPY_M5_trend_xgboost.pkl,AUDJPY_M5_trend_xgboost.pkl,.pkl,0.261,2026-03-27T01:39:08.920231581,unknown
BACKUP\OMNIS\EXECUÇÃO\models\trained\trend\xgboost\EURGBP_M5_trend_xgboost.pkl,EURGBP_M5_trend_xgboost.pkl,.pkl,0.261,2026-03-27T01:49:07.327958345,unknown
BACKUP\OMNIS\EXECUÇÃO\models\trained\trend\xgboost\GBPUSD_M5_trend_xgboost.pkl,GBPUSD_M5_trend_xgboost.pkl,.pkl,0.261,2026-03-27T02:02:24.411313295,unknown
BACKUP\OMNIS\EXECUÇÃO\models\trained\trend\xgboost\USDCAD_M5_trend_xgboost.pkl,USDCAD_M5_trend_xgboost.pkl,.pkl,0.261,2026-03-27T02:10:04.670776606,unknown
BACKUP\OMNIS\EXECUÇÃO\models\trained\trend\xgboost\EURJPY_M5_trend_xgboost.pkl,EURJPY_M5_trend_xgboost.pkl,.pkl,0.26,2026-03-27T01:51:18.002914429,unknown
BACKUP\OMNIS\EXECUÇÃO\models\trained\trend\xgboost\EURUSD_H1_trend_xgboost.pkl,EURUSD_H1_trend_xgboost.pkl,.pkl,0.26,2026-03-27T01:52:33.739497662,unknown
BACKUP\OMNIS\EXECUÇÃO\models\trained\trend\xgboost\EURUSD_M5_trend_xgboost.pkl,EURUSD_M5_trend_xgboost.pkl,.pkl,0.26,2026-03-27T01:57:13.367039442,unknown
BACKUP\OMNIS\EXECUÇÃO\models\trained\trend\xgboost\USDJPY_M5_trend_xgboost.pkl,USDJPY_M5_trend_xgboost.pkl,.pkl,0.26,2026-03-27T02:14:52.878154516,unknown
BACKUP\OMNIS\EXECUÇÃO\models\trained\trend\xgboost\EURUSD_M15_trend_xgboost.pkl,EURUSD_M15_trend_xgboost.pkl,.pkl,0.259,2026-03-27T01:54:38.834159613,unknown
BACKUP\OMNIS\EXECUÇÃO\models\trained\trend\xgboost\USDCHF_M5_trend_xgboost.pkl,USDCHF_M5_trend_xgboost.pkl,.pkl,0.259,2026-03-27T02:12:34.343577385,unknown
BACKUP\OMNIS\EXECUÇÃO\models\trained\trend\xgboost\ETHUSD_M5_trend_xgboost.pkl,ETHUSD_M5_trend_xgboost.pkl,.pkl,0.258,2026-03-27T01:44:30.466294289,unknown
BACKUP\OMNIS\EXECUÇÃO\models\trained\trend\xgboost\EURCHF_M5_trend_xgboost.pkl,EURCHF_M5_trend_xgboost.pkl,.pkl,0.258,2026-03-27T01:47:34.065776825,unknown
BACKUP\OMNIS\EXECUÇÃO\models\trained\trend\xgboost\NZDUSD_M5_trend_xgboost.pkl,NZDUSD_M5_trend_xgboost.pkl,.pkl,0.258,2026-03-27T02:07:32.917637110,unknown
BACKUP\OMNIS\EXECUÇÃO\models\trained\trend\xgboost\USDCHF_M15_trend_xgboost.pkl,USDCHF_M15_trend_xgboost.pkl,.pkl,0.258,2026-03-27T02:11:02.595857382,unknown
BACKUP\OMNIS\EXECUÇÃO\models\trained\trend\xgboost\AUDUSD_M15_trend_xgboost.pkl,AUDUSD_M15_trend_xgboost.pkl,.pkl,0.256,2026-03-27T01:39:31.409364939,unknown
BACKUP\OMNIS\EXECUÇÃO\models\trained\trend\xgboost\AUDUSD_M5_trend_xgboost.pkl,AUDUSD_M5_trend_xgboost.pkl,.pkl,0.255,2026-03-27T01:40:21.435172319,unknown
BACKUP\OMNIS\EXECUÇÃO\models\trained\trend\xgboost\GBPUSD_M15_trend_xgboost.pkl,GBPUSD_M15_trend_xgboost.pkl,.pkl,0.255,2026-03-27T02:00:34.518283367,unknown
BACKUP\OMNIS\EXECUÇÃO\models\trained\trend\xgboost\GOLD_M15_trend_xgboost.pkl,GOLD_M15_trend_xgboost.pkl,.pkl,0.255,2026-03-27T02:03:29.959787130,unknown
BACKUP\OMNIS\EXECUÇÃO\models\trained\trend\xgboost\GOLD_M5_trend_xgboost.pkl,GOLD_M5_trend_xgboost.pkl,.pkl,0.255,2026-03-27T02:05:25.189121485,unknown
BACKUP\OMNIS\EXECUÇÃO\models\trained\trend\xgboost\AUDJPY_M15_trend_xgboost.pkl,AUDJPY_M15_trend_xgboost.pkl,.pkl,0.254,2026-03-27T01:38:17.409640789,unknown
BACKUP\OMNIS\EXECUÇÃO\models\trained\trend\xgboost\BTCUSD_M15_trend_xgboost.pkl,BTCUSD_M15_trend_xgboost.pkl,.pkl,0.254,2026-03-27T01:41:20.544919014,unknown
BACKUP\OMNIS\EXECUÇÃO\models\trained\trend\xgboost\GBPJPY_M15_trend_xgboost.pkl,GBPJPY_M15_trend_xgboost.pkl,.pkl,0.253,2026-03-27T01:57:58.479076385,unknown
BACKUP\OMNIS\EXECUÇÃO\models\trained\trend\xgboost\EURCAD_M15_trend_xgboost.pkl,EURCAD_M15_trend_xgboost.pkl,.pkl,0.252,2026-03-27T01:45:05.559461355,unknown
BACKUP\OMNIS\EXECUÇÃO\models\trained\trend\xgboost\USDCAD_M15_trend_xgboost.pkl,USDCAD_M15_trend_xgboost.pkl,.pkl,0.252,2026-03-27T02:08:24.521268128,unknown
BACKUP\OMNIS\EXECUÇÃO\models\trained\trend\xgboost\ETHUSD_M30_trend_xgboost.pkl,ETHUSD_M30_trend_xgboost.pkl,.pkl,0.251,2026-03-27T01:43:32.240915537,unknown
BACKUP\OMNIS\EXECUÇÃO\models\trained\trend\xgboost\ETHUSD_M15_trend_xgboost.pkl,ETHUSD_M15_trend_xgboost.pkl,.pkl,0.25,2026-03-27T01:43:19.165076017,unknown
BACKUP\OMNIS\EXECUÇÃO\models\trained\trend\xgboost\EURCHF_M15_trend_xgboost.pkl,EURCHF_M15_trend_xgboost.pkl,.pkl,0.25,2026-03-27T01:46:41.044678688,unknown
BACKUP\OMNIS\EXECUÇÃO\models\trained\trend\xgboost\EURJPY_H1_trend_xgboost.pkl,EURJPY_H1_trend_xgboost.pkl,.pkl,0.25,2026-03-27T01:49:23.612635851,unknown
BACKUP\OMNIS\EXECUÇÃO\models\trained\trend\xgboost\USDCHF_M30_trend_xgboost.pkl,USDCHF_M30_trend_xgboost.pkl,.pkl,0.25,2026-03-27T02:11:18.822578192,unknown
BACKUP\OMNIS\EXECUÇÃO\models\trained\trend\xgboost\EURJPY_H4_trend_xgboost.pkl,EURJPY_H4_trend_xgboost.pkl,.pkl,0.249,2026-03-27T01:49:34.002271175,unknown
BACKUP\OMNIS\EXECUÇÃO\models\trained\trend\xgboost\EURJPY_M30_trend_xgboost.pkl,EURJPY_M30_trend_xgboost.pkl,.pkl,0.249,2026-03-27T01:50:25.987195015,unknown
BACKUP\OMNIS\EXECUÇÃO\models\trained\trend\xgboost\EURUSD_H4_trend_xgboost.pkl,EURUSD_H4_trend_xgboost.pkl,.pkl,0.249,2026-03-27T01:53:08.759219885,unknown
BACKUP\OMNIS\EXECUÇÃO\models\trained\trend\xgboost\NZDUSD_M15_trend_xgboost.pkl,NZDUSD_M15_trend_xgboost.pkl,.pkl,0.249,2026-03-27T02:06:09.144834757,unknown
BACKUP\OMNIS\EXECUÇÃO\models\trained\trend\xgboost\BTCUSD_M30_trend_xgboost.pkl,BTCUSD_M30_trend_xgboost.pkl,.pkl,0.248,2026-03-27T01:41:35.515586138,unknown
BACKUP\OMNIS\EXECUÇÃO\models\trained\trend\xgboost\EURGBP_M15_trend_xgboost.pkl,EURGBP_M15_trend_xgboost.pkl,.pkl,0.248,2026-03-27T01:48:04.346280336,unknown
BACKUP\OMNIS\EXECUÇÃO\models\trained\trend\xgboost\GOLD_M30_trend_xgboost.pkl,GOLD_M30_trend_xgboost.pkl,.pkl,0.248,2026-03-27T02:03:48.421902180,unknown
BACKUP\OMNIS\EXECUÇÃO\models\trained\trend\xgboost\EURJPY_M15_trend_xgboost.pkl,EURJPY_M15_trend_xgboost.pkl,.pkl,0.246,2026-03-27T01:50:05.683481455,unknown
BACKUP\OMNIS\EXECUÇÃO\models\trained\trend\xgboost\AUDUSD_M30_trend_xgboost.pkl,AUDUSD_M30_trend_xgboost.pkl,.pkl,0.243,2026-03-27T01:39:40.010230064,unknown
BACKUP\OMNIS\EXECUÇÃO\models\trained\trend\xgboost\EURCAD_M30_trend_xgboost.pkl,EURCAD_M30_trend_xgboost.pkl,.pkl,0.243,2026-03-27T01:45:18.232076883,unknown
BACKUP\OMNIS_Copia\modelos_trading\models\hvn_expert_gradient_boosting.pkl,hvn_expert_gradient_boosting.pkl,.pkl,0.243,2026-03-22T12:46:49.022760630,unknown
BACKUP\OMNIS\EXECUÇÃO\models\trained\trend\xgboost\USDCAD_H1_trend_xgboost.pkl,USDCAD_H1_trend_xgboost.pkl,.pkl,0.241,2026-03-27T02:07:45.339182615,unknown
BACKUP\OMNIS\EXECUÇÃO\models\trained\trend\xgboost\USDJPY_M15_trend_xgboost.pkl,USDJPY_M15_trend_xgboost.pkl,.pkl,0.241,2026-03-27T02:13:05.783086300,unknown
BACKUP\OMNIS\EXECUÇÃO\models\trained\trend\xgboost\EURGBP_M30_trend_xgboost.pkl,EURGBP_M30_trend_xgboost.pkl,.pkl,0.24,2026-03-27T01:48:15.674604893,unknown
BACKUP\OMNIS\EXECUÇÃO\models\trained\trend\xgboost\GBPJPY_M30_trend_xgboost.pkl,GBPJPY_M30_trend_xgboost.pkl,.pkl,0.239,2026-03-27T01:58:10.848259211,unknown
BACKUP\OMNIS\EXECUÇÃO\models\trained\trend\xgboost\NZDUSD_M30_trend_xgboost.pkl,NZDUSD_M30_trend_xgboost.pkl,.pkl,0.238,2026-03-27T02:06:30.741424084,unknown
BACKUP\OMNIS\EXECUÇÃO\models\trained\trend\xgboost\AUDJPY_M30_trend_xgboost.pkl,AUDJPY_M30_trend_xgboost.pkl,.pkl,0.237,2026-03-27T01:38:25.133917092,unknown
BACKUP\OMNIS\EXECUÇÃO\models\trained\trend\xgboost\GBPUSD_M30_trend_xgboost.pkl,GBPUSD_M30_trend_xgboost.pkl,.pkl,0.237,2026-03-27T02:00:54.936507463,unknown
BACKUP\OMNIS\EXECUÇÃO\models\trained\trend\xgboost\USDCHF_H1_trend_xgboost.pkl,USDCHF_H1_trend_xgboost.pkl,.pkl,0.237,2026-03-27T02:10:17.794366121,unknown
BACKUP\OMNIS\EXECUÇÃO\models\trained\trend\xgboost\GBPJPY_H1_trend_xgboost.pkl,GBPJPY_H1_trend_xgboost.pkl,.pkl,0.236,2026-03-27T01:57:20.383316517,unknown
BACKUP\OMNIS\EXECUÇÃO\models\trained\trend\xgboost\USDJPY_M30_trend_xgboost.pkl,USDJPY_M30_trend_xgboost.pkl,.pkl,0.236,2026-03-27T02:13:24.626945734,unknown
BACKUP\OMNIS_Copia\modelos_trading\models\gap_expert_random_forest.pkl,gap_expert_random_forest.pkl,.pkl,0.234,2026-03-22T12:46:47.144707680,unknown
BACKUP\OMNIS\EXECUÇÃO\models\trained\trend\xgboost\EURCAD_H1_trend_xgboost.pkl,EURCAD_H1_trend_xgboost.pkl,.pkl,0.233,2026-03-27T01:44:43.673441887,unknown
BACKUP\OMNIS\EXECUÇÃO\models\trained\trend\xgboost\USDCAD_M30_trend_xgboost.pkl,USDCAD_M30_trend_xgboost.pkl,.pkl,0.231,2026-03-27T02:08:46.320024252,unknown
BACKUP\OMNIS\EXECUÇÃO\models\trained\trend\xgboost\BTCUSD_H4_trend_xgboost.pkl,BTCUSD_H4_trend_xgboost.pkl,.pkl,0.23,2026-03-27T01:40:35.098800182,unknown
BACKUP\OMNIS\EXECUÇÃO\models\trained\trend\xgboost\ETHUSD_H1_trend_xgboost.pkl,ETHUSD_H1_trend_xgboost.pkl,.pkl,0.23,2026-03-27T01:42:46.896787882,unknown
BACKUP\OMNIS\EXECUÇÃO\models\trained\trend\xgboost\AUDJPY_H1_trend_xgboost.pkl,AUDJPY_H1_trend_xgboost.pkl,.pkl,0.229,2026-03-27T01:37:59.409551382,unknown
BACKUP\OMNIS\EXECUÇÃO\models\trained\trend\xgboost\BTCUSD_H1_trend_xgboost.pkl,BTCUSD_H1_trend_xgboost.pkl,.pkl,0.229,2026-03-27T01:40:28.430457592,unknown
BACKUP\OMNIS\EXECUÇÃO\models\trained\trend\xgboost\USDCAD_H4_trend_xgboost.pkl,USDCAD_H4_trend_xgboost.pkl,.pkl,0.228,2026-03-27T02:07:53.009413004,unknown
BACKUP\OMNIS_Copia\modelos_trading\models\swing_expert_lightgbm.pkl,swing_expert_lightgbm.pkl,.pkl,0.228,2026-03-22T12:47:21.807710409,unknown
BACKUP\OMNIS\EXECUÇÃO\models\trained\trend\xgboost\EURCHF_M30_trend_xgboost.pkl,EURCHF_M30_trend_xgboost.pkl,.pkl,0.227,2026-03-27T01:46:54.876873493,unknown
BACKUP\OMNIS\EXECUÇÃO\models\trained\trend\xgboost\ETHUSD_H4_trend_xgboost.pkl,ETHUSD_H4_trend_xgboost.pkl,.pkl,0.226,2026-03-27T01:42:52.267652512,unknown
BACKUP\OMNIS\EXECUÇÃO\models\trained\trend\xgboost\AUDUSD_H1_trend_xgboost.pkl,AUDUSD_H1_trend_xgboost.pkl,.pkl,0.225,2026-03-27T01:39:14.838370800,unknown
BACKUP\OMNIS_Copia\modelos_trading\models\pattern_trigger_lightgbm.pkl,pattern_trigger_lightgbm.pkl,.pkl,0.225,2026-03-22T12:44:45.624679089,unknown
BACKUP\OMNIS\EXECUÇÃO\models\trained\trend\xgboost\GOLD_H1_trend_xgboost.pkl,GOLD_H1_trend_xgboost.pkl,.pkl,0.224,2026-03-27T02:02:39.954128504,unknown
BACKUP\OMNIS\EXECUÇÃO\models\trained\trend\xgboost\GBPUSD_H1_trend_xgboost.pkl,GBPUSD_H1_trend_xgboost.pkl,.pkl,0.223,2026-03-27T01:59:52.370829821,unknown
BACKUP\OMNIS_Copia\modelos_trading\models\zone_mapper_lightgbm.pkl,zone_mapper_lightgbm.pkl,.pkl,0.222,2026-03-22T12:45:25.846641302,unknown
BACKUP\OMNIS\EXECUÇÃO\models\trained\trend\xgboost\EURCHF_H1_trend_xgboost.pkl,EURCHF_H1_trend_xgboost.pkl,.pkl,0.221,2026-03-27T01:46:15.522764444,unknown
BACKUP\OMNIS\EXECUÇÃO\models\trained\trend\xgboost\EURGBP_H1_trend_xgboost.pkl,EURGBP_H1_trend_xgboost.pkl,.pkl,0.22,2026-03-27T01:47:41.076766491,unknown
BACKUP\OMNIS_Copia\modelos_trading\models\microstructure_expert_lightgbm.pkl,microstructure_expert_lightgbm.pkl,.pkl,0.22,2026-03-22T12:47:02.878608227,unknown
BACKUP\OMNIS_Copia\modelos_trading\models\volume_expert_lightgbm.pkl,volume_expert_lightgbm.pkl,.pkl,0.22,2026-03-22T12:47:27.012248993,unknown
BACKUP\OMNIS\EXECUÇÃO\models\trained\trend\xgboost\USDJPY_H1_trend_xgboost.pkl,USDJPY_H1_trend_xgboost.pkl,.pkl,0.219,2026-03-27T02:12:40.931490660,unknown
BACKUP\OMNIS_Copia\modelos_trading\models\flow_aggressor_lightgbm.pkl,flow_aggressor_lightgbm.pkl,.pkl,0.219,2026-03-22T12:45:47.998472929,unknown
BACKUP\OMNIS\EXECUÇÃO\models\trained\trend\xgboost\NZDUSD_H1_trend_xgboost.pkl,NZDUSD_H1_trend_xgboost.pkl,.pkl,0.218,2026-03-27T02:05:35.297210693,unknown
BACKUP\OMNIS_Copia\modelos_trading\models\stats_quant_lightgbm.pkl,stats_quant_lightgbm.pkl,.pkl,0.218,2026-03-22T12:46:17.830024719,unknown
BACKUP\OMNIS_Copia\modelos_trading\models\pullback_hunter_lightgbm.pkl,pullback_hunter_lightgbm.pkl,.pkl,0.217,2026-03-22T12:45:39.017744303,unknown
BACKUP\OMNIS_Copia\modelos_trading\models\candlestick_expert_lightgbm.pkl,candlestick_expert_lightgbm.pkl,.pkl,0.216,2026-03-22T12:46:22.087998867,unknown
BACKUP\OMNIS_Copia\modelos_trading\models\fibonacci_expert_lightgbm.pkl,fibonacci_expert_lightgbm.pkl,.pkl,0.216,2026-03-22T12:46:46.694561720,unknown
BACKUP\OMNIS\EXECUÇÃO\models\trained\trend\xgboost\GOLD_H4_trend_xgboost.pkl,GOLD_H4_trend_xgboost.pkl,.pkl,0.214,2026-03-27T02:02:47.577527285,unknown
BACKUP\OMNIS\EXECUÇÃO\models\trained\trend\xgboost\USDJPY_H4_trend_xgboost.pkl,USDJPY_H4_trend_xgboost.pkl,.pkl,0.211,2026-03-27T02:12:43.825232506,unknown
BACKUP\OMNIS\EXECUÇÃO\models\trained\trend\xgboost\GBPJPY_H4_trend_xgboost.pkl,GBPJPY_H4_trend_xgboost.pkl,.pkl,0.21,2026-03-27T01:57:23.348326921,unknown
BACKUP\OMNIS\EXECUÇÃO\models\trained\trend\xgboost\EURCHF_H4_trend_xgboost.pkl,EURCHF_H4_trend_xgboost.pkl,.pkl,0.208,2026-03-27T01:46:19.074686766,unknown
BACKUP\OMNIS_Copia\modelos_trading\models\volatility_gauge_lightgbm.pkl,volatility_gauge_lightgbm.pkl,.pkl,0.208,2026-03-22T12:45:17.534207344,unknown
BACKUP\OMNIS_Copia\modelos_trading\models\momentum_expert_lightgbm.pkl,momentum_expert_lightgbm.pkl,.pkl,0.207,2026-03-22T12:47:11.378485203,unknown
BACKUP\OMNIS_Copia\modelos_trading\models\risk_guardian_lightgbm.pkl,risk_guardian_lightgbm.pkl,.pkl,0.207,2026-03-22T12:45:56.448512554,unknown
BACKUP\OMNIS\EXECUÇÃO\models\trained\trend\xgboost\EURGBP_H4_trend_xgboost.pkl,EURGBP_H4_trend_xgboost.pkl,.pkl,0.203,2026-03-27T01:47:45.062083483,unknown
BACKUP\OMNIS\EXECUÇÃO\models\trained\trend\xgboost\GBPUSD_H4_trend_xgboost.pkl,GBPUSD_H4_trend_xgboost.pkl,.pkl,0.203,2026-03-27T01:59:55.837386608,unknown
BACKUP\OMNIS_Copia\modelos_trading\models\ichimoku_expert_lightgbm.pkl,ichimoku_expert_lightgbm.pkl,.pkl,0.203,2026-03-22T12:46:51.476867199,unknown
BACKUP\OMNIS_Copia\modelos_trading\models\market_microstructure_expert_lightgbm.pkl,market_microstructure_expert_lightgbm.pkl,.pkl,0.202,2026-03-22T12:46:54.408943653,unknown
BACKUP\OMNIS_Copia\modelos_trading\models\stochastic_expert_lightgbm.pkl,stochastic_expert_lightgbm.pkl,.pkl,0.201,2026-03-22T12:47:17.124287605,unknown
BACKUP\OMNIS\EXECUÇÃO\models\trained\trend\xgboost\USDCHF_H4_trend_xgboost.pkl,USDCHF_H4_trend_xgboost.pkl,.pkl,0.2,2026-03-27T02:10:22.550234079,unknown
BACKUP\OMNIS_Copia\modelos_trading\models\trend_master_lightgbm.pkl,trend_master_lightgbm.pkl,.pkl,0.2,2026-03-22T12:45:01.011440516,unknown
BACKUP\OMNIS_Copia\modelos_trading\models\exhaustion_detector_lightgbm.pkl,exhaustion_detector_lightgbm.pkl,.pkl,0.199,2026-03-22T12:46:02.700504780,unknown
BACKUP\OMNIS_Copia\modelos_trading\models\correlation_expert_lightgbm.pkl,correlation_expert_lightgbm.pkl,.pkl,0.197,2026-03-22T12:46:44.170660019,unknown
BACKUP\OMNIS\EXECUÇÃO\models\trained\trend\xgboost\AUDJPY_H4_trend_xgboost.pkl,AUDJPY_H4_trend_xgboost.pkl,.pkl,0.195,2026-03-27T01:38:00.895026922,unknown
BACKUP\OMNIS\EXECUÇÃO\models\trained\trend\xgboost\EURCAD_H4_trend_xgboost.pkl,EURCAD_H4_trend_xgboost.pkl,.pkl,0.195,2026-03-27T01:44:45.644326210,unknown
BACKUP\OMNIS\EXECUÇÃO\models\trained\trend\xgboost\AUDUSD_H4_trend_xgboost.pkl,AUDUSD_H4_trend_xgboost.pkl,.pkl,0.192,2026-03-27T01:39:16.259173392,unknown
BACKUP\OMNIS\EXECUÇÃO\models\trained\trend\xgboost\NZDUSD_H4_trend_xgboost.pkl,NZDUSD_H4_trend_xgboost.pkl,.pkl,0.191,2026-03-27T02:05:41.425663233,unknown
BACKUP\OMNIS_Copia\modelos_trading\models\pattern_trigger_xgboost.pkl,pattern_trigger_xgboost.pkl,.pkl,0.191,2026-03-22T12:44:45.460467339,unknown
BACKUP\OMNIS_Copia\modelos_trading\models\fibonacci_expert_xgboost.pkl,fibonacci_expert_xgboost.pkl,.pkl,0.19,2026-03-22T12:46:46.585763931,unknown
BACKUP\OMNIS_Copia\modelos_trading\models\ml_expert_lightgbm.pkl,ml_expert_lightgbm.pkl,.pkl,0.19,2026-03-22T12:47:05.061890841,unknown
BACKUP\OMNIS_Copia\modelos_trading\models\trend_master_xgboost.pkl,trend_master_xgboost.pkl,.pkl,0.188,2026-03-22T12:45:00.837346077,unknown
BACKUP\OMNIS_Copia\modelos_trading\models\ichimoku_expert_xgboost.pkl,ichimoku_expert_xgboost.pkl,.pkl,0.186,2026-03-22T12:46:51.392081499,unknown
BACKUP\OMNIS_Copia\modelos_trading\models\stats_quant_xgboost.pkl,stats_quant_xgboost.pkl,.pkl,0.186,2026-03-22T12:46:17.643112898,unknown
BACKUP\OMNIS_Copia\modelos_trading\models\market_microstructure_expert_xgboost.pkl,market_microstructure_expert_xgboost.pkl,.pkl,0.181,2026-03-22T12:46:54.312891006,unknown
BACKUP\OMNIS_Copia\modelos_trading\models\pullback_hunter_xgboost.pkl,pullback_hunter_xgboost.pkl,.pkl,0.178,2026-03-22T12:45:38.853066444,unknown
BACKUP\OMNIS_Copia\modelos_trading\models\zone_mapper_xgboost.pkl,zone_mapper_xgboost.pkl,.pkl,0.178,2026-03-22T12:45:25.640661955,unknown
BACKUP\OMNIS_Copia\modelos_trading\models\correlation_expert_xgboost.pkl,correlation_expert_xgboost.pkl,.pkl,0.177,2026-03-22T12:46:44.070096254,unknown
BACKUP\OMNIS_Copia\modelos_trading\models\stochastic_expert_xgboost.pkl,stochastic_expert_xgboost.pkl,.pkl,0.177,2026-03-22T12:47:16.999335527,unknown
BACKUP\OMNIS_Copia\modelos_trading\models\volume_expert_xgboost.pkl,volume_expert_xgboost.pkl,.pkl,0.177,2026-03-22T12:47:26.897853851,unknown
BACKUP\OMNIS_Copia\modelos_trading\models\swing_expert_xgboost.pkl,swing_expert_xgboost.pkl,.pkl,0.176,2026-03-22T12:47:21.650542259,unknown
BACKUP\OMNIS_Copia\modelos_trading\models\microstructure_expert_xgboost.pkl,microstructure_expert_xgboost.pkl,.pkl,0.175,2026-03-22T12:47:02.674784184,unknown
BACKUP\OMNIS_Copia\modelos_trading\models\ml_expert_xgboost.pkl,ml_expert_xgboost.pkl,.pkl,0.174,2026-03-22T12:47:04.978399754,unknown
BACKUP\OMNIS_Copia\modelos_trading\models\volatility_gauge_xgboost.pkl,volatility_gauge_xgboost.pkl,.pkl,0.174,2026-03-22T12:45:17.357373238,unknown
BACKUP\OMNIS_Copia\modelos_trading\models\risk_guardian_xgboost.pkl,risk_guardian_xgboost.pkl,.pkl,0.173,2026-03-22T12:45:55.739644289,unknown
BACKUP\OMNIS_Copia\modelos_trading\models\hvn_expert_xgboost.pkl,hvn_expert_xgboost.pkl,.pkl,0.172,2026-03-22T12:46:49.136070013,unknown
BACKUP\OMNIS_Copia\modelos_trading\models\momentum_expert_xgboost.pkl,momentum_expert_xgboost.pkl,.pkl,0.172,2026-03-22T12:47:11.226811886,unknown
BACKUP\OMNIS_Copia\modelos_trading\models\flow_aggressor_xgboost.pkl,flow_aggressor_xgboost.pkl,.pkl,0.17,2026-03-22T12:45:47.842633009,unknown
BACKUP\OMNIS_Copia\modelos_trading\models\exhaustion_detector_xgboost.pkl,exhaustion_detector_xgboost.pkl,.pkl,0.169,2026-03-22T12:46:02.529255151,unknown
BACKUP\OMNIS_Copia\modelos_trading\models\candlestick_expert_xgboost.pkl,candlestick_expert_xgboost.pkl,.pkl,0.162,2026-03-22T12:46:21.912810802,unknown
BACKUP\OMNIS_Copia\modelos_trading\models\gap_expert_gradient_boosting.pkl,gap_expert_gradient_boosting.pkl,.pkl,0.16,2026-03-22T12:46:47.437794209,unknown
BACKUP\OMNIS_Copia\modelos_trading\models\hvn_expert_lightgbm.pkl,hvn_expert_lightgbm.pkl,.pkl,0.126,2026-03-22T12:46:49.226305485,unknown
BACKUP\OMNIS_Copia\modelos_trading\models\gap_expert_xgboost.pkl,gap_expert_xgboost.pkl,.pkl,0.103,2026-03-22T12:46:47.530646085,unknown
BACKUP\OMNIS\EXECUÇÃO\models\trained\orderflow\xgboost\EURUSD_H1_orderflow_xgboost.pkl,EURUSD_H1_orderflow_xgboost.pkl,.pkl,0.101,2026-03-27T01:52:35.733550549,unknown
BACKUP\OMNIS\EXECUÇÃO\models\trained\orderflow\xgboost\EURCHF_H4_orderflow_xgboost.pkl,EURCHF_H4_orderflow_xgboost.pkl,.pkl,0.093,2026-03-27T01:46:19.434701204,unknown
BACKUP\OMNIS\EXECUÇÃO\models\trained\orderflow\xgboost\GBPJPY_H4_orderflow_xgboost.pkl,GBPJPY_H4_orderflow_xgboost.pkl,.pkl,0.092,2026-03-27T01:57:23.729027510,unknown
BACKUP\OMNIS\EXECUÇÃO\models\trained\orderflow\xgboost\GBPUSD_H4_orderflow_xgboost.pkl,GBPUSD_H4_orderflow_xgboost.pkl,.pkl,0.092,2026-03-27T01:59:56.282975912,unknown
BACKUP\OMNIS\EXECUÇÃO\models\trained\orderflow\xgboost\NZDUSD_H4_orderflow_xgboost.pkl,NZDUSD_H4_orderflow_xgboost.pkl,.pkl,0.092,2026-03-27T02:05:42.034070969,unknown
BACKUP\OMNIS\EXECUÇÃO\models\trained\orderflow\xgboost\USDCHF_H4_orderflow_xgboost.pkl,USDCHF_H4_orderflow_xgboost.pkl,.pkl,0.092,2026-03-27T02:10:22.914769888,unknown
BACKUP\OMNIS\EXECUÇÃO\models\trained\orderflow\xgboost\USDCHF_M15_orderflow_xgboost.pkl,USDCHF_M15_orderflow_xgboost.pkl,.pkl,0.092,2026-03-27T02:11:03.764322519,unknown
BACKUP\OMNIS\EXECUÇÃO\models\trained\orderflow\xgboost\EURCHF_M15_orderflow_xgboost.pkl,EURCHF_M15_orderflow_xgboost.pkl,.pkl,0.091,2026-03-27T01:46:41.986455202,unknown
BACKUP\OMNIS\EXECUÇÃO\models\trained\orderflow\xgboost\EURGBP_H4_orderflow_xgboost.pkl,EURGBP_H4_orderflow_xgboost.pkl,.pkl,0.091,2026-03-27T01:47:45.444916248,unknown
BACKUP\OMNIS\EXECUÇÃO\models\trained\orderflow\xgboost\EURUSD_H4_orderflow_xgboost.pkl,EURUSD_H4_orderflow_xgboost.pkl,.pkl,0.091,2026-03-27T01:53:09.975547314,unknown
BACKUP\OMNIS\EXECUÇÃO\models\trained\orderflow\xgboost\EURCHF_H1_orderflow_xgboost.pkl,EURCHF_H1_orderflow_xgboost.pkl,.pkl,0.09,2026-03-27T01:46:15.959551334,unknown
BACKUP\OMNIS\EXECUÇÃO\models\trained\orderflow\xgboost\USDCHF_M30_orderflow_xgboost.pkl,USDCHF_M30_orderflow_xgboost.pkl,.pkl,0.09,2026-03-27T02:11:19.439952850,unknown
BACKUP\OMNIS\EXECUÇÃO\models\trained\orderflow\xgboost\USDJPY_H4_orderflow_xgboost.pkl,USDJPY_H4_orderflow_xgboost.pkl,.pkl,0.09,2026-03-27T02:12:44.157421827,unknown
BACKUP\OMNIS\EXECUÇÃO\models\trained\orderflow\xgboost\EURCHF_M30_orderflow_xgboost.pkl,EURCHF_M30_orderflow_xgboost.pkl,.pkl,0.089,2026-03-27T01:46:55.527310132,unknown
BACKUP\OMNIS\EXECUÇÃO\models\trained\orderflow\xgboost\GBPUSD_H1_orderflow_xgboost.pkl,GBPUSD_H1_orderflow_xgboost.pkl,.pkl,0.089,2026-03-27T01:59:52.960642815,unknown
BACKUP\OMNIS\EXECUÇÃO\models\trained\orderflow\xgboost\EURJPY_H1_orderflow_xgboost.pkl,EURJPY_H1_orderflow_xgboost.pkl,.pkl,0.088,2026-03-27T01:49:24.355972528,unknown
BACKUP\OMNIS\EXECUÇÃO\models\trained\orderflow\xgboost\GBPJPY_H1_orderflow_xgboost.pkl,GBPJPY_H1_orderflow_xgboost.pkl,.pkl,0.088,2026-03-27T01:57:20.852105379,unknown
BACKUP\OMNIS\EXECUÇÃO\models\trained\orderflow\xgboost\NZDUSD_M30_orderflow_xgboost.pkl,NZDUSD_M30_orderflow_xgboost.pkl,.pkl,0.088,2026-03-27T02:06:31.536835194,unknown
BACKUP\OMNIS\EXECUÇÃO\models\trained\orderflow\xgboost\USDCAD_H4_orderflow_xgboost.pkl,USDCAD_H4_orderflow_xgboost.pkl,.pkl,0.088,2026-03-27T02:07:53.541871071,unknown
BACKUP\OMNIS\EXECUÇÃO\models\trained\orderflow\xgboost\USDCAD_M15_orderflow_xgboost.pkl,USDCAD_M15_orderflow_xgboost.pkl,.pkl,0.088,2026-03-27T02:08:25.599143505,unknown
BACKUP\OMNIS\EXECUÇÃO\models\trained\orderflow\xgboost\USDCHF_H1_orderflow_xgboost.pkl,USDCHF_H1_orderflow_xgboost.pkl,.pkl,0.088,2026-03-27T02:10:18.308094501,unknown
BACKUP\OMNIS\EXECUÇÃO\models\trained\orderflow\xgboost\EURCAD_M15_orderflow_xgboost.pkl,EURCAD_M15_orderflow_xgboost.pkl,.pkl,0.087,2026-03-27T01:45:06.633767605,unknown
BACKUP\OMNIS\EXECUÇÃO\models\trained\orderflow\xgboost\EURGBP_H1_orderflow_xgboost.pkl,EURGBP_H1_orderflow_xgboost.pkl,.pkl,0.087,2026-03-27T01:47:41.540816069,unknown
BACKUP\OMNIS\EXECUÇÃO\models\trained\orderflow\xgboost\EURGBP_M15_orderflow_xgboost.pkl,EURGBP_M15_orderflow_xgboost.pkl,.pkl,0.087,2026-03-27T01:48:05.414514542,unknown
BACKUP\OMNIS\EXECUÇÃO\models\trained\orderflow\xgboost\EURGBP_M30_orderflow_xgboost.pkl,EURGBP_M30_orderflow_xgboost.pkl,.pkl,0.087,2026-03-27T01:48:16.274465084,unknown
BACKUP\OMNIS\EXECUÇÃO\models\trained\orderflow\xgboost\EURJPY_H4_orderflow_xgboost.pkl,EURJPY_H4_orderflow_xgboost.pkl,.pkl,0.087,2026-03-27T01:49:34.560822725,unknown
BACKUP\OMNIS\EXECUÇÃO\models\trained\orderflow\xgboost\EURJPY_M15_orderflow_xgboost.pkl,EURJPY_M15_orderflow_xgboost.pkl,.pkl,0.087,2026-03-27T01:50:06.908036947,unknown
BACKUP\OMNIS\EXECUÇÃO\models\trained\orderflow\xgboost\EURJPY_M30_orderflow_xgboost.pkl,EURJPY_M30_orderflow_xgboost.pkl,.pkl,0.087,2026-03-27T01:50:26.912043571,unknown
BACKUP\OMNIS\EXECUÇÃO\models\trained\orderflow\xgboost\NZDUSD_H1_orderflow_xgboost.pkl,NZDUSD_H1_orderflow_xgboost.pkl,.pkl,0.087,2026-03-27T02:05:35.810420036,unknown
BACKUP\OMNIS\EXECUÇÃO\models\trained\orderflow\xgboost\NZDUSD_M15_orderflow_xgboost.pkl,NZDUSD_M15_orderflow_xgboost.pkl,.pkl,0.087,2026-03-27T02:06:10.213351250,unknown
BACKUP\OMNIS\EXECUÇÃO\models\trained\orderflow\xgboost\AUDJPY_H1_orderflow_xgboost.pkl,AUDJPY_H1_orderflow_xgboost.pkl,.pkl,0.086,2026-03-27T01:37:59.857458591,unknown
BACKUP\OMNIS\EXECUÇÃO\models\trained\orderflow\xgboost\EURCAD_M30_orderflow_xgboost.pkl,EURCAD_M30_orderflow_xgboost.pkl,.pkl,0.086,2026-03-27T01:45:18.868469,unknown
BACKUP\OMNIS\EXECUÇÃO\models\trained\orderflow\xgboost\GBPJPY_M15_orderflow_xgboost.pkl,GBPJPY_M15_orderflow_xgboost.pkl,.pkl,0.086,2026-03-27T01:57:59.714517593,unknown
BACKUP\OMNIS\EXECUÇÃO\models\trained\orderflow\xgboost\GBPJPY_M30_orderflow_xgboost.pkl,GBPJPY_M30_orderflow_xgboost.pkl,.pkl,0.086,2026-03-27T01:58:11.468677998,unknown
BACKUP\OMNIS\EXECUÇÃO\models\trained\orderflow\xgboost\GBPUSD_M30_orderflow_xgboost.pkl,GBPUSD_M30_orderflow_xgboost.pkl,.pkl,0.086,2026-03-27T02:00:55.603573561,unknown
BACKUP\OMNIS\EXECUÇÃO\models\trained\orderflow\xgboost\USDCAD_H1_orderflow_xgboost.pkl,USDCAD_H1_orderflow_xgboost.pkl,.pkl,0.086,2026-03-27T02:07:45.858048439,unknown
BACKUP\OMNIS\EXECUÇÃO\models\trained\orderflow\xgboost\USDCAD_M30_orderflow_xgboost.pkl,USDCAD_M30_orderflow_xgboost.pkl,.pkl,0.086,2026-03-27T02:08:46.970662355,unknown
BACKUP\OMNIS\EXECUÇÃO\models\trained\orderflow\xgboost\USDJPY_H1_orderflow_xgboost.pkl,USDJPY_H1_orderflow_xgboost.pkl,.pkl,0.086,2026-03-27T02:12:41.394344807,unknown
BACKUP\OMNIS\EXECUÇÃO\models\trained\orderflow\xgboost\USDJPY_M15_orderflow_xgboost.pkl,USDJPY_M15_orderflow_xgboost.pkl,.pkl,0.086,2026-03-27T02:13:06.997980118,unknown
BACKUP\OMNIS\EXECUÇÃO\models\trained\orderflow\xgboost\USDJPY_M30_orderflow_xgboost.pkl,USDJPY_M30_orderflow_xgboost.pkl,.pkl,0.086,2026-03-27T02:13:25.231828213,unknown
BACKUP\OMNIS\EXECUÇÃO\models\trained\orderflow\xgboost\GBPUSD_M15_orderflow_xgboost.pkl,GBPUSD_M15_orderflow_xgboost.pkl,.pkl,0.085,2026-03-27T02:00:35.477790117,unknown
BACKUP\OMNIS\EXECUÇÃO\models\trained\orderflow\xgboost\GOLD_H1_orderflow_xgboost.pkl,GOLD_H1_orderflow_xgboost.pkl,.pkl,0.082,2026-03-27T02:02:40.396153212,unknown
BACKUP\OMNIS\EXECUÇÃO\models\trained\orderflow\xgboost\GOLD_H4_orderflow_xgboost.pkl,GOLD_H4_orderflow_xgboost.pkl,.pkl,0.082,2026-03-27T02:02:49.459461212,unknown
BACKUP\OMNIS\EXECUÇÃO\models\trained\orderflow\xgboost\GOLD_M15_orderflow_xgboost.pkl,GOLD_M15_orderflow_xgboost.pkl,.pkl,0.082,2026-03-27T02:03:30.976214409,unknown
BACKUP\OMNIS\EXECUÇÃO\models\trained\orderflow\xgboost\GOLD_M30_orderflow_xgboost.pkl,GOLD_M30_orderflow_xgboost.pkl,.pkl,0.082,2026-03-27T02:03:48.967493296,unknown
BACKUP\OMNIS_Copia\modelos_trading\models\seasonality_expert_xgboost.pkl,seasonality_expert_xgboost.pkl,.pkl,0.075,2026-03-22T12:47:12.344035387,unknown
BACKUP\OMNIS\EXECUÇÃO\models\trained\orderflow\xgboost\AUDJPY_H4_orderflow_xgboost.pkl,AUDJPY_H4_orderflow_xgboost.pkl,.pkl,0.072,2026-03-27T01:38:01.129727840,unknown
BACKUP\OMNIS\EXECUÇÃO\models\trained\orderflow\xgboost\AUDJPY_M15_orderflow_xgboost.pkl,AUDJPY_M15_orderflow_xgboost.pkl,.pkl,0.072,2026-03-27T01:38:18.285979509,unknown
BACKUP\OMNIS\EXECUÇÃO\models\trained\orderflow\xgboost\AUDJPY_M30_orderflow_xgboost.pkl,AUDJPY_M30_orderflow_xgboost.pkl,.pkl,0.072,2026-03-27T01:38:25.612967730,unknown
BACKUP\OMNIS\EXECUÇÃO\models\trained\orderflow\xgboost\AUDJPY_M5_orderflow_xgboost.pkl,AUDJPY_M5_orderflow_xgboost.pkl,.pkl,0.072,2026-03-27T01:39:10.504876613,unknown
BACKUP\OMNIS\EXECUÇÃO\models\trained\orderflow\xgboost\AUDUSD_H1_orderflow_xgboost.pkl,AUDUSD_H1_orderflow_xgboost.pkl,.pkl,0.072,2026-03-27T01:39:15.159662008,unknown
BACKUP\OMNIS\EXECUÇÃO\models\trained\orderflow\xgboost\AUDUSD_H4_orderflow_xgboost.pkl,AUDUSD_H4_orderflow_xgboost.pkl,.pkl,0.072,2026-03-27T01:39:16.495914936,unknown
BACKUP\OMNIS\EXECUÇÃO\models\trained\orderflow\xgboost\AUDUSD_M15_orderflow_xgboost.pkl,AUDUSD_M15_orderflow_xgboost.pkl,.pkl,0.072,2026-03-27T01:39:32.291529179,unknown
BACKUP\OMNIS\EXECUÇÃO\models\trained\orderflow\xgboost\AUDUSD_M30_orderflow_xgboost.pkl,AUDUSD_M30_orderflow_xgboost.pkl,.pkl,0.072,2026-03-27T01:39:40.594188690,unknown
BACKUP\OMNIS\EXECUÇÃO\models\trained\orderflow\xgboost\AUDUSD_M5_orderflow_xgboost.pkl,AUDUSD_M5_orderflow_xgboost.pkl,.pkl,0.072,2026-03-27T01:40:23.025068283,unknown
BACKUP\OMNIS\EXECUÇÃO\models\trained\orderflow\xgboost\BTCUSD_H1_orderflow_xgboost.pkl,BTCUSD_H1_orderflow_xgboost.pkl,.pkl,0.072,2026-03-27T01:40:28.809834242,unknown
BACKUP\OMNIS\EXECUÇÃO\models\trained\orderflow\xgboost\BTCUSD_H4_orderflow_xgboost.pkl,BTCUSD_H4_orderflow_xgboost.pkl,.pkl,0.072,2026-03-27T01:40:35.509720802,unknown
BACKUP\OMNIS\EXECUÇÃO\models\trained\orderflow\xgboost\BTCUSD_M15_orderflow_xgboost.pkl,BTCUSD_M15_orderflow_xgboost.pkl,.pkl,0.072,2026-03-27T01:41:21.834844828,unknown
BACKUP\OMNIS\EXECUÇÃO\models\trained\orderflow\xgboost\BTCUSD_M30_orderflow_xgboost.pkl,BTCUSD_M30_orderflow_xgboost.pkl,.pkl,0.072,2026-03-27T01:41:36.193090439,unknown
BACKUP\OMNIS\EXECUÇÃO\models\trained\orderflow\xgboost\BTCUSD_M5_orderflow_xgboost.pkl,BTCUSD_M5_orderflow_xgboost.pkl,.pkl,0.072,2026-03-27T01:42:36.846344948,unknown
BACKUP\OMNIS\EXECUÇÃO\models\trained\orderflow\xgboost\ETHUSD_H1_orderflow_xgboost.pkl,ETHUSD_H1_orderflow_xgboost.pkl,.pkl,0.072,2026-03-27T01:42:47.261878967,unknown
BACKUP\OMNIS\EXECUÇÃO\models\trained\orderflow\xgboost\ETHUSD_H4_orderflow_xgboost.pkl,ETHUSD_H4_orderflow_xgboost.pkl,.pkl,0.072,2026-03-27T01:42:52.637550831,unknown
BACKUP\OMNIS\EXECUÇÃO\models\trained\orderflow\xgboost\ETHUSD_M15_orderflow_xgboost.pkl,ETHUSD_M15_orderflow_xgboost.pkl,.pkl,0.072,2026-03-27T01:43:20.400424004,unknown
BACKUP\OMNIS\EXECUÇÃO\models\trained\orderflow\xgboost\ETHUSD_M30_orderflow_xgboost.pkl,ETHUSD_M30_orderflow_xgboost.pkl,.pkl,0.072,2026-03-27T01:43:32.742603064,unknown
BACKUP\OMNIS\EXECUÇÃO\models\trained\orderflow\xgboost\ETHUSD_M5_orderflow_xgboost.pkl,ETHUSD_M5_orderflow_xgboost.pkl,.pkl,0.072,2026-03-27T01:44:31.993264675,unknown
BACKUP\OMNIS\EXECUÇÃO\models\trained\orderflow\xgboost\EURCAD_H1_orderflow_xgboost.pkl,EURCAD_H1_orderflow_xgboost.pkl,.pkl,0.072,2026-03-27T01:44:44.548718214,unknown
BACKUP\OMNIS\EXECUÇÃO\models\trained\orderflow\xgboost\EURCAD_H4_orderflow_xgboost.pkl,EURCAD_H4_orderflow_xgboost.pkl,.pkl,0.072,2026-03-27T01:44:45.881745100,unknown
BACKUP\OMNIS\EXECUÇÃO\models\trained\orderflow\xgboost\EURCAD_M5_orderflow_xgboost.pkl,EURCAD_M5_orderflow_xgboost.pkl,.pkl,0.072,2026-03-27T01:46:09.767179012,unknown
BACKUP\OMNIS\EXECUÇÃO\models\trained\orderflow\xgboost\EURCHF_M5_orderflow_xgboost.pkl,EURCHF_M5_orderflow_xgboost.pkl,.pkl,0.072,2026-03-27T01:47:35.599700928,unknown
BACKUP\OMNIS\EXECUÇÃO\models\trained\orderflow\xgboost\EURGBP_M5_orderflow_xgboost.pkl,EURGBP_M5_orderflow_xgboost.pkl,.pkl,0.072,2026-03-27T01:49:08.927159071,unknown
BACKUP\OMNIS\EXECUÇÃO\models\trained\orderflow\xgboost\EURJPY_M5_orderflow_xgboost.pkl,EURJPY_M5_orderflow_xgboost.pkl,.pkl,0.072,2026-03-27T01:51:19.794193745,unknown
BACKUP\OMNIS\EXECUÇÃO\models\trained\orderflow\xgboost\EURUSD_M15_orderflow_xgboost.pkl,EURUSD_M15_orderflow_xgboost.pkl,.pkl,0.072,2026-03-27T01:54:40.515352963,unknown
BACKUP\OMNIS\EXECUÇÃO\models\trained\orderflow\xgboost\EURUSD_M30_orderflow_xgboost.pkl,EURUSD_M30_orderflow_xgboost.pkl,.pkl,0.072,2026-03-27T01:56:01.622267962,unknown
BACKUP\OMNIS\EXECUÇÃO\models\trained\orderflow\xgboost\EURUSD_M5_orderflow_xgboost.pkl,EURUSD_M5_orderflow_xgboost.pkl,.pkl,0.072,2026-03-27T01:57:15.079101086,unknown
BACKUP\OMNIS\EXECUÇÃO\models\trained\orderflow\xgboost\GBPJPY_M5_orderflow_xgboost.pkl,GBPJPY_M5_orderflow_xgboost.pkl,.pkl,0.072,2026-03-27T01:59:43.193395615,unknown
BACKUP\OMNIS\EXECUÇÃO\models\trained\orderflow\xgboost\GBPUSD_M5_orderflow_xgboost.pkl,GBPUSD_M5_orderflow_xgboost.pkl,.pkl,0.072,2026-03-27T02:02:26.060048580,unknown
BACKUP\OMNIS\EXECUÇÃO\models\trained\orderflow\xgboost\GOLD_M5_orderflow_xgboost.pkl,GOLD_M5_orderflow_xgboost.pkl,.pkl,0.072,2026-03-27T02:05:26.814438820,unknown
BACKUP\OMNIS\EXECUÇÃO\models\trained\orderflow\xgboost\NZDUSD_M5_orderflow_xgboost.pkl,NZDUSD_M5_orderflow_xgboost.pkl,.pkl,0.072,2026-03-27T02:07:34.868625402,unknown
BACKUP\OMNIS\EXECUÇÃO\models\trained\orderflow\xgboost\USDCAD_M5_orderflow_xgboost.pkl,USDCAD_M5_orderflow_xgboost.pkl,.pkl,0.072,2026-03-27T02:10:06.579753399,unknown
BACKUP\OMNIS\EXECUÇÃO\models\trained\orderflow\xgboost\USDCHF_M5_orderflow_xgboost.pkl,USDCHF_M5_orderflow_xgboost.pkl,.pkl,0.072,2026-03-27T02:12:35.919945478,unknown
BACKUP\OMNIS\EXECUÇÃO\models\trained\orderflow\xgboost\USDJPY_M5_orderflow_xgboost.pkl,USDJPY_M5_orderflow_xgboost.pkl,.pkl,0.072,2026-03-27T02:14:54.664138079,unknown
BACKUP\OMNIS\EXECUÇÃO\models\trained\reversal\xgboost\AUDJPY_H1_reversal_xgboost.pkl,AUDJPY_H1_reversal_xgboost.pkl,.pkl,0.072,2026-03-27T01:37:59.592455387,unknown
BACKUP\OMNIS\EXECUÇÃO\models\trained\reversal\xgboost\AUDJPY_H4_reversal_xgboost.pkl,AUDJPY_H4_reversal_xgboost.pkl,.pkl,0.072,2026-03-27T01:38:01.024963617,unknown
BACKUP\OMNIS\EXECUÇÃO\models\trained\reversal\xgboost\AUDJPY_M15_reversal_xgboost.pkl,AUDJPY_M15_reversal_xgboost.pkl,.pkl,0.072,2026-03-27T01:38:17.843763113,unknown
BACKUP\OMNIS\EXECUÇÃO\models\trained\reversal\xgboost\AUDJPY_M30_reversal_xgboost.pkl,AUDJPY_M30_reversal_xgboost.pkl,.pkl,0.072,2026-03-27T01:38:25.364660501,unknown
BACKUP\OMNIS\EXECUÇÃO\models\trained\reversal\xgboost\AUDJPY_M5_reversal_xgboost.pkl,AUDJPY_M5_reversal_xgboost.pkl,.pkl,0.072,2026-03-27T01:39:09.697197914,unknown
BACKUP\OMNIS\EXECUÇÃO\models\trained\reversal\xgboost\AUDUSD_H1_reversal_xgboost.pkl,AUDUSD_H1_reversal_xgboost.pkl,.pkl,0.072,2026-03-27T01:39:15.004275560,unknown
BACKUP\OMNIS\EXECUÇÃO\models\trained\reversal\xgboost\AUDUSD_H4_reversal_xgboost.pkl,AUDUSD_H4_reversal_xgboost.pkl,.pkl,0.072,2026-03-27T01:39:16.376838684,unknown
BACKUP\OMNIS\EXECUÇÃO\models\trained\reversal\xgboost\AUDUSD_M15_reversal_xgboost.pkl,AUDUSD_M15_reversal_xgboost.pkl,.pkl,0.072,2026-03-27T01:39:31.851047516,unknown
BACKUP\OMNIS\EXECUÇÃO\models\trained\reversal\xgboost\AUDUSD_M30_reversal_xgboost.pkl,AUDUSD_M30_reversal_xgboost.pkl,.pkl,0.072,2026-03-27T01:39:40.367053032,unknown
BACKUP\OMNIS\EXECUÇÃO\models\trained\reversal\xgboost\AUDUSD_M5_reversal_xgboost.pkl,AUDUSD_M5_reversal_xgboost.pkl,.pkl,0.072,2026-03-27T01:40:22.209029198,unknown
BACKUP\OMNIS\EXECUÇÃO\models\trained\reversal\xgboost\BTCUSD_H1_reversal_xgboost.pkl,BTCUSD_H1_reversal_xgboost.pkl,.pkl,0.072,2026-03-27T01:40:28.609655857,unknown
BACKUP\OMNIS\EXECUÇÃO\models\trained\reversal\xgboost\BTCUSD_H4_reversal_xgboost.pkl,BTCUSD_H4_reversal_xgboost.pkl,.pkl,0.072,2026-03-27T01:40:35.295724154,unknown
BACKUP\OMNIS\EXECUÇÃO\models\trained\reversal\xgboost\BTCUSD_M15_reversal_xgboost.pkl,BTCUSD_M15_reversal_xgboost.pkl,.pkl,0.072,2026-03-27T01:41:21.229236603,unknown
BACKUP\OMNIS\EXECUÇÃO\models\trained\reversal\xgboost\BTCUSD_M30_reversal_xgboost.pkl,BTCUSD_M30_reversal_xgboost.pkl,.pkl,0.072,2026-03-27T01:41:35.857309103,unknown
BACKUP\OMNIS\EXECUÇÃO\models\trained\reversal\xgboost\BTCUSD_M5_reversal_xgboost.pkl,BTCUSD_M5_reversal_xgboost.pkl,.pkl,0.072,2026-03-27T01:42:35.953457355,unknown
BACKUP\OMNIS\EXECUÇÃO\models\trained\reversal\xgboost\ETHUSD_H1_reversal_xgboost.pkl,ETHUSD_H1_reversal_xgboost.pkl,.pkl,0.072,2026-03-27T01:42:47.089221001,unknown
BACKUP\OMNIS\EXECUÇÃO\models\trained\reversal\xgboost\ETHUSD_H4_reversal_xgboost.pkl,ETHUSD_H4_reversal_xgboost.pkl,.pkl,0.072,2026-03-27T01:42:52.452636003,unknown
BACKUP\OMNIS\EXECUÇÃO\models\trained\reversal\xgboost\ETHUSD_M15_reversal_xgboost.pkl,ETHUSD_M15_reversal_xgboost.pkl,.pkl,0.072,2026-03-27T01:43:19.832762480,unknown
BACKUP\OMNIS\EXECUÇÃO\models\trained\reversal\xgboost\ETHUSD_M30_reversal_xgboost.pkl,ETHUSD_M30_reversal_xgboost.pkl,.pkl,0.072,2026-03-27T01:43:32.499830961,unknown
BACKUP\OMNIS\EXECUÇÃO\models\trained\reversal\xgboost\ETHUSD_M5_reversal_xgboost.pkl,ETHUSD_M5_reversal_xgboost.pkl,.pkl,0.072,2026-03-27T01:44:31.242664576,unknown
BACKUP\OMNIS\EXECUÇÃO\models\trained\reversal\xgboost\EURCAD_H1_reversal_xgboost.pkl,EURCAD_H1_reversal_xgboost.pkl,.pkl,0.072,2026-03-27T01:44:44.306471109,unknown
BACKUP\OMNIS\EXECUÇÃO\models\trained\reversal\xgboost\EURCAD_H4_reversal_xgboost.pkl,EURCAD_H4_reversal_xgboost.pkl,.pkl,0.072,2026-03-27T01:44:45.756966591,unknown
BACKUP\OMNIS\EXECUÇÃO\models\trained\reversal\xgboost\EURCAD_M15_reversal_xgboost.pkl,EURCAD_M15_reversal_xgboost.pkl,.pkl,0.072,2026-03-27T01:45:06.035980701,unknown
BACKUP\OMNIS\EXECUÇÃO\models\trained\reversal\xgboost\EURCAD_M30_reversal_xgboost.pkl,EURCAD_M30_reversal_xgboost.pkl,.pkl,0.072,2026-03-27T01:45:18.531914711,unknown
BACKUP\OMNIS\EXECUÇÃO\models\trained\reversal\xgboost\EURCAD_M5_reversal_xgboost.pkl,EURCAD_M5_reversal_xgboost.pkl,.pkl,0.072,2026-03-27T01:46:09.012058735,unknown
BACKUP\OMNIS\EXECUÇÃO\models\trained\reversal\xgboost\EURCHF_H1_reversal_xgboost.pkl,EURCHF_H1_reversal_xgboost.pkl,.pkl,0.072,2026-03-27T01:46:15.700673580,unknown
BACKUP\OMNIS\EXECUÇÃO\models\trained\reversal\xgboost\EURCHF_H4_reversal_xgboost.pkl,EURCHF_H4_reversal_xgboost.pkl,.pkl,0.072,2026-03-27T01:46:19.210531950,unknown
BACKUP\OMNIS\EXECUÇÃO\models\trained\reversal\xgboost\EURCHF_M15_reversal_xgboost.pkl,EURCHF_M15_reversal_xgboost.pkl,.pkl,0.072,2026-03-27T01:46:41.463441133,unknown
BACKUP\OMNIS\EXECUÇÃO\models\trained\reversal\xgboost\EURCHF_M30_reversal_xgboost.pkl,EURCHF_M30_reversal_xgboost.pkl,.pkl,0.072,2026-03-27T01:46:55.146756411,unknown
BACKUP\OMNIS\EXECUÇÃO\models\trained\reversal\xgboost\EURCHF_M5_reversal_xgboost.pkl,EURCHF_M5_reversal_xgboost.pkl,.pkl,0.072,2026-03-27T01:47:34.800306559,unknown
BACKUP\OMNIS\EXECUÇÃO\models\trained\reversal\xgboost\EURGBP_H1_reversal_xgboost.pkl,EURGBP_H1_reversal_xgboost.pkl,.pkl,0.072,2026-03-27T01:47:41.273864031,unknown
BACKUP\OMNIS\EXECUÇÃO\models\trained\reversal\xgboost\EURGBP_H4_reversal_xgboost.pkl,EURGBP_H4_reversal_xgboost.pkl,.pkl,0.072,2026-03-27T01:47:45.213255882,unknown
BACKUP\OMNIS\EXECUÇÃO\models\trained\reversal\xgboost\EURGBP_M15_reversal_xgboost.pkl,EURGBP_M15_reversal_xgboost.pkl,.pkl,0.072,2026-03-27T01:48:04.846483946,unknown
BACKUP\OMNIS\EXECUÇÃO\models\trained\reversal\xgboost\EURGBP_M30_reversal_xgboost.pkl,EURGBP_M30_reversal_xgboost.pkl,.pkl,0.072,2026-03-27T01:48:15.940812349,unknown
BACKUP\OMNIS\EXECUÇÃO\models\trained\reversal\xgboost\EURGBP_M5_reversal_xgboost.pkl,EURGBP_M5_reversal_xgboost.pkl,.pkl,0.072,2026-03-27T01:49:08.109191418,unknown
BACKUP\OMNIS\EXECUÇÃO\models\trained\reversal\xgboost\EURJPY_H1_reversal_xgboost.pkl,EURJPY_H1_reversal_xgboost.pkl,.pkl,0.072,2026-03-27T01:49:23.891791105,unknown
BACKUP\OMNIS\EXECUÇÃO\models\trained\reversal\xgboost\EURJPY_H4_reversal_xgboost.pkl,EURJPY_H4_reversal_xgboost.pkl,.pkl,0.072,2026-03-27T01:49:34.234177113,unknown
BACKUP\OMNIS\EXECUÇÃO\models\trained\reversal\xgboost\EURJPY_M15_reversal_xgboost.pkl,EURJPY_M15_reversal_xgboost.pkl,.pkl,0.072,2026-03-27T01:50:06.234733105,unknown
BACKUP\OMNIS\EXECUÇÃO\models\trained\reversal\xgboost\EURJPY_M30_reversal_xgboost.pkl,EURJPY_M30_reversal_xgboost.pkl,.pkl,0.072,2026-03-27T01:50:26.373030901,unknown
BACKUP\OMNIS\EXECUÇÃO\models\trained\reversal\xgboost\EURJPY_M5_reversal_xgboost.pkl,EURJPY_M5_reversal_xgboost.pkl,.pkl,0.072,2026-03-27T01:51:18.893640518,unknown
BACKUP\OMNIS\EXECUÇÃO\models\trained\reversal\xgboost\EURUSD_H1_reversal_xgboost.pkl,EURUSD_H1_reversal_xgboost.pkl,.pkl,0.072,2026-03-27T01:52:34.591562510,unknown
BACKUP\OMNIS\EXECUÇÃO\models\trained\reversal\xgboost\EURUSD_H4_reversal_xgboost.pkl,EURUSD_H4_reversal_xgboost.pkl,.pkl,0.072,2026-03-27T01:53:09.317558765,unknown
BACKUP\OMNIS\EXECUÇÃO\models\trained\reversal\xgboost\EURUSD_M15_reversal_xgboost.pkl,EURUSD_M15_reversal_xgboost.pkl,.pkl,0.072,2026-03-27T01:54:39.656471252,unknown
BACKUP\OMNIS\EXECUÇÃO\models\trained\reversal\xgboost\EURUSD_M30_reversal_xgboost.pkl,EURUSD_M30_reversal_xgboost.pkl,.pkl,0.072,2026-03-27T01:56:00.659977436,unknown
BACKUP\OMNIS\EXECUÇÃO\models\trained\reversal\xgboost\EURUSD_M5_reversal_xgboost.pkl,EURUSD_M5_reversal_xgboost.pkl,.pkl,0.072,2026-03-27T01:57:14.221404314,unknown
BACKUP\OMNIS\EXECUÇÃO\models\trained\reversal\xgboost\GBPJPY_H1_reversal_xgboost.pkl,GBPJPY_H1_reversal_xgboost.pkl,.pkl,0.072,2026-03-27T01:57:20.574684381,unknown
BACKUP\OMNIS\EXECUÇÃO\models\trained\reversal\xgboost\GBPJPY_H4_reversal_xgboost.pkl,GBPJPY_H4_reversal_xgboost.pkl,.pkl,0.072,2026-03-27T01:57:23.498811722,unknown
BACKUP\OMNIS\EXECUÇÃO\models\trained\reversal\xgboost\GBPJPY_M15_reversal_xgboost.pkl,GBPJPY_M15_reversal_xgboost.pkl,.pkl,0.072,2026-03-27T01:57:59.065007686,unknown
BACKUP\OMNIS\EXECUÇÃO\models\trained\reversal\xgboost\GBPJPY_M30_reversal_xgboost.pkl,GBPJPY_M30_reversal_xgboost.pkl,.pkl,0.072,2026-03-27T01:58:11.133442401,unknown
BACKUP\OMNIS\EXECUÇÃO\models\trained\reversal\xgboost\GBPJPY_M5_reversal_xgboost.pkl,GBPJPY_M5_reversal_xgboost.pkl,.pkl,0.072,2026-03-27T01:59:42.344908714,unknown
BACKUP\OMNIS\EXECUÇÃO\models\trained\reversal\xgboost\GBPUSD_H1_reversal_xgboost.pkl,GBPUSD_H1_reversal_xgboost.pkl,.pkl,0.072,2026-03-27T01:59:52.585060596,unknown
BACKUP\OMNIS\EXECUÇÃO\models\trained\reversal\xgboost\GBPUSD_H4_reversal_xgboost.pkl,GBPUSD_H4_reversal_xgboost.pkl,.pkl,0.072,2026-03-27T01:59:56.009658813,unknown
BACKUP\OMNIS\EXECUÇÃO\models\trained\reversal\xgboost\GBPUSD_M15_reversal_xgboost.pkl,GBPUSD_M15_reversal_xgboost.pkl,.pkl,0.072,2026-03-27T02:00:34.954353094,unknown
BACKUP\OMNIS\EXECUÇÃO\models\trained\reversal\xgboost\GBPUSD_M30_reversal_xgboost.pkl,GBPUSD_M30_reversal_xgboost.pkl,.pkl,0.072,2026-03-27T02:00:55.215799570,unknown
BACKUP\OMNIS\EXECUÇÃO\models\trained\reversal\xgboost\GBPUSD_M5_reversal_xgboost.pkl,GBPUSD_M5_reversal_xgboost.pkl,.pkl,0.072,2026-03-27T02:02:25.255471944,unknown
BACKUP\OMNIS\EXECUÇÃO\models\trained\reversal\xgboost\GOLD_H1_reversal_xgboost.pkl,GOLD_H1_reversal_xgboost.pkl,.pkl,0.072,2026-03-27T02:02:40.160000801,unknown
BACKUP\OMNIS\EXECUÇÃO\models\trained\reversal\xgboost\GOLD_H4_reversal_xgboost.pkl,GOLD_H4_reversal_xgboost.pkl,.pkl,0.072,2026-03-27T02:02:48.877885103,unknown
BACKUP\OMNIS\EXECUÇÃO\models\trained\reversal\xgboost\GOLD_M15_reversal_xgboost.pkl,GOLD_M15_reversal_xgboost.pkl,.pkl,0.072,2026-03-27T02:03:30.422764301,unknown
BACKUP\OMNIS\EXECUÇÃO\models\trained\reversal\xgboost\GOLD_M30_reversal_xgboost.pkl,GOLD_M30_reversal_xgboost.pkl,.pkl,0.072,2026-03-27T02:03:48.664007664,unknown
BACKUP\OMNIS\EXECUÇÃO\models\trained\reversal\xgboost\GOLD_M5_reversal_xgboost.pkl,GOLD_M5_reversal_xgboost.pkl,.pkl,0.072,2026-03-27T02:05:25.975390434,unknown
BACKUP\OMNIS\EXECUÇÃO\models\trained\reversal\xgboost\NZDUSD_H1_reversal_xgboost.pkl,NZDUSD_H1_reversal_xgboost.pkl,.pkl,0.072,2026-03-27T02:05:35.509637117,unknown
BACKUP\OMNIS\EXECUÇÃO\models\trained\reversal\xgboost\NZDUSD_H4_reversal_xgboost.pkl,NZDUSD_H4_reversal_xgboost.pkl,.pkl,0.072,2026-03-27T02:05:41.637761354,unknown
BACKUP\OMNIS\EXECUÇÃO\models\trained\reversal\xgboost\NZDUSD_M15_reversal_xgboost.pkl,NZDUSD_M15_reversal_xgboost.pkl,.pkl,0.072,2026-03-27T02:06:09.644920826,unknown
BACKUP\OMNIS\EXECUÇÃO\models\trained\reversal\xgboost\NZDUSD_M30_reversal_xgboost.pkl,NZDUSD_M30_reversal_xgboost.pkl,.pkl,0.072,2026-03-27T02:06:31.164727688,unknown
BACKUP\OMNIS\EXECUÇÃO\models\trained\reversal\xgboost\NZDUSD_M5_reversal_xgboost.pkl,NZDUSD_M5_reversal_xgboost.pkl,.pkl,0.072,2026-03-27T02:07:33.811680555,unknown
BACKUP\OMNIS\EXECUÇÃO\models\trained\reversal\xgboost\USDCAD_H1_reversal_xgboost.pkl,USDCAD_H1_reversal_xgboost.pkl,.pkl,0.072,2026-03-27T02:07:45.579852104,unknown
BACKUP\OMNIS\EXECUÇÃO\models\trained\reversal\xgboost\USDCAD_H4_reversal_xgboost.pkl,USDCAD_H4_reversal_xgboost.pkl,.pkl,0.072,2026-03-27T02:07:53.214716911,unknown
BACKUP\OMNIS\EXECUÇÃO\models\trained\reversal\xgboost\USDCAD_M15_reversal_xgboost.pkl,USDCAD_M15_reversal_xgboost.pkl,.pkl,0.072,2026-03-27T02:08:25.009443998,unknown
BACKUP\OMNIS\EXECUÇÃO\models\trained\reversal\xgboost\USDCAD_M30_reversal_xgboost.pkl,USDCAD_M30_reversal_xgboost.pkl,.pkl,0.072,2026-03-27T02:08:46.605133295,unknown
BACKUP\OMNIS\EXECUÇÃO\models\trained\reversal\xgboost\USDCAD_M5_reversal_xgboost.pkl,USDCAD_M5_reversal_xgboost.pkl,.pkl,0.072,2026-03-27T02:10:05.600172281,unknown
BACKUP\OMNIS\EXECUÇÃO\models\trained\reversal\xgboost\USDCHF_H1_reversal_xgboost.pkl,USDCHF_H1_reversal_xgboost.pkl,.pkl,0.072,2026-03-27T02:10:17.998950243,unknown
BACKUP\OMNIS\EXECUÇÃO\models\trained\reversal\xgboost\USDCHF_H4_reversal_xgboost.pkl,USDCHF_H4_reversal_xgboost.pkl,.pkl,0.072,2026-03-27T02:10:22.695786715,unknown
BACKUP\OMNIS\EXECUÇÃO\models\trained\reversal\xgboost\USDCHF_M15_reversal_xgboost.pkl,USDCHF_M15_reversal_xgboost.pkl,.pkl,0.072,2026-03-27T02:11:03.115244627,unknown
BACKUP\OMNIS\EXECUÇÃO\models\trained\reversal\xgboost\USDCHF_M30_reversal_xgboost.pkl,USDCHF_M30_reversal_xgboost.pkl,.pkl,0.072,2026-03-27T02:11:19.085945606,unknown
BACKUP\OMNIS\EXECUÇÃO\models\trained\reversal\xgboost\USDCHF_M5_reversal_xgboost.pkl,USDCHF_M5_reversal_xgboost.pkl,.pkl,0.072,2026-03-27T02:12:35.115446329,unknown
BACKUP\OMNIS\EXECUÇÃO\models\trained\reversal\xgboost\USDJPY_H1_reversal_xgboost.pkl,USDJPY_H1_reversal_xgboost.pkl,.pkl,0.072,2026-03-27T02:12:41.141536236,unknown
BACKUP\OMNIS\EXECUÇÃO\models\trained\reversal\xgboost\USDJPY_H4_reversal_xgboost.pkl,USDJPY_H4_reversal_xgboost.pkl,.pkl,0.072,2026-03-27T02:12:43.962818384,unknown
BACKUP\OMNIS\EXECUÇÃO\models\trained\reversal\xgboost\USDJPY_M15_reversal_xgboost.pkl,USDJPY_M15_reversal_xgboost.pkl,.pkl,0.072,2026-03-27T02:13:06.308153391,unknown
BACKUP\OMNIS\EXECUÇÃO\models\trained\reversal\xgboost\USDJPY_M30_reversal_xgboost.pkl,USDJPY_M30_reversal_xgboost.pkl,.pkl,0.072,2026-03-27T02:13:24.887808084,unknown
BACKUP\OMNIS\EXECUÇÃO\models\trained\reversal\xgboost\USDJPY_M5_reversal_xgboost.pkl,USDJPY_M5_reversal_xgboost.pkl,.pkl,0.072,2026-03-27T02:14:53.788604021,unknown
BACKUP\OMNIS_Copia\modelos_trading\models\seasonality_expert_random_forest.pkl,seasonality_expert_random_forest.pkl,.pkl,0.053,2026-03-22T12:47:11.975915432,unknown
BACKUP\OMNIS_Copia\modelos_trading\models\seasonality_expert_gradient_boosting.pkl,seasonality_expert_gradient_boosting.pkl,.pkl,0.051,2026-03-22T12:47:12.282304287,unknown
BACKUP\OMNIS_Copia\modelos_trading\models\seasonality_expert_lightgbm.pkl,seasonality_expert_lightgbm.pkl,.pkl,0.041,2026-03-22T12:47:12.407875061,unknown
BACKUP\OMNIS_Copia\modelos_trading\models\gap_expert_lightgbm.pkl,gap_expert_lightgbm.pkl,.pkl,0.04,2026-03-22T12:46:47.596481562,unknown
BACKUP\omnis_backup_\models\backup2\meta_decision_model.pkl,meta_decision_model.pkl,.pkl,0.005,2026-01-24T22:48:07,unknown
BACKUP\omnis_backup_\models\meta\meta_decision_model.pkl,meta_decision_model.pkl,.pkl,0.005,2026-02-27T18:08:16.198273897,unknown
BACKUP\OMNIS_v1_20260304_134715\models\trained\meta_decision_model.pkl,meta_decision_model.pkl,.pkl,0.005,2026-02-27T18:08:16.198273897,unknown
BACKUP\omnis_backup_\models\meta\reversal_metadata.pkl,reversal_metadata.pkl,.pkl,0.002,2026-02-27T18:07:24.211770535,unknown
BACKUP\omnis_backup_\models\meta\risk_metadata.pkl,risk_metadata.pkl,.pkl,0.002,2026-02-27T18:06:32.072421551,unknown
BACKUP\omnis_backup_\models\meta\sr_metadata.pkl,sr_metadata.pkl,.pkl,0.002,2026-02-27T18:05:41.701283693,unknown
BACKUP\omnis_backup_\models\meta\trend_metadata.pkl,trend_metadata.pkl,.pkl,0.002,2026-02-27T18:04:08.957036495,unknown
BACKUP\omnis_backup_\models\meta\volatility_metadata.pkl,volatility_metadata.pkl,.pkl,0.002,2026-02-27T18:03:15.281182766,unknown
BACKUP\OMNIS_Copia\modelos_trading\models\candlestick_expert_logistic.pkl,candlestick_expert_logistic.pkl,.pkl,0.002,2026-03-22T12:46:22.140973091,unknown
BACKUP\OMNIS_Copia\modelos_trading\models\exhaustion_detector_logistic.pkl,exhaustion_detector_logistic.pkl,.pkl,0.002,2026-03-22T12:46:04.744322300,unknown
BACKUP\OMNIS_Copia\modelos_trading\models\flow_aggressor_logistic.pkl,flow_aggressor_logistic.pkl,.pkl,0.002,2026-03-22T12:45:50.069153786,unknown
BACKUP\OMNIS_Copia\modelos_trading\models\hvn_expert_logistic.pkl,hvn_expert_logistic.pkl,.pkl,0.002,2026-03-22T12:46:49.315793991,unknown
BACKUP\OMNIS_Copia\modelos_trading\models\microstructure_expert_logistic.pkl,microstructure_expert_logistic.pkl,.pkl,0.002,2026-03-22T12:47:02.929572582,unknown
BACKUP\OMNIS_Copia\modelos_trading\models\momentum_expert_logistic.pkl,momentum_expert_logistic.pkl,.pkl,0.002,2026-03-22T12:47:11.441442251,unknown
BACKUP\OMNIS_Copia\modelos_trading\models\pattern_trigger_logistic.pkl,pattern_trigger_logistic.pkl,.pkl,0.002,2026-03-22T12:44:48.380277395,unknown
BACKUP\OMNIS_Copia\modelos_trading\models\pullback_hunter_logistic.pkl,pullback_hunter_logistic.pkl,.pkl,0.002,2026-03-22T12:45:41.029121637,unknown
BACKUP\OMNIS_Copia\modelos_trading\models\risk_guardian_logistic.pkl,risk_guardian_logistic.pkl,.pkl,0.002,2026-03-22T12:45:58.661660194,unknown
BACKUP\OMNIS_Copia\modelos_trading\models\stats_quant_logistic.pkl,stats_quant_logistic.pkl,.pkl,0.002,2026-03-22T12:46:17.879168987,unknown
BACKUP\OMNIS_Copia\modelos_trading\models\stochastic_expert_logistic.pkl,stochastic_expert_logistic.pkl,.pkl,0.002,2026-03-22T12:47:17.189731121,unknown
BACKUP\OMNIS_Copia\modelos_trading\models\swing_expert_logistic.pkl,swing_expert_logistic.pkl,.pkl,0.002,2026-03-22T12:47:21.868001223,unknown
BACKUP\OMNIS_Copia\modelos_trading\models\trend_master_logistic.pkl,trend_master_logistic.pkl,.pkl,0.002,2026-03-22T12:45:02.995492935,unknown
BACKUP\OMNIS_Copia\modelos_trading\models\volatility_gauge_logistic.pkl,volatility_gauge_logistic.pkl,.pkl,0.002,2026-03-22T12:45:19.575377226,unknown
BACKUP\OMNIS_Copia\modelos_trading\models\volume_expert_logistic.pkl,volume_expert_logistic.pkl,.pkl,0.002,2026-03-22T12:47:27.071935415,unknown
BACKUP\OMNIS_Copia\modelos_trading\models\zone_mapper_logistic.pkl,zone_mapper_logistic.pkl,.pkl,0.002,2026-03-22T12:45:27.853887558,unknown
BACKUP\OMNIS_v1_20260304_134715\models\trained\reversal_metadata.pkl,reversal_metadata.pkl,.pkl,0.002,2026-02-27T18:07:24.211770535,unknown
BACKUP\OMNIS_v1_20260304_134715\models\trained\risk_metadata.pkl,risk_metadata.pkl,.pkl,0.002,2026-02-27T18:06:32.072421551,unknown
BACKUP\OMNIS_v1_20260304_134715\models\trained\sr_metadata.pkl,sr_metadata.pkl,.pkl,0.002,2026-02-27T18:05:41.701283693,unknown
BACKUP\OMNIS_v1_20260304_134715\models\trained\volatility_metadata.pkl,volatility_metadata.pkl,.pkl,0.002,2026-02-27T18:03:15.281182766,unknown
BACKUP\OMNIS_v1_20260304_134715\models\trained\metadata\orderflow_metadata.pkl,orderflow_metadata.pkl,.pkl,0.002,2026-03-03T15:49:53.988919735,unknown
BACKUP\OMNIS_v1_20260304_134715\models\trained\metadata\trend_metadata.pkl,trend_metadata.pkl,.pkl,0.002,2026-03-03T12:47:10.856703043,unknown
BACKUP\omnis_backup_\models\meta\candles_metadata.pkl,candles_metadata.pkl,.pkl,0.001,2026-02-16T18:14:29.461002111,unknown
BACKUP\omnis_backup_\models\meta\orderflow_metadata.pkl,orderflow_metadata.pkl,.pkl,0.001,2026-02-27T18:05:15.530660629,unknown
BACKUP\omnis_backup_\models\meta\reversal_features.pkl,reversal_features.pkl,.pkl,0.001,2026-02-09T18:09:26.740378380,unknown
BACKUP\OMNIS_Copia\modelos_trading\models\correlation_expert_logistic.pkl,correlation_expert_logistic.pkl,.pkl,0.001,2026-03-22T12:46:44.208862305,unknown
BACKUP\OMNIS_Copia\modelos_trading\models\fibonacci_expert_logistic.pkl,fibonacci_expert_logistic.pkl,.pkl,0.001,2026-03-22T12:46:46.762573957,unknown
BACKUP\OMNIS_Copia\modelos_trading\models\gap_expert_logistic.pkl,gap_expert_logistic.pkl,.pkl,0.001,2026-03-22T12:46:47.695901155,unknown
BACKUP\OMNIS_Copia\modelos_trading\models\ichimoku_expert_logistic.pkl,ichimoku_expert_logistic.pkl,.pkl,0.001,2026-03-22T12:46:51.516956329,unknown
BACKUP\OMNIS_Copia\modelos_trading\models\market_microstructure_expert_logistic.pkl,market_microstructure_expert_logistic.pkl,.pkl,0.001,2026-03-22T12:46:54.463526487,unknown
BACKUP\OMNIS_Copia\modelos_trading\models\ml_expert_logistic.pkl,ml_expert_logistic.pkl,.pkl,0.001,2026-03-22T12:47:05.120803356,unknown
BACKUP\OMNIS_Copia\modelos_trading\models\seasonality_expert_logistic.pkl,seasonality_expert_logistic.pkl,.pkl,0.001,2026-03-22T12:47:12.455443859,unknown
BACKUP\OMNIS_v1_20260304_134715\models\trained\candles_metadata.pkl,candles_metadata.pkl,.pkl,0.001,2026-02-16T18:14:29.461002111,unknown
BACKUP\OMNIS_v1_20260304_134715\models\trained\orderflow_metadata.pkl,orderflow_metadata.pkl,.pkl,0.001,2026-02-27T18:05:15.530660629,unknown
BACKUP\OMNIS_v1_20260304_134715\models\trained\reversal_features.pkl,reversal_features.pkl,.pkl,0.001,2026-02-09T18:09:26.740378380,unknown
BACKUP\OMNIS_v1_20260304_134715\models\trained\metadata\candles_metadata.pkl,candles_metadata.pkl,.pkl,0.001,2026-03-03T16:37:48.982734919,unknown
BACKUP\OMNIS_v1_20260304_134715\models\trained\metadata\pullback_metadata.pkl,pullback_metadata.pkl,.pkl,0.001,2026-03-03T17:16:13.397464037,unknown
BACKUP\OMNIS_v1_20260304_134715\models\trained\metadata\quant_metadata.pkl,quant_metadata.pkl,.pkl,0.001,2026-03-03T19:13:57.055834293,unknown
BACKUP\OMNIS_v1_20260304_134715\models\trained\metadata\reversal_metadata.pkl,reversal_metadata.pkl,.pkl,0.001,2026-03-03T14:56:40.291975021,unknown
BACKUP\OMNIS_v1_20260304_134715\models\trained\metadata\risk_metadata.pkl,risk_metadata.pkl,.pkl,0.001,2026-03-03T18:54:17.573515415,unknown
BACKUP\OMNIS_v1_20260304_134715\models\trained\metadata\sr_metadata.pkl,sr_metadata.pkl,.pkl,0.001,2026-03-03T18:48:51.778657436,unknown
BACKUP\OMNIS_v1_20260304_134715\models\trained\metadata\volatility_metadata.pkl,volatility_metadata.pkl,.pkl,0.001,2026-03-03T18:45:42.699017048,unknown
