relative_path,size_bytes,extension
backup_migrated\build_models_shards_v4\SHARD_CRYPTO_M15.parquet,130098775,.parquet
backup_migrated\build_models_shards_v4\SHARD_CRYPTO_M30.parquet,76053497,.parquet
backup_migrated\build_models_shards_v4\SHARD_CRYPTO_M5.parquet,258098956,.parquet
backup_migrated\build_models_shards_v4\SHARD_EXOTICS_WORLD_M15.parquet,253336292,.parquet
backup_migrated\build_models_shards_v4\SHARD_EXOTICS_WORLD_M30.parquet,150683585,.parquet
backup_migrated\build_models_shards_v4\SHARD_EXOTICS_WORLD_M5.parquet,491903564,.parquet
backup_migrated\build_models_shards_v4\SHARD_FOREX_CROSSES_M15.parquet,369710110,.parquet
backup_migrated\build_models_shards_v4\SHARD_FOREX_CROSSES_M30.parquet,218536823,.parquet
backup_migrated\build_models_shards_v4\SHARD_FOREX_CROSSES_M5.parquet,718051694,.parquet
backup_migrated\build_models_shards_v4\SHARD_FOREX_MAJORS_M15.parquet,115558775,.parquet
backup_migrated\build_models_shards_v4\SHARD_FOREX_MAJORS_M30.parquet,68199532,.parquet
backup_migrated\build_models_shards_v4\SHARD_FOREX_MAJORS_M5.parquet,218007096,.parquet
backup_migrated\build_models_shards_v4\SHARD_INDEXES_M15.parquet,94675622,.parquet
backup_migrated\build_models_shards_v4\SHARD_INDEXES_M30.parquet,56362290,.parquet
backup_migrated\build_models_shards_v4\SHARD_INDEXES_M5.parquet,174772027,.parquet
backup_migrated\build_models_shards_v4\SHARD_METALS_ELITE_M15.parquet,135057469,.parquet
backup_migrated\build_models_shards_v4\SHARD_METALS_ELITE_M30.parquet,78972045,.parquet
backup_migrated\build_models_shards_v4\SHARD_METALS_ELITE_M5.parquet,270371733,.parquet
backup_migrated\build_models_shards_v4\SHARD_OTHERS_M15.parquet,96062883,.parquet
backup_migrated\build_models_shards_v4\SHARD_OTHERS_M30.parquet,56873235,.parquet
backup_migrated\build_models_shards_v4\SHARD_OTHERS_M5.parquet,187887237,.parquet
backup_migrated\data_csv_full\D1\ADAUSD.csv,64786,.csv
backup_migrated\data_csv_full\D1\AEDCNH.csv,79053,.csv
backup_migrated\data_csv_full\D1\AEDCZK.csv,75648,.csv
backup_migrated\data_csv_full\D1\AEDHKD.csv,78338,.csv
backup_migrated\data_csv_full\D1\AEDHUF.csv,82655,.csv
backup_migrated\data_csv_full\D1\AEDJPY.csv,74834,.csv
backup_migrated\data_csv_full\D1\AEDMXN.csv,81675,.csv
backup_migrated\data_csv_full\D1\AEDRON.csv,80048,.csv
backup_migrated\data_csv_full\D1\AEDSAR.csv,78061,.csv
backup_migrated\data_csv_full\D1\AEDTHB.csv,67472,.csv
backup_migrated\data_csv_full\D1\AEDTRY.csv,82066,.csv
backup_migrated\data_csv_full\D1\AEDZAR.csv,81770,.csv
backup_migrated\data_csv_full\D1\AUDAED.csv,81122,.csv
backup_migrated\data_csv_full\D1\AUDCAD.csv,76332,.csv
backup_migrated\data_csv_full\D1\AUDCHF.csv,75634,.csv
backup_migrated\data_csv_full\D1\AUDCNH.csv,80012,.csv
backup_migrated\data_csv_full\D1\AUDCZK.csv,80113,.csv
backup_migrated\data_csv_full\D1\AUDDKK.csv,85992,.csv
backup_migrated\data_csv_full\D1\AUDHKD.csv,86278,.csv
backup_migrated\data_csv_full\D1\AUDHUF.csv,81228,.csv
backup_migrated\data_csv_full\D1\AUDILS.csv,81042,.csv
backup_migrated\data_csv_full\D1\AUDJPY.csv,71316,.csv
backup_migrated\data_csv_full\D1\AUDMXN.csv,83969,.csv
backup_migrated\data_csv_full\D1\AUDNOK.csv,77753,.csv
backup_migrated\data_csv_full\D1\AUDNZD.csv,77522,.csv
backup_migrated\data_csv_full\D1\AUDPLN.csv,79579,.csv
backup_migrated\data_csv_full\D1\AUDRON.csv,81512,.csv
backup_migrated\data_csv_full\D1\AUDSAR.csv,80334,.csv
backup_migrated\data_csv_full\D1\AUDSEK.csv,82450,.csv
backup_migrated\data_csv_full\D1\AUDSGD.csv,80892,.csv
backup_migrated\data_csv_full\D1\AUDTHB.csv,73613,.csv
backup_migrated\data_csv_full\D1\AUDTRY.csv,84343,.csv
backup_migrated\data_csv_full\D1\AUDUSD.csv,78486,.csv
backup_migrated\data_csv_full\D1\AUDZAR.csv,84913,.csv
backup_migrated\data_csv_full\D1\AUS_IDX.csv,88205,.csv
backup_migrated\data_csv_full\D1\AVEUSD.csv,66253,.csv
backup_migrated\data_csv_full\D1\BATUSD.csv,75628,.csv
backup_migrated\data_csv_full\D1\BCHCHF.csv,62939,.csv
backup_migrated\data_csv_full\D1\BCHEUR.csv,62971,.csv
backup_migrated\data_csv_full\D1\BCHGBP.csv,62688,.csv
backup_migrated\data_csv_full\D1\BCHUSD.csv,67683,.csv
backup_migrated\data_csv_full\D1\BTCCHF.csv,75632,.csv
backup_migrated\data_csv_full\D1\BTCEUR.csv,74075,.csv
backup_migrated\data_csv_full\D1\BTCGBP.csv,75630,.csv
backup_migrated\data_csv_full\D1\BTCUSD.csv,84598,.csv
backup_migrated\data_csv_full\D1\CADAED.csv,81052,.csv
backup_migrated\data_csv_full\D1\CADCHF.csv,75716,.csv
backup_migrated\data_csv_full\D1\CADCNH.csv,81202,.csv
backup_migrated\data_csv_full\D1\CADCZK.csv,81240,.csv
backup_migrated\data_csv_full\D1\CADDKK.csv,81582,.csv
backup_migrated\data_csv_full\D1\CADHKD.csv,79646,.csv
backup_migrated\data_csv_full\D1\CADHUF.csv,80983,.csv
backup_migrated\data_csv_full\D1\CADILS.csv,81610,.csv
backup_migrated\data_csv_full\D1\CADJPY.csv,77519,.csv
backup_migrated\data_csv_full\D1\CADMXN.csv,85768,.csv
backup_migrated\data_csv_full\D1\CADNOK.csv,81857,.csv
backup_migrated\data_csv_full\D1\CADPLN.csv,78946,.csv
backup_migrated\data_csv_full\D1\CADRON.csv,79104,.csv
backup_migrated\data_csv_full\D1\CADSAR.csv,81757,.csv
backup_migrated\data_csv_full\D1\CADSEK.csv,82082,.csv
backup_migrated\data_csv_full\D1\CADSGD.csv,81208,.csv
backup_migrated\data_csv_full\D1\CADTHB.csv,73594,.csv
backup_migrated\data_csv_full\D1\CADTRY.csv,90819,.csv
backup_migrated\data_csv_full\D1\CADZAR.csv,87424,.csv
backup_migrated\data_csv_full\D1\CHE_IDX.csv,87211,.csv
backup_migrated\data_csv_full\D1\CHFAED.csv,79154,.csv
backup_migrated\data_csv_full\D1\CHFCNH.csv,82653,.csv
backup_migrated\data_csv_full\D1\CHFCZK.csv,85802,.csv
backup_migrated\data_csv_full\D1\CHFDKK.csv,78201,.csv
backup_migrated\data_csv_full\D1\CHFHKD.csv,80986,.csv
backup_migrated\data_csv_full\D1\CHFHUF.csv,79915,.csv
backup_migrated\data_csv_full\D1\CHFILS.csv,80970,.csv
backup_migrated\data_csv_full\D1\CHFJPY.csv,80557,.csv
backup_migrated\data_csv_full\D1\CHFMXN.csv,83946,.csv
backup_migrated\data_csv_full\D1\CHFNOK.csv,90493,.csv
backup_migrated\data_csv_full\D1\CHFPLN.csv,78657,.csv
backup_migrated\data_csv_full\D1\CHFRON.csv,92155,.csv
backup_migrated\data_csv_full\D1\CHFSAR.csv,92468,.csv
backup_migrated\data_csv_full\D1\CHFSEK.csv,0,.csv
backup_migrated\data_csv_full\D1\CHFSGD.csv,82811,.csv
backup_migrated\data_csv_full\D1\CHFTHB.csv,74575,.csv
backup_migrated\data_csv_full\D1\CHFTRY.csv,89842,.csv
backup_migrated\data_csv_full\D1\CHFZAR.csv,86465,.csv
backup_migrated\data_csv_full\D1\CHI_IDX.csv,90153,.csv
backup_migrated\data_csv_full\D1\CMPUSD.csv,62633,.csv
backup_migrated\data_csv_full\D1\CNHCZK.csv,75542,.csv
backup_migrated\data_csv_full\D1\CNHHKD.csv,80257,.csv
backup_migrated\data_csv_full\D1\CNHHUF.csv,75167,.csv
backup_migrated\data_csv_full\D1\CNHJPY.csv,74421,.csv
backup_migrated\data_csv_full\D1\CNHMXN.csv,83241,.csv
backup_migrated\data_csv_full\D1\CNHTHB.csv,81732,.csv
backup_migrated\data_csv_full\D1\CNHTRY.csv,80352,.csv
backup_migrated\data_csv_full\D1\CNHZAR.csv,82755,.csv
backup_migrated\data_csv_full\D1\CZKHUF.csv,82621,.csv
backup_migrated\data_csv_full\D1\CZKJPY.csv,84704,.csv
backup_migrated\data_csv_full\D1\CZKTHB.csv,83440,.csv
backup_migrated\data_csv_full\D1\CZKTRY.csv,81150,.csv
backup_migrated\data_csv_full\D1\DEU_IDX.csv,89993,.csv
backup_migrated\data_csv_full\D1\DKKAED.csv,81076,.csv
backup_migrated\data_csv_full\D1\DKKCNH.csv,80229,.csv
backup_migrated\data_csv_full\D1\DKKCZK.csv,77870,.csv
backup_migrated\data_csv_full\D1\DKKHKD.csv,85111,.csv
backup_migrated\data_csv_full\D1\DKKHUF.csv,82636,.csv
backup_migrated\data_csv_full\D1\DKKILS.csv,81093,.csv
backup_migrated\data_csv_full\D1\DKKJPY.csv,85114,.csv
backup_migrated\data_csv_full\D1\DKKMXN.csv,84334,.csv
backup_migrated\data_csv_full\D1\DKKRON.csv,80137,.csv
backup_migrated\data_csv_full\D1\DKKSAR.csv,81153,.csv
backup_migrated\data_csv_full\D1\DKKTHB.csv,68110,.csv
backup_migrated\data_csv_full\D1\DKKTRY.csv,85244,.csv
backup_migrated\data_csv_full\D1\DKKZAR.csv,83191,.csv
backup_migrated\data_csv_full\D1\DOLLAR_IDX.csv,78430,.csv
backup_migrated\data_csv_full\D1\DSHUSD.csv,74264,.csv
backup_migrated\data_csv_full\D1\ESP_IDX.csv,91839,.csv
backup_migrated\data_csv_full\D1\ETHCHF.csv,69328,.csv
backup_migrated\data_csv_full\D1\ETHEUR.csv,69329,.csv
backup_migrated\data_csv_full\D1\ETHGBP.csv,69331,.csv
backup_migrated\data_csv_full\D1\ETHUSD.csv,77142,.csv
backup_migrated\data_csv_full\D1\EURAED.csv,80799,.csv
backup_migrated\data_csv_full\D1\EURAUD.csv,85338,.csv
backup_migrated\data_csv_full\D1\EURCAD.csv,80271,.csv
backup_migrated\data_csv_full\D1\EURCHF.csv,77542,.csv
backup_migrated\data_csv_full\D1\EURCNH.csv,83077,.csv
backup_migrated\data_csv_full\D1\EURCZK.csv,80696,.csv
backup_migrated\data_csv_full\D1\EURGBP.csv,75394,.csv
backup_migrated\data_csv_full\D1\EURHKD.csv,77446,.csv
backup_migrated\data_csv_full\D1\EURHUF.csv,77495,.csv
backup_migrated\data_csv_full\D1\EURILS.csv,78889,.csv
backup_migrated\data_csv_full\D1\EURJPY.csv,76866,.csv
backup_migrated\data_csv_full\D1\EURMXN.csv,81687,.csv
backup_migrated\data_csv_full\D1\EURNOK.csv,86699,.csv
backup_migrated\data_csv_full\D1\EURNZD.csv,83525,.csv
backup_migrated\data_csv_full\D1\EURPLN.csv,80988,.csv
backup_migrated\data_csv_full\D1\EURRON.csv,81231,.csv
backup_migrated\data_csv_full\D1\EURSAR.csv,81229,.csv
backup_migrated\data_csv_full\D1\EURSEK.csv,87271,.csv
backup_migrated\data_csv_full\D1\EURSGD.csv,77790,.csv
backup_migrated\data_csv_full\D1\EURTHB.csv,74596,.csv
backup_migrated\data_csv_full\D1\EURTRY.csv,81200,.csv
backup_migrated\data_csv_full\D1\EURUSD.csv,78523,.csv
backup_migrated\data_csv_full\D1\EURZAR.csv,83964,.csv
backup_migrated\data_csv_full\D1\EUS_IDX.csv,88264,.csv
backup_migrated\data_csv_full\D1\FRA_IDX.csv,88603,.csv
backup_migrated\data_csv_full\D1\GBPAED.csv,81420,.csv
backup_migrated\data_csv_full\D1\GBPAUD.csv,78084,.csv
backup_migrated\data_csv_full\D1\GBPCAD.csv,79057,.csv
backup_migrated\data_csv_full\D1\GBPCHF.csv,74749,.csv
backup_migrated\data_csv_full\D1\GBPCNH.csv,86183,.csv
backup_migrated\data_csv_full\D1\GBPCZK.csv,77976,.csv
backup_migrated\data_csv_full\D1\GBPDKK.csv,76746,.csv
backup_migrated\data_csv_full\D1\GBPHKD.csv,86953,.csv
backup_migrated\data_csv_full\D1\GBPHUF.csv,80853,.csv
backup_migrated\data_csv_full\D1\GBPILS.csv,81346,.csv
backup_migrated\data_csv_full\D1\GBPJPY.csv,81250,.csv
backup_migrated\data_csv_full\D1\GBPMXN.csv,87462,.csv
backup_migrated\data_csv_full\D1\GBPNOK.csv,83874,.csv
backup_migrated\data_csv_full\D1\GBPNZD.csv,81073,.csv
backup_migrated\data_csv_full\D1\GBPPLN.csv,75243,.csv
backup_migrated\data_csv_full\D1\GBPRON.csv,81830,.csv
backup_migrated\data_csv_full\D1\GBPSAR.csv,80429,.csv
backup_migrated\data_csv_full\D1\GBPSEK.csv,84801,.csv
backup_migrated\data_csv_full\D1\GBPSGD.csv,77604,.csv
backup_migrated\data_csv_full\D1\GBPTHB.csv,73546,.csv
backup_migrated\data_csv_full\D1\GBPTRY.csv,83281,.csv
backup_migrated\data_csv_full\D1\GBPUSD.csv,74815,.csv
backup_migrated\data_csv_full\D1\GBPZAR.csv,83446,.csv
backup_migrated\data_csv_full\D1\GBR_IDX.csv,86511,.csv
backup_migrated\data_csv_full\D1\GOLD.csv,85192,.csv
backup_migrated\data_csv_full\D1\HKDCZK.csv,79529,.csv
backup_migrated\data_csv_full\D1\HKDHUF.csv,81819,.csv
backup_migrated\data_csv_full\D1\HKDJPY.csv,85989,.csv
backup_migrated\data_csv_full\D1\HKDMXN.csv,85492,.csv
backup_migrated\data_csv_full\D1\HKDTHB.csv,67412,.csv
backup_migrated\data_csv_full\D1\HKDTRY.csv,85153,.csv
backup_migrated\data_csv_full\D1\HKDZAR.csv,85205,.csv
backup_migrated\data_csv_full\D1\HKG_IDX.csv,90976,.csv
backup_migrated\data_csv_full\D1\ILSAED.csv,78846,.csv
backup_migrated\data_csv_full\D1\ILSCNH.csv,79994,.csv
backup_migrated\data_csv_full\D1\ILSCZK.csv,73229,.csv
backup_migrated\data_csv_full\D1\ILSHKD.csv,80047,.csv
backup_migrated\data_csv_full\D1\ILSHUF.csv,75629,.csv
backup_migrated\data_csv_full\D1\ILSJPY.csv,73834,.csv
backup_migrated\data_csv_full\D1\ILSMXN.csv,80751,.csv
backup_migrated\data_csv_full\D1\ILSRON.csv,79994,.csv
backup_migrated\data_csv_full\D1\ILSSAR.csv,79844,.csv
backup_migrated\data_csv_full\D1\ILSTHB.csv,67637,.csv
backup_migrated\data_csv_full\D1\ILSTRY.csv,81457,.csv
backup_migrated\data_csv_full\D1\ILSZAR.csv,91277,.csv
backup_migrated\data_csv_full\D1\JPN_IDX.csv,91129,.csv
backup_migrated\data_csv_full\D1\JPYHUF.csv,82130,.csv
backup_migrated\data_csv_full\D1\LNKUSD.csv,64573,.csv
backup_migrated\data_csv_full\D1\LTCCHF.csv,56889,.csv
backup_migrated\data_csv_full\D1\LTCEUR.csv,57066,.csv
backup_migrated\data_csv_full\D1\LTCGBP.csv,56739,.csv
backup_migrated\data_csv_full\D1\LTCUSD.csv,62236,.csv
backup_migrated\data_csv_full\D1\MKRUSD.csv,77906,.csv
backup_migrated\data_csv_full\D1\MXNCZK.csv,82306,.csv
backup_migrated\data_csv_full\D1\MXNHUF.csv,81600,.csv
backup_migrated\data_csv_full\D1\MXNJPY.csv,80689,.csv
backup_migrated\data_csv_full\D1\MXNTHB.csv,84055,.csv
backup_migrated\data_csv_full\D1\MXNTRY.csv,86550,.csv
backup_migrated\data_csv_full\D1\NLD_IDX.csv,81540,.csv
backup_migrated\data_csv_full\D1\NOKAED.csv,80396,.csv
backup_migrated\data_csv_full\D1\NOKCNH.csv,79510,.csv
backup_migrated\data_csv_full\D1\NOKCZK.csv,79231,.csv
backup_migrated\data_csv_full\D1\NOKDKK.csv,81521,.csv
backup_migrated\data_csv_full\D1\NOKHKD.csv,81483,.csv
backup_migrated\data_csv_full\D1\NOKHUF.csv,76003,.csv
backup_migrated\data_csv_full\D1\NOKILS.csv,80352,.csv
backup_migrated\data_csv_full\D1\NOKJPY.csv,92742,.csv
backup_migrated\data_csv_full\D1\NOKMXN.csv,84494,.csv
backup_migrated\data_csv_full\D1\NOKRON.csv,80391,.csv
backup_migrated\data_csv_full\D1\NOKSAR.csv,80398,.csv
backup_migrated\data_csv_full\D1\NOKSEK.csv,77677,.csv
backup_migrated\data_csv_full\D1\NOKTHB.csv,67446,.csv
backup_migrated\data_csv_full\D1\NOKTRY.csv,85956,.csv
backup_migrated\data_csv_full\D1\NOKZAR.csv,87299,.csv
backup_migrated\data_csv_full\D1\NZDAED.csv,79923,.csv
backup_migrated\data_csv_full\D1\NZDCAD.csv,78376,.csv
backup_migrated\data_csv_full\D1\NZDCHF.csv,77585,.csv
backup_migrated\data_csv_full\D1\NZDCNH.csv,85291,.csv
backup_migrated\data_csv_full\D1\NZDCZK.csv,80142,.csv
backup_migrated\data_csv_full\D1\NZDDKK.csv,80070,.csv
backup_migrated\data_csv_full\D1\NZDHKD.csv,79968,.csv
backup_migrated\data_csv_full\D1\NZDHUF.csv,79978,.csv
backup_migrated\data_csv_full\D1\NZDILS.csv,78118,.csv
backup_migrated\data_csv_full\D1\NZDJPY.csv,71284,.csv
backup_migrated\data_csv_full\D1\NZDMXN.csv,84032,.csv
backup_migrated\data_csv_full\D1\NZDNOK.csv,81517,.csv
backup_migrated\data_csv_full\D1\NZDPLN.csv,78038,.csv
backup_migrated\data_csv_full\D1\NZDRON.csv,79604,.csv
backup_migrated\data_csv_full\D1\NZDSAR.csv,79946,.csv
backup_migrated\data_csv_full\D1\NZDSEK.csv,90174,.csv
backup_migrated\data_csv_full\D1\NZDSGD.csv,77199,.csv
backup_migrated\data_csv_full\D1\NZDTHB.csv,72644,.csv
backup_migrated\data_csv_full\D1\NZDTRY.csv,90771,.csv
backup_migrated\data_csv_full\D1\NZDUSD.csv,78340,.csv
backup_migrated\data_csv_full\D1\NZDZAR.csv,83207,.csv
backup_migrated\data_csv_full\D1\PLN_IDX.csv,87958,.csv
backup_migrated\data_csv_full\D1\PLNAED.csv,80036,.csv
backup_migrated\data_csv_full\D1\PLNCNH.csv,81427,.csv
backup_migrated\data_csv_full\D1\PLNCZK.csv,79398,.csv
backup_migrated\data_csv_full\D1\PLNDKK.csv,76293,.csv
backup_migrated\data_csv_full\D1\PLNHKD.csv,81048,.csv
backup_migrated\data_csv_full\D1\PLNHUF.csv,74294,.csv
backup_migrated\data_csv_full\D1\PLNILS.csv,80031,.csv
backup_migrated\data_csv_full\D1\PLNJPY.csv,79780,.csv
backup_migrated\data_csv_full\D1\PLNMXN.csv,81606,.csv
backup_migrated\data_csv_full\D1\PLNNOK.csv,91695,.csv
backup_migrated\data_csv_full\D1\PLNRON.csv,80071,.csv
backup_migrated\data_csv_full\D1\PLNSAR.csv,79030,.csv
backup_migrated\data_csv_full\D1\PLNSEK.csv,81094,.csv
backup_migrated\data_csv_full\D1\PLNTHB.csv,80508,.csv
backup_migrated\data_csv_full\D1\PLNTRY.csv,86142,.csv
backup_migrated\data_csv_full\D1\PLNZAR.csv,81874,.csv
backup_migrated\data_csv_full\D1\RONCNH.csv,82847,.csv
backup_migrated\data_csv_full\D1\RONCZK.csv,74300,.csv
backup_migrated\data_csv_full\D1\RONHKD.csv,113661,.csv
backup_migrated\data_csv_full\D1\RONHUF.csv,72876,.csv
backup_migrated\data_csv_full\D1\RONJPY.csv,73878,.csv
backup_migrated\data_csv_full\D1\RONMXN.csv,81339,.csv
backup_migrated\data_csv_full\D1\RONTHB.csv,67665,.csv
backup_migrated\data_csv_full\D1\RONTRY.csv,78247,.csv
backup_migrated\data_csv_full\D1\RONZAR.csv,81240,.csv
backup_migrated\data_csv_full\D1\SARCNH.csv,81103,.csv
backup_migrated\data_csv_full\D1\SARCZK.csv,74503,.csv
backup_migrated\data_csv_full\D1\SARHKD.csv,78689,.csv
backup_migrated\data_csv_full\D1\SARHUF.csv,72531,.csv
backup_migrated\data_csv_full\D1\SARJPY.csv,73908,.csv
backup_migrated\data_csv_full\D1\SARMXN.csv,82618,.csv
backup_migrated\data_csv_full\D1\SARRON.csv,79999,.csv
backup_migrated\data_csv_full\D1\SARTHB.csv,67022,.csv
backup_migrated\data_csv_full\D1\SARTRY.csv,76134,.csv
backup_migrated\data_csv_full\D1\SARZAR.csv,75838,.csv
backup_migrated\data_csv_full\D1\SEKAED.csv,80296,.csv
backup_migrated\data_csv_full\D1\SEKCNH.csv,80449,.csv
backup_migrated\data_csv_full\D1\SEKCZK.csv,79140,.csv
backup_migrated\data_csv_full\D1\SEKDKK.csv,81518,.csv
backup_migrated\data_csv_full\D1\SEKHKD.csv,79867,.csv
backup_migrated\data_csv_full\D1\SEKHUF.csv,83026,.csv
backup_migrated\data_csv_full\D1\SEKILS.csv,79318,.csv
backup_migrated\data_csv_full\D1\SEKJPY.csv,71514,.csv
backup_migrated\data_csv_full\D1\SEKMXN.csv,85556,.csv
backup_migrated\data_csv_full\D1\SEKRON.csv,80323,.csv
backup_migrated\data_csv_full\D1\SEKSAR.csv,80313,.csv
backup_migrated\data_csv_full\D1\SEKTHB.csv,67530,.csv
backup_migrated\data_csv_full\D1\SEKTRY.csv,85172,.csv
backup_migrated\data_csv_full\D1\SEKZAR.csv,86653,.csv
backup_migrated\data_csv_full\D1\SGD_IDX.csv,80076,.csv
backup_migrated\data_csv_full\D1\SGDAED.csv,80765,.csv
backup_migrated\data_csv_full\D1\SGDCNH.csv,81634,.csv
backup_migrated\data_csv_full\D1\SGDCZK.csv,91759,.csv
backup_migrated\data_csv_full\D1\SGDDKK.csv,81567,.csv
backup_migrated\data_csv_full\D1\SGDHKD.csv,77981,.csv
backup_migrated\data_csv_full\D1\SGDHUF.csv,85030,.csv
backup_migrated\data_csv_full\D1\SGDILS.csv,78724,.csv
backup_migrated\data_csv_full\D1\SGDJPY.csv,79296,.csv
backup_migrated\data_csv_full\D1\SGDMXN.csv,83921,.csv
backup_migrated\data_csv_full\D1\SGDNOK.csv,82062,.csv
backup_migrated\data_csv_full\D1\SGDPLN.csv,81986,.csv
backup_migrated\data_csv_full\D1\SGDRON.csv,81084,.csv
backup_migrated\data_csv_full\D1\SGDSAR.csv,81818,.csv
backup_migrated\data_csv_full\D1\SGDSEK.csv,81673,.csv
backup_migrated\data_csv_full\D1\SGDTHB.csv,71749,.csv
backup_migrated\data_csv_full\D1\SGDTRY.csv,90993,.csv
backup_migrated\data_csv_full\D1\SGDZAR.csv,87449,.csv
backup_migrated\data_csv_full\D1\SOA_IDX.csv,89513,.csv
backup_migrated\data_csv_full\D1\THBHUF.csv,84757,.csv
backup_migrated\data_csv_full\D1\THBJPY.csv,80826,.csv
backup_migrated\data_csv_full\D1\TRXUSD.csv,79211,.csv
backup_migrated\data_csv_full\D1\TRYHUF.csv,77214,.csv
backup_migrated\data_csv_full\D1\TRYJPY.csv,68216,.csv
backup_migrated\data_csv_full\D1\TRYTHB.csv,81233,.csv
backup_migrated\data_csv_full\D1\UNIUSD.csv,65946,.csv
backup_migrated\data_csv_full\D1\USA30_IDX.csv,91370,.csv
backup_migrated\data_csv_full\D1\USA500_IDX.csv,88315,.csv
backup_migrated\data_csv_full\D1\USATECH_IDX.csv,95762,.csv
backup_migrated\data_csv_full\D1\USDAED.csv,65776,.csv
backup_migrated\data_csv_full\D1\USDCAD.csv,74778,.csv
backup_migrated\data_csv_full\D1\USDCHF.csv,77526,.csv
backup_migrated\data_csv_full\D1\USDCNH.csv,78495,.csv
backup_migrated\data_csv_full\D1\USDCZK.csv,80688,.csv
backup_migrated\data_csv_full\D1\USDDKK.csv,81115,.csv
backup_migrated\data_csv_full\D1\USDHKD.csv,80884,.csv
backup_migrated\data_csv_full\D1\USDHUF.csv,79862,.csv
backup_migrated\data_csv_full\D1\USDILS.csv,80317,.csv
backup_migrated\data_csv_full\D1\USDJPY.csv,82670,.csv
backup_migrated\data_csv_full\D1\USDMXN.csv,83925,.csv
backup_migrated\data_csv_full\D1\USDNOK.csv,82055,.csv
backup_migrated\data_csv_full\D1\USDPLN.csv,76217,.csv
backup_migrated\data_csv_full\D1\USDRON.csv,81738,.csv
backup_migrated\data_csv_full\D1\USDSAR.csv,65916,.csv
backup_migrated\data_csv_full\D1\USDSEK.csv,81614,.csv
backup_migrated\data_csv_full\D1\USDSGD.csv,77549,.csv
backup_migrated\data_csv_full\D1\USDTHB.csv,79706,.csv
backup_migrated\data_csv_full\D1\USDTRY.csv,80672,.csv
backup_migrated\data_csv_full\D1\USDZAR.csv,87043,.csv
backup_migrated\data_csv_full\D1\USSC2000_IDX.csv,88312,.csv
backup_migrated\data_csv_full\D1\VOL_IDX.csv,66766,.csv
backup_migrated\data_csv_full\D1\XAGAED.csv,75274,.csv
backup_migrated\data_csv_full\D1\XAGAUD.csv,74440,.csv
backup_migrated\data_csv_full\D1\XAGCAD.csv,72618,.csv
backup_migrated\data_csv_full\D1\XAGCHF.csv,73152,.csv
backup_migrated\data_csv_full\D1\XAGCNH.csv,76424,.csv
backup_migrated\data_csv_full\D1\XAGCZK.csv,80023,.csv
backup_migrated\data_csv_full\D1\XAGDKK.csv,76737,.csv
backup_migrated\data_csv_full\D1\XAGEUR.csv,75259,.csv
backup_migrated\data_csv_full\D1\XAGGBP.csv,75427,.csv
backup_migrated\data_csv_full\D1\XAGHKD.csv,73131,.csv
backup_migrated\data_csv_full\D1\XAGHUF.csv,84030,.csv
backup_migrated\data_csv_full\D1\XAGILS.csv,76263,.csv
backup_migrated\data_csv_full\D1\XAGJPY.csv,83153,.csv
backup_migrated\data_csv_full\D1\XAGMXN.csv,73765,.csv
backup_migrated\data_csv_full\D1\XAGNOK.csv,76855,.csv
backup_migrated\data_csv_full\D1\XAGNZD.csv,77993,.csv
backup_migrated\data_csv_full\D1\XAGPLN.csv,79302,.csv
backup_migrated\data_csv_full\D1\XAGRON.csv,76317,.csv
backup_migrated\data_csv_full\D1\XAGSAR.csv,76295,.csv
backup_migrated\data_csv_full\D1\XAGSEK.csv,72797,.csv
backup_migrated\data_csv_full\D1\XAGSGD.csv,70610,.csv
backup_migrated\data_csv_full\D1\XAGTHB.csv,82670,.csv
backup_migrated\data_csv_full\D1\XAGTRY.csv,75376,.csv
backup_migrated\data_csv_full\D1\XAGUSD.csv,73582,.csv
backup_migrated\data_csv_full\D1\XAGZAR.csv,76965,.csv
backup_migrated\data_csv_full\D1\XAUAED.csv,83463,.csv
backup_migrated\data_csv_full\D1\XAUAUD.csv,81588,.csv
backup_migrated\data_csv_full\D1\XAUCAD.csv,81570,.csv
backup_migrated\data_csv_full\D1\XAUCHF.csv,80950,.csv
backup_migrated\data_csv_full\D1\XAUCNH.csv,87901,.csv
backup_migrated\data_csv_full\D1\XAUCZK.csv,75888,.csv
backup_migrated\data_csv_full\D1\XAUDKK.csv,78146,.csv
backup_migrated\data_csv_full\D1\XAUEUR.csv,81382,.csv
backup_migrated\data_csv_full\D1\XAUGBP.csv,81024,.csv
backup_migrated\data_csv_full\D1\XAUHKD.csv,79895,.csv
backup_migrated\data_csv_full\D1\XAUHUF.csv,84033,.csv
backup_migrated\data_csv_full\D1\XAUILS.csv,83540,.csv
backup_migrated\data_csv_full\D1\XAUJPY.csv,81907,.csv
backup_migrated\data_csv_full\D1\XAUMXN.csv,75670,.csv
backup_migrated\data_csv_full\D1\XAUNOK.csv,79038,.csv
backup_migrated\data_csv_full\D1\XAUNZD.csv,81598,.csv
backup_migrated\data_csv_full\D1\XAUPLN.csv,76036,.csv
backup_migrated\data_csv_full\D1\XAURON.csv,87885,.csv
backup_migrated\data_csv_full\D1\XAUSAR.csv,83615,.csv
backup_migrated\data_csv_full\D1\XAUSEK.csv,79929,.csv
backup_migrated\data_csv_full\D1\XAUSGD.csv,81556,.csv
backup_migrated\data_csv_full\D1\XAUTHB.csv,77241,.csv
backup_migrated\data_csv_full\D1\XAUTRY.csv,77386,.csv
backup_migrated\data_csv_full\D1\XAUUSD.csv,85192,.csv
backup_migrated\data_csv_full\D1\XAUXAG.csv,81816,.csv
backup_migrated\data_csv_full\D1\XAUZAR.csv,75664,.csv
backup_migrated\data_csv_full\D1\XLMCHF.csv,79470,.csv
backup_migrated\data_csv_full\D1\XLMEUR.csv,79528,.csv
backup_migrated\data_csv_full\D1\XLMGBP.csv,79092,.csv
backup_migrated\data_csv_full\D1\XLMUSD.csv,79733,.csv
backup_migrated\data_csv_full\D1\YFIUSD.csv,68935,.csv
backup_migrated\data_csv_full\D1\ZARCZK.csv,79082,.csv
backup_migrated\data_csv_full\D1\ZARHUF.csv,78758,.csv
backup_migrated\data_csv_full\D1\ZARJPY.csv,69093,.csv
backup_migrated\data_csv_full\D1\ZARMXN.csv,79785,.csv
backup_migrated\data_csv_full\D1\ZARTHB.csv,66707,.csv
backup_migrated\data_csv_full\D1\ZARTRY.csv,85092,.csv
backup_migrated\data_csv_full\H1\ADAUSD.csv,1834345,.csv
backup_migrated\data_csv_full\H1\AEDCNH.csv,2160632,.csv
backup_migrated\data_csv_full\H1\AEDCZK.csv,2099360,.csv
backup_migrated\data_csv_full\H1\AEDHKD.csv,2168161,.csv
backup_migrated\data_csv_full\H1\AEDHUF.csv,2268502,.csv
backup_migrated\data_csv_full\H1\AEDJPY.csv,2082051,.csv
backup_migrated\data_csv_full\H1\AEDMXN.csv,2218961,.csv
backup_migrated\data_csv_full\H1\AEDRON.csv,2180894,.csv
backup_migrated\data_csv_full\H1\AEDSAR.csv,2156618,.csv
backup_migrated\data_csv_full\H1\AEDTHB.csv,1908440,.csv
backup_migrated\data_csv_full\H1\AEDTRY.csv,2230371,.csv
backup_migrated\data_csv_full\H1\AEDZAR.csv,2246185,.csv
backup_migrated\data_csv_full\H1\AUDAED.csv,2231731,.csv
backup_migrated\data_csv_full\H1\AUDCAD.csv,2159779,.csv
backup_migrated\data_csv_full\H1\AUDCHF.csv,2147863,.csv
backup_migrated\data_csv_full\H1\AUDCNH.csv,2222975,.csv
backup_migrated\data_csv_full\H1\AUDCZK.csv,2208744,.csv
backup_migrated\data_csv_full\H1\AUDDKK.csv,2328531,.csv
backup_migrated\data_csv_full\H1\AUDHKD.csv,2351010,.csv
backup_migrated\data_csv_full\H1\AUDHUF.csv,2230676,.csv
backup_migrated\data_csv_full\H1\AUDILS.csv,2229521,.csv
backup_migrated\data_csv_full\H1\AUDJPY.csv,2044386,.csv
backup_migrated\data_csv_full\H1\AUDMXN.csv,2297048,.csv
backup_migrated\data_csv_full\H1\AUDNOK.csv,2196471,.csv
backup_migrated\data_csv_full\H1\AUDNZD.csv,2189551,.csv
backup_migrated\data_csv_full\H1\AUDPLN.csv,2210722,.csv
backup_migrated\data_csv_full\H1\AUDRON.csv,2241194,.csv
backup_migrated\data_csv_full\H1\AUDSAR.csv,2211133,.csv
backup_migrated\data_csv_full\H1\AUDSEK.csv,2261053,.csv
backup_migrated\data_csv_full\H1\AUDSGD.csv,2219115,.csv
backup_migrated\data_csv_full\H1\AUDTHB.csv,2053486,.csv
backup_migrated\data_csv_full\H1\AUDTRY.csv,2304882,.csv
backup_migrated\data_csv_full\H1\AUDUSD.csv,2209026,.csv
backup_migrated\data_csv_full\H1\AUDZAR.csv,2298903,.csv
backup_migrated\data_csv_full\H1\AUS_IDX.csv,2392516,.csv
backup_migrated\data_csv_full\H1\AVEUSD.csv,1912818,.csv
backup_migrated\data_csv_full\H1\BATUSD.csv,2122699,.csv
backup_migrated\data_csv_full\H1\BCHCHF.csv,1833378,.csv
backup_migrated\data_csv_full\H1\BCHEUR.csv,1834136,.csv
backup_migrated\data_csv_full\H1\BCHGBP.csv,1827483,.csv
backup_migrated\data_csv_full\H1\BCHUSD.csv,1901547,.csv
backup_migrated\data_csv_full\H1\BTCCHF.csv,2136622,.csv
backup_migrated\data_csv_full\H1\BTCEUR.csv,2099463,.csv
backup_migrated\data_csv_full\H1\BTCGBP.csv,2136736,.csv
backup_migrated\data_csv_full\H1\BTCUSD.csv,2303876,.csv
backup_migrated\data_csv_full\H1\CADAED.csv,2227919,.csv
backup_migrated\data_csv_full\H1\CADCHF.csv,2145635,.csv
backup_migrated\data_csv_full\H1\CADCNH.csv,2212291,.csv
backup_migrated\data_csv_full\H1\CADCZK.csv,2233177,.csv
backup_migrated\data_csv_full\H1\CADDKK.csv,2225464,.csv
backup_migrated\data_csv_full\H1\CADHKD.csv,2202009,.csv
backup_migrated\data_csv_full\H1\CADHUF.csv,2206522,.csv
backup_migrated\data_csv_full\H1\CADILS.csv,2242345,.csv
backup_migrated\data_csv_full\H1\CADJPY.csv,2184704,.csv
backup_migrated\data_csv_full\H1\CADMXN.csv,2340923,.csv
backup_migrated\data_csv_full\H1\CADNOK.csv,2247954,.csv
backup_migrated\data_csv_full\H1\CADPLN.csv,2200648,.csv
backup_migrated\data_csv_full\H1\CADRON.csv,2183528,.csv
backup_migrated\data_csv_full\H1\CADSAR.csv,2250094,.csv
backup_migrated\data_csv_full\H1\CADSEK.csv,2251982,.csv
backup_migrated\data_csv_full\H1\CADSGD.csv,2234465,.csv
backup_migrated\data_csv_full\H1\CADTHB.csv,2051178,.csv
backup_migrated\data_csv_full\H1\CADTRY.csv,2460307,.csv
backup_migrated\data_csv_full\H1\CADZAR.csv,2358312,.csv
backup_migrated\data_csv_full\H1\CHE_IDX.csv,2372958,.csv
backup_migrated\data_csv_full\H1\CHFAED.csv,2187184,.csv
backup_migrated\data_csv_full\H1\CHFCNH.csv,2243352,.csv
backup_migrated\data_csv_full\H1\CHFCZK.csv,2342971,.csv
backup_migrated\data_csv_full\H1\CHFDKK.csv,2204677,.csv
backup_migrated\data_csv_full\H1\CHFHKD.csv,2209564,.csv
backup_migrated\data_csv_full\H1\CHFHUF.csv,2181356,.csv
backup_migrated\data_csv_full\H1\CHFILS.csv,2230284,.csv
backup_migrated\data_csv_full\H1\CHFJPY.csv,2204652,.csv
backup_migrated\data_csv_full\H1\CHFMXN.csv,2275352,.csv
backup_migrated\data_csv_full\H1\CHFNOK.csv,2454446,.csv
backup_migrated\data_csv_full\H1\CHFPLN.csv,2194713,.csv
backup_migrated\data_csv_full\H1\CHFRON.csv,2496833,.csv
backup_migrated\data_csv_full\H1\CHFSAR.csv,2503660,.csv
backup_migrated\data_csv_full\H1\CHFSEK.csv,2276052,.csv
backup_migrated\data_csv_full\H1\CHFSGD.csv,2271618,.csv
backup_migrated\data_csv_full\H1\CHFTHB.csv,2075290,.csv
backup_migrated\data_csv_full\H1\CHFTRY.csv,2437608,.csv
backup_migrated\data_csv_full\H1\CHFZAR.csv,2357157,.csv
backup_migrated\data_csv_full\H1\CHI_IDX.csv,2433867,.csv
backup_migrated\data_csv_full\H1\CMPUSD.csv,1828465,.csv
backup_migrated\data_csv_full\H1\CNHCZK.csv,2098744,.csv
backup_migrated\data_csv_full\H1\CNHHKD.csv,2210560,.csv
backup_migrated\data_csv_full\H1\CNHHUF.csv,2089399,.csv
backup_migrated\data_csv_full\H1\CNHJPY.csv,2069730,.csv
backup_migrated\data_csv_full\H1\CNHMXN.csv,2279719,.csv
backup_migrated\data_csv_full\H1\CNHTHB.csv,2246201,.csv
backup_migrated\data_csv_full\H1\CNHTRY.csv,2189110,.csv
backup_migrated\data_csv_full\H1\CNHZAR.csv,2244684,.csv
backup_migrated\data_csv_full\H1\CZKHUF.csv,2246004,.csv
backup_migrated\data_csv_full\H1\CZKJPY.csv,2295188,.csv
backup_migrated\data_csv_full\H1\CZKTHB.csv,2288467,.csv
backup_migrated\data_csv_full\H1\CZKTRY.csv,2206410,.csv
backup_migrated\data_csv_full\H1\DEU_IDX.csv,2440276,.csv
backup_migrated\data_csv_full\H1\DKKAED.csv,2207252,.csv
backup_migrated\data_csv_full\H1\DKKCNH.csv,2212887,.csv
backup_migrated\data_csv_full\H1\DKKCZK.csv,2152634,.csv
backup_migrated\data_csv_full\H1\DKKHKD.csv,2327026,.csv
backup_migrated\data_csv_full\H1\DKKHUF.csv,2265450,.csv
backup_migrated\data_csv_full\H1\DKKILS.csv,2208557,.csv
backup_migrated\data_csv_full\H1\DKKJPY.csv,2303963,.csv
backup_migrated\data_csv_full\H1\DKKMXN.csv,2305863,.csv
backup_migrated\data_csv_full\H1\DKKRON.csv,2185710,.csv
backup_migrated\data_csv_full\H1\DKKSAR.csv,2207479,.csv
backup_migrated\data_csv_full\H1\DKKTHB.csv,1922277,.csv
backup_migrated\data_csv_full\H1\DKKTRY.csv,2324856,.csv
backup_migrated\data_csv_full\H1\DKKZAR.csv,2281309,.csv
backup_migrated\data_csv_full\H1\DOLLAR_IDX.csv,2152578,.csv
backup_migrated\data_csv_full\H1\DSHUSD.csv,2063873,.csv
backup_migrated\data_csv_full\H1\ESP_IDX.csv,2478333,.csv
backup_migrated\data_csv_full\H1\ETHCHF.csv,1986535,.csv
backup_migrated\data_csv_full\H1\ETHEUR.csv,1986547,.csv
backup_migrated\data_csv_full\H1\ETHGBP.csv,1986559,.csv
backup_migrated\data_csv_full\H1\ETHUSD.csv,2126372,.csv
backup_migrated\data_csv_full\H1\EURAED.csv,2226443,.csv
backup_migrated\data_csv_full\H1\EURAUD.csv,2323505,.csv
backup_migrated\data_csv_full\H1\EURCAD.csv,2253165,.csv
backup_migrated\data_csv_full\H1\EURCHF.csv,2188721,.csv
backup_migrated\data_csv_full\H1\EURCNH.csv,2255809,.csv
backup_migrated\data_csv_full\H1\EURCZK.csv,2222044,.csv
backup_migrated\data_csv_full\H1\EURGBP.csv,2139118,.csv
backup_migrated\data_csv_full\H1\EURHKD.csv,2185499,.csv
backup_migrated\data_csv_full\H1\EURHUF.csv,2188370,.csv
backup_migrated\data_csv_full\H1\EURILS.csv,2180368,.csv
backup_migrated\data_csv_full\H1\EURJPY.csv,2174611,.csv
backup_migrated\data_csv_full\H1\EURMXN.csv,2289121,.csv
backup_migrated\data_csv_full\H1\EURNOK.csv,2354638,.csv
backup_migrated\data_csv_full\H1\EURNZD.csv,2288116,.csv
backup_migrated\data_csv_full\H1\EURPLN.csv,2219447,.csv
backup_migrated\data_csv_full\H1\EURRON.csv,2237524,.csv
backup_migrated\data_csv_full\H1\EURSAR.csv,2235323,.csv
backup_migrated\data_csv_full\H1\EURSEK.csv,2369749,.csv
backup_migrated\data_csv_full\H1\EURSGD.csv,2194139,.csv
backup_migrated\data_csv_full\H1\EURTHB.csv,2076156,.csv
backup_migrated\data_csv_full\H1\EURTRY.csv,2301293,.csv
backup_migrated\data_csv_full\H1\EURUSD.csv,2210735,.csv
backup_migrated\data_csv_full\H1\EURZAR.csv,2316339,.csv
backup_migrated\data_csv_full\H1\EUS_IDX.csv,2392421,.csv
backup_migrated\data_csv_full\H1\FRA_IDX.csv,2399664,.csv
backup_migrated\data_csv_full\H1\GBPAED.csv,2240390,.csv
backup_migrated\data_csv_full\H1\GBPAUD.csv,2204197,.csv
backup_migrated\data_csv_full\H1\GBPCAD.csv,2223444,.csv
backup_migrated\data_csv_full\H1\GBPCHF.csv,2126487,.csv
backup_migrated\data_csv_full\H1\GBPCNH.csv,2329047,.csv
backup_migrated\data_csv_full\H1\GBPCZK.csv,2155915,.csv
backup_migrated\data_csv_full\H1\GBPDKK.csv,2170397,.csv
backup_migrated\data_csv_full\H1\GBPHKD.csv,2372590,.csv
backup_migrated\data_csv_full\H1\GBPHUF.csv,2224582,.csv
backup_migrated\data_csv_full\H1\GBPILS.csv,2238046,.csv
backup_migrated\data_csv_full\H1\GBPJPY.csv,2221135,.csv
backup_migrated\data_csv_full\H1\GBPMXN.csv,2379623,.csv
backup_migrated\data_csv_full\H1\GBPNOK.csv,2296046,.csv
backup_migrated\data_csv_full\H1\GBPNZD.csv,2221234,.csv
backup_migrated\data_csv_full\H1\GBPPLN.csv,2108723,.csv
backup_migrated\data_csv_full\H1\GBPRON.csv,2246056,.csv
backup_migrated\data_csv_full\H1\GBPSAR.csv,2189825,.csv
backup_migrated\data_csv_full\H1\GBPSEK.csv,2364552,.csv
backup_migrated\data_csv_full\H1\GBPSGD.csv,2190320,.csv
backup_migrated\data_csv_full\H1\GBPTHB.csv,2052284,.csv
backup_migrated\data_csv_full\H1\GBPTRY.csv,2281153,.csv
backup_migrated\data_csv_full\H1\GBPUSD.csv,2124812,.csv
backup_migrated\data_csv_full\H1\GBPZAR.csv,2331869,.csv
backup_migrated\data_csv_full\H1\GBR_IDX.csv,2358728,.csv
backup_migrated\data_csv_full\H1\GOLD.csv,2314463,.csv
backup_migrated\data_csv_full\H1\HKDCZK.csv,2192007,.csv
backup_migrated\data_csv_full\H1\HKDHUF.csv,2247619,.csv
backup_migrated\data_csv_full\H1\HKDJPY.csv,2347166,.csv
backup_migrated\data_csv_full\H1\HKDMXN.csv,2336671,.csv
backup_migrated\data_csv_full\H1\HKDTHB.csv,1906079,.csv
backup_migrated\data_csv_full\H1\HKDTRY.csv,2323474,.csv
backup_migrated\data_csv_full\H1\HKDZAR.csv,2329880,.csv
backup_migrated\data_csv_full\H1\HKG_IDX.csv,2457091,.csv
backup_migrated\data_csv_full\H1\ILSAED.csv,2153095,.csv
backup_migrated\data_csv_full\H1\ILSCNH.csv,2183555,.csv
backup_migrated\data_csv_full\H1\ILSCZK.csv,2045091,.csv
backup_migrated\data_csv_full\H1\ILSHKD.csv,2204879,.csv
backup_migrated\data_csv_full\H1\ILSHUF.csv,2096953,.csv
backup_migrated\data_csv_full\H1\ILSJPY.csv,2058932,.csv
backup_migrated\data_csv_full\H1\ILSMXN.csv,2199026,.csv
backup_migrated\data_csv_full\H1\ILSRON.csv,2205600,.csv
backup_migrated\data_csv_full\H1\ILSSAR.csv,2176528,.csv
backup_migrated\data_csv_full\H1\ILSTHB.csv,1909066,.csv
backup_migrated\data_csv_full\H1\ILSTRY.csv,2214556,.csv
backup_migrated\data_csv_full\H1\ILSZAR.csv,2453529,.csv
backup_migrated\data_csv_full\H1\JPN_IDX.csv,2456926,.csv
backup_migrated\data_csv_full\H1\JPYHUF.csv,2254315,.csv
backup_migrated\data_csv_full\H1\LNKUSD.csv,1846989,.csv
backup_migrated\data_csv_full\H1\LTCCHF.csv,1689796,.csv
backup_migrated\data_csv_full\H1\LTCEUR.csv,1693572,.csv
backup_migrated\data_csv_full\H1\LTCGBP.csv,1685821,.csv
backup_migrated\data_csv_full\H1\LTCUSD.csv,1769392,.csv
backup_migrated\data_csv_full\H1\MKRUSD.csv,2160548,.csv
backup_migrated\data_csv_full\H1\MXNCZK.csv,2260338,.csv
backup_migrated\data_csv_full\H1\MXNHUF.csv,2244368,.csv
backup_migrated\data_csv_full\H1\MXNJPY.csv,2228623,.csv
backup_migrated\data_csv_full\H1\MXNTHB.csv,2278820,.csv
backup_migrated\data_csv_full\H1\MXNTRY.csv,2340532,.csv
backup_migrated\data_csv_full\H1\NLD_IDX.csv,2233826,.csv
backup_migrated\data_csv_full\H1\NOKAED.csv,2213379,.csv
backup_migrated\data_csv_full\H1\NOKCNH.csv,2193667,.csv
backup_migrated\data_csv_full\H1\NOKCZK.csv,2183093,.csv
backup_migrated\data_csv_full\H1\NOKDKK.csv,2240572,.csv
backup_migrated\data_csv_full\H1\NOKHKD.csv,2241060,.csv
backup_migrated\data_csv_full\H1\NOKHUF.csv,2107420,.csv
backup_migrated\data_csv_full\H1\NOKILS.csv,2213256,.csv
backup_migrated\data_csv_full\H1\NOKJPY.csv,2487409,.csv
backup_migrated\data_csv_full\H1\NOKMXN.csv,2293309,.csv
backup_migrated\data_csv_full\H1\NOKRON.csv,2214124,.csv
backup_migrated\data_csv_full\H1\NOKSAR.csv,2213379,.csv
backup_migrated\data_csv_full\H1\NOKSEK.csv,2193061,.csv
backup_migrated\data_csv_full\H1\NOKTHB.csv,1883079,.csv
backup_migrated\data_csv_full\H1\NOKTRY.csv,2321267,.csv
backup_migrated\data_csv_full\H1\NOKZAR.csv,2382691,.csv
backup_migrated\data_csv_full\H1\NZDAED.csv,2203864,.csv
backup_migrated\data_csv_full\H1\NZDCAD.csv,2209196,.csv
backup_migrated\data_csv_full\H1\NZDCHF.csv,2191300,.csv
backup_migrated\data_csv_full\H1\NZDCNH.csv,2331853,.csv
backup_migrated\data_csv_full\H1\NZDCZK.csv,2188015,.csv
backup_migrated\data_csv_full\H1\NZDDKK.csv,2207177,.csv
backup_migrated\data_csv_full\H1\NZDHKD.csv,2205609,.csv
backup_migrated\data_csv_full\H1\NZDHUF.csv,2204237,.csv
backup_migrated\data_csv_full\H1\NZDILS.csv,2136277,.csv
backup_migrated\data_csv_full\H1\NZDJPY.csv,2040613,.csv
backup_migrated\data_csv_full\H1\NZDMXN.csv,2278581,.csv
backup_migrated\data_csv_full\H1\NZDNOK.csv,2222801,.csv
backup_migrated\data_csv_full\H1\NZDPLN.csv,2180747,.csv
backup_migrated\data_csv_full\H1\NZDRON.csv,2196333,.csv
backup_migrated\data_csv_full\H1\NZDSAR.csv,2204682,.csv
backup_migrated\data_csv_full\H1\NZDSEK.csv,2449458,.csv
backup_migrated\data_csv_full\H1\NZDSGD.csv,2182821,.csv
backup_migrated\data_csv_full\H1\NZDTHB.csv,2029785,.csv
backup_migrated\data_csv_full\H1\NZDTRY.csv,2439282,.csv
backup_migrated\data_csv_full\H1\NZDUSD.csv,2202740,.csv
backup_migrated\data_csv_full\H1\NZDZAR.csv,2259340,.csv
backup_migrated\data_csv_full\H1\PLN_IDX.csv,2384459,.csv
backup_migrated\data_csv_full\H1\PLNAED.csv,2181580,.csv
backup_migrated\data_csv_full\H1\PLNCNH.csv,2218925,.csv
backup_migrated\data_csv_full\H1\PLNCZK.csv,2190810,.csv
backup_migrated\data_csv_full\H1\PLNDKK.csv,2135498,.csv
backup_migrated\data_csv_full\H1\PLNHKD.csv,2230962,.csv
backup_migrated\data_csv_full\H1\PLNHUF.csv,2066669,.csv
backup_migrated\data_csv_full\H1\PLNILS.csv,2206370,.csv
backup_migrated\data_csv_full\H1\PLNJPY.csv,2179157,.csv
backup_migrated\data_csv_full\H1\PLNMXN.csv,2242829,.csv
backup_migrated\data_csv_full\H1\PLNNOK.csv,2485561,.csv
backup_migrated\data_csv_full\H1\PLNRON.csv,2183834,.csv
backup_migrated\data_csv_full\H1\PLNSAR.csv,2157841,.csv
backup_migrated\data_csv_full\H1\PLNSEK.csv,2230683,.csv
backup_migrated\data_csv_full\H1\PLNTHB.csv,2217490,.csv
backup_migrated\data_csv_full\H1\PLNTRY.csv,2347705,.csv
backup_migrated\data_csv_full\H1\PLNZAR.csv,2248893,.csv
backup_migrated\data_csv_full\H1\RONCNH.csv,2251056,.csv
backup_migrated\data_csv_full\H1\RONCZK.csv,2070669,.csv
backup_migrated\data_csv_full\H1\RONHKD.csv,3008759,.csv
backup_migrated\data_csv_full\H1\RONHUF.csv,2037120,.csv
backup_migrated\data_csv_full\H1\RONJPY.csv,2059846,.csv
backup_migrated\data_csv_full\H1\RONMXN.csv,2215355,.csv
backup_migrated\data_csv_full\H1\RONTHB.csv,1887569,.csv
backup_migrated\data_csv_full\H1\RONTRY.csv,2162975,.csv
backup_migrated\data_csv_full\H1\RONZAR.csv,2211639,.csv
backup_migrated\data_csv_full\H1\SARCNH.csv,2208770,.csv
backup_migrated\data_csv_full\H1\SARCZK.csv,2073295,.csv
backup_migrated\data_csv_full\H1\SARHKD.csv,2175211,.csv
backup_migrated\data_csv_full\H1\SARHUF.csv,2025307,.csv
backup_migrated\data_csv_full\H1\SARJPY.csv,2060138,.csv
backup_migrated\data_csv_full\H1\SARMXN.csv,2267320,.csv
backup_migrated\data_csv_full\H1\SARRON.csv,2204596,.csv
backup_migrated\data_csv_full\H1\SARTHB.csv,1896808,.csv
backup_migrated\data_csv_full\H1\SARTRY.csv,2112111,.csv
backup_migrated\data_csv_full\H1\SARZAR.csv,2103491,.csv
backup_migrated\data_csv_full\H1\SEKAED.csv,2212275,.csv
backup_migrated\data_csv_full\H1\SEKCNH.csv,2216134,.csv
backup_migrated\data_csv_full\H1\SEKCZK.csv,2181227,.csv
backup_migrated\data_csv_full\H1\SEKDKK.csv,2239366,.csv
backup_migrated\data_csv_full\H1\SEKHKD.csv,2200833,.csv
backup_migrated\data_csv_full\H1\SEKHUF.csv,2275233,.csv
backup_migrated\data_csv_full\H1\SEKILS.csv,2189588,.csv
backup_migrated\data_csv_full\H1\SEKJPY.csv,2045797,.csv
backup_migrated\data_csv_full\H1\SEKMXN.csv,2336128,.csv
backup_migrated\data_csv_full\H1\SEKRON.csv,2213025,.csv
backup_migrated\data_csv_full\H1\SEKSAR.csv,2212951,.csv
backup_migrated\data_csv_full\H1\SEKTHB.csv,1884800,.csv
backup_migrated\data_csv_full\H1\SEKTRY.csv,2322585,.csv
backup_migrated\data_csv_full\H1\SEKZAR.csv,2361065,.csv
backup_migrated\data_csv_full\H1\SGD_IDX.csv,2195099,.csv
backup_migrated\data_csv_full\H1\SGDAED.csv,2195932,.csv
backup_migrated\data_csv_full\H1\SGDCNH.csv,2245191,.csv
backup_migrated\data_csv_full\H1\SGDCZK.csv,2466792,.csv
backup_migrated\data_csv_full\H1\SGDDKK.csv,2242195,.csv
backup_migrated\data_csv_full\H1\SGDHKD.csv,2158587,.csv
backup_migrated\data_csv_full\H1\SGDHUF.csv,2324567,.csv
backup_migrated\data_csv_full\H1\SGDILS.csv,2152087,.csv
backup_migrated\data_csv_full\H1\SGDJPY.csv,2178527,.csv
backup_migrated\data_csv_full\H1\SGDMXN.csv,2299523,.csv
backup_migrated\data_csv_full\H1\SGDNOK.csv,2231806,.csv
backup_migrated\data_csv_full\H1\SGDPLN.csv,2251184,.csv
backup_migrated\data_csv_full\H1\SGDRON.csv,2209385,.csv
backup_migrated\data_csv_full\H1\SGDSAR.csv,2221947,.csv
backup_migrated\data_csv_full\H1\SGDSEK.csv,2244481,.csv
backup_migrated\data_csv_full\H1\SGDTHB.csv,2006837,.csv
backup_migrated\data_csv_full\H1\SGDTRY.csv,2463567,.csv
backup_migrated\data_csv_full\H1\SGDZAR.csv,2383395,.csv
backup_migrated\data_csv_full\H1\SOA_IDX.csv,2429813,.csv
backup_migrated\data_csv_full\H1\THBHUF.csv,2321364,.csv
backup_migrated\data_csv_full\H1\THBJPY.csv,2207127,.csv
backup_migrated\data_csv_full\H1\TRXUSD.csv,2178318,.csv
backup_migrated\data_csv_full\H1\TRYHUF.csv,2112031,.csv
backup_migrated\data_csv_full\H1\TRYJPY.csv,1912162,.csv
backup_migrated\data_csv_full\H1\TRYTHB.csv,2233518,.csv
backup_migrated\data_csv_full\H1\UNIUSD.csv,1867207,.csv
backup_migrated\data_csv_full\H1\USA30_IDX.csv,2461553,.csv
backup_migrated\data_csv_full\H1\USA500_IDX.csv,2390149,.csv
backup_migrated\data_csv_full\H1\USATECH_IDX.csv,2567582,.csv
backup_migrated\data_csv_full\H1\USDAED.csv,1870013,.csv
backup_migrated\data_csv_full\H1\USDCAD.csv,2126922,.csv
backup_migrated\data_csv_full\H1\USDCHF.csv,2189545,.csv
backup_migrated\data_csv_full\H1\USDCNH.csv,2211739,.csv
backup_migrated\data_csv_full\H1\USDCZK.csv,2211140,.csv
backup_migrated\data_csv_full\H1\USDDKK.csv,2232519,.csv
backup_migrated\data_csv_full\H1\USDHKD.csv,2221335,.csv
backup_migrated\data_csv_full\H1\USDHUF.csv,2201271,.csv
backup_migrated\data_csv_full\H1\USDILS.csv,2199207,.csv
backup_migrated\data_csv_full\H1\USDJPY.csv,2254971,.csv
backup_migrated\data_csv_full\H1\USDMXN.csv,2343143,.csv
backup_migrated\data_csv_full\H1\USDNOK.csv,2299057,.csv
backup_migrated\data_csv_full\H1\USDPLN.csv,2158187,.csv
backup_migrated\data_csv_full\H1\USDRON.csv,2237472,.csv
backup_migrated\data_csv_full\H1\USDSAR.csv,1869385,.csv
backup_migrated\data_csv_full\H1\USDSEK.csv,2288561,.csv
backup_migrated\data_csv_full\H1\USDSGD.csv,2190166,.csv
backup_migrated\data_csv_full\H1\USDTHB.csv,2183380,.csv
backup_migrated\data_csv_full\H1\USDTRY.csv,2288777,.csv
backup_migrated\data_csv_full\H1\USDZAR.csv,2365332,.csv
backup_migrated\data_csv_full\H1\USSC2000_IDX.csv,2388484,.csv
backup_migrated\data_csv_full\H1\VOL_IDX.csv,1873344,.csv
backup_migrated\data_csv_full\H1\XAGAED.csv,2067662,.csv
backup_migrated\data_csv_full\H1\XAGAUD.csv,2088666,.csv
backup_migrated\data_csv_full\H1\XAGCAD.csv,2024577,.csv
backup_migrated\data_csv_full\H1\XAGCHF.csv,2022976,.csv
backup_migrated\data_csv_full\H1\XAGCNH.csv,2143239,.csv
backup_migrated\data_csv_full\H1\XAGCZK.csv,2184108,.csv
backup_migrated\data_csv_full\H1\XAGDKK.csv,2144948,.csv
backup_migrated\data_csv_full\H1\XAGEUR.csv,2095297,.csv
backup_migrated\data_csv_full\H1\XAGGBP.csv,2097994,.csv
backup_migrated\data_csv_full\H1\XAGHKD.csv,2059019,.csv
backup_migrated\data_csv_full\H1\XAGHUF.csv,2278930,.csv
backup_migrated\data_csv_full\H1\XAGILS.csv,2139528,.csv
backup_migrated\data_csv_full\H1\XAGJPY.csv,2304029,.csv
backup_migrated\data_csv_full\H1\XAGMXN.csv,2076034,.csv
backup_migrated\data_csv_full\H1\XAGNOK.csv,2107006,.csv
backup_migrated\data_csv_full\H1\XAGNZD.csv,2174338,.csv
backup_migrated\data_csv_full\H1\XAGPLN.csv,2165951,.csv
backup_migrated\data_csv_full\H1\XAGRON.csv,2140269,.csv
backup_migrated\data_csv_full\H1\XAGSAR.csv,2139831,.csv
backup_migrated\data_csv_full\H1\XAGSEK.csv,2051604,.csv
backup_migrated\data_csv_full\H1\XAGSGD.csv,2000160,.csv
backup_migrated\data_csv_full\H1\XAGTHB.csv,2290685,.csv
backup_migrated\data_csv_full\H1\XAGTRY.csv,2114083,.csv
backup_migrated\data_csv_full\H1\XAGUSD.csv,2054402,.csv
backup_migrated\data_csv_full\H1\XAGZAR.csv,2156292,.csv
backup_migrated\data_csv_full\H1\XAUAED.csv,2323877,.csv
backup_migrated\data_csv_full\H1\XAUAUD.csv,2279492,.csv
backup_migrated\data_csv_full\H1\XAUCAD.csv,2278566,.csv
backup_migrated\data_csv_full\H1\XAUCHF.csv,2264063,.csv
backup_migrated\data_csv_full\H1\XAUCNH.csv,2430095,.csv
backup_migrated\data_csv_full\H1\XAUCZK.csv,2142853,.csv
backup_migrated\data_csv_full\H1\XAUDKK.csv,2197123,.csv
backup_migrated\data_csv_full\H1\XAUEUR.csv,2274346,.csv
backup_migrated\data_csv_full\H1\XAUGBP.csv,2265506,.csv
backup_migrated\data_csv_full\H1\XAUHKD.csv,2238431,.csv
backup_migrated\data_csv_full\H1\XAUHUF.csv,2338615,.csv
backup_migrated\data_csv_full\H1\XAUILS.csv,2325138,.csv
backup_migrated\data_csv_full\H1\XAUJPY.csv,2286746,.csv
backup_migrated\data_csv_full\H1\XAUMXN.csv,2137700,.csv
backup_migrated\data_csv_full\H1\XAUNOK.csv,2218344,.csv
backup_migrated\data_csv_full\H1\XAUNZD.csv,2279497,.csv
backup_migrated\data_csv_full\H1\XAUPLN.csv,2146641,.csv
backup_migrated\data_csv_full\H1\XAURON.csv,2429068,.csv
backup_migrated\data_csv_full\H1\XAUSAR.csv,2327257,.csv
backup_migrated\data_csv_full\H1\XAUSEK.csv,2238703,.csv
backup_migrated\data_csv_full\H1\XAUSGD.csv,2278849,.csv
backup_migrated\data_csv_full\H1\XAUTHB.csv,2175238,.csv
backup_migrated\data_csv_full\H1\XAUTRY.csv,2178643,.csv
backup_migrated\data_csv_full\H1\XAUUSD.csv,2314463,.csv
backup_migrated\data_csv_full\H1\XAUXAG.csv,2285030,.csv
backup_migrated\data_csv_full\H1\XAUZAR.csv,2137781,.csv
backup_migrated\data_csv_full\H1\XLMCHF.csv,2191639,.csv
backup_migrated\data_csv_full\H1\XLMEUR.csv,2192269,.csv
backup_migrated\data_csv_full\H1\XLMGBP.csv,2181656,.csv
backup_migrated\data_csv_full\H1\XLMUSD.csv,2191777,.csv
backup_migrated\data_csv_full\H1\YFIUSD.csv,1979194,.csv
backup_migrated\data_csv_full\H1\ZARCZK.csv,2161793,.csv
backup_migrated\data_csv_full\H1\ZARHUF.csv,2152794,.csv
backup_migrated\data_csv_full\H1\ZARJPY.csv,1930135,.csv
backup_migrated\data_csv_full\H1\ZARMXN.csv,2199127,.csv
backup_migrated\data_csv_full\H1\ZARTHB.csv,1865623,.csv
backup_migrated\data_csv_full\H1\ZARTRY.csv,2303931,.csv
backup_migrated\data_csv_full\H4\ADAUSD.csv,463937,.csv
backup_migrated\data_csv_full\H4\AEDCNH.csv,548257,.csv
backup_migrated\data_csv_full\H4\AEDCZK.csv,527383,.csv
backup_migrated\data_csv_full\H4\AEDHKD.csv,550080,.csv
backup_migrated\data_csv_full\H4\AEDHUF.csv,569333,.csv
backup_migrated\data_csv_full\H4\AEDJPY.csv,528319,.csv
backup_migrated\data_csv_full\H4\AEDMXN.csv,563228,.csv
backup_migrated\data_csv_full\H4\AEDRON.csv,553556,.csv
backup_migrated\data_csv_full\H4\AEDSAR.csv,547719,.csv
backup_migrated\data_csv_full\H4\AEDTHB.csv,485007,.csv
backup_migrated\data_csv_full\H4\AEDTRY.csv,565826,.csv
backup_migrated\data_csv_full\H4\AEDZAR.csv,570308,.csv
backup_migrated\data_csv_full\H4\AUDAED.csv,560364,.csv
backup_migrated\data_csv_full\H4\AUDCAD.csv,540031,.csv
backup_migrated\data_csv_full\H4\AUDCHF.csv,537169,.csv
backup_migrated\data_csv_full\H4\AUDCNH.csv,558742,.csv
backup_migrated\data_csv_full\H4\AUDCZK.csv,559484,.csv
backup_migrated\data_csv_full\H4\AUDDKK.csv,589867,.csv
backup_migrated\data_csv_full\H4\AUDHKD.csv,591054,.csv
backup_migrated\data_csv_full\H4\AUDHUF.csv,565935,.csv
backup_migrated\data_csv_full\H4\AUDILS.csv,559949,.csv
backup_migrated\data_csv_full\H4\AUDJPY.csv,510955,.csv
backup_migrated\data_csv_full\H4\AUDMXN.csv,577547,.csv
backup_migrated\data_csv_full\H4\AUDNOK.csv,549381,.csv
backup_migrated\data_csv_full\H4\AUDNZD.csv,547709,.csv
backup_migrated\data_csv_full\H4\AUDPLN.csv,556041,.csv
backup_migrated\data_csv_full\H4\AUDRON.csv,563004,.csv
backup_migrated\data_csv_full\H4\AUDSAR.csv,555406,.csv
backup_migrated\data_csv_full\H4\AUDSEK.csv,568599,.csv
backup_migrated\data_csv_full\H4\AUDSGD.csv,560163,.csv
backup_migrated\data_csv_full\H4\AUDTHB.csv,515636,.csv
backup_migrated\data_csv_full\H4\AUDTRY.csv,584760,.csv
backup_migrated\data_csv_full\H4\AUDUSD.csv,552974,.csv
backup_migrated\data_csv_full\H4\AUDZAR.csv,582821,.csv
backup_migrated\data_csv_full\H4\AUS_IDX.csv,603986,.csv
backup_migrated\data_csv_full\H4\AVEUSD.csv,479257,.csv
backup_migrated\data_csv_full\H4\BATUSD.csv,533055,.csv
backup_migrated\data_csv_full\H4\BCHCHF.csv,459346,.csv
backup_migrated\data_csv_full\H4\BCHEUR.csv,459524,.csv
backup_migrated\data_csv_full\H4\BCHGBP.csv,457867,.csv
backup_migrated\data_csv_full\H4\BCHUSD.csv,481604,.csv
backup_migrated\data_csv_full\H4\BTCCHF.csv,535244,.csv
backup_migrated\data_csv_full\H4\BTCEUR.csv,525933,.csv
backup_migrated\data_csv_full\H4\BTCGBP.csv,535240,.csv
backup_migrated\data_csv_full\H4\BTCUSD.csv,581847,.csv
backup_migrated\data_csv_full\H4\CADAED.csv,559369,.csv
backup_migrated\data_csv_full\H4\CADCHF.csv,536564,.csv
backup_migrated\data_csv_full\H4\CADCNH.csv,561369,.csv
backup_migrated\data_csv_full\H4\CADCZK.csv,561231,.csv
backup_migrated\data_csv_full\H4\CADDKK.csv,564384,.csv
backup_migrated\data_csv_full\H4\CADHKD.csv,551035,.csv
backup_migrated\data_csv_full\H4\CADHUF.csv,559785,.csv
backup_migrated\data_csv_full\H4\CADILS.csv,563135,.csv
backup_migrated\data_csv_full\H4\CADJPY.csv,547281,.csv
backup_migrated\data_csv_full\H4\CADMXN.csv,593284,.csv
backup_migrated\data_csv_full\H4\CADNOK.csv,564846,.csv
backup_migrated\data_csv_full\H4\CADPLN.csv,553080,.csv
backup_migrated\data_csv_full\H4\CADRON.csv,548477,.csv
backup_migrated\data_csv_full\H4\CADSAR.csv,564620,.csv
backup_migrated\data_csv_full\H4\CADSEK.csv,566289,.csv
backup_migrated\data_csv_full\H4\CADSGD.csv,566620,.csv
backup_migrated\data_csv_full\H4\CADTHB.csv,515210,.csv
backup_migrated\data_csv_full\H4\CADTRY.csv,617826,.csv
backup_migrated\data_csv_full\H4\CADZAR.csv,597840,.csv
backup_migrated\data_csv_full\H4\CHE_IDX.csv,599115,.csv
backup_migrated\data_csv_full\H4\CHFAED.csv,549267,.csv
backup_migrated\data_csv_full\H4\CHFCNH.csv,569392,.csv
backup_migrated\data_csv_full\H4\CHFCZK.csv,588866,.csv
backup_migrated\data_csv_full\H4\CHFDKK.csv,551627,.csv
backup_migrated\data_csv_full\H4\CHFHKD.csv,560388,.csv
backup_migrated\data_csv_full\H4\CHFHUF.csv,553627,.csv
backup_migrated\data_csv_full\H4\CHFILS.csv,560101,.csv
backup_migrated\data_csv_full\H4\CHFJPY.csv,558464,.csv
backup_migrated\data_csv_full\H4\CHFMXN.csv,577195,.csv
backup_migrated\data_csv_full\H4\CHFNOK.csv,621801,.csv
backup_migrated\data_csv_full\H4\CHFPLN.csv,551551,.csv
backup_migrated\data_csv_full\H4\CHFRON.csv,626666,.csv
backup_migrated\data_csv_full\H4\CHFSAR.csv,628513,.csv
backup_migrated\data_csv_full\H4\CHFSEK.csv,572191,.csv
backup_migrated\data_csv_full\H4\CHFSGD.csv,572286,.csv
backup_migrated\data_csv_full\H4\CHFTHB.csv,520931,.csv
backup_migrated\data_csv_full\H4\CHFTRY.csv,617315,.csv
backup_migrated\data_csv_full\H4\CHFZAR.csv,592711,.csv
backup_migrated\data_csv_full\H4\CHI_IDX.csv,615362,.csv
backup_migrated\data_csv_full\H4\CMPUSD.csv,457910,.csv
backup_migrated\data_csv_full\H4\CNHCZK.csv,526957,.csv
backup_migrated\data_csv_full\H4\CNHHKD.csv,555225,.csv
backup_migrated\data_csv_full\H4\CNHHUF.csv,530522,.csv
backup_migrated\data_csv_full\H4\CNHJPY.csv,520119,.csv
backup_migrated\data_csv_full\H4\CNHMXN.csv,572543,.csv
backup_migrated\data_csv_full\H4\CNHTHB.csv,569905,.csv
backup_migrated\data_csv_full\H4\CNHTRY.csv,555967,.csv
backup_migrated\data_csv_full\H4\CNHZAR.csv,569686,.csv
backup_migrated\data_csv_full\H4\CZKHUF.csv,569225,.csv
backup_migrated\data_csv_full\H4\CZKJPY.csv,581944,.csv
backup_migrated\data_csv_full\H4\CZKTHB.csv,574656,.csv
backup_migrated\data_csv_full\H4\CZKTRY.csv,559462,.csv
backup_migrated\data_csv_full\H4\DEU_IDX.csv,616894,.csv
backup_migrated\data_csv_full\H4\DKKAED.csv,559952,.csv
backup_migrated\data_csv_full\H4\DKKCNH.csv,555440,.csv
backup_migrated\data_csv_full\H4\DKKCZK.csv,546451,.csv
backup_migrated\data_csv_full\H4\DKKHKD.csv,584273,.csv
backup_migrated\data_csv_full\H4\DKKHUF.csv,569260,.csv
backup_migrated\data_csv_full\H4\DKKILS.csv,560205,.csv
backup_migrated\data_csv_full\H4\DKKJPY.csv,584612,.csv
backup_migrated\data_csv_full\H4\DKKMXN.csv,584874,.csv
backup_migrated\data_csv_full\H4\DKKRON.csv,554489,.csv
backup_migrated\data_csv_full\H4\DKKSAR.csv,560149,.csv
backup_migrated\data_csv_full\H4\DKKTHB.csv,482680,.csv
backup_migrated\data_csv_full\H4\DKKTRY.csv,584057,.csv
backup_migrated\data_csv_full\H4\DKKZAR.csv,578812,.csv
backup_migrated\data_csv_full\H4\DOLLAR_IDX.csv,544190,.csv
backup_migrated\data_csv_full\H4\DSHUSD.csv,521981,.csv
backup_migrated\data_csv_full\H4\ESP_IDX.csv,625217,.csv
backup_migrated\data_csv_full\H4\ETHCHF.csv,497635,.csv
backup_migrated\data_csv_full\H4\ETHEUR.csv,497650,.csv
backup_migrated\data_csv_full\H4\ETHGBP.csv,497647,.csv
backup_migrated\data_csv_full\H4\ETHUSD.csv,537669,.csv
backup_migrated\data_csv_full\H4\EURAED.csv,558871,.csv
backup_migrated\data_csv_full\H4\EURAUD.csv,587487,.csv
backup_migrated\data_csv_full\H4\EURCAD.csv,564072,.csv
backup_migrated\data_csv_full\H4\EURCHF.csv,547428,.csv
backup_migrated\data_csv_full\H4\EURCNH.csv,572250,.csv
backup_migrated\data_csv_full\H4\EURCZK.csv,564522,.csv
backup_migrated\data_csv_full\H4\EURGBP.csv,534674,.csv
backup_migrated\data_csv_full\H4\EURHKD.csv,546861,.csv
backup_migrated\data_csv_full\H4\EURHUF.csv,547448,.csv
backup_migrated\data_csv_full\H4\EURILS.csv,547597,.csv
backup_migrated\data_csv_full\H4\EURJPY.csv,543537,.csv
backup_migrated\data_csv_full\H4\EURMXN.csv,572606,.csv
backup_migrated\data_csv_full\H4\EURNOK.csv,594794,.csv
backup_migrated\data_csv_full\H4\EURNZD.csv,578227,.csv
backup_migrated\data_csv_full\H4\EURPLN.csv,560702,.csv
backup_migrated\data_csv_full\H4\EURRON.csv,562034,.csv
backup_migrated\data_csv_full\H4\EURSAR.csv,561317,.csv
backup_migrated\data_csv_full\H4\EURSEK.csv,598586,.csv
backup_migrated\data_csv_full\H4\EURSGD.csv,548757,.csv
backup_migrated\data_csv_full\H4\EURTHB.csv,521265,.csv
backup_migrated\data_csv_full\H4\EURTRY.csv,575783,.csv
backup_migrated\data_csv_full\H4\EURUSD.csv,553416,.csv
backup_migrated\data_csv_full\H4\EURZAR.csv,582499,.csv
backup_migrated\data_csv_full\H4\EUS_IDX.csv,604171,.csv
backup_migrated\data_csv_full\H4\FRA_IDX.csv,605804,.csv
backup_migrated\data_csv_full\H4\GBPAED.csv,568385,.csv
backup_migrated\data_csv_full\H4\GBPAUD.csv,551510,.csv
backup_migrated\data_csv_full\H4\GBPCAD.csv,556367,.csv
backup_migrated\data_csv_full\H4\GBPCHF.csv,531630,.csv
backup_migrated\data_csv_full\H4\GBPCNH.csv,590621,.csv
backup_migrated\data_csv_full\H4\GBPCZK.csv,547527,.csv
backup_migrated\data_csv_full\H4\GBPDKK.csv,542889,.csv
backup_migrated\data_csv_full\H4\GBPHKD.csv,596206,.csv
backup_migrated\data_csv_full\H4\GBPHUF.csv,559226,.csv
backup_migrated\data_csv_full\H4\GBPILS.csv,567923,.csv
backup_migrated\data_csv_full\H4\GBPJPY.csv,562136,.csv
backup_migrated\data_csv_full\H4\GBPMXN.csv,603233,.csv
backup_migrated\data_csv_full\H4\GBPNOK.csv,582311,.csv
backup_migrated\data_csv_full\H4\GBPNZD.csv,561910,.csv
backup_migrated\data_csv_full\H4\GBPPLN.csv,530453,.csv
backup_migrated\data_csv_full\H4\GBPRON.csv,564411,.csv
backup_migrated\data_csv_full\H4\GBPSAR.csv,556058,.csv
backup_migrated\data_csv_full\H4\GBPSEK.csv,591318,.csv
backup_migrated\data_csv_full\H4\GBPSGD.csv,547786,.csv
backup_migrated\data_csv_full\H4\GBPTHB.csv,520917,.csv
backup_migrated\data_csv_full\H4\GBPTRY.csv,573117,.csv
backup_migrated\data_csv_full\H4\GBPUSD.csv,531357,.csv
backup_migrated\data_csv_full\H4\GBPZAR.csv,583413,.csv
backup_migrated\data_csv_full\H4\GBR_IDX.csv,593508,.csv
backup_migrated\data_csv_full\H4\GOLD.csv,584930,.csv
backup_migrated\data_csv_full\H4\HKDCZK.csv,555779,.csv
backup_migrated\data_csv_full\H4\HKDHUF.csv,564596,.csv
backup_migrated\data_csv_full\H4\HKDJPY.csv,591881,.csv
backup_migrated\data_csv_full\H4\HKDMXN.csv,587364,.csv
backup_migrated\data_csv_full\H4\HKDTHB.csv,478644,.csv
backup_migrated\data_csv_full\H4\HKDTRY.csv,588824,.csv
backup_migrated\data_csv_full\H4\HKDZAR.csv,585742,.csv
backup_migrated\data_csv_full\H4\HKG_IDX.csv,620499,.csv
backup_migrated\data_csv_full\H4\ILSAED.csv,546535,.csv
backup_migrated\data_csv_full\H4\ILSCNH.csv,553979,.csv
backup_migrated\data_csv_full\H4\ILSCZK.csv,513523,.csv
backup_migrated\data_csv_full\H4\ILSHKD.csv,553673,.csv
backup_migrated\data_csv_full\H4\ILSHUF.csv,526688,.csv
backup_migrated\data_csv_full\H4\ILSJPY.csv,522766,.csv
backup_migrated\data_csv_full\H4\ILSMXN.csv,558339,.csv
backup_migrated\data_csv_full\H4\ILSRON.csv,553418,.csv
backup_migrated\data_csv_full\H4\ILSSAR.csv,552359,.csv
backup_migrated\data_csv_full\H4\ILSTHB.csv,479839,.csv
backup_migrated\data_csv_full\H4\ILSTRY.csv,561561,.csv
backup_migrated\data_csv_full\H4\ILSZAR.csv,621856,.csv
backup_migrated\data_csv_full\H4\JPN_IDX.csv,620922,.csv
backup_migrated\data_csv_full\H4\JPYHUF.csv,571958,.csv
backup_migrated\data_csv_full\H4\LNKUSD.csv,464342,.csv
backup_migrated\data_csv_full\H4\LTCCHF.csv,423255,.csv
backup_migrated\data_csv_full\H4\LTCEUR.csv,424200,.csv
backup_migrated\data_csv_full\H4\LTCGBP.csv,422272,.csv
backup_migrated\data_csv_full\H4\LTCUSD.csv,448700,.csv
backup_migrated\data_csv_full\H4\MKRUSD.csv,540550,.csv
backup_migrated\data_csv_full\H4\MXNCZK.csv,573437,.csv
backup_migrated\data_csv_full\H4\MXNHUF.csv,563875,.csv
backup_migrated\data_csv_full\H4\MXNJPY.csv,560938,.csv
backup_migrated\data_csv_full\H4\MXNTHB.csv,577496,.csv
backup_migrated\data_csv_full\H4\MXNTRY.csv,592654,.csv
backup_migrated\data_csv_full\H4\NLD_IDX.csv,564061,.csv
backup_migrated\data_csv_full\H4\NOKAED.csv,555888,.csv
backup_migrated\data_csv_full\H4\NOKCNH.csv,556550,.csv
backup_migrated\data_csv_full\H4\NOKCZK.csv,553953,.csv
backup_migrated\data_csv_full\H4\NOKDKK.csv,562947,.csv
backup_migrated\data_csv_full\H4\NOKHKD.csv,563086,.csv
backup_migrated\data_csv_full\H4\NOKHUF.csv,529440,.csv
backup_migrated\data_csv_full\H4\NOKILS.csv,555665,.csv
backup_migrated\data_csv_full\H4\NOKJPY.csv,629979,.csv
backup_migrated\data_csv_full\H4\NOKMXN.csv,581167,.csv
backup_migrated\data_csv_full\H4\NOKRON.csv,555944,.csv
backup_migrated\data_csv_full\H4\NOKSAR.csv,555901,.csv
backup_migrated\data_csv_full\H4\NOKSEK.csv,548596,.csv
backup_migrated\data_csv_full\H4\NOKTHB.csv,478765,.csv
backup_migrated\data_csv_full\H4\NOKTRY.csv,588015,.csv
backup_migrated\data_csv_full\H4\NOKZAR.csv,598538,.csv
backup_migrated\data_csv_full\H4\NZDAED.csv,559085,.csv
backup_migrated\data_csv_full\H4\NZDCAD.csv,553012,.csv
backup_migrated\data_csv_full\H4\NZDCHF.csv,548124,.csv
backup_migrated\data_csv_full\H4\NZDCNH.csv,585660,.csv
backup_migrated\data_csv_full\H4\NZDCZK.csv,554869,.csv
backup_migrated\data_csv_full\H4\NZDDKK.csv,559662,.csv
backup_migrated\data_csv_full\H4\NZDHKD.csv,554652,.csv
backup_migrated\data_csv_full\H4\NZDHUF.csv,558837,.csv
backup_migrated\data_csv_full\H4\NZDILS.csv,542172,.csv
backup_migrated\data_csv_full\H4\NZDJPY.csv,510473,.csv
backup_migrated\data_csv_full\H4\NZDMXN.csv,577709,.csv
backup_migrated\data_csv_full\H4\NZDNOK.csv,563897,.csv
backup_migrated\data_csv_full\H4\NZDPLN.csv,547679,.csv
backup_migrated\data_csv_full\H4\NZDRON.csv,557113,.csv
backup_migrated\data_csv_full\H4\NZDSAR.csv,559318,.csv
backup_migrated\data_csv_full\H4\NZDSEK.csv,620149,.csv
backup_migrated\data_csv_full\H4\NZDSGD.csv,546127,.csv
backup_migrated\data_csv_full\H4\NZDTHB.csv,515739,.csv
backup_migrated\data_csv_full\H4\NZDTRY.csv,617512,.csv
backup_migrated\data_csv_full\H4\NZDUSD.csv,551684,.csv
backup_migrated\data_csv_full\H4\NZDZAR.csv,572963,.csv
backup_migrated\data_csv_full\H4\PLN_IDX.csv,602818,.csv
backup_migrated\data_csv_full\H4\PLNAED.csv,553690,.csv
backup_migrated\data_csv_full\H4\PLNCNH.csv,562852,.csv
backup_migrated\data_csv_full\H4\PLNCZK.csv,555811,.csv
backup_migrated\data_csv_full\H4\PLNDKK.csv,537024,.csv
backup_migrated\data_csv_full\H4\PLNHKD.csv,560454,.csv
backup_migrated\data_csv_full\H4\PLNHUF.csv,519500,.csv
backup_migrated\data_csv_full\H4\PLNILS.csv,553723,.csv
backup_migrated\data_csv_full\H4\PLNJPY.csv,552773,.csv
backup_migrated\data_csv_full\H4\PLNMXN.csv,563693,.csv
backup_migrated\data_csv_full\H4\PLNNOK.csv,624793,.csv
backup_migrated\data_csv_full\H4\PLNRON.csv,553899,.csv
backup_migrated\data_csv_full\H4\PLNSAR.csv,547717,.csv
backup_migrated\data_csv_full\H4\PLNSEK.csv,560520,.csv
backup_migrated\data_csv_full\H4\PLNTHB.csv,556431,.csv
backup_migrated\data_csv_full\H4\PLNTRY.csv,589648,.csv
backup_migrated\data_csv_full\H4\PLNZAR.csv,570396,.csv
backup_migrated\data_csv_full\H4\RONCNH.csv,570984,.csv
backup_migrated\data_csv_full\H4\RONCZK.csv,519602,.csv
backup_migrated\data_csv_full\H4\RONHKD.csv,760558,.csv
backup_migrated\data_csv_full\H4\RONHUF.csv,511481,.csv
backup_migrated\data_csv_full\H4\RONJPY.csv,522995,.csv
backup_migrated\data_csv_full\H4\RONMXN.csv,562324,.csv
backup_migrated\data_csv_full\H4\RONTHB.csv,479875,.csv
backup_migrated\data_csv_full\H4\RONTRY.csv,542576,.csv
backup_migrated\data_csv_full\H4\RONZAR.csv,561303,.csv
backup_migrated\data_csv_full\H4\SARCNH.csv,560587,.csv
backup_migrated\data_csv_full\H4\SARCZK.csv,521019,.csv
backup_migrated\data_csv_full\H4\SARHKD.csv,545993,.csv
backup_migrated\data_csv_full\H4\SARHUF.csv,508750,.csv
backup_migrated\data_csv_full\H4\SARJPY.csv,522870,.csv
backup_migrated\data_csv_full\H4\SARMXN.csv,569424,.csv
backup_migrated\data_csv_full\H4\SARRON.csv,553528,.csv
backup_migrated\data_csv_full\H4\SARTHB.csv,476143,.csv
backup_migrated\data_csv_full\H4\SARTRY.csv,530369,.csv
backup_migrated\data_csv_full\H4\SARZAR.csv,534481,.csv
backup_migrated\data_csv_full\H4\SEKAED.csv,555415,.csv
backup_migrated\data_csv_full\H4\SEKCNH.csv,562243,.csv
backup_migrated\data_csv_full\H4\SEKCZK.csv,553452,.csv
backup_migrated\data_csv_full\H4\SEKDKK.csv,562584,.csv
backup_migrated\data_csv_full\H4\SEKHKD.csv,553009,.csv
backup_migrated\data_csv_full\H4\SEKHUF.csv,571401,.csv
backup_migrated\data_csv_full\H4\SEKILS.csv,555569,.csv
backup_migrated\data_csv_full\H4\SEKJPY.csv,511639,.csv
backup_migrated\data_csv_full\H4\SEKMXN.csv,586982,.csv
backup_migrated\data_csv_full\H4\SEKRON.csv,555485,.csv
backup_migrated\data_csv_full\H4\SEKSAR.csv,555606,.csv
backup_migrated\data_csv_full\H4\SEKTHB.csv,479203,.csv
backup_migrated\data_csv_full\H4\SEKTRY.csv,583271,.csv
backup_migrated\data_csv_full\H4\SEKZAR.csv,598735,.csv
backup_migrated\data_csv_full\H4\SGD_IDX.csv,555005,.csv
backup_migrated\data_csv_full\H4\SGDAED.csv,557073,.csv
backup_migrated\data_csv_full\H4\SGDCNH.csv,563550,.csv
backup_migrated\data_csv_full\H4\SGDCZK.csv,624483,.csv
backup_migrated\data_csv_full\H4\SGDDKK.csv,568360,.csv
backup_migrated\data_csv_full\H4\SGDHKD.csv,542730,.csv
backup_migrated\data_csv_full\H4\SGDHUF.csv,588771,.csv
backup_migrated\data_csv_full\H4\SGDILS.csv,546007,.csv
backup_migrated\data_csv_full\H4\SGDJPY.csv,551304,.csv
backup_migrated\data_csv_full\H4\SGDMXN.csv,582659,.csv
backup_migrated\data_csv_full\H4\SGDNOK.csv,565910,.csv
backup_migrated\data_csv_full\H4\SGDPLN.csv,570400,.csv
backup_migrated\data_csv_full\H4\SGDRON.csv,560142,.csv
backup_migrated\data_csv_full\H4\SGDSAR.csv,564069,.csv
backup_migrated\data_csv_full\H4\SGDSEK.csv,569364,.csv
backup_migrated\data_csv_full\H4\SGDTHB.csv,510122,.csv
backup_migrated\data_csv_full\H4\SGDTRY.csv,623601,.csv
backup_migrated\data_csv_full\H4\SGDZAR.csv,603648,.csv
backup_migrated\data_csv_full\H4\SOA_IDX.csv,611039,.csv
backup_migrated\data_csv_full\H4\THBHUF.csv,582533,.csv
backup_migrated\data_csv_full\H4\THBJPY.csv,560000,.csv
backup_migrated\data_csv_full\H4\TRXUSD.csv,550059,.csv
backup_migrated\data_csv_full\H4\TRYHUF.csv,535830,.csv
backup_migrated\data_csv_full\H4\TRYJPY.csv,484313,.csv
backup_migrated\data_csv_full\H4\TRYTHB.csv,560973,.csv
backup_migrated\data_csv_full\H4\UNIUSD.csv,471782,.csv
backup_migrated\data_csv_full\H4\USA30_IDX.csv,621701,.csv
backup_migrated\data_csv_full\H4\USA500_IDX.csv,603777,.csv
backup_migrated\data_csv_full\H4\USATECH_IDX.csv,648540,.csv
backup_migrated\data_csv_full\H4\USDAED.csv,468968,.csv
backup_migrated\data_csv_full\H4\USDCAD.csv,531459,.csv
backup_migrated\data_csv_full\H4\USDCHF.csv,547712,.csv
backup_migrated\data_csv_full\H4\USDCNH.csv,553246,.csv
backup_migrated\data_csv_full\H4\USDCZK.csv,559203,.csv
backup_migrated\data_csv_full\H4\USDDKK.csv,562582,.csv
backup_migrated\data_csv_full\H4\USDHKD.csv,561579,.csv
backup_migrated\data_csv_full\H4\USDHUF.csv,556217,.csv
backup_migrated\data_csv_full\H4\USDILS.csv,555075,.csv
backup_migrated\data_csv_full\H4\USDJPY.csv,570902,.csv
backup_migrated\data_csv_full\H4\USDMXN.csv,586309,.csv
backup_migrated\data_csv_full\H4\USDNOK.csv,575051,.csv
backup_migrated\data_csv_full\H4\USDPLN.csv,539874,.csv
backup_migrated\data_csv_full\H4\USDRON.csv,564964,.csv
backup_migrated\data_csv_full\H4\USDSAR.csv,469457,.csv
backup_migrated\data_csv_full\H4\USDSEK.csv,572481,.csv
backup_migrated\data_csv_full\H4\USDSGD.csv,547803,.csv
backup_migrated\data_csv_full\H4\USDTHB.csv,552855,.csv
backup_migrated\data_csv_full\H4\USDTRY.csv,572260,.csv
backup_migrated\data_csv_full\H4\USDZAR.csv,597521,.csv
backup_migrated\data_csv_full\H4\USSC2000_IDX.csv,603728,.csv
backup_migrated\data_csv_full\H4\VOL_IDX.csv,474736,.csv
backup_migrated\data_csv_full\H4\XAGAED.csv,525454,.csv
backup_migrated\data_csv_full\H4\XAGAUD.csv,525252,.csv
backup_migrated\data_csv_full\H4\XAGCAD.csv,514387,.csv
backup_migrated\data_csv_full\H4\XAGCHF.csv,512894,.csv
backup_migrated\data_csv_full\H4\XAGCNH.csv,538172,.csv
backup_migrated\data_csv_full\H4\XAGCZK.csv,554044,.csv
backup_migrated\data_csv_full\H4\XAGDKK.csv,539183,.csv
backup_migrated\data_csv_full\H4\XAGEUR.csv,528221,.csv
backup_migrated\data_csv_full\H4\XAGGBP.csv,528825,.csv
backup_migrated\data_csv_full\H4\XAGHKD.csv,517723,.csv
backup_migrated\data_csv_full\H4\XAGHUF.csv,577609,.csv
backup_migrated\data_csv_full\H4\XAGILS.csv,536876,.csv
backup_migrated\data_csv_full\H4\XAGJPY.csv,578396,.csv
backup_migrated\data_csv_full\H4\XAGMXN.csv,521749,.csv
backup_migrated\data_csv_full\H4\XAGNOK.csv,534738,.csv
backup_migrated\data_csv_full\H4\XAGNZD.csv,546617,.csv
backup_migrated\data_csv_full\H4\XAGPLN.csv,549444,.csv
backup_migrated\data_csv_full\H4\XAGRON.csv,537140,.csv
backup_migrated\data_csv_full\H4\XAGSAR.csv,537512,.csv
backup_migrated\data_csv_full\H4\XAGSEK.csv,515682,.csv
backup_migrated\data_csv_full\H4\XAGSGD.csv,502853,.csv
backup_migrated\data_csv_full\H4\XAGTHB.csv,575267,.csv
backup_migrated\data_csv_full\H4\XAGTRY.csv,530928,.csv
backup_migrated\data_csv_full\H4\XAGUSD.csv,522720,.csv
backup_migrated\data_csv_full\H4\XAGZAR.csv,541309,.csv
backup_migrated\data_csv_full\H4\XAUAED.csv,582076,.csv
backup_migrated\data_csv_full\H4\XAUAUD.csv,570884,.csv
backup_migrated\data_csv_full\H4\XAUCAD.csv,570662,.csv
backup_migrated\data_csv_full\H4\XAUCHF.csv,566997,.csv
backup_migrated\data_csv_full\H4\XAUCNH.csv,608502,.csv
backup_migrated\data_csv_full\H4\XAUCZK.csv,536720,.csv
backup_migrated\data_csv_full\H4\XAUDKK.csv,550330,.csv
backup_migrated\data_csv_full\H4\XAUEUR.csv,569708,.csv
backup_migrated\data_csv_full\H4\XAUGBP.csv,567350,.csv
backup_migrated\data_csv_full\H4\XAUHKD.csv,560665,.csv
backup_migrated\data_csv_full\H4\XAUHUF.csv,585400,.csv
backup_migrated\data_csv_full\H4\XAUILS.csv,582382,.csv
backup_migrated\data_csv_full\H4\XAUJPY.csv,572712,.csv
backup_migrated\data_csv_full\H4\XAUMXN.csv,535415,.csv
backup_migrated\data_csv_full\H4\XAUNOK.csv,555590,.csv
backup_migrated\data_csv_full\H4\XAUNZD.csv,570905,.csv
backup_migrated\data_csv_full\H4\XAUPLN.csv,537743,.csv
backup_migrated\data_csv_full\H4\XAURON.csv,608357,.csv
backup_migrated\data_csv_full\H4\XAUSAR.csv,582937,.csv
backup_migrated\data_csv_full\H4\XAUSEK.csv,560691,.csv
backup_migrated\data_csv_full\H4\XAUSGD.csv,570727,.csv
backup_migrated\data_csv_full\H4\XAUTHB.csv,544751,.csv
backup_migrated\data_csv_full\H4\XAUTRY.csv,545712,.csv
backup_migrated\data_csv_full\H4\XAUUSD.csv,584930,.csv
backup_migrated\data_csv_full\H4\XAUXAG.csv,572240,.csv
backup_migrated\data_csv_full\H4\XAUZAR.csv,535396,.csv
backup_migrated\data_csv_full\H4\XLMCHF.csv,551781,.csv
backup_migrated\data_csv_full\H4\XLMEUR.csv,552014,.csv
backup_migrated\data_csv_full\H4\XLMGBP.csv,549199,.csv
backup_migrated\data_csv_full\H4\XLMUSD.csv,553647,.csv
backup_migrated\data_csv_full\H4\YFIUSD.csv,495625,.csv
backup_migrated\data_csv_full\H4\ZARCZK.csv,548524,.csv
backup_migrated\data_csv_full\H4\ZARHUF.csv,546214,.csv
backup_migrated\data_csv_full\H4\ZARJPY.csv,489323,.csv
backup_migrated\data_csv_full\H4\ZARMXN.csv,552493,.csv
backup_migrated\data_csv_full\H4\ZARTHB.csv,474711,.csv
backup_migrated\data_csv_full\H4\ZARTRY.csv,584139,.csv
backup_migrated\data_csv_full\M15\ADAUSD.csv,7278647,.csv
backup_migrated\data_csv_full\M15\AEDCNH.csv,8604300,.csv
backup_migrated\data_csv_full\M15\AEDCZK.csv,8269127,.csv
backup_migrated\data_csv_full\M15\AEDHKD.csv,8545492,.csv
backup_migrated\data_csv_full\M15\AEDHUF.csv,8946178,.csv
backup_migrated\data_csv_full\M15\AEDJPY.csv,8199705,.csv
backup_migrated\data_csv_full\M15\AEDMXN.csv,8843674,.csv
backup_migrated\data_csv_full\M15\AEDRON.csv,8690211,.csv
backup_migrated\data_csv_full\M15\AEDSAR.csv,8499970,.csv
backup_migrated\data_csv_full\M15\AEDTHB.csv,7499638,.csv
backup_migrated\data_csv_full\M15\AEDTRY.csv,8889074,.csv
backup_migrated\data_csv_full\M15\AEDZAR.csv,8854270,.csv
backup_migrated\data_csv_full\M15\AUDAED.csv,8801415,.csv
backup_migrated\data_csv_full\M15\AUDCAD.csv,8638901,.csv
backup_migrated\data_csv_full\M15\AUDCHF.csv,8588693,.csv
backup_migrated\data_csv_full\M15\AUDCNH.csv,8839192,.csv
backup_migrated\data_csv_full\M15\AUDCZK.csv,8708723,.csv
backup_migrated\data_csv_full\M15\AUDDKK.csv,9266827,.csv
backup_migrated\data_csv_full\M15\AUDHKD.csv,9285989,.csv
backup_migrated\data_csv_full\M15\AUDHUF.csv,8801643,.csv
backup_migrated\data_csv_full\M15\AUDILS.csv,8791243,.csv
backup_migrated\data_csv_full\M15\AUDJPY.csv,8177812,.csv
backup_migrated\data_csv_full\M15\AUDMXN.csv,9069764,.csv
backup_migrated\data_csv_full\M15\AUDNOK.csv,8787078,.csv
backup_migrated\data_csv_full\M15\AUDNZD.csv,8757459,.csv
backup_migrated\data_csv_full\M15\AUDPLN.csv,8790583,.csv
backup_migrated\data_csv_full\M15\AUDRON.csv,8838780,.csv
backup_migrated\data_csv_full\M15\AUDSAR.csv,8717697,.csv
backup_migrated\data_csv_full\M15\AUDSEK.csv,8927056,.csv
backup_migrated\data_csv_full\M15\AUDSGD.csv,8770703,.csv
backup_migrated\data_csv_full\M15\AUDTHB.csv,8084359,.csv
backup_migrated\data_csv_full\M15\AUDTRY.csv,9101848,.csv
backup_migrated\data_csv_full\M15\AUDUSD.csv,8835796,.csv
backup_migrated\data_csv_full\M15\AUDZAR.csv,9157501,.csv
backup_migrated\data_csv_full\M15\AUS_IDX.csv,9467671,.csv
backup_migrated\data_csv_full\M15\AVEUSD.csv,7640127,.csv
backup_migrated\data_csv_full\M15\BATUSD.csv,8468360,.csv
backup_migrated\data_csv_full\M15\BCHCHF.csv,7324927,.csv
backup_migrated\data_csv_full\M15\BCHEUR.csv,7327966,.csv
backup_migrated\data_csv_full\M15\BCHGBP.csv,7300997,.csv
backup_migrated\data_csv_full\M15\BCHUSD.csv,7510550,.csv
backup_migrated\data_csv_full\M15\BTCCHF.csv,8539204,.csv
backup_migrated\data_csv_full\M15\BTCEUR.csv,8390635,.csv
backup_migrated\data_csv_full\M15\BTCGBP.csv,8539678,.csv
backup_migrated\data_csv_full\M15\BTCUSD.csv,9126867,.csv
backup_migrated\data_csv_full\M15\CADAED.csv,8782324,.csv
backup_migrated\data_csv_full\M15\CADCHF.csv,8581434,.csv
backup_migrated\data_csv_full\M15\CADCNH.csv,8813300,.csv
backup_migrated\data_csv_full\M15\CADCZK.csv,8808885,.csv
backup_migrated\data_csv_full\M15\CADDKK.csv,8856284,.csv
backup_migrated\data_csv_full\M15\CADHKD.csv,8659285,.csv
backup_migrated\data_csv_full\M15\CADHUF.csv,8787737,.csv
backup_migrated\data_csv_full\M15\CADILS.csv,8841786,.csv
backup_migrated\data_csv_full\M15\CADJPY.csv,8740860,.csv
backup_migrated\data_csv_full\M15\CADMXN.csv,9241058,.csv
backup_migrated\data_csv_full\M15\CADNOK.csv,8869629,.csv
backup_migrated\data_csv_full\M15\CADPLN.csv,8756030,.csv
backup_migrated\data_csv_full\M15\CADRON.csv,8607194,.csv
backup_migrated\data_csv_full\M15\CADSAR.csv,8872593,.csv
backup_migrated\data_csv_full\M15\CADSEK.csv,8889406,.csv
backup_migrated\data_csv_full\M15\CADSGD.csv,8809843,.csv
backup_migrated\data_csv_full\M15\CADTHB.csv,8079817,.csv
backup_migrated\data_csv_full\M15\CADTRY.csv,9725262,.csv
backup_migrated\data_csv_full\M15\CADZAR.csv,9398614,.csv
backup_migrated\data_csv_full\M15\CHE_IDX.csv,9388338,.csv
backup_migrated\data_csv_full\M15\CHFAED.csv,8618611,.csv
backup_migrated\data_csv_full\M15\CHFCNH.csv,8942015,.csv
backup_migrated\data_csv_full\M15\CHFCZK.csv,9249220,.csv
backup_migrated\data_csv_full\M15\CHFDKK.csv,8816339,.csv
backup_migrated\data_csv_full\M15\CHFHKD.csv,8792652,.csv
backup_migrated\data_csv_full\M15\CHFHUF.csv,8687863,.csv
backup_migrated\data_csv_full\M15\CHFILS.csv,8792601,.csv
backup_migrated\data_csv_full\M15\CHFJPY.csv,8745917,.csv
backup_migrated\data_csv_full\M15\CHFMXN.csv,9065782,.csv
backup_migrated\data_csv_full\M15\CHFNOK.csv,9698497,.csv
backup_migrated\data_csv_full\M15\CHFPLN.csv,8736229,.csv
backup_migrated\data_csv_full\M15\CHFRON.csv,9859728,.csv
backup_migrated\data_csv_full\M15\CHFSAR.csv,9885577,.csv
backup_migrated\data_csv_full\M15\CHFSEK.csv,8983767,.csv
backup_migrated\data_csv_full\M15\CHFSGD.csv,8972633,.csv
backup_migrated\data_csv_full\M15\CHFTHB.csv,8174352,.csv
backup_migrated\data_csv_full\M15\CHFTRY.csv,9635346,.csv
backup_migrated\data_csv_full\M15\CHFZAR.csv,9311310,.csv
backup_migrated\data_csv_full\M15\CHI_IDX.csv,9637754,.csv
backup_migrated\data_csv_full\M15\CMPUSD.csv,7303137,.csv
backup_migrated\data_csv_full\M15\CNHCZK.csv,8266273,.csv
backup_migrated\data_csv_full\M15\CNHHKD.csv,8715183,.csv
backup_migrated\data_csv_full\M15\CNHHUF.csv,8229180,.csv
backup_migrated\data_csv_full\M15\CNHJPY.csv,8156258,.csv
backup_migrated\data_csv_full\M15\CNHMXN.csv,8990146,.csv
backup_migrated\data_csv_full\M15\CNHTHB.csv,8860534,.csv
backup_migrated\data_csv_full\M15\CNHTRY.csv,8725206,.csv
backup_migrated\data_csv_full\M15\CNHZAR.csv,8951118,.csv
backup_migrated\data_csv_full\M15\CZKHUF.csv,8944146,.csv
backup_migrated\data_csv_full\M15\CZKJPY.csv,9135397,.csv
backup_migrated\data_csv_full\M15\CZKTHB.csv,9024490,.csv
backup_migrated\data_csv_full\M15\CZKTRY.csv,8790475,.csv
backup_migrated\data_csv_full\M15\DEU_IDX.csv,9647206,.csv
backup_migrated\data_csv_full\M15\DKKAED.csv,8795916,.csv
backup_migrated\data_csv_full\M15\DKKCNH.csv,8716983,.csv
backup_migrated\data_csv_full\M15\DKKCZK.csv,8485669,.csv
backup_migrated\data_csv_full\M15\DKKHKD.csv,9181783,.csv
backup_migrated\data_csv_full\M15\DKKHUF.csv,8944023,.csv
backup_migrated\data_csv_full\M15\DKKILS.csv,8798790,.csv
backup_migrated\data_csv_full\M15\DKKJPY.csv,9178679,.csv
backup_migrated\data_csv_full\M15\DKKMXN.csv,9102322,.csv
backup_migrated\data_csv_full\M15\DKKRON.csv,8705889,.csv
backup_migrated\data_csv_full\M15\DKKSAR.csv,8797884,.csv
backup_migrated\data_csv_full\M15\DKKTHB.csv,7556491,.csv
backup_migrated\data_csv_full\M15\DKKTRY.csv,9184236,.csv
backup_migrated\data_csv_full\M15\DKKZAR.csv,9002961,.csv
backup_migrated\data_csv_full\M15\DOLLAR_IDX.csv,8527498,.csv
backup_migrated\data_csv_full\M15\DSHUSD.csv,8143008,.csv
backup_migrated\data_csv_full\M15\ESP_IDX.csv,9804767,.csv
backup_migrated\data_csv_full\M15\ETHCHF.csv,7936784,.csv
backup_migrated\data_csv_full\M15\ETHEUR.csv,7937040,.csv
backup_migrated\data_csv_full\M15\ETHGBP.csv,7937124,.csv
backup_migrated\data_csv_full\M15\ETHUSD.csv,8420737,.csv
backup_migrated\data_csv_full\M15\EURAED.csv,8782132,.csv
backup_migrated\data_csv_full\M15\EURAUD.csv,9207853,.csv
backup_migrated\data_csv_full\M15\EURCAD.csv,9015722,.csv
backup_migrated\data_csv_full\M15\EURCHF.csv,8755261,.csv
backup_migrated\data_csv_full\M15\EURCNH.csv,8983111,.csv
backup_migrated\data_csv_full\M15\EURCZK.csv,8750438,.csv
backup_migrated\data_csv_full\M15\EURGBP.csv,8551188,.csv
backup_migrated\data_csv_full\M15\EURHKD.csv,8742275,.csv
backup_migrated\data_csv_full\M15\EURHUF.csv,8752528,.csv
backup_migrated\data_csv_full\M15\EURILS.csv,8592698,.csv
backup_migrated\data_csv_full\M15\EURJPY.csv,8698254,.csv
backup_migrated\data_csv_full\M15\EURMXN.csv,9154063,.csv
backup_migrated\data_csv_full\M15\EURNOK.csv,9322322,.csv
backup_migrated\data_csv_full\M15\EURNZD.csv,9056706,.csv
backup_migrated\data_csv_full\M15\EURPLN.csv,8775191,.csv
backup_migrated\data_csv_full\M15\EURRON.csv,8819379,.csv
backup_migrated\data_csv_full\M15\EURSAR.csv,8814117,.csv
backup_migrated\data_csv_full\M15\EURSEK.csv,9380032,.csv
backup_migrated\data_csv_full\M15\EURSGD.csv,8775250,.csv
backup_migrated\data_csv_full\M15\EURTHB.csv,8177455,.csv
backup_migrated\data_csv_full\M15\EURTRY.csv,9209501,.csv
backup_migrated\data_csv_full\M15\EURUSD.csv,8843278,.csv
backup_migrated\data_csv_full\M15\EURZAR.csv,9231918,.csv
backup_migrated\data_csv_full\M15\EUS_IDX.csv,9478157,.csv
backup_migrated\data_csv_full\M15\FRA_IDX.csv,9515707,.csv
backup_migrated\data_csv_full\M15\GBPAED.csv,8836585,.csv
backup_migrated\data_csv_full\M15\GBPAUD.csv,8817600,.csv
backup_migrated\data_csv_full\M15\GBPCAD.csv,8892170,.csv
backup_migrated\data_csv_full\M15\GBPCHF.csv,8506372,.csv
backup_migrated\data_csv_full\M15\GBPCNH.csv,9280394,.csv
backup_migrated\data_csv_full\M15\GBPCZK.csv,8503123,.csv
backup_migrated\data_csv_full\M15\GBPDKK.csv,8682794,.csv
backup_migrated\data_csv_full\M15\GBPHKD.csv,9363165,.csv
backup_migrated\data_csv_full\M15\GBPHUF.csv,8778223,.csv
backup_migrated\data_csv_full\M15\GBPILS.csv,8826423,.csv
backup_migrated\data_csv_full\M15\GBPJPY.csv,8799925,.csv
backup_migrated\data_csv_full\M15\GBPMXN.csv,9400593,.csv
backup_migrated\data_csv_full\M15\GBPNOK.csv,9067449,.csv
backup_migrated\data_csv_full\M15\GBPNZD.csv,8792255,.csv
backup_migrated\data_csv_full\M15\GBPPLN.csv,8390731,.csv
backup_migrated\data_csv_full\M15\GBPRON.csv,8853939,.csv
backup_migrated\data_csv_full\M15\GBPSAR.csv,8727599,.csv
backup_migrated\data_csv_full\M15\GBPSEK.csv,9457763,.csv
backup_migrated\data_csv_full\M15\GBPSGD.csv,8761564,.csv
backup_migrated\data_csv_full\M15\GBPTHB.csv,8076032,.csv
backup_migrated\data_csv_full\M15\GBPTRY.csv,9009067,.csv
backup_migrated\data_csv_full\M15\GBPUSD.csv,8497794,.csv
backup_migrated\data_csv_full\M15\GBPZAR.csv,9328032,.csv
backup_migrated\data_csv_full\M15\GBR_IDX.csv,9315177,.csv
backup_migrated\data_csv_full\M15\GOLD.csv,9168148,.csv
backup_migrated\data_csv_full\M15\HKDCZK.csv,8644237,.csv
backup_migrated\data_csv_full\M15\HKDHUF.csv,8872180,.csv
backup_migrated\data_csv_full\M15\HKDJPY.csv,9275883,.csv
backup_migrated\data_csv_full\M15\HKDMXN.csv,9226474,.csv
backup_migrated\data_csv_full\M15\HKDTHB.csv,7495867,.csv
backup_migrated\data_csv_full\M15\HKDTRY.csv,9180621,.csv
backup_migrated\data_csv_full\M15\HKDZAR.csv,9197154,.csv
backup_migrated\data_csv_full\M15\HKG_IDX.csv,9741674,.csv
backup_migrated\data_csv_full\M15\ILSAED.csv,8576977,.csv
backup_migrated\data_csv_full\M15\ILSCNH.csv,8695271,.csv
backup_migrated\data_csv_full\M15\ILSCZK.csv,8047899,.csv
backup_migrated\data_csv_full\M15\ILSHKD.csv,8692223,.csv
backup_migrated\data_csv_full\M15\ILSHUF.csv,8257757,.csv
backup_migrated\data_csv_full\M15\ILSJPY.csv,8103296,.csv
backup_migrated\data_csv_full\M15\ILSMXN.csv,8761071,.csv
backup_migrated\data_csv_full\M15\ILSRON.csv,8689474,.csv
backup_migrated\data_csv_full\M15\ILSSAR.csv,8671742,.csv
backup_migrated\data_csv_full\M15\ILSTHB.csv,7509192,.csv
backup_migrated\data_csv_full\M15\ILSTRY.csv,8826631,.csv
backup_migrated\data_csv_full\M15\ILSZAR.csv,9779993,.csv
backup_migrated\data_csv_full\M15\JPN_IDX.csv,9743857,.csv
backup_migrated\data_csv_full\M15\JPYHUF.csv,8891105,.csv
backup_migrated\data_csv_full\M15\LNKUSD.csv,7361597,.csv
backup_migrated\data_csv_full\M15\LTCCHF.csv,6748262,.csv
backup_migrated\data_csv_full\M15\LTCEUR.csv,6763331,.csv
backup_migrated\data_csv_full\M15\LTCGBP.csv,6732324,.csv
backup_migrated\data_csv_full\M15\LTCUSD.csv,6988380,.csv
backup_migrated\data_csv_full\M15\MKRUSD.csv,8493063,.csv
backup_migrated\data_csv_full\M15\MXNCZK.csv,8915970,.csv
backup_migrated\data_csv_full\M15\MXNHUF.csv,8849496,.csv
backup_migrated\data_csv_full\M15\MXNJPY.csv,8853129,.csv
backup_migrated\data_csv_full\M15\MXNTHB.csv,9078615,.csv
backup_migrated\data_csv_full\M15\MXNTRY.csv,9322744,.csv
backup_migrated\data_csv_full\M15\NLD_IDX.csv,8838361,.csv
backup_migrated\data_csv_full\M15\NOKAED.csv,8726504,.csv
backup_migrated\data_csv_full\M15\NOKCNH.csv,8645069,.csv
backup_migrated\data_csv_full\M15\NOKCZK.csv,8609965,.csv
backup_migrated\data_csv_full\M15\NOKDKK.csv,8834882,.csv
backup_migrated\data_csv_full\M15\NOKHKD.csv,8838070,.csv
backup_migrated\data_csv_full\M15\NOKHUF.csv,8308554,.csv
backup_migrated\data_csv_full\M15\NOKILS.csv,8723522,.csv
backup_migrated\data_csv_full\M15\NOKJPY.csv,9910158,.csv
backup_migrated\data_csv_full\M15\NOKMXN.csv,9139386,.csv
backup_migrated\data_csv_full\M15\NOKRON.csv,8727681,.csv
backup_migrated\data_csv_full\M15\NOKSAR.csv,8725482,.csv
backup_migrated\data_csv_full\M15\NOKSEK.csv,8771697,.csv
backup_migrated\data_csv_full\M15\NOKTHB.csv,7494767,.csv
backup_migrated\data_csv_full\M15\NOKTRY.csv,9253357,.csv
backup_migrated\data_csv_full\M15\NOKZAR.csv,9411224,.csv
backup_migrated\data_csv_full\M15\NZDAED.csv,8684186,.csv
backup_migrated\data_csv_full\M15\NZDCAD.csv,8838333,.csv
backup_migrated\data_csv_full\M15\NZDCHF.csv,8765930,.csv
backup_migrated\data_csv_full\M15\NZDCNH.csv,9201379,.csv
backup_migrated\data_csv_full\M15\NZDCZK.csv,8705789,.csv
backup_migrated\data_csv_full\M15\NZDDKK.csv,8700068,.csv
backup_migrated\data_csv_full\M15\NZDHKD.csv,8698590,.csv
backup_migrated\data_csv_full\M15\NZDHUF.csv,8691801,.csv
backup_migrated\data_csv_full\M15\NZDILS.csv,8509318,.csv
backup_migrated\data_csv_full\M15\NZDJPY.csv,8161694,.csv
backup_migrated\data_csv_full\M15\NZDMXN.csv,9073540,.csv
backup_migrated\data_csv_full\M15\NZDNOK.csv,8846960,.csv
backup_migrated\data_csv_full\M15\NZDPLN.csv,8673034,.csv
backup_migrated\data_csv_full\M15\NZDRON.csv,8655289,.csv
backup_migrated\data_csv_full\M15\NZDSAR.csv,8687876,.csv
backup_migrated\data_csv_full\M15\NZDSEK.csv,9672244,.csv
backup_migrated\data_csv_full\M15\NZDSGD.csv,8734472,.csv
backup_migrated\data_csv_full\M15\NZDTHB.csv,7989783,.csv
backup_migrated\data_csv_full\M15\NZDTRY.csv,9723047,.csv
backup_migrated\data_csv_full\M15\NZDUSD.csv,8811957,.csv
backup_migrated\data_csv_full\M15\NZDZAR.csv,8998136,.csv
backup_migrated\data_csv_full\M15\PLN_IDX.csv,9452309,.csv
backup_migrated\data_csv_full\M15\PLNAED.csv,8692676,.csv
backup_migrated\data_csv_full\M15\PLNCNH.csv,8832795,.csv
backup_migrated\data_csv_full\M15\PLNCZK.csv,8639815,.csv
backup_migrated\data_csv_full\M15\PLNDKK.csv,8503313,.csv
backup_migrated\data_csv_full\M15\PLNHKD.csv,8795881,.csv
backup_migrated\data_csv_full\M15\PLNHUF.csv,8147589,.csv
backup_migrated\data_csv_full\M15\PLNILS.csv,8694490,.csv
backup_migrated\data_csv_full\M15\PLNJPY.csv,8671766,.csv
backup_migrated\data_csv_full\M15\PLNMXN.csv,8844823,.csv
backup_migrated\data_csv_full\M15\PLNNOK.csv,9816255,.csv
backup_migrated\data_csv_full\M15\PLNRON.csv,8696398,.csv
backup_migrated\data_csv_full\M15\PLNSAR.csv,8596407,.csv
backup_migrated\data_csv_full\M15\PLNSEK.csv,8795935,.csv
backup_migrated\data_csv_full\M15\PLNTHB.csv,8736195,.csv
backup_migrated\data_csv_full\M15\PLNTRY.csv,9274462,.csv
backup_migrated\data_csv_full\M15\PLNZAR.csv,8873635,.csv
backup_migrated\data_csv_full\M15\RONCNH.csv,8969030,.csv
backup_migrated\data_csv_full\M15\RONCZK.csv,8150896,.csv
backup_migrated\data_csv_full\M15\RONHKD.csv,11904200,.csv
backup_migrated\data_csv_full\M15\RONHUF.csv,8016325,.csv
backup_migrated\data_csv_full\M15\RONJPY.csv,8108314,.csv
backup_migrated\data_csv_full\M15\RONMXN.csv,8827558,.csv
backup_migrated\data_csv_full\M15\RONTHB.csv,7511763,.csv
backup_migrated\data_csv_full\M15\RONTRY.csv,8524264,.csv
backup_migrated\data_csv_full\M15\RONZAR.csv,8812760,.csv
backup_migrated\data_csv_full\M15\SARCNH.csv,8799058,.csv
backup_migrated\data_csv_full\M15\SARCZK.csv,8166292,.csv
backup_migrated\data_csv_full\M15\SARHKD.csv,8568274,.csv
backup_migrated\data_csv_full\M15\SARHUF.csv,7974958,.csv
backup_migrated\data_csv_full\M15\SARJPY.csv,8108783,.csv
backup_migrated\data_csv_full\M15\SARMXN.csv,8943877,.csv
backup_migrated\data_csv_full\M15\SARRON.csv,8689725,.csv
backup_migrated\data_csv_full\M15\SARTHB.csv,7455737,.csv
backup_migrated\data_csv_full\M15\SARTRY.csv,8321016,.csv
backup_migrated\data_csv_full\M15\SARZAR.csv,8285989,.csv
backup_migrated\data_csv_full\M15\SEKAED.csv,8718503,.csv
backup_migrated\data_csv_full\M15\SEKCNH.csv,8734460,.csv
backup_migrated\data_csv_full\M15\SEKCZK.csv,8604138,.csv
backup_migrated\data_csv_full\M15\SEKDKK.csv,8830458,.csv
backup_migrated\data_csv_full\M15\SEKHKD.csv,8676642,.csv
backup_migrated\data_csv_full\M15\SEKHUF.csv,8979180,.csv
backup_migrated\data_csv_full\M15\SEKILS.csv,8628336,.csv
backup_migrated\data_csv_full\M15\SEKJPY.csv,8182108,.csv
backup_migrated\data_csv_full\M15\SEKMXN.csv,9222417,.csv
backup_migrated\data_csv_full\M15\SEKRON.csv,8722403,.csv
backup_migrated\data_csv_full\M15\SEKSAR.csv,8720863,.csv
backup_migrated\data_csv_full\M15\SEKTHB.csv,7502897,.csv
backup_migrated\data_csv_full\M15\SEKTRY.csv,9174904,.csv
backup_migrated\data_csv_full\M15\SEKZAR.csv,9324382,.csv
backup_migrated\data_csv_full\M15\SGD_IDX.csv,8684986,.csv
backup_migrated\data_csv_full\M15\SGDAED.csv,8751235,.csv
backup_migrated\data_csv_full\M15\SGDCNH.csv,8848677,.csv
backup_migrated\data_csv_full\M15\SGDCZK.csv,9819499,.csv
backup_migrated\data_csv_full\M15\SGDDKK.csv,8840836,.csv
backup_migrated\data_csv_full\M15\SGDHKD.csv,8505661,.csv
backup_migrated\data_csv_full\M15\SGDHUF.csv,9171639,.csv
backup_migrated\data_csv_full\M15\SGDILS.csv,8573989,.csv
backup_migrated\data_csv_full\M15\SGDJPY.csv,8622399,.csv
backup_migrated\data_csv_full\M15\SGDMXN.csv,9067990,.csv
backup_migrated\data_csv_full\M15\SGDNOK.csv,8881271,.csv
backup_migrated\data_csv_full\M15\SGDPLN.csv,8876226,.csv
backup_migrated\data_csv_full\M15\SGDRON.csv,8799299,.csv
backup_migrated\data_csv_full\M15\SGDSAR.csv,8853087,.csv
backup_migrated\data_csv_full\M15\SGDSEK.csv,8853971,.csv
backup_migrated\data_csv_full\M15\SGDTHB.csv,7899419,.csv
backup_migrated\data_csv_full\M15\SGDTRY.csv,9737378,.csv
backup_migrated\data_csv_full\M15\SGDZAR.csv,9406604,.csv
backup_migrated\data_csv_full\M15\SOA_IDX.csv,9600297,.csv
backup_migrated\data_csv_full\M15\THBHUF.csv,9151010,.csv
backup_migrated\data_csv_full\M15\THBJPY.csv,8785472,.csv
backup_migrated\data_csv_full\M15\TRXUSD.csv,8619672,.csv
backup_migrated\data_csv_full\M15\TRYHUF.csv,8417432,.csv
backup_migrated\data_csv_full\M15\TRYJPY.csv,7555312,.csv
backup_migrated\data_csv_full\M15\TRYTHB.csv,8804957,.csv
backup_migrated\data_csv_full\M15\UNIUSD.csv,7432521,.csv
backup_migrated\data_csv_full\M15\USA30_IDX.csv,9758912,.csv
backup_migrated\data_csv_full\M15\USA500_IDX.csv,9475811,.csv
backup_migrated\data_csv_full\M15\USATECH_IDX.csv,10183399,.csv
backup_migrated\data_csv_full\M15\USDAED.csv,7339085,.csv
backup_migrated\data_csv_full\M15\USDCAD.csv,8505716,.csv
backup_migrated\data_csv_full\M15\USDCHF.csv,8757955,.csv
backup_migrated\data_csv_full\M15\USDCNH.csv,8846241,.csv
backup_migrated\data_csv_full\M15\USDCZK.csv,8751845,.csv
backup_migrated\data_csv_full\M15\USDDKK.csv,8819122,.csv
backup_migrated\data_csv_full\M15\USDHKD.csv,8786211,.csv
backup_migrated\data_csv_full\M15\USDHUF.csv,8703173,.csv
backup_migrated\data_csv_full\M15\USDILS.csv,8695855,.csv
backup_migrated\data_csv_full\M15\USDJPY.csv,8942722,.csv
backup_migrated\data_csv_full\M15\USDMXN.csv,9373494,.csv
backup_migrated\data_csv_full\M15\USDNOK.csv,9195885,.csv
backup_migrated\data_csv_full\M15\USDPLN.csv,8631587,.csv
backup_migrated\data_csv_full\M15\USDRON.csv,8857029,.csv
backup_migrated\data_csv_full\M15\USDSAR.csv,7340888,.csv
backup_migrated\data_csv_full\M15\USDSEK.csv,9153912,.csv
backup_migrated\data_csv_full\M15\USDSGD.csv,8759348,.csv
backup_migrated\data_csv_full\M15\USDTHB.csv,8649538,.csv
backup_migrated\data_csv_full\M15\USDTRY.csv,9158738,.csv
backup_migrated\data_csv_full\M15\USDZAR.csv,9367496,.csv
backup_migrated\data_csv_full\M15\USSC2000_IDX.csv,9472162,.csv
backup_migrated\data_csv_full\M15\VOL_IDX.csv,7422997,.csv
backup_migrated\data_csv_full\M15\XAGAED.csv,8247572,.csv
backup_migrated\data_csv_full\M15\XAGAUD.csv,8324047,.csv
backup_migrated\data_csv_full\M15\XAGCAD.csv,7986735,.csv
backup_migrated\data_csv_full\M15\XAGCHF.csv,8041606,.csv
backup_migrated\data_csv_full\M15\XAGCNH.csv,8545773,.csv
backup_migrated\data_csv_full\M15\XAGCZK.csv,8701213,.csv
backup_migrated\data_csv_full\M15\XAGDKK.csv,8548270,.csv
backup_migrated\data_csv_full\M15\XAGEUR.csv,8329861,.csv
backup_migrated\data_csv_full\M15\XAGGBP.csv,8338674,.csv
backup_migrated\data_csv_full\M15\XAGHKD.csv,8206268,.csv
backup_migrated\data_csv_full\M15\XAGHUF.csv,9079881,.csv
backup_migrated\data_csv_full\M15\XAGILS.csv,8532778,.csv
backup_migrated\data_csv_full\M15\XAGJPY.csv,9189580,.csv
backup_migrated\data_csv_full\M15\XAGMXN.csv,8268834,.csv
backup_migrated\data_csv_full\M15\XAGNOK.csv,8392570,.csv
backup_migrated\data_csv_full\M15\XAGNZD.csv,8666208,.csv
backup_migrated\data_csv_full\M15\XAGPLN.csv,8629336,.csv
backup_migrated\data_csv_full\M15\XAGRON.csv,8535435,.csv
backup_migrated\data_csv_full\M15\XAGSAR.csv,8535945,.csv
backup_migrated\data_csv_full\M15\XAGSEK.csv,8172970,.csv
backup_migrated\data_csv_full\M15\XAGSGD.csv,7969182,.csv
backup_migrated\data_csv_full\M15\XAGTHB.csv,9139913,.csv
backup_migrated\data_csv_full\M15\XAGTRY.csv,8430041,.csv
backup_migrated\data_csv_full\M15\XAGUSD.csv,8077116,.csv
backup_migrated\data_csv_full\M15\XAGZAR.csv,8594381,.csv
backup_migrated\data_csv_full\M15\XAUAED.csv,9288314,.csv
backup_migrated\data_csv_full\M15\XAUAUD.csv,9110778,.csv
backup_migrated\data_csv_full\M15\XAUCAD.csv,9107942,.csv
backup_migrated\data_csv_full\M15\XAUCHF.csv,9049634,.csv
backup_migrated\data_csv_full\M15\XAUCNH.csv,9713527,.csv
backup_migrated\data_csv_full\M15\XAUCZK.csv,8564514,.csv
backup_migrated\data_csv_full\M15\XAUDKK.csv,8781489,.csv
backup_migrated\data_csv_full\M15\XAUEUR.csv,9090591,.csv
backup_migrated\data_csv_full\M15\XAUGBP.csv,9054643,.csv
backup_migrated\data_csv_full\M15\XAUHKD.csv,8946366,.csv
backup_migrated\data_csv_full\M15\XAUHUF.csv,9343530,.csv
backup_migrated\data_csv_full\M15\XAUILS.csv,9293701,.csv
backup_migrated\data_csv_full\M15\XAUJPY.csv,9140145,.csv
backup_migrated\data_csv_full\M15\XAUMXN.csv,8543816,.csv
backup_migrated\data_csv_full\M15\XAUNOK.csv,8865830,.csv
backup_migrated\data_csv_full\M15\XAUNZD.csv,9110933,.csv
backup_migrated\data_csv_full\M15\XAUPLN.csv,8579588,.csv
backup_migrated\data_csv_full\M15\XAURON.csv,9709207,.csv
backup_migrated\data_csv_full\M15\XAUSAR.csv,9301886,.csv
backup_migrated\data_csv_full\M15\XAUSEK.csv,8947972,.csv
backup_migrated\data_csv_full\M15\XAUSGD.csv,9108403,.csv
backup_migrated\data_csv_full\M15\XAUTHB.csv,8693454,.csv
backup_migrated\data_csv_full\M15\XAUTRY.csv,8707269,.csv
backup_migrated\data_csv_full\M15\XAUUSD.csv,9168148,.csv
backup_migrated\data_csv_full\M15\XAUXAG.csv,9131409,.csv
backup_migrated\data_csv_full\M15\XAUZAR.csv,8542730,.csv
backup_migrated\data_csv_full\M15\XLMCHF.csv,8660378,.csv
backup_migrated\data_csv_full\M15\XLMEUR.csv,8662987,.csv
backup_migrated\data_csv_full\M15\XLMGBP.csv,8618752,.csv
backup_migrated\data_csv_full\M15\XLMUSD.csv,8667050,.csv
backup_migrated\data_csv_full\M15\YFIUSD.csv,7902545,.csv
backup_migrated\data_csv_full\M15\ZARCZK.csv,8604975,.csv
backup_migrated\data_csv_full\M15\ZARHUF.csv,8570129,.csv
backup_migrated\data_csv_full\M15\ZARJPY.csv,7634092,.csv
backup_migrated\data_csv_full\M15\ZARMXN.csv,8670679,.csv
backup_migrated\data_csv_full\M15\ZARTHB.csv,7426076,.csv
backup_migrated\data_csv_full\M15\ZARTRY.csv,9183145,.csv
backup_migrated\data_csv_full\M30\ADAUSD.csv,3653339,.csv
backup_migrated\data_csv_full\M30\AEDCNH.csv,4312404,.csv
backup_migrated\data_csv_full\M30\AEDCZK.csv,4143428,.csv
backup_migrated\data_csv_full\M30\AEDHKD.csv,4328112,.csv
backup_migrated\data_csv_full\M30\AEDHUF.csv,4479547,.csv
backup_migrated\data_csv_full\M30\AEDJPY.csv,4153130,.csv
backup_migrated\data_csv_full\M30\AEDMXN.csv,4431423,.csv
backup_migrated\data_csv_full\M30\AEDRON.csv,4353477,.csv
backup_migrated\data_csv_full\M30\AEDSAR.csv,4304886,.csv
backup_migrated\data_csv_full\M30\AEDTHB.csv,3805071,.csv
backup_migrated\data_csv_full\M30\AEDTRY.csv,4452319,.csv
backup_migrated\data_csv_full\M30\AEDZAR.csv,4485127,.csv
backup_migrated\data_csv_full\M30\AUDAED.csv,4408945,.csv
backup_migrated\data_csv_full\M30\AUDCAD.csv,4319685,.csv
backup_migrated\data_csv_full\M30\AUDCHF.csv,4294849,.csv
backup_migrated\data_csv_full\M30\AUDCNH.csv,4431170,.csv
backup_migrated\data_csv_full\M30\AUDCZK.csv,4403637,.csv
backup_migrated\data_csv_full\M30\AUDDKK.csv,4646443,.csv
backup_migrated\data_csv_full\M30\AUDHKD.csv,4654694,.csv
backup_migrated\data_csv_full\M30\AUDHUF.csv,4451861,.csv
backup_migrated\data_csv_full\M30\AUDILS.csv,4405107,.csv
backup_migrated\data_csv_full\M30\AUDJPY.csv,4089130,.csv
backup_migrated\data_csv_full\M30\AUDMXN.csv,4545232,.csv
backup_migrated\data_csv_full\M30\AUDNOK.csv,4393149,.csv
backup_migrated\data_csv_full\M30\AUDNZD.csv,4378994,.csv
backup_migrated\data_csv_full\M30\AUDPLN.csv,4409183,.csv
backup_migrated\data_csv_full\M30\AUDRON.csv,4429311,.csv
backup_migrated\data_csv_full\M30\AUDSAR.csv,4367525,.csv
backup_migrated\data_csv_full\M30\AUDSEK.csv,4473706,.csv
backup_migrated\data_csv_full\M30\AUDSGD.csv,4409676,.csv
backup_migrated\data_csv_full\M30\AUDTHB.csv,4049845,.csv
backup_migrated\data_csv_full\M30\AUDTRY.csv,4601719,.csv
backup_migrated\data_csv_full\M30\AUDUSD.csv,4418029,.csv
backup_migrated\data_csv_full\M30\AUDZAR.csv,4586407,.csv
backup_migrated\data_csv_full\M30\AUS_IDX.csv,4759894,.csv
backup_migrated\data_csv_full\M30\AVEUSD.csv,3823575,.csv
backup_migrated\data_csv_full\M30\BATUSD.csv,4237786,.csv
backup_migrated\data_csv_full\M30\BCHCHF.csv,3664711,.csv
backup_migrated\data_csv_full\M30\BCHEUR.csv,3666117,.csv
backup_migrated\data_csv_full\M30\BCHGBP.csv,3652927,.csv
backup_migrated\data_csv_full\M30\BCHUSD.csv,3782267,.csv
backup_migrated\data_csv_full\M30\BTCCHF.csv,4271330,.csv
backup_migrated\data_csv_full\M30\BTCEUR.csv,4196893,.csv
backup_migrated\data_csv_full\M30\BTCGBP.csv,4271310,.csv
backup_migrated\data_csv_full\M30\BTCUSD.csv,4583882,.csv
backup_migrated\data_csv_full\M30\CADAED.csv,4446229,.csv
backup_migrated\data_csv_full\M30\CADCHF.csv,4290986,.csv
backup_migrated\data_csv_full\M30\CADCNH.csv,4416740,.csv
backup_migrated\data_csv_full\M30\CADCZK.csv,4415533,.csv
backup_migrated\data_csv_full\M30\CADDKK.csv,4442019,.csv
backup_migrated\data_csv_full\M30\CADHKD.csv,4330433,.csv
backup_migrated\data_csv_full\M30\CADHUF.csv,4405038,.csv
backup_migrated\data_csv_full\M30\CADILS.csv,4430294,.csv
backup_migrated\data_csv_full\M30\CADJPY.csv,4369835,.csv
backup_migrated\data_csv_full\M30\CADMXN.csv,4671712,.csv
backup_migrated\data_csv_full\M30\CADNOK.csv,4444618,.csv
backup_migrated\data_csv_full\M30\CADPLN.csv,4391245,.csv
backup_migrated\data_csv_full\M30\CADRON.csv,4312531,.csv
backup_migrated\data_csv_full\M30\CADSAR.csv,4444091,.csv
backup_migrated\data_csv_full\M30\CADSEK.csv,4454412,.csv
backup_migrated\data_csv_full\M30\CADSGD.csv,4459126,.csv
backup_migrated\data_csv_full\M30\CADTHB.csv,4046819,.csv
backup_migrated\data_csv_full\M30\CADTRY.csv,4872468,.csv
backup_migrated\data_csv_full\M30\CADZAR.csv,4706735,.csv
backup_migrated\data_csv_full\M30\CHE_IDX.csv,4725648,.csv
backup_migrated\data_csv_full\M30\CHFAED.csv,4318944,.csv
backup_migrated\data_csv_full\M30\CHFCNH.csv,4478470,.csv
backup_migrated\data_csv_full\M30\CHFCZK.csv,4636036,.csv
backup_migrated\data_csv_full\M30\CHFDKK.csv,4408476,.csv
backup_migrated\data_csv_full\M30\CHFHKD.csv,4409013,.csv
backup_migrated\data_csv_full\M30\CHFHUF.csv,4355781,.csv
backup_migrated\data_csv_full\M30\CHFILS.csv,4454210,.csv
backup_migrated\data_csv_full\M30\CHFJPY.csv,4394143,.csv
backup_migrated\data_csv_full\M30\CHFMXN.csv,4540978,.csv
backup_migrated\data_csv_full\M30\CHFNOK.csv,4899638,.csv
backup_migrated\data_csv_full\M30\CHFPLN.csv,4379454,.csv
backup_migrated\data_csv_full\M30\CHFRON.csv,4939327,.csv
backup_migrated\data_csv_full\M30\CHFSAR.csv,4999479,.csv
backup_migrated\data_csv_full\M30\CHFSEK.csv,4542719,.csv
backup_migrated\data_csv_full\M30\CHFSGD.csv,4515709,.csv
backup_migrated\data_csv_full\M30\CHFTHB.csv,4092570,.csv
backup_migrated\data_csv_full\M30\CHFTRY.csv,4868103,.csv
backup_migrated\data_csv_full\M30\CHFZAR.csv,4665153,.csv
backup_migrated\data_csv_full\M30\CHI_IDX.csv,4843573,.csv
backup_migrated\data_csv_full\M30\CMPUSD.csv,3655028,.csv
backup_migrated\data_csv_full\M30\CNHCZK.csv,4187271,.csv
backup_migrated\data_csv_full\M30\CNHHKD.csv,4365378,.csv
backup_migrated\data_csv_full\M30\CNHHUF.csv,4169275,.csv
backup_migrated\data_csv_full\M30\CNHJPY.csv,4085425,.csv
backup_migrated\data_csv_full\M30\CNHMXN.csv,4502129,.csv
backup_migrated\data_csv_full\M30\CNHTHB.csv,4485585,.csv
backup_migrated\data_csv_full\M30\CNHTRY.csv,4371328,.csv
backup_migrated\data_csv_full\M30\CNHZAR.csv,4480928,.csv
backup_migrated\data_csv_full\M30\CZKHUF.csv,4481626,.csv
backup_migrated\data_csv_full\M30\CZKJPY.csv,4580023,.csv
backup_migrated\data_csv_full\M30\CZKTHB.csv,4569179,.csv
backup_migrated\data_csv_full\M30\CZKTRY.csv,4405070,.csv
backup_migrated\data_csv_full\M30\DEU_IDX.csv,4862644,.csv
backup_migrated\data_csv_full\M30\DKKAED.csv,4404649,.csv
backup_migrated\data_csv_full\M30\DKKCNH.csv,4368804,.csv
backup_migrated\data_csv_full\M30\DKKCZK.csv,4295724,.csv
backup_migrated\data_csv_full\M30\DKKHKD.csv,4600004,.csv
backup_migrated\data_csv_full\M30\DKKHUF.csv,4521977,.csv
backup_migrated\data_csv_full\M30\DKKILS.csv,4407396,.csv
backup_migrated\data_csv_full\M30\DKKJPY.csv,4600712,.csv
backup_migrated\data_csv_full\M30\DKKMXN.csv,4604180,.csv
backup_migrated\data_csv_full\M30\DKKRON.csv,4360990,.csv
backup_migrated\data_csv_full\M30\DKKSAR.csv,4405832,.csv
backup_migrated\data_csv_full\M30\DKKTHB.csv,3786941,.csv
backup_migrated\data_csv_full\M30\DKKTRY.csv,4601734,.csv
backup_migrated\data_csv_full\M30\DKKZAR.csv,4555496,.csv
backup_migrated\data_csv_full\M30\DOLLAR_IDX.csv,4282138,.csv
backup_migrated\data_csv_full\M30\DSHUSD.csv,4106558,.csv
backup_migrated\data_csv_full\M30\ESP_IDX.csv,4930871,.csv
backup_migrated\data_csv_full\M30\ETHCHF.csv,3970963,.csv
backup_migrated\data_csv_full\M30\ETHEUR.csv,3971082,.csv
backup_migrated\data_csv_full\M30\ETHGBP.csv,3971132,.csv
backup_migrated\data_csv_full\M30\ETHUSD.csv,4229139,.csv
backup_migrated\data_csv_full\M30\EURAED.csv,4446670,.csv
backup_migrated\data_csv_full\M30\EURAUD.csv,4629003,.csv
backup_migrated\data_csv_full\M30\EURCAD.csv,4507222,.csv
backup_migrated\data_csv_full\M30\EURCHF.csv,4377579,.csv
backup_migrated\data_csv_full\M30\EURCNH.csv,4501726,.csv
backup_migrated\data_csv_full\M30\EURCZK.csv,4439219,.csv
backup_migrated\data_csv_full\M30\EURGBP.csv,4276692,.csv
backup_migrated\data_csv_full\M30\EURHKD.csv,4370834,.csv
backup_migrated\data_csv_full\M30\EURHUF.csv,4376483,.csv
backup_migrated\data_csv_full\M30\EURILS.csv,4354448,.csv
backup_migrated\data_csv_full\M30\EURJPY.csv,4348941,.csv
backup_migrated\data_csv_full\M30\EURMXN.csv,4577535,.csv
backup_migrated\data_csv_full\M30\EURNOK.csv,4684261,.csv
backup_migrated\data_csv_full\M30\EURNZD.csv,4554830,.csv
backup_migrated\data_csv_full\M30\EURPLN.csv,4409122,.csv
backup_migrated\data_csv_full\M30\EURRON.csv,4420611,.csv
backup_migrated\data_csv_full\M30\EURSAR.csv,4462808,.csv
backup_migrated\data_csv_full\M30\EURSEK.csv,4713286,.csv
backup_migrated\data_csv_full\M30\EURSGD.csv,4387836,.csv
backup_migrated\data_csv_full\M30\EURTHB.csv,4094998,.csv
backup_migrated\data_csv_full\M30\EURTRY.csv,4603871,.csv
backup_migrated\data_csv_full\M30\EURUSD.csv,4421660,.csv
backup_migrated\data_csv_full\M30\EURZAR.csv,4624956,.csv
backup_migrated\data_csv_full\M30\EUS_IDX.csv,4761284,.csv
backup_migrated\data_csv_full\M30\FRA_IDX.csv,4775518,.csv
backup_migrated\data_csv_full\M30\GBPAED.csv,4474706,.csv
backup_migrated\data_csv_full\M30\GBPAUD.csv,4408389,.csv
backup_migrated\data_csv_full\M30\GBPCAD.csv,4446265,.csv
backup_migrated\data_csv_full\M30\GBPCHF.csv,4252846,.csv
backup_migrated\data_csv_full\M30\GBPCNH.csv,4648610,.csv
backup_migrated\data_csv_full\M30\GBPCZK.csv,4304629,.csv
backup_migrated\data_csv_full\M30\GBPDKK.csv,4341324,.csv
backup_migrated\data_csv_full\M30\GBPHKD.csv,4695242,.csv
backup_migrated\data_csv_full\M30\GBPHUF.csv,4400825,.csv
backup_migrated\data_csv_full\M30\GBPILS.csv,4470359,.csv
backup_migrated\data_csv_full\M30\GBPJPY.csv,4423200,.csv
backup_migrated\data_csv_full\M30\GBPMXN.csv,4749641,.csv
backup_migrated\data_csv_full\M30\GBPNOK.csv,4583821,.csv
backup_migrated\data_csv_full\M30\GBPNZD.csv,4422991,.csv
backup_migrated\data_csv_full\M30\GBPPLN.csv,4208055,.csv
backup_migrated\data_csv_full\M30\GBPRON.csv,4485198,.csv
backup_migrated\data_csv_full\M30\GBPSAR.csv,4373059,.csv
backup_migrated\data_csv_full\M30\GBPSEK.csv,4729277,.csv
backup_migrated\data_csv_full\M30\GBPSGD.csv,4380571,.csv
backup_migrated\data_csv_full\M30\GBPTHB.csv,4093440,.csv
backup_migrated\data_csv_full\M30\GBPTRY.csv,4514532,.csv
backup_migrated\data_csv_full\M30\GBPUSD.csv,4249165,.csv
backup_migrated\data_csv_full\M30\GBPZAR.csv,4663418,.csv
backup_migrated\data_csv_full\M30\GBR_IDX.csv,4676687,.csv
backup_migrated\data_csv_full\M30\GOLD.csv,4606639,.csv
backup_migrated\data_csv_full\M30\HKDCZK.csv,4373288,.csv
backup_migrated\data_csv_full\M30\HKDHUF.csv,4443899,.csv
backup_migrated\data_csv_full\M30\HKDJPY.csv,4667333,.csv
backup_migrated\data_csv_full\M30\HKDMXN.csv,4623471,.csv
backup_migrated\data_csv_full\M30\HKDTHB.csv,3755309,.csv
backup_migrated\data_csv_full\M30\HKDTRY.csv,4638934,.csv
backup_migrated\data_csv_full\M30\HKDZAR.csv,4609802,.csv
backup_migrated\data_csv_full\M30\HKG_IDX.csv,4890299,.csv
backup_migrated\data_csv_full\M30\ILSAED.csv,4296671,.csv
backup_migrated\data_csv_full\M30\ILSCNH.csv,4358429,.csv
backup_migrated\data_csv_full\M30\ILSCZK.csv,4033379,.csv
backup_migrated\data_csv_full\M30\ILSHKD.csv,4354243,.csv
backup_migrated\data_csv_full\M30\ILSHUF.csv,4137821,.csv
backup_migrated\data_csv_full\M30\ILSJPY.csv,4108257,.csv
backup_migrated\data_csv_full\M30\ILSMXN.csv,4391757,.csv
backup_migrated\data_csv_full\M30\ILSRON.csv,4353133,.csv
backup_migrated\data_csv_full\M30\ILSSAR.csv,4343762,.csv
backup_migrated\data_csv_full\M30\ILSTHB.csv,3763506,.csv
backup_migrated\data_csv_full\M30\ILSTRY.csv,4420310,.csv
backup_migrated\data_csv_full\M30\ILSZAR.csv,4899894,.csv
backup_migrated\data_csv_full\M30\JPN_IDX.csv,4894086,.csv
backup_migrated\data_csv_full\M30\JPYHUF.csv,4501204,.csv
backup_migrated\data_csv_full\M30\LNKUSD.csv,3686586,.csv
backup_migrated\data_csv_full\M30\LTCCHF.csv,3376457,.csv
backup_migrated\data_csv_full\M30\LTCEUR.csv,3384044,.csv
backup_migrated\data_csv_full\M30\LTCGBP.csv,3368487,.csv
backup_migrated\data_csv_full\M30\LTCUSD.csv,3517767,.csv
backup_migrated\data_csv_full\M30\MKRUSD.csv,4248157,.csv
backup_migrated\data_csv_full\M30\MXNCZK.csv,4512234,.csv
backup_migrated\data_csv_full\M30\MXNHUF.csv,4478655,.csv
backup_migrated\data_csv_full\M30\MXNJPY.csv,4441481,.csv
backup_migrated\data_csv_full\M30\MXNTHB.csv,4548953,.csv
backup_migrated\data_csv_full\M30\MXNTRY.csv,4669903,.csv
backup_migrated\data_csv_full\M30\NLD_IDX.csv,4442516,.csv
backup_migrated\data_csv_full\M30\NOKAED.csv,4370933,.csv
backup_migrated\data_csv_full\M30\NOKCNH.csv,4376880,.csv
backup_migrated\data_csv_full\M30\NOKCZK.csv,4356337,.csv
backup_migrated\data_csv_full\M30\NOKDKK.csv,4427985,.csv
backup_migrated\data_csv_full\M30\NOKHKD.csv,4430283,.csv
backup_migrated\data_csv_full\M30\NOKHUF.csv,4204675,.csv
backup_migrated\data_csv_full\M30\NOKILS.csv,4417965,.csv
backup_migrated\data_csv_full\M30\NOKJPY.csv,4965164,.csv
backup_migrated\data_csv_full\M30\NOKMXN.csv,4577979,.csv
backup_migrated\data_csv_full\M30\NOKRON.csv,4372204,.csv
backup_migrated\data_csv_full\M30\NOKSAR.csv,4370850,.csv
backup_migrated\data_csv_full\M30\NOKSEK.csv,4386031,.csv
backup_migrated\data_csv_full\M30\NOKTHB.csv,3756801,.csv
backup_migrated\data_csv_full\M30\NOKTRY.csv,4634372,.csv
backup_migrated\data_csv_full\M30\NOKZAR.csv,4753840,.csv
backup_migrated\data_csv_full\M30\NZDAED.csv,4398103,.csv
backup_migrated\data_csv_full\M30\NZDCAD.csv,4418564,.csv
backup_migrated\data_csv_full\M30\NZDCHF.csv,4382558,.csv
backup_migrated\data_csv_full\M30\NZDCNH.csv,4610585,.csv
backup_migrated\data_csv_full\M30\NZDCZK.csv,4364847,.csv
backup_migrated\data_csv_full\M30\NZDDKK.csv,4403405,.csv
backup_migrated\data_csv_full\M30\NZDHKD.csv,4362559,.csv
backup_migrated\data_csv_full\M30\NZDHUF.csv,4398650,.csv
backup_migrated\data_csv_full\M30\NZDILS.csv,4263370,.csv
backup_migrated\data_csv_full\M30\NZDJPY.csv,4080897,.csv
backup_migrated\data_csv_full\M30\NZDMXN.csv,4546461,.csv
backup_migrated\data_csv_full\M30\NZDNOK.csv,4436117,.csv
backup_migrated\data_csv_full\M30\NZDPLN.csv,4348704,.csv
backup_migrated\data_csv_full\M30\NZDRON.csv,4384188,.csv
backup_migrated\data_csv_full\M30\NZDSAR.csv,4400251,.csv
backup_migrated\data_csv_full\M30\NZDSEK.csv,4889428,.csv
backup_migrated\data_csv_full\M30\NZDSGD.csv,4366415,.csv
backup_migrated\data_csv_full\M30\NZDTHB.csv,4051894,.csv
backup_migrated\data_csv_full\M30\NZDTRY.csv,4870406,.csv
backup_migrated\data_csv_full\M30\NZDUSD.csv,4405459,.csv
backup_migrated\data_csv_full\M30\NZDZAR.csv,4507835,.csv
backup_migrated\data_csv_full\M30\PLN_IDX.csv,4749849,.csv
backup_migrated\data_csv_full\M30\PLNAED.csv,4354180,.csv
backup_migrated\data_csv_full\M30\PLNCNH.csv,4428087,.csv
backup_migrated\data_csv_full\M30\PLNCZK.csv,4372436,.csv
backup_migrated\data_csv_full\M30\PLNDKK.csv,4263509,.csv
backup_migrated\data_csv_full\M30\PLNHKD.csv,4409479,.csv
backup_migrated\data_csv_full\M30\PLNHUF.csv,4083884,.csv
backup_migrated\data_csv_full\M30\PLNILS.csv,4356502,.csv
backup_migrated\data_csv_full\M30\PLNJPY.csv,4348038,.csv
backup_migrated\data_csv_full\M30\PLNMXN.csv,4477515,.csv
backup_migrated\data_csv_full\M30\PLNNOK.csv,4961685,.csv
backup_migrated\data_csv_full\M30\PLNRON.csv,4357344,.csv
backup_migrated\data_csv_full\M30\PLNSAR.csv,4306491,.csv
backup_migrated\data_csv_full\M30\PLNSEK.csv,4410906,.csv
backup_migrated\data_csv_full\M30\PLNTHB.csv,4377430,.csv
backup_migrated\data_csv_full\M30\PLNTRY.csv,4647846,.csv
backup_migrated\data_csv_full\M30\PLNZAR.csv,4488475,.csv
backup_migrated\data_csv_full\M30\RONCNH.csv,4492973,.csv
backup_migrated\data_csv_full\M30\RONCZK.csv,4085234,.csv
backup_migrated\data_csv_full\M30\RONHKD.csv,6007517,.csv
backup_migrated\data_csv_full\M30\RONHUF.csv,4016981,.csv
backup_migrated\data_csv_full\M30\RONJPY.csv,4109473,.csv
backup_migrated\data_csv_full\M30\RONMXN.csv,4424171,.csv
backup_migrated\data_csv_full\M30\RONTHB.csv,3765320,.csv
backup_migrated\data_csv_full\M30\RONTRY.csv,4269569,.csv
backup_migrated\data_csv_full\M30\RONZAR.csv,4415755,.csv
backup_migrated\data_csv_full\M30\SARCNH.csv,4410043,.csv
backup_migrated\data_csv_full\M30\SARCZK.csv,4091968,.csv
backup_migrated\data_csv_full\M30\SARHKD.csv,4293524,.csv
backup_migrated\data_csv_full\M30\SARHUF.csv,3993869,.csv
backup_migrated\data_csv_full\M30\SARJPY.csv,4108445,.csv
backup_migrated\data_csv_full\M30\SARMXN.csv,4480797,.csv
backup_migrated\data_csv_full\M30\SARRON.csv,4352994,.csv
backup_migrated\data_csv_full\M30\SARTHB.csv,3735886,.csv
backup_migrated\data_csv_full\M30\SARTRY.csv,4168195,.csv
backup_migrated\data_csv_full\M30\SARZAR.csv,4199449,.csv
backup_migrated\data_csv_full\M30\SEKAED.csv,4367863,.csv
backup_migrated\data_csv_full\M30\SEKCNH.csv,4422729,.csv
backup_migrated\data_csv_full\M30\SEKCZK.csv,4352616,.csv
backup_migrated\data_csv_full\M30\SEKDKK.csv,4425221,.csv
backup_migrated\data_csv_full\M30\SEKHKD.csv,4349998,.csv
backup_migrated\data_csv_full\M30\SEKHUF.csv,4539984,.csv
backup_migrated\data_csv_full\M30\SEKILS.csv,4370203,.csv
backup_migrated\data_csv_full\M30\SEKJPY.csv,4091223,.csv
backup_migrated\data_csv_full\M30\SEKMXN.csv,4661408,.csv
backup_migrated\data_csv_full\M30\SEKRON.csv,4369490,.csv
backup_migrated\data_csv_full\M30\SEKSAR.csv,4369052,.csv
backup_migrated\data_csv_full\M30\SEKTHB.csv,3760099,.csv
backup_migrated\data_csv_full\M30\SEKTRY.csv,4594416,.csv
backup_migrated\data_csv_full\M30\SEKZAR.csv,4710821,.csv
backup_migrated\data_csv_full\M30\SGD_IDX.csv,4365118,.csv
backup_migrated\data_csv_full\M30\SGDAED.csv,4383242,.csv
backup_migrated\data_csv_full\M30\SGDCNH.csv,4433705,.csv
backup_migrated\data_csv_full\M30\SGDCZK.csv,4922408,.csv
backup_migrated\data_csv_full\M30\SGDDKK.csv,4473707,.csv
backup_migrated\data_csv_full\M30\SGDHKD.csv,4266224,.csv
backup_migrated\data_csv_full\M30\SGDHUF.csv,4637673,.csv
backup_migrated\data_csv_full\M30\SGDILS.csv,4293948,.csv
backup_migrated\data_csv_full\M30\SGDJPY.csv,4336274,.csv
backup_migrated\data_csv_full\M30\SGDMXN.csv,4587890,.csv
backup_migrated\data_csv_full\M30\SGDNOK.csv,4452776,.csv
backup_migrated\data_csv_full\M30\SGDPLN.csv,4492177,.csv
backup_migrated\data_csv_full\M30\SGDRON.csv,4407545,.csv
backup_migrated\data_csv_full\M30\SGDSAR.csv,4434304,.csv
backup_migrated\data_csv_full\M30\SGDSEK.csv,4479964,.csv
backup_migrated\data_csv_full\M30\SGDTHB.csv,4006519,.csv
backup_migrated\data_csv_full\M30\SGDTRY.csv,4919216,.csv
backup_migrated\data_csv_full\M30\SGDZAR.csv,4754668,.csv
backup_migrated\data_csv_full\M30\SOA_IDX.csv,4817534,.csv
backup_migrated\data_csv_full\M30\THBHUF.csv,4585933,.csv
backup_migrated\data_csv_full\M30\THBJPY.csv,4404913,.csv
backup_migrated\data_csv_full\M30\TRXUSD.csv,4329130,.csv
backup_migrated\data_csv_full\M30\TRYHUF.csv,4216107,.csv
backup_migrated\data_csv_full\M30\TRYJPY.csv,3799887,.csv
backup_migrated\data_csv_full\M30\TRYTHB.csv,4411844,.csv
backup_migrated\data_csv_full\M30\UNIUSD.csv,3725428,.csv
backup_migrated\data_csv_full\M30\USA30_IDX.csv,4901768,.csv
backup_migrated\data_csv_full\M30\USA500_IDX.csv,4757244,.csv
backup_migrated\data_csv_full\M30\USATECH_IDX.csv,5114522,.csv
backup_migrated\data_csv_full\M30\USDAED.csv,3679328,.csv
backup_migrated\data_csv_full\M30\USDCAD.csv,4253622,.csv
backup_migrated\data_csv_full\M30\USDCHF.csv,4379238,.csv
backup_migrated\data_csv_full\M30\USDCNH.csv,4423296,.csv
backup_migrated\data_csv_full\M30\USDCZK.csv,4399890,.csv
backup_migrated\data_csv_full\M30\USDDKK.csv,4437095,.csv
backup_migrated\data_csv_full\M30\USDHKD.csv,4421700,.csv
backup_migrated\data_csv_full\M30\USDHUF.csv,4376563,.csv
backup_migrated\data_csv_full\M30\USDILS.csv,4370475,.csv
backup_migrated\data_csv_full\M30\USDJPY.csv,4494172,.csv
backup_migrated\data_csv_full\M30\USDMXN.csv,4686334,.csv
backup_migrated\data_csv_full\M30\USDNOK.csv,4597924,.csv
backup_migrated\data_csv_full\M30\USDPLN.csv,4315825,.csv
backup_migrated\data_csv_full\M30\USDRON.csv,4451039,.csv
backup_migrated\data_csv_full\M30\USDSAR.csv,3680436,.csv
backup_migrated\data_csv_full\M30\USDSEK.csv,4577106,.csv
backup_migrated\data_csv_full\M30\USDSGD.csv,4379715,.csv
backup_migrated\data_csv_full\M30\USDTHB.csv,4346788,.csv
backup_migrated\data_csv_full\M30\USDTRY.csv,4578191,.csv
backup_migrated\data_csv_full\M30\USDZAR.csv,4708008,.csv
backup_migrated\data_csv_full\M30\USSC2000_IDX.csv,4753984,.csv
backup_migrated\data_csv_full\M30\VOL_IDX.csv,3725556,.csv
backup_migrated\data_csv_full\M30\XAGAED.csv,4129194,.csv
backup_migrated\data_csv_full\M30\XAGAUD.csv,4167667,.csv
backup_migrated\data_csv_full\M30\XAGCAD.csv,4040472,.csv
backup_migrated\data_csv_full\M30\XAGCHF.csv,4031917,.csv
backup_migrated\data_csv_full\M30\XAGCNH.csv,4278640,.csv
backup_migrated\data_csv_full\M30\XAGCZK.csv,4358715,.csv
backup_migrated\data_csv_full\M30\XAGDKK.csv,4280619,.csv
backup_migrated\data_csv_full\M30\XAGEUR.csv,4175701,.csv
backup_migrated\data_csv_full\M30\XAGGBP.csv,4181007,.csv
backup_migrated\data_csv_full\M30\XAGHKD.csv,4109806,.csv
backup_migrated\data_csv_full\M30\XAGHUF.csv,4546443,.csv
backup_migrated\data_csv_full\M30\XAGILS.csv,4272478,.csv
backup_migrated\data_csv_full\M30\XAGJPY.csv,4600323,.csv
backup_migrated\data_csv_full\M30\XAGMXN.csv,4142036,.csv
backup_migrated\data_csv_full\M30\XAGNOK.csv,4203571,.csv
backup_migrated\data_csv_full\M30\XAGNZD.csv,4339109,.csv
backup_migrated\data_csv_full\M30\XAGPLN.csv,4321215,.csv
backup_migrated\data_csv_full\M30\XAGRON.csv,4273767,.csv
backup_migrated\data_csv_full\M30\XAGSAR.csv,4273368,.csv
backup_migrated\data_csv_full\M30\XAGSEK.csv,4092833,.csv
backup_migrated\data_csv_full\M30\XAGSGD.csv,3991138,.csv
backup_migrated\data_csv_full\M30\XAGTHB.csv,4574061,.csv
backup_migrated\data_csv_full\M30\XAGTRY.csv,4220398,.csv
backup_migrated\data_csv_full\M30\XAGUSD.csv,4105419,.csv
backup_migrated\data_csv_full\M30\XAGZAR.csv,4303482,.csv
backup_migrated\data_csv_full\M30\XAUAED.csv,4645338,.csv
backup_migrated\data_csv_full\M30\XAUAUD.csv,4556117,.csv
backup_migrated\data_csv_full\M30\XAUCAD.csv,4554439,.csv
backup_migrated\data_csv_full\M30\XAUCHF.csv,4525532,.csv
backup_migrated\data_csv_full\M30\XAUCNH.csv,4857483,.csv
backup_migrated\data_csv_full\M30\XAUCZK.csv,4282986,.csv
backup_migrated\data_csv_full\M30\XAUDKK.csv,4391585,.csv
backup_migrated\data_csv_full\M30\XAUEUR.csv,4546034,.csv
backup_migrated\data_csv_full\M30\XAUGBP.csv,4528033,.csv
backup_migrated\data_csv_full\M30\XAUHKD.csv,4474427,.csv
backup_migrated\data_csv_full\M30\XAUHUF.csv,4672092,.csv
backup_migrated\data_csv_full\M30\XAUILS.csv,4648258,.csv
backup_migrated\data_csv_full\M30\XAUJPY.csv,4570653,.csv
backup_migrated\data_csv_full\M30\XAUMXN.csv,4272446,.csv
backup_migrated\data_csv_full\M30\XAUNOK.csv,4433347,.csv
backup_migrated\data_csv_full\M30\XAUNZD.csv,4556220,.csv
backup_migrated\data_csv_full\M30\XAUPLN.csv,4290748,.csv
backup_migrated\data_csv_full\M30\XAURON.csv,4856056,.csv
backup_migrated\data_csv_full\M30\XAUSAR.csv,4652180,.csv
backup_migrated\data_csv_full\M30\XAUSEK.csv,4474499,.csv
backup_migrated\data_csv_full\M30\XAUSGD.csv,4555170,.csv
backup_migrated\data_csv_full\M30\XAUTHB.csv,4347054,.csv
backup_migrated\data_csv_full\M30\XAUTRY.csv,4354816,.csv
backup_migrated\data_csv_full\M30\XAUUSD.csv,4606639,.csv
backup_migrated\data_csv_full\M30\XAUXAG.csv,4566523,.csv
backup_migrated\data_csv_full\M30\XAUZAR.csv,4272499,.csv
backup_migrated\data_csv_full\M30\XLMCHF.csv,4345474,.csv
backup_migrated\data_csv_full\M30\XLMEUR.csv,4346509,.csv
backup_migrated\data_csv_full\M30\XLMGBP.csv,4324308,.csv
backup_migrated\data_csv_full\M30\XLMUSD.csv,4359438,.csv
backup_migrated\data_csv_full\M30\YFIUSD.csv,3955415,.csv
backup_migrated\data_csv_full\M30\ZARCZK.csv,4313250,.csv
backup_migrated\data_csv_full\M30\ZARHUF.csv,4295859,.csv
backup_migrated\data_csv_full\M30\ZARJPY.csv,3840271,.csv
backup_migrated\data_csv_full\M30\ZARMXN.csv,4345490,.csv
backup_migrated\data_csv_full\M30\ZARTHB.csv,3722935,.csv
backup_migrated\data_csv_full\M30\ZARTRY.csv,4599075,.csv
backup_migrated\data_csv_full\M5\ADAUSD.CSV,26661366,.csv
backup_migrated\data_csv_full\M5\AEDCNH.CSV,30381619,.csv
backup_migrated\data_csv_full\M5\AEDCZK.CSV,29643944,.csv
backup_migrated\data_csv_full\M5\AEDHKD.CSV,30485484,.csv
backup_migrated\data_csv_full\M5\AEDHUF.CSV,31671616,.csv
backup_migrated\data_csv_full\M5\AEDJPY.CSV,29437963,.csv
backup_migrated\data_csv_full\M5\AEDMXN.CSV,31083843,.csv
backup_migrated\data_csv_full\M5\AEDRON.CSV,30624698,.csv
backup_migrated\data_csv_full\M5\AEDSAR.CSV,30370906,.csv
backup_migrated\data_csv_full\M5\AEDTHB.CSV,27357644,.csv
backup_migrated\data_csv_full\M5\AEDTRY.CSV,31229022,.csv
backup_migrated\data_csv_full\M5\AEDZAR.CSV,31401131,.csv
backup_migrated\data_csv_full\M5\AUDAED.CSV,31239778,.csv
backup_migrated\data_csv_full\M5\AUDCAD.CSV,30834799,.csv
backup_migrated\data_csv_full\M5\AUDCHF.CSV,30688417,.csv
backup_migrated\data_csv_full\M5\AUDCNH.CSV,31333859,.csv
backup_migrated\data_csv_full\M5\AUDCZK.CSV,30953676,.csv
backup_migrated\data_csv_full\M5\AUDDKK.CSV,32390774,.csv
backup_migrated\data_csv_full\M5\AUDHKD.CSV,32435435,.csv
backup_migrated\data_csv_full\M5\AUDHUF.CSV,31221827,.csv
backup_migrated\data_csv_full\M5\AUDILS.CSV,31215958,.csv
backup_migrated\data_csv_full\M5\AUDJPY.CSV,29453389,.csv
backup_migrated\data_csv_full\M5\AUDMXN.CSV,32014414,.csv
backup_migrated\data_csv_full\M5\AUDNOK.CSV,31281422,.csv
backup_migrated\data_csv_full\M5\AUDNZD.CSV,31192246,.csv
backup_migrated\data_csv_full\M5\AUDPLN.CSV,31188271,.csv
backup_migrated\data_csv_full\M5\AUDRON.CSV,31357088,.csv
backup_migrated\data_csv_full\M5\AUDSAR.CSV,30986492,.csv
backup_migrated\data_csv_full\M5\AUDSEK.CSV,31587172,.csv
backup_migrated\data_csv_full\M5\AUDSGD.CSV,31045434,.csv
backup_migrated\data_csv_full\M5\AUDTHB.CSV,28812552,.csv
backup_migrated\data_csv_full\M5\AUDTRY.CSV,32110656,.csv
backup_migrated\data_csv_full\M5\AUDUSD.CSV,31424225,.csv
backup_migrated\data_csv_full\M5\AUDZAR.CSV,32033656,.csv
backup_migrated\data_csv_full\M5\AUS_IDX.CSV,33573606,.csv
backup_migrated\data_csv_full\M5\AVEUSD.CSV,27812936,.csv
backup_migrated\data_csv_full\M5\BATUSD.CSV,30240775,.csv
backup_migrated\data_csv_full\M5\BCHCHF.CSV,26864232,.csv
backup_migrated\data_csv_full\M5\BCHEUR.CSV,26872884,.csv
backup_migrated\data_csv_full\M5\BCHGBP.CSV,26793610,.csv
backup_migrated\data_csv_full\M5\BCHUSD.CSV,27249804,.csv
backup_migrated\data_csv_full\M5\BTCCHF.CSV,30501957,.csv
backup_migrated\data_csv_full\M5\BTCEUR.CSV,30055982,.csv
backup_migrated\data_csv_full\M5\BTCGBP.CSV,30502812,.csv
backup_migrated\data_csv_full\M5\BTCUSD.CSV,32078152,.csv
backup_migrated\data_csv_full\M5\CADAED.CSV,31188743,.csv
backup_migrated\data_csv_full\M5\CADCHF.CSV,30662119,.csv
backup_migrated\data_csv_full\M5\CADCNH.CSV,31004023,.csv
backup_migrated\data_csv_full\M5\CADCZK.CSV,31251989,.csv
backup_migrated\data_csv_full\M5\CADDKK.CSV,31158220,.csv
backup_migrated\data_csv_full\M5\CADHKD.CSV,30891950,.csv
backup_migrated\data_csv_full\M5\CADHUF.CSV,30950918,.csv
backup_migrated\data_csv_full\M5\CADILS.CSV,31369086,.csv
backup_migrated\data_csv_full\M5\CADJPY.CSV,31144075,.csv
backup_migrated\data_csv_full\M5\CADMXN.CSV,32544058,.csv
backup_migrated\data_csv_full\M5\CADNOK.CSV,31434320,.csv
backup_migrated\data_csv_full\M5\CADPLN.CSV,31110681,.csv
backup_migrated\data_csv_full\M5\CADRON.CSV,30660621,.csv
backup_migrated\data_csv_full\M5\CADSAR.CSV,31455664,.csv
backup_migrated\data_csv_full\M5\CADSEK.CSV,31232442,.csv
backup_migrated\data_csv_full\M5\CADSGD.CSV,31264439,.csv
backup_migrated\data_csv_full\M5\CADTHB.CSV,28787576,.csv
backup_migrated\data_csv_full\M5\CADTRY.CSV,34027488,.csv
backup_migrated\data_csv_full\M5\CADZAR.CSV,32749685,.csv
backup_migrated\data_csv_full\M5\CHE_IDX.CSV,33362590,.csv
backup_migrated\data_csv_full\M5\CHFAED.CSV,30705902,.csv
backup_migrated\data_csv_full\M5\CHFCNH.CSV,31376796,.csv
backup_migrated\data_csv_full\M5\CHFCZK.CSV,32567085,.csv
backup_migrated\data_csv_full\M5\CHFDKK.CSV,31368043,.csv
backup_migrated\data_csv_full\M5\CHFHKD.CSV,30972485,.csv
backup_migrated\data_csv_full\M5\CHFHUF.CSV,30652336,.csv
backup_migrated\data_csv_full\M5\CHFILS.CSV,31224282,.csv
backup_migrated\data_csv_full\M5\CHFJPY.CSV,30895123,.csv
backup_migrated\data_csv_full\M5\CHFMXN.CSV,31753474,.csv
backup_migrated\data_csv_full\M5\CHFNOK.CSV,33909252,.csv
backup_migrated\data_csv_full\M5\CHFPLN.CSV,31039987,.csv
backup_migrated\data_csv_full\M5\CHFRON.CSV,34422710,.csv
backup_migrated\data_csv_full\M5\CHFSAR.CSV,34498406,.csv
backup_migrated\data_csv_full\M5\CHFSEK.CSV,31763794,.csv
backup_migrated\data_csv_full\M5\CHFSGD.CSV,31690328,.csv
backup_migrated\data_csv_full\M5\CHFTHB.CSV,29356540,.csv
backup_migrated\data_csv_full\M5\CHFTRY.CSV,33758161,.csv
backup_migrated\data_csv_full\M5\CHFZAR.CSV,32735306,.csv
backup_migrated\data_csv_full\M5\CHI_IDX.CSV,34084155,.csv
backup_migrated\data_csv_full\M5\CMPUSD.CSV,26809492,.csv
backup_migrated\data_csv_full\M5\CNHCZK.CSV,29640124,.csv
backup_migrated\data_csv_full\M5\CNHHKD.CSV,30978297,.csv
backup_migrated\data_csv_full\M5\CNHHUF.CSV,29523188,.csv
backup_migrated\data_csv_full\M5\CNHJPY.CSV,29285719,.csv
backup_migrated\data_csv_full\M5\CNHMXN.CSV,31524637,.csv
backup_migrated\data_csv_full\M5\CNHTHB.CSV,31416105,.csv
backup_migrated\data_csv_full\M5\CNHTRY.CSV,30737363,.csv
backup_migrated\data_csv_full\M5\CNHZAR.CSV,31387874,.csv
backup_migrated\data_csv_full\M5\CZKHUF.CSV,31422162,.csv
backup_migrated\data_csv_full\M5\CZKJPY.CSV,31994852,.csv
backup_migrated\data_csv_full\M5\CZKTHB.CSV,31918249,.csv
backup_migrated\data_csv_full\M5\CZKTRY.CSV,30976500,.csv
backup_migrated\data_csv_full\M5\DEU_IDX.CSV,34181423,.csv
backup_migrated\data_csv_full\M5\DKKAED.CSV,30942284,.csv
backup_migrated\data_csv_full\M5\DKKCNH.CSV,31003620,.csv
backup_migrated\data_csv_full\M5\DKKCZK.CSV,30280058,.csv
backup_migrated\data_csv_full\M5\DKKHKD.CSV,32123990,.csv
backup_migrated\data_csv_full\M5\DKKHUF.CSV,31652511,.csv
backup_migrated\data_csv_full\M5\DKKILS.CSV,30959939,.csv
backup_migrated\data_csv_full\M5\DKKJPY.CSV,32103423,.csv
backup_migrated\data_csv_full\M5\DKKMXN.CSV,32118987,.csv
backup_migrated\data_csv_full\M5\DKKRON.CSV,30680714,.csv
backup_migrated\data_csv_full\M5\DKKSAR.CSV,30943484,.csv
backup_migrated\data_csv_full\M5\DKKTHB.CSV,27518706,.csv
backup_migrated\data_csv_full\M5\DKKTRY.CSV,32404162,.csv
backup_migrated\data_csv_full\M5\DKKZAR.CSV,31829375,.csv
backup_migrated\data_csv_full\M5\DOLLAR_IDX.CSV,32049163,.csv
backup_migrated\data_csv_full\M5\DSHUSD.CSV,29200972,.csv
backup_migrated\data_csv_full\M5\ESP_IDX.CSV,34616739,.csv
backup_migrated\data_csv_full\M5\ETHCHF.CSV,28702223,.csv
backup_migrated\data_csv_full\M5\ETHEUR.CSV,28702717,.csv
backup_migrated\data_csv_full\M5\ETHGBP.CSV,28702663,.csv
backup_migrated\data_csv_full\M5\ETHUSD.CSV,29940576,.csv
backup_migrated\data_csv_full\M5\EURAED.CSV,31198978,.csv
backup_migrated\data_csv_full\M5\EURAUD.CSV,32307205,.csv
backup_migrated\data_csv_full\M5\EURCAD.CSV,31969448,.csv
backup_migrated\data_csv_full\M5\EURCHF.CSV,31184880,.csv
backup_migrated\data_csv_full\M5\EURCNH.CSV,31519111,.csv
backup_migrated\data_csv_full\M5\EURCZK.CSV,31118593,.csv
backup_migrated\data_csv_full\M5\EURGBP.CSV,30565804,.csv
backup_migrated\data_csv_full\M5\EURHKD.CSV,31147849,.csv
backup_migrated\data_csv_full\M5\EURHUF.CSV,31176185,.csv
backup_migrated\data_csv_full\M5\EURILS.CSV,30625316,.csv
backup_migrated\data_csv_full\M5\EURJPY.CSV,31011803,.csv
backup_migrated\data_csv_full\M5\EURMXN.CSV,32378619,.csv
backup_migrated\data_csv_full\M5\EURNOK.CSV,32670410,.csv
backup_migrated\data_csv_full\M5\EURNZD.CSV,31895433,.csv
backup_migrated\data_csv_full\M5\EURPLN.CSV,31028221,.csv
backup_migrated\data_csv_full\M5\EURRON.CSV,31311772,.csv
backup_migrated\data_csv_full\M5\EURSAR.CSV,31279936,.csv
backup_migrated\data_csv_full\M5\EURSEK.CSV,32842963,.csv
backup_migrated\data_csv_full\M5\EURSGD.CSV,31243913,.csv
backup_migrated\data_csv_full\M5\EURTHB.CSV,29367202,.csv
backup_migrated\data_csv_full\M5\EURTRY.CSV,32552301,.csv
backup_migrated\data_csv_full\M5\EURUSD.CSV,31447798,.csv
backup_migrated\data_csv_full\M5\EURZAR.CSV,32495116,.csv
backup_migrated\data_csv_full\M5\EUS_IDX.CSV,33578254,.csv
backup_migrated\data_csv_full\M5\FRA_IDX.CSV,33678161,.csv
backup_migrated\data_csv_full\M5\GBPAED.CSV,31350984,.csv
backup_migrated\data_csv_full\M5\GBPAUD.CSV,31372118,.csv
backup_migrated\data_csv_full\M5\GBPCAD.CSV,31592316,.csv
backup_migrated\data_csv_full\M5\GBPCHF.CSV,30443471,.csv
backup_migrated\data_csv_full\M5\GBPCNH.CSV,32399811,.csv
backup_migrated\data_csv_full\M5\GBPCZK.CSV,30325814,.csv
backup_migrated\data_csv_full\M5\GBPDKK.CSV,30970257,.csv
backup_migrated\data_csv_full\M5\GBPHKD.CSV,32927472,.csv
backup_migrated\data_csv_full\M5\GBPHUF.CSV,31170658,.csv
backup_migrated\data_csv_full\M5\GBPILS.CSV,31321124,.csv
backup_migrated\data_csv_full\M5\GBPJPY.CSV,31083750,.csv
backup_migrated\data_csv_full\M5\GBPMXN.CSV,33008099,.csv
backup_migrated\data_csv_full\M5\GBPNOK.CSV,32009850,.csv
backup_migrated\data_csv_full\M5\GBPNZD.CSV,31088656,.csv
backup_migrated\data_csv_full\M5\GBPPLN.CSV,30002008,.csv
backup_migrated\data_csv_full\M5\GBPRON.CSV,31408263,.csv
backup_migrated\data_csv_full\M5\GBPSAR.CSV,30739943,.csv
backup_migrated\data_csv_full\M5\GBPSEK.CSV,33291122,.csv
backup_migrated\data_csv_full\M5\GBPSGD.CSV,31203018,.csv
backup_migrated\data_csv_full\M5\GBPTHB.CSV,29079280,.csv
backup_migrated\data_csv_full\M5\GBPTRY.CSV,31881586,.csv
backup_migrated\data_csv_full\M5\GBPUSD.CSV,30411502,.csv
backup_migrated\data_csv_full\M5\GBPZAR.CSV,32904259,.csv
backup_migrated\data_csv_full\M5\GBR_IDX.CSV,33196516,.csv
backup_migrated\data_csv_full\M5\GOLD.CSV,31311638,.csv
backup_migrated\data_csv_full\M5\HKDCZK.CSV,30751918,.csv
backup_migrated\data_csv_full\M5\HKDHUF.CSV,31440072,.csv
backup_migrated\data_csv_full\M5\HKDJPY.CSV,32608195,.csv
backup_migrated\data_csv_full\M5\HKDMXN.CSV,32495827,.csv
backup_migrated\data_csv_full\M5\HKDTHB.CSV,27330168,.csv
backup_migrated\data_csv_full\M5\HKDTRY.CSV,32375096,.csv
backup_migrated\data_csv_full\M5\HKDZAR.CSV,32405610,.csv
backup_migrated\data_csv_full\M5\HKG_IDX.CSV,34356710,.csv
backup_migrated\data_csv_full\M5\ILSAED.CSV,30290402,.csv
backup_migrated\data_csv_full\M5\ILSCNH.CSV,30662115,.csv
backup_migrated\data_csv_full\M5\ILSCZK.CSV,29001004,.csv
backup_migrated\data_csv_full\M5\ILSHKD.CSV,30631240,.csv
backup_migrated\data_csv_full\M5\ILSHUF.CSV,29639743,.csv
backup_migrated\data_csv_full\M5\ILSJPY.CSV,29163719,.csv
backup_migrated\data_csv_full\M5\ILSMXN.CSV,30848121,.csv
backup_migrated\data_csv_full\M5\ILSRON.CSV,30921455,.csv
backup_migrated\data_csv_full\M5\ILSSAR.CSV,30573351,.csv
backup_migrated\data_csv_full\M5\ILSTHB.CSV,27367810,.csv
backup_migrated\data_csv_full\M5\ILSTRY.CSV,31043970,.csv
backup_migrated\data_csv_full\M5\ILSZAR.CSV,33899830,.csv
backup_migrated\data_csv_full\M5\JPN_IDX.CSV,34356260,.csv
backup_migrated\data_csv_full\M5\JPYHUF.CSV,31512041,.csv
backup_migrated\data_csv_full\M5\LNKUSD.CSV,26942517,.csv
backup_migrated\data_csv_full\M5\LTCCHF.CSV,25138491,.csv
backup_migrated\data_csv_full\M5\LTCEUR.CSV,25184053,.csv
backup_migrated\data_csv_full\M5\LTCGBP.CSV,25090643,.csv
backup_migrated\data_csv_full\M5\LTCUSD.CSV,25664601,.csv
backup_migrated\data_csv_full\M5\MKRUSD.CSV,30395524,.csv
backup_migrated\data_csv_full\M5\MXNCZK.CSV,31580174,.csv
backup_migrated\data_csv_full\M5\MXNHUF.CSV,31388704,.csv
backup_migrated\data_csv_full\M5\MXNJPY.CSV,31346492,.csv
backup_migrated\data_csv_full\M5\MXNTHB.CSV,31813378,.csv
backup_migrated\data_csv_full\M5\MXNTRY.CSV,32562338,.csv
backup_migrated\data_csv_full\M5\NLD_IDX.CSV,31679958,.csv
backup_migrated\data_csv_full\M5\NOKAED.CSV,31011609,.csv
backup_migrated\data_csv_full\M5\NOKCNH.CSV,30772446,.csv
backup_migrated\data_csv_full\M5\NOKCZK.CSV,30645594,.csv
backup_migrated\data_csv_full\M5\NOKDKK.CSV,31329968,.csv
backup_migrated\data_csv_full\M5\NOKHKD.CSV,31339265,.csv
backup_migrated\data_csv_full\M5\NOKHUF.CSV,29755903,.csv
backup_migrated\data_csv_full\M5\NOKILS.CSV,31014142,.csv
backup_migrated\data_csv_full\M5\NOKJPY.CSV,34307979,.csv
backup_migrated\data_csv_full\M5\NOKMXN.CSV,31991096,.csv
backup_migrated\data_csv_full\M5\NOKRON.CSV,31024191,.csv
backup_migrated\data_csv_full\M5\NOKSAR.CSV,31009097,.csv
backup_migrated\data_csv_full\M5\NOKSEK.CSV,31232537,.csv
backup_migrated\data_csv_full\M5\NOKTHB.CSV,27047005,.csv
backup_migrated\data_csv_full\M5\NOKTRY.CSV,32355020,.csv
backup_migrated\data_csv_full\M5\NOKZAR.CSV,33045208,.csv
backup_migrated\data_csv_full\M5\NZDAED.CSV,30900005,.csv
backup_migrated\data_csv_full\M5\NZDCAD.CSV,31435572,.csv
backup_migrated\data_csv_full\M5\NZDCHF.CSV,31216103,.csv
backup_migrated\data_csv_full\M5\NZDCNH.CSV,32429485,.csv
backup_migrated\data_csv_full\M5\NZDCZK.CSV,30708449,.csv
backup_migrated\data_csv_full\M5\NZDDKK.CSV,30937426,.csv
backup_migrated\data_csv_full\M5\NZDHKD.CSV,30918349,.csv
backup_migrated\data_csv_full\M5\NZDHUF.CSV,30927176,.csv
backup_migrated\data_csv_full\M5\NZDILS.CSV,30091425,.csv
backup_migrated\data_csv_full\M5\NZDJPY.CSV,29402764,.csv
backup_migrated\data_csv_full\M5\NZDMXN.CSV,31794604,.csv
backup_migrated\data_csv_full\M5\NZDNOK.CSV,31133002,.csv
backup_migrated\data_csv_full\M5\NZDPLN.CSV,30867208,.csv
backup_migrated\data_csv_full\M5\NZDRON.CSV,30813187,.csv
backup_migrated\data_csv_full\M5\NZDSAR.CSV,30912102,.csv
backup_migrated\data_csv_full\M5\NZDSEK.CSV,33846909,.csv
backup_migrated\data_csv_full\M5\NZDSGD.CSV,31126553,.csv
backup_migrated\data_csv_full\M5\NZDTHB.CSV,28814843,.csv
backup_migrated\data_csv_full\M5\NZDTRY.CSV,33781464,.csv
backup_migrated\data_csv_full\M5\NZDUSD.CSV,31355003,.csv
backup_migrated\data_csv_full\M5\NZDZAR.CSV,31561884,.csv
backup_migrated\data_csv_full\M5\PLN_IDX.CSV,33488932,.csv
backup_migrated\data_csv_full\M5\PLNAED.CSV,30630136,.csv
backup_migrated\data_csv_full\M5\PLNCNH.CSV,31074393,.csv
backup_migrated\data_csv_full\M5\PLNCZK.CSV,30737885,.csv
backup_migrated\data_csv_full\M5\PLNDKK.CSV,30336691,.csv
backup_migrated\data_csv_full\M5\PLNHKD.CSV,31221412,.csv
backup_migrated\data_csv_full\M5\PLNHUF.CSV,29271493,.csv
backup_migrated\data_csv_full\M5\PLNILS.CSV,30932159,.csv
backup_migrated\data_csv_full\M5\PLNJPY.CSV,30600421,.csv
backup_migrated\data_csv_full\M5\PLNMXN.CSV,31368557,.csv
backup_migrated\data_csv_full\M5\PLNNOK.CSV,34277701,.csv
backup_migrated\data_csv_full\M5\PLNRON.CSV,30657633,.csv
backup_migrated\data_csv_full\M5\PLNSAR.CSV,30344764,.csv
backup_migrated\data_csv_full\M5\PLNSEK.CSV,31213333,.csv
backup_migrated\data_csv_full\M5\PLNTHB.CSV,31065215,.csv
backup_migrated\data_csv_full\M5\PLNTRY.CSV,32679233,.csv
backup_migrated\data_csv_full\M5\PLNZAR.CSV,31441274,.csv
backup_migrated\data_csv_full\M5\RONCNH.CSV,31475771,.csv
backup_migrated\data_csv_full\M5\RONCZK.CSV,29020500,.csv
backup_migrated\data_csv_full\M5\RONHKD.CSV,40560973,.csv
backup_migrated\data_csv_full\M5\RONHUF.CSV,28896545,.csv
backup_migrated\data_csv_full\M5\RONJPY.CSV,29167384,.csv
backup_migrated\data_csv_full\M5\RONMXN.CSV,31042708,.csv
backup_migrated\data_csv_full\M5\RONTHB.CSV,27105025,.csv
backup_migrated\data_csv_full\M5\RONTRY.CSV,30425802,.csv
backup_migrated\data_csv_full\M5\RONZAR.CSV,30995275,.csv
backup_migrated\data_csv_full\M5\SARCNH.CSV,30958763,.csv
backup_migrated\data_csv_full\M5\SARCZK.CSV,29338744,.csv
backup_migrated\data_csv_full\M5\SARHKD.CSV,30545636,.csv
backup_migrated\data_csv_full\M5\SARHUF.CSV,28465998,.csv
backup_migrated\data_csv_full\M5\SARJPY.CSV,29167840,.csv
backup_migrated\data_csv_full\M5\SARMXN.CSV,31661554,.csv
backup_migrated\data_csv_full\M5\SARRON.CSV,30910589,.csv
backup_migrated\data_csv_full\M5\SARTHB.CSV,27213367,.csv
backup_migrated\data_csv_full\M5\SARTRY.CSV,29810470,.csv
backup_migrated\data_csv_full\M5\SARZAR.CSV,29688843,.csv
backup_migrated\data_csv_full\M5\SEKAED.CSV,30998235,.csv
backup_migrated\data_csv_full\M5\SEKCNH.CSV,31044194,.csv
backup_migrated\data_csv_full\M5\SEKCZK.CSV,30623878,.csv
backup_migrated\data_csv_full\M5\SEKDKK.CSV,31315094,.csv
backup_migrated\data_csv_full\M5\SEKHKD.CSV,30861809,.csv
backup_migrated\data_csv_full\M5\SEKHUF.CSV,31769761,.csv
backup_migrated\data_csv_full\M5\SEKILS.CSV,30732794,.csv
backup_migrated\data_csv_full\M5\SEKJPY.CSV,29464913,.csv
backup_migrated\data_csv_full\M5\SEKMXN.CSV,32485874,.csv
backup_migrated\data_csv_full\M5\SEKRON.CSV,31011009,.csv
backup_migrated\data_csv_full\M5\SEKSAR.CSV,31005527,.csv
backup_migrated\data_csv_full\M5\SEKTHB.CSV,27068504,.csv
backup_migrated\data_csv_full\M5\SEKTRY.CSV,32373731,.csv
backup_migrated\data_csv_full\M5\SEKZAR.CSV,32786619,.csv
backup_migrated\data_csv_full\M5\SGD_IDX.CSV,31175563,.csv
backup_migrated\data_csv_full\M5\SGDAED.CSV,30808878,.csv
backup_migrated\data_csv_full\M5\SGDCNH.CSV,31115417,.csv
backup_migrated\data_csv_full\M5\SGDCZK.CSV,34050577,.csv
backup_migrated\data_csv_full\M5\SGDDKK.CSV,31357220,.csv
backup_migrated\data_csv_full\M5\SGDHKD.CSV,30351507,.csv
backup_migrated\data_csv_full\M5\SGDHUF.CSV,32362616,.csv
backup_migrated\data_csv_full\M5\SGDILS.CSV,30280170,.csv
backup_migrated\data_csv_full\M5\SGDJPY.CSV,30576786,.csv
backup_migrated\data_csv_full\M5\SGDMXN.CSV,32045253,.csv
backup_migrated\data_csv_full\M5\SGDNOK.CSV,31229469,.csv
backup_migrated\data_csv_full\M5\SGDPLN.CSV,31466615,.csv
backup_migrated\data_csv_full\M5\SGDRON.CSV,30963242,.csv
backup_migrated\data_csv_full\M5\SGDSAR.CSV,31110549,.csv
backup_migrated\data_csv_full\M5\SGDSEK.CSV,31387535,.csv
backup_migrated\data_csv_full\M5\SGDTHB.CSV,28540647,.csv
backup_migrated\data_csv_full\M5\SGDTRY.CSV,34068547,.csv
backup_migrated\data_csv_full\M5\SGDZAR.CSV,33042513,.csv
backup_migrated\data_csv_full\M5\SOA_IDX.CSV,34019948,.csv
backup_migrated\data_csv_full\M5\THBHUF.CSV,32025595,.csv
backup_migrated\data_csv_full\M5\THBJPY.CSV,30943156,.csv
backup_migrated\data_csv_full\M5\TRXUSD.CSV,30560697,.csv
backup_migrated\data_csv_full\M5\TRYHUF.CSV,29849270,.csv
backup_migrated\data_csv_full\M5\TRYJPY.CSV,27361068,.csv
backup_migrated\data_csv_full\M5\TRYTHB.CSV,30974538,.csv
backup_migrated\data_csv_full\M5\UNIUSD.CSV,27089986,.csv
backup_migrated\data_csv_full\M5\USA30_IDX.CSV,35307359,.csv
backup_migrated\data_csv_full\M5\USA500_IDX.CSV,34896940,.csv
backup_migrated\data_csv_full\M5\USATECH_IDX.CSV,37478260,.csv
backup_migrated\data_csv_full\M5\USDAED.CSV,26907917,.csv
backup_migrated\data_csv_full\M5\USDCAD.CSV,30431200,.csv
backup_migrated\data_csv_full\M5\USDCHF.CSV,31192566,.csv
backup_migrated\data_csv_full\M5\USDCNH.CSV,31458879,.csv
backup_migrated\data_csv_full\M5\USDCZK.CSV,30955769,.csv
backup_migrated\data_csv_full\M5\USDDKK.CSV,31217174,.csv
backup_migrated\data_csv_full\M5\USDHKD.CSV,31087817,.csv
backup_migrated\data_csv_full\M5\USDHUF.CSV,30826863,.csv
backup_migrated\data_csv_full\M5\USDILS.CSV,30793822,.csv
backup_migrated\data_csv_full\M5\USDJPY.CSV,31494315,.csv
backup_migrated\data_csv_full\M5\USDMXN.CSV,33041272,.csv
backup_migrated\data_csv_full\M5\USDNOK.CSV,32505958,.csv
backup_migrated\data_csv_full\M5\USDPLN.CSV,30813311,.csv
backup_migrated\data_csv_full\M5\USDRON.CSV,31280893,.csv
backup_migrated\data_csv_full\M5\USDSAR.CSV,26901885,.csv
backup_migrated\data_csv_full\M5\USDSEK.CSV,32380175,.csv
backup_migrated\data_csv_full\M5\USDSGD.CSV,31195144,.csv
backup_migrated\data_csv_full\M5\USDTHB.CSV,30638106,.csv
backup_migrated\data_csv_full\M5\USDTRY.CSV,32398436,.csv
backup_migrated\data_csv_full\M5\USDZAR.CSV,32807437,.csv
backup_migrated\data_csv_full\M5\USSC2000_IDX.CSV,35765174,.csv
backup_migrated\data_csv_full\M5\VOL_IDX.CSV,27381312,.csv
backup_migrated\data_csv_full\M5\XAGAED.CSV,29302865,.csv
backup_migrated\data_csv_full\M5\XAGAUD.CSV,29782390,.csv
backup_migrated\data_csv_full\M5\XAGCAD.CSV,28770447,.csv
backup_migrated\data_csv_full\M5\XAGCHF.CSV,28761120,.csv
backup_migrated\data_csv_full\M5\XAGCNH.CSV,30476875,.csv
backup_migrated\data_csv_full\M5\XAGCZK.CSV,30681447,.csv
backup_migrated\data_csv_full\M5\XAGDKK.CSV,30461809,.csv
backup_migrated\data_csv_full\M5\XAGEUR.CSV,29755422,.csv
backup_migrated\data_csv_full\M5\XAGGBP.CSV,29781326,.csv
backup_migrated\data_csv_full\M5\XAGHKD.CSV,29443678,.csv
backup_migrated\data_csv_full\M5\XAGHUF.CSV,31807999,.csv
backup_migrated\data_csv_full\M5\XAGILS.CSV,30456200,.csv
backup_migrated\data_csv_full\M5\XAGJPY.CSV,32402803,.csv
backup_migrated\data_csv_full\M5\XAGMXN.CSV,29635005,.csv
backup_migrated\data_csv_full\M5\XAGNOK.CSV,29747181,.csv
backup_migrated\data_csv_full\M5\XAGNZD.CSV,30809295,.csv
backup_migrated\data_csv_full\M5\XAGPLN.CSV,30467531,.csv
backup_migrated\data_csv_full\M5\XAGRON.CSV,30458277,.csv
backup_migrated\data_csv_full\M5\XAGSAR.CSV,30451680,.csv
backup_migrated\data_csv_full\M5\XAGSEK.CSV,29336060,.csv
backup_migrated\data_csv_full\M5\XAGSGD.CSV,28732807,.csv
backup_migrated\data_csv_full\M5\XAGTHB.CSV,32242622,.csv
backup_migrated\data_csv_full\M5\XAGTRY.CSV,30141568,.csv
backup_migrated\data_csv_full\M5\XAGUSD.CSV,29117398,.csv
backup_migrated\data_csv_full\M5\XAGZAR.CSV,30627301,.csv
backup_migrated\data_csv_full\M5\XAUAED.CSV,32748914,.csv
backup_migrated\data_csv_full\M5\XAUAUD.CSV,32213828,.csv
backup_migrated\data_csv_full\M5\XAUCAD.CSV,32204191,.csv
backup_migrated\data_csv_full\M5\XAUCHF.CSV,32030406,.csv
backup_migrated\data_csv_full\M5\XAUCNH.CSV,34022606,.csv
backup_migrated\data_csv_full\M5\XAUCZK.CSV,30574541,.csv
backup_migrated\data_csv_full\M5\XAUDKK.CSV,31225595,.csv
backup_migrated\data_csv_full\M5\XAUEUR.CSV,32153585,.csv
backup_migrated\data_csv_full\M5\XAUGBP.CSV,32045915,.csv
backup_migrated\data_csv_full\M5\XAUHKD.CSV,31722132,.csv
backup_migrated\data_csv_full\M5\XAUHUF.CSV,32916706,.csv
backup_migrated\data_csv_full\M5\XAUILS.CSV,32764940,.csv
backup_migrated\data_csv_full\M5\XAUJPY.CSV,32300960,.csv
backup_migrated\data_csv_full\M5\XAUMXN.CSV,30512812,.csv
backup_migrated\data_csv_full\M5\XAUNOK.CSV,31478982,.csv
backup_migrated\data_csv_full\M5\XAUNZD.CSV,32214204,.csv
backup_migrated\data_csv_full\M5\XAUPLN.CSV,30620390,.csv
backup_migrated\data_csv_full\M5\XAURON.CSV,34011451,.csv
backup_migrated\data_csv_full\M5\XAUSAR.CSV,32788842,.csv
backup_migrated\data_csv_full\M5\XAUSEK.CSV,31725355,.csv
backup_migrated\data_csv_full\M5\XAUSGD.CSV,32207995,.csv
backup_migrated\data_csv_full\M5\XAUTHB.CSV,30960906,.csv
backup_migrated\data_csv_full\M5\XAUTRY.CSV,31005689,.csv
backup_migrated\data_csv_full\M5\XAUUSD.CSV,32205926,.csv
backup_migrated\data_csv_full\M5\XAUXAG.CSV,32279407,.csv
backup_migrated\data_csv_full\M5\XAUZAR.CSV,30514609,.csv
backup_migrated\data_csv_full\M5\XLMCHF.CSV,30767735,.csv
backup_migrated\data_csv_full\M5\XLMEUR.CSV,30645942,.csv
backup_migrated\data_csv_full\M5\XLMGBP.CSV,30516326,.csv
backup_migrated\data_csv_full\M5\XLMUSD.CSV,30721584,.csv
backup_migrated\data_csv_full\M5\YFIUSD.CSV,28618121,.csv
backup_migrated\data_csv_full\M5\ZARCZK.CSV,30389638,.csv
backup_migrated\data_csv_full\M5\ZARHUF.CSV,30285674,.csv
backup_migrated\data_csv_full\M5\ZARJPY.CSV,27586910,.csv
backup_migrated\data_csv_full\M5\ZARMXN.CSV,30589805,.csv
backup_migrated\data_csv_full\M5\ZARTHB.CSV,26837330,.csv
backup_migrated\data_csv_full\M5\ZARTRY.CSV,32131957,.csv
backup_migrated\data_csv_full\SHARD_COMMODITIES_M15.parquet,67007413,.parquet
backup_migrated\data_csv_full\SHARD_COMMODITIES_M30.parquet,38340866,.parquet
backup_migrated\data_csv_full\SHARD_COMMODITIES_M5.parquet,136228907,.parquet
backup_migrated\data_csv_full\SHARD_CRYPTO_M15.parquet,91307219,.parquet
backup_migrated\data_csv_full\SHARD_CRYPTO_M30.parquet,52473285,.parquet
backup_migrated\data_csv_full\SHARD_CRYPTO_M5.parquet,189716259,.parquet
backup_migrated\data_csv_full\SHARD_EXOTICS_M15.parquet,120974343,.parquet
backup_migrated\data_csv_full\SHARD_EXOTICS_M30.parquet,68458449,.parquet
backup_migrated\data_csv_full\SHARD_EXOTICS_M5.parquet,252409712,.parquet
backup_migrated\data_csv_full\SHARD_FOREX_MAJORS_M15.parquet,117958852,.parquet
backup_migrated\data_csv_full\SHARD_FOREX_MAJORS_M30.parquet,67075482,.parquet
backup_migrated\data_csv_full\SHARD_FOREX_MAJORS_M5.parquet,240431814,.parquet
backup_migrated\data_csv_full\SHARD_RISK_SENTIMENT_M15.parquet,88846492,.parquet
backup_migrated\data_csv_full\SHARD_RISK_SENTIMENT_M30.parquet,50576760,.parquet
backup_migrated\data_csv_full\SHARD_RISK_SENTIMENT_M5.parquet,187227891,.parquet
backup_migrated\data_csv_full\SHARD_SAFE_HAVEN_M15.parquet,62685085,.parquet
backup_migrated\data_csv_full\SHARD_SAFE_HAVEN_M30.parquet,35279143,.parquet
backup_migrated\data_csv_full\SHARD_SAFE_HAVEN_M5.parquet,135966440,.parquet
backup_migrated\data_csv_full\SINCRONIZADOS\D1_SINCRONIZADO\ADAUSD.csv,75699,.csv
backup_migrated\data_csv_full\SINCRONIZADOS\D1_SINCRONIZADO\AEDCNH.csv,89966,.csv
backup_migrated\data_csv_full\SINCRONIZADOS\D1_SINCRONIZADO\AEDCZK.csv,86561,.csv
backup_migrated\data_csv_full\SINCRONIZADOS\D1_SINCRONIZADO\AEDHKD.csv,89251,.csv
backup_migrated\data_csv_full\SINCRONIZADOS\D1_SINCRONIZADO\AEDHUF.csv,93568,.csv
backup_migrated\data_csv_full\SINCRONIZADOS\D1_SINCRONIZADO\AEDJPY.csv,85747,.csv
backup_migrated\data_csv_full\SINCRONIZADOS\D1_SINCRONIZADO\AEDMXN.csv,92588,.csv
backup_migrated\data_csv_full\SINCRONIZADOS\D1_SINCRONIZADO\AEDRON.csv,90961,.csv
backup_migrated\data_csv_full\SINCRONIZADOS\D1_SINCRONIZADO\AEDSAR.csv,88974,.csv
backup_migrated\data_csv_full\SINCRONIZADOS\D1_SINCRONIZADO\AEDTHB.csv,78385,.csv
backup_migrated\data_csv_full\SINCRONIZADOS\D1_SINCRONIZADO\AEDTRY.csv,92979,.csv
backup_migrated\data_csv_full\SINCRONIZADOS\D1_SINCRONIZADO\AEDZAR.csv,92683,.csv
backup_migrated\data_csv_full\SINCRONIZADOS\D1_SINCRONIZADO\AUDAED.csv,92035,.csv
backup_migrated\data_csv_full\SINCRONIZADOS\D1_SINCRONIZADO\AUDCAD.csv,87245,.csv
backup_migrated\data_csv_full\SINCRONIZADOS\D1_SINCRONIZADO\AUDCHF.csv,86547,.csv
backup_migrated\data_csv_full\SINCRONIZADOS\D1_SINCRONIZADO\AUDCNH.csv,90925,.csv
backup_migrated\data_csv_full\SINCRONIZADOS\D1_SINCRONIZADO\AUDCZK.csv,91026,.csv
backup_migrated\data_csv_full\SINCRONIZADOS\D1_SINCRONIZADO\AUDDKK.csv,96905,.csv
backup_migrated\data_csv_full\SINCRONIZADOS\D1_SINCRONIZADO\AUDHKD.csv,97191,.csv
backup_migrated\data_csv_full\SINCRONIZADOS\D1_SINCRONIZADO\AUDHUF.csv,92141,.csv
backup_migrated\data_csv_full\SINCRONIZADOS\D1_SINCRONIZADO\AUDILS.csv,91955,.csv
backup_migrated\data_csv_full\SINCRONIZADOS\D1_SINCRONIZADO\AUDJPY.csv,82229,.csv
backup_migrated\data_csv_full\SINCRONIZADOS\D1_SINCRONIZADO\AUDMXN.csv,94882,.csv
backup_migrated\data_csv_full\SINCRONIZADOS\D1_SINCRONIZADO\AUDNOK.csv,88666,.csv
backup_migrated\data_csv_full\SINCRONIZADOS\D1_SINCRONIZADO\AUDNZD.csv,88435,.csv
backup_migrated\data_csv_full\SINCRONIZADOS\D1_SINCRONIZADO\AUDPLN.csv,90492,.csv
backup_migrated\data_csv_full\SINCRONIZADOS\D1_SINCRONIZADO\AUDRON.csv,92425,.csv
backup_migrated\data_csv_full\SINCRONIZADOS\D1_SINCRONIZADO\AUDSAR.csv,91247,.csv
backup_migrated\data_csv_full\SINCRONIZADOS\D1_SINCRONIZADO\AUDSEK.csv,93363,.csv
backup_migrated\data_csv_full\SINCRONIZADOS\D1_SINCRONIZADO\AUDSGD.csv,91805,.csv
backup_migrated\data_csv_full\SINCRONIZADOS\D1_SINCRONIZADO\AUDTHB.csv,84526,.csv
backup_migrated\data_csv_full\SINCRONIZADOS\D1_SINCRONIZADO\AUDTRY.csv,95256,.csv
backup_migrated\data_csv_full\SINCRONIZADOS\D1_SINCRONIZADO\AUDUSD.csv,89399,.csv
backup_migrated\data_csv_full\SINCRONIZADOS\D1_SINCRONIZADO\AUDZAR.csv,95826,.csv
backup_migrated\data_csv_full\SINCRONIZADOS\D1_SINCRONIZADO\AUS_IDX.csv,100676,.csv
backup_migrated\data_csv_full\SINCRONIZADOS\D1_SINCRONIZADO\AVEUSD.csv,77166,.csv
backup_migrated\data_csv_full\SINCRONIZADOS\D1_SINCRONIZADO\BATUSD.csv,86541,.csv
backup_migrated\data_csv_full\SINCRONIZADOS\D1_SINCRONIZADO\BCHCHF.csv,73852,.csv
backup_migrated\data_csv_full\SINCRONIZADOS\D1_SINCRONIZADO\BCHEUR.csv,73884,.csv
backup_migrated\data_csv_full\SINCRONIZADOS\D1_SINCRONIZADO\BCHGBP.csv,73601,.csv
backup_migrated\data_csv_full\SINCRONIZADOS\D1_SINCRONIZADO\BCHUSD.csv,78596,.csv
backup_migrated\data_csv_full\SINCRONIZADOS\D1_SINCRONIZADO\BTCCHF.csv,86545,.csv
backup_migrated\data_csv_full\SINCRONIZADOS\D1_SINCRONIZADO\BTCEUR.csv,84988,.csv
backup_migrated\data_csv_full\SINCRONIZADOS\D1_SINCRONIZADO\BTCGBP.csv,86543,.csv
backup_migrated\data_csv_full\SINCRONIZADOS\D1_SINCRONIZADO\BTCUSD.csv,95511,.csv
backup_migrated\data_csv_full\SINCRONIZADOS\D1_SINCRONIZADO\CADAED.csv,91965,.csv
backup_migrated\data_csv_full\SINCRONIZADOS\D1_SINCRONIZADO\CADCHF.csv,86629,.csv
backup_migrated\data_csv_full\SINCRONIZADOS\D1_SINCRONIZADO\CADCNH.csv,92115,.csv
backup_migrated\data_csv_full\SINCRONIZADOS\D1_SINCRONIZADO\CADCZK.csv,92153,.csv
backup_migrated\data_csv_full\SINCRONIZADOS\D1_SINCRONIZADO\CADDKK.csv,92495,.csv
backup_migrated\data_csv_full\SINCRONIZADOS\D1_SINCRONIZADO\CADHKD.csv,90559,.csv
backup_migrated\data_csv_full\SINCRONIZADOS\D1_SINCRONIZADO\CADHUF.csv,91896,.csv
backup_migrated\data_csv_full\SINCRONIZADOS\D1_SINCRONIZADO\CADILS.csv,92523,.csv
backup_migrated\data_csv_full\SINCRONIZADOS\D1_SINCRONIZADO\CADJPY.csv,88432,.csv
backup_migrated\data_csv_full\SINCRONIZADOS\D1_SINCRONIZADO\CADMXN.csv,96681,.csv
backup_migrated\data_csv_full\SINCRONIZADOS\D1_SINCRONIZADO\CADNOK.csv,92770,.csv
backup_migrated\data_csv_full\SINCRONIZADOS\D1_SINCRONIZADO\CADPLN.csv,89859,.csv
backup_migrated\data_csv_full\SINCRONIZADOS\D1_SINCRONIZADO\CADRON.csv,90017,.csv
backup_migrated\data_csv_full\SINCRONIZADOS\D1_SINCRONIZADO\CADSAR.csv,92670,.csv
backup_migrated\data_csv_full\SINCRONIZADOS\D1_SINCRONIZADO\CADSEK.csv,92995,.csv
backup_migrated\data_csv_full\SINCRONIZADOS\D1_SINCRONIZADO\CADSGD.csv,92121,.csv
backup_migrated\data_csv_full\SINCRONIZADOS\D1_SINCRONIZADO\CADTHB.csv,84507,.csv
backup_migrated\data_csv_full\SINCRONIZADOS\D1_SINCRONIZADO\CADTRY.csv,101732,.csv
backup_migrated\data_csv_full\SINCRONIZADOS\D1_SINCRONIZADO\CADZAR.csv,98337,.csv
backup_migrated\data_csv_full\SINCRONIZADOS\D1_SINCRONIZADO\CHE_IDX.csv,99682,.csv
backup_migrated\data_csv_full\SINCRONIZADOS\D1_SINCRONIZADO\CHFAED.csv,90067,.csv
backup_migrated\data_csv_full\SINCRONIZADOS\D1_SINCRONIZADO\CHFCNH.csv,93566,.csv
backup_migrated\data_csv_full\SINCRONIZADOS\D1_SINCRONIZADO\CHFCZK.csv,96715,.csv
backup_migrated\data_csv_full\SINCRONIZADOS\D1_SINCRONIZADO\CHFDKK.csv,89114,.csv
backup_migrated\data_csv_full\SINCRONIZADOS\D1_SINCRONIZADO\CHFHKD.csv,91899,.csv
backup_migrated\data_csv_full\SINCRONIZADOS\D1_SINCRONIZADO\CHFHUF.csv,90828,.csv
backup_migrated\data_csv_full\SINCRONIZADOS\D1_SINCRONIZADO\CHFILS.csv,91883,.csv
backup_migrated\data_csv_full\SINCRONIZADOS\D1_SINCRONIZADO\CHFJPY.csv,91470,.csv
backup_migrated\data_csv_full\SINCRONIZADOS\D1_SINCRONIZADO\CHFMXN.csv,94859,.csv
backup_migrated\data_csv_full\SINCRONIZADOS\D1_SINCRONIZADO\CHFNOK.csv,101406,.csv
backup_migrated\data_csv_full\SINCRONIZADOS\D1_SINCRONIZADO\CHFPLN.csv,89570,.csv
backup_migrated\data_csv_full\SINCRONIZADOS\D1_SINCRONIZADO\CHFRON.csv,103068,.csv
backup_migrated\data_csv_full\SINCRONIZADOS\D1_SINCRONIZADO\CHFSAR.csv,103381,.csv
backup_migrated\data_csv_full\SINCRONIZADOS\D1_SINCRONIZADO\CHFSEK.csv,93974,.csv
backup_migrated\data_csv_full\SINCRONIZADOS\D1_SINCRONIZADO\CHFSGD.csv,93724,.csv
backup_migrated\data_csv_full\SINCRONIZADOS\D1_SINCRONIZADO\CHFTHB.csv,85488,.csv
backup_migrated\data_csv_full\SINCRONIZADOS\D1_SINCRONIZADO\CHFTRY.csv,100755,.csv
backup_migrated\data_csv_full\SINCRONIZADOS\D1_SINCRONIZADO\CHFZAR.csv,97378,.csv
backup_migrated\data_csv_full\SINCRONIZADOS\D1_SINCRONIZADO\CHI_IDX.csv,102624,.csv
backup_migrated\data_csv_full\SINCRONIZADOS\D1_SINCRONIZADO\CMPUSD.csv,73546,.csv
backup_migrated\data_csv_full\SINCRONIZADOS\D1_SINCRONIZADO\CNHCZK.csv,86455,.csv
backup_migrated\data_csv_full\SINCRONIZADOS\D1_SINCRONIZADO\CNHHKD.csv,91170,.csv
backup_migrated\data_csv_full\SINCRONIZADOS\D1_SINCRONIZADO\CNHHUF.csv,86080,.csv
backup_migrated\data_csv_full\SINCRONIZADOS\D1_SINCRONIZADO\CNHJPY.csv,85334,.csv
backup_migrated\data_csv_full\SINCRONIZADOS\D1_SINCRONIZADO\CNHMXN.csv,94154,.csv
backup_migrated\data_csv_full\SINCRONIZADOS\D1_SINCRONIZADO\CNHTHB.csv,92645,.csv
backup_migrated\data_csv_full\SINCRONIZADOS\D1_SINCRONIZADO\CNHTRY.csv,91265,.csv
backup_migrated\data_csv_full\SINCRONIZADOS\D1_SINCRONIZADO\CNHZAR.csv,93668,.csv
backup_migrated\data_csv_full\SINCRONIZADOS\D1_SINCRONIZADO\CZKHUF.csv,93534,.csv
backup_migrated\data_csv_full\SINCRONIZADOS\D1_SINCRONIZADO\CZKJPY.csv,95617,.csv
backup_migrated\data_csv_full\SINCRONIZADOS\D1_SINCRONIZADO\CZKTHB.csv,94353,.csv
backup_migrated\data_csv_full\SINCRONIZADOS\D1_SINCRONIZADO\CZKTRY.csv,92063,.csv
backup_migrated\data_csv_full\SINCRONIZADOS\D1_SINCRONIZADO\DEU_IDX.csv,102464,.csv
backup_migrated\data_csv_full\SINCRONIZADOS\D1_SINCRONIZADO\DKKAED.csv,91989,.csv
backup_migrated\data_csv_full\SINCRONIZADOS\D1_SINCRONIZADO\DKKCNH.csv,91142,.csv
backup_migrated\data_csv_full\SINCRONIZADOS\D1_SINCRONIZADO\DKKCZK.csv,88783,.csv
backup_migrated\data_csv_full\SINCRONIZADOS\D1_SINCRONIZADO\DKKHKD.csv,96024,.csv
backup_migrated\data_csv_full\SINCRONIZADOS\D1_SINCRONIZADO\DKKHUF.csv,93549,.csv
backup_migrated\data_csv_full\SINCRONIZADOS\D1_SINCRONIZADO\DKKILS.csv,92006,.csv
backup_migrated\data_csv_full\SINCRONIZADOS\D1_SINCRONIZADO\DKKJPY.csv,96027,.csv
backup_migrated\data_csv_full\SINCRONIZADOS\D1_SINCRONIZADO\DKKMXN.csv,95247,.csv
backup_migrated\data_csv_full\SINCRONIZADOS\D1_SINCRONIZADO\DKKRON.csv,91050,.csv
backup_migrated\data_csv_full\SINCRONIZADOS\D1_SINCRONIZADO\DKKSAR.csv,92066,.csv
backup_migrated\data_csv_full\SINCRONIZADOS\D1_SINCRONIZADO\DKKTHB.csv,79023,.csv
backup_migrated\data_csv_full\SINCRONIZADOS\D1_SINCRONIZADO\DKKTRY.csv,96157,.csv
backup_migrated\data_csv_full\SINCRONIZADOS\D1_SINCRONIZADO\DKKZAR.csv,94104,.csv
backup_migrated\data_csv_full\SINCRONIZADOS\D1_SINCRONIZADO\DOLLAR_IDX.csv,95575,.csv
backup_migrated\data_csv_full\SINCRONIZADOS\D1_SINCRONIZADO\DSHUSD.csv,85177,.csv
backup_migrated\data_csv_full\SINCRONIZADOS\D1_SINCRONIZADO\ESP_IDX.csv,104310,.csv
backup_migrated\data_csv_full\SINCRONIZADOS\D1_SINCRONIZADO\ETHCHF.csv,80241,.csv
backup_migrated\data_csv_full\SINCRONIZADOS\D1_SINCRONIZADO\ETHEUR.csv,80242,.csv
backup_migrated\data_csv_full\SINCRONIZADOS\D1_SINCRONIZADO\ETHGBP.csv,80244,.csv
backup_migrated\data_csv_full\SINCRONIZADOS\D1_SINCRONIZADO\ETHUSD.csv,88055,.csv
backup_migrated\data_csv_full\SINCRONIZADOS\D1_SINCRONIZADO\EURAED.csv,91712,.csv
backup_migrated\data_csv_full\SINCRONIZADOS\D1_SINCRONIZADO\EURAUD.csv,96251,.csv
backup_migrated\data_csv_full\SINCRONIZADOS\D1_SINCRONIZADO\EURCAD.csv,91184,.csv
backup_migrated\data_csv_full\SINCRONIZADOS\D1_SINCRONIZADO\EURCHF.csv,88455,.csv
backup_migrated\data_csv_full\SINCRONIZADOS\D1_SINCRONIZADO\EURCNH.csv,93990,.csv
backup_migrated\data_csv_full\SINCRONIZADOS\D1_SINCRONIZADO\EURCZK.csv,91609,.csv
backup_migrated\data_csv_full\SINCRONIZADOS\D1_SINCRONIZADO\EURGBP.csv,86307,.csv
backup_migrated\data_csv_full\SINCRONIZADOS\D1_SINCRONIZADO\EURHKD.csv,88359,.csv
backup_migrated\data_csv_full\SINCRONIZADOS\D1_SINCRONIZADO\EURHUF.csv,88408,.csv
backup_migrated\data_csv_full\SINCRONIZADOS\D1_SINCRONIZADO\EURILS.csv,89802,.csv
backup_migrated\data_csv_full\SINCRONIZADOS\D1_SINCRONIZADO\EURJPY.csv,87779,.csv
backup_migrated\data_csv_full\SINCRONIZADOS\D1_SINCRONIZADO\EURMXN.csv,92600,.csv
backup_migrated\data_csv_full\SINCRONIZADOS\D1_SINCRONIZADO\EURNOK.csv,97612,.csv
backup_migrated\data_csv_full\SINCRONIZADOS\D1_SINCRONIZADO\EURNZD.csv,94438,.csv
backup_migrated\data_csv_full\SINCRONIZADOS\D1_SINCRONIZADO\EURPLN.csv,91901,.csv
backup_migrated\data_csv_full\SINCRONIZADOS\D1_SINCRONIZADO\EURRON.csv,92144,.csv
backup_migrated\data_csv_full\SINCRONIZADOS\D1_SINCRONIZADO\EURSAR.csv,92142,.csv
backup_migrated\data_csv_full\SINCRONIZADOS\D1_SINCRONIZADO\EURSEK.csv,98184,.csv
backup_migrated\data_csv_full\SINCRONIZADOS\D1_SINCRONIZADO\EURSGD.csv,88703,.csv
backup_migrated\data_csv_full\SINCRONIZADOS\D1_SINCRONIZADO\EURTHB.csv,85509,.csv
backup_migrated\data_csv_full\SINCRONIZADOS\D1_SINCRONIZADO\EURTRY.csv,92113,.csv
backup_migrated\data_csv_full\SINCRONIZADOS\D1_SINCRONIZADO\EURUSD.csv,89436,.csv
backup_migrated\data_csv_full\SINCRONIZADOS\D1_SINCRONIZADO\EURZAR.csv,94877,.csv
backup_migrated\data_csv_full\SINCRONIZADOS\D1_SINCRONIZADO\EUS_IDX.csv,100735,.csv
backup_migrated\data_csv_full\SINCRONIZADOS\D1_SINCRONIZADO\FRA_IDX.csv,101074,.csv
backup_migrated\data_csv_full\SINCRONIZADOS\D1_SINCRONIZADO\GBPAED.csv,92333,.csv
backup_migrated\data_csv_full\SINCRONIZADOS\D1_SINCRONIZADO\GBPAUD.csv,88997,.csv
backup_migrated\data_csv_full\SINCRONIZADOS\D1_SINCRONIZADO\GBPCAD.csv,89970,.csv
backup_migrated\data_csv_full\SINCRONIZADOS\D1_SINCRONIZADO\GBPCHF.csv,85662,.csv
backup_migrated\data_csv_full\SINCRONIZADOS\D1_SINCRONIZADO\GBPCNH.csv,97096,.csv
backup_migrated\data_csv_full\SINCRONIZADOS\D1_SINCRONIZADO\GBPCZK.csv,88889,.csv
backup_migrated\data_csv_full\SINCRONIZADOS\D1_SINCRONIZADO\GBPDKK.csv,87659,.csv
backup_migrated\data_csv_full\SINCRONIZADOS\D1_SINCRONIZADO\GBPHKD.csv,97866,.csv
backup_migrated\data_csv_full\SINCRONIZADOS\D1_SINCRONIZADO\GBPHUF.csv,91766,.csv
backup_migrated\data_csv_full\SINCRONIZADOS\D1_SINCRONIZADO\GBPILS.csv,92259,.csv
backup_migrated\data_csv_full\SINCRONIZADOS\D1_SINCRONIZADO\GBPJPY.csv,92163,.csv
backup_migrated\data_csv_full\SINCRONIZADOS\D1_SINCRONIZADO\GBPMXN.csv,98375,.csv
backup_migrated\data_csv_full\SINCRONIZADOS\D1_SINCRONIZADO\GBPNOK.csv,94787,.csv
backup_migrated\data_csv_full\SINCRONIZADOS\D1_SINCRONIZADO\GBPNZD.csv,91986,.csv
backup_migrated\data_csv_full\SINCRONIZADOS\D1_SINCRONIZADO\GBPPLN.csv,86156,.csv
backup_migrated\data_csv_full\SINCRONIZADOS\D1_SINCRONIZADO\GBPRON.csv,92743,.csv
backup_migrated\data_csv_full\SINCRONIZADOS\D1_SINCRONIZADO\GBPSAR.csv,91342,.csv
backup_migrated\data_csv_full\SINCRONIZADOS\D1_SINCRONIZADO\GBPSEK.csv,95714,.csv
backup_migrated\data_csv_full\SINCRONIZADOS\D1_SINCRONIZADO\GBPSGD.csv,88517,.csv
backup_migrated\data_csv_full\SINCRONIZADOS\D1_SINCRONIZADO\GBPTHB.csv,84459,.csv
backup_migrated\data_csv_full\SINCRONIZADOS\D1_SINCRONIZADO\GBPTRY.csv,94194,.csv
backup_migrated\data_csv_full\SINCRONIZADOS\D1_SINCRONIZADO\GBPUSD.csv,85728,.csv
backup_migrated\data_csv_full\SINCRONIZADOS\D1_SINCRONIZADO\GBPZAR.csv,94359,.csv
backup_migrated\data_csv_full\SINCRONIZADOS\D1_SINCRONIZADO\GBR_IDX.csv,98982,.csv
backup_migrated\data_csv_full\SINCRONIZADOS\D1_SINCRONIZADO\GOLD.csv,92989,.csv
backup_migrated\data_csv_full\SINCRONIZADOS\D1_SINCRONIZADO\HKDCZK.csv,90442,.csv
backup_migrated\data_csv_full\SINCRONIZADOS\D1_SINCRONIZADO\HKDHUF.csv,92732,.csv
backup_migrated\data_csv_full\SINCRONIZADOS\D1_SINCRONIZADO\HKDJPY.csv,96902,.csv
backup_migrated\data_csv_full\SINCRONIZADOS\D1_SINCRONIZADO\HKDMXN.csv,96405,.csv
backup_migrated\data_csv_full\SINCRONIZADOS\D1_SINCRONIZADO\HKDTHB.csv,78325,.csv
backup_migrated\data_csv_full\SINCRONIZADOS\D1_SINCRONIZADO\HKDTRY.csv,96066,.csv
backup_migrated\data_csv_full\SINCRONIZADOS\D1_SINCRONIZADO\HKDZAR.csv,96118,.csv
backup_migrated\data_csv_full\SINCRONIZADOS\D1_SINCRONIZADO\HKG_IDX.csv,103447,.csv
backup_migrated\data_csv_full\SINCRONIZADOS\D1_SINCRONIZADO\ILSAED.csv,89759,.csv
backup_migrated\data_csv_full\SINCRONIZADOS\D1_SINCRONIZADO\ILSCNH.csv,90907,.csv
backup_migrated\data_csv_full\SINCRONIZADOS\D1_SINCRONIZADO\ILSCZK.csv,84142,.csv
backup_migrated\data_csv_full\SINCRONIZADOS\D1_SINCRONIZADO\ILSHKD.csv,90960,.csv
backup_migrated\data_csv_full\SINCRONIZADOS\D1_SINCRONIZADO\ILSHUF.csv,86542,.csv
backup_migrated\data_csv_full\SINCRONIZADOS\D1_SINCRONIZADO\ILSJPY.csv,84747,.csv
backup_migrated\data_csv_full\SINCRONIZADOS\D1_SINCRONIZADO\ILSMXN.csv,91664,.csv
backup_migrated\data_csv_full\SINCRONIZADOS\D1_SINCRONIZADO\ILSRON.csv,90907,.csv
backup_migrated\data_csv_full\SINCRONIZADOS\D1_SINCRONIZADO\ILSSAR.csv,90757,.csv
backup_migrated\data_csv_full\SINCRONIZADOS\D1_SINCRONIZADO\ILSTHB.csv,78550,.csv
backup_migrated\data_csv_full\SINCRONIZADOS\D1_SINCRONIZADO\ILSTRY.csv,92370,.csv
backup_migrated\data_csv_full\SINCRONIZADOS\D1_SINCRONIZADO\ILSZAR.csv,102190,.csv
backup_migrated\data_csv_full\SINCRONIZADOS\D1_SINCRONIZADO\JPN_IDX.csv,103600,.csv
backup_migrated\data_csv_full\SINCRONIZADOS\D1_SINCRONIZADO\JPYHUF.csv,93043,.csv
backup_migrated\data_csv_full\SINCRONIZADOS\D1_SINCRONIZADO\LNKUSD.csv,75486,.csv
backup_migrated\data_csv_full\SINCRONIZADOS\D1_SINCRONIZADO\LTCCHF.csv,67802,.csv
backup_migrated\data_csv_full\SINCRONIZADOS\D1_SINCRONIZADO\LTCEUR.csv,67979,.csv
backup_migrated\data_csv_full\SINCRONIZADOS\D1_SINCRONIZADO\LTCGBP.csv,67652,.csv
backup_migrated\data_csv_full\SINCRONIZADOS\D1_SINCRONIZADO\LTCUSD.csv,73149,.csv
backup_migrated\data_csv_full\SINCRONIZADOS\D1_SINCRONIZADO\MKRUSD.csv,88819,.csv
backup_migrated\data_csv_full\SINCRONIZADOS\D1_SINCRONIZADO\MXNCZK.csv,93219,.csv
backup_migrated\data_csv_full\SINCRONIZADOS\D1_SINCRONIZADO\MXNHUF.csv,92513,.csv
backup_migrated\data_csv_full\SINCRONIZADOS\D1_SINCRONIZADO\MXNJPY.csv,91602,.csv
backup_migrated\data_csv_full\SINCRONIZADOS\D1_SINCRONIZADO\MXNTHB.csv,94968,.csv
backup_migrated\data_csv_full\SINCRONIZADOS\D1_SINCRONIZADO\MXNTRY.csv,97463,.csv
backup_migrated\data_csv_full\SINCRONIZADOS\D1_SINCRONIZADO\NLD_IDX.csv,94011,.csv
backup_migrated\data_csv_full\SINCRONIZADOS\D1_SINCRONIZADO\NOKAED.csv,91309,.csv
backup_migrated\data_csv_full\SINCRONIZADOS\D1_SINCRONIZADO\NOKCNH.csv,90423,.csv
backup_migrated\data_csv_full\SINCRONIZADOS\D1_SINCRONIZADO\NOKCZK.csv,90144,.csv
backup_migrated\data_csv_full\SINCRONIZADOS\D1_SINCRONIZADO\NOKDKK.csv,92434,.csv
backup_migrated\data_csv_full\SINCRONIZADOS\D1_SINCRONIZADO\NOKHKD.csv,92396,.csv
backup_migrated\data_csv_full\SINCRONIZADOS\D1_SINCRONIZADO\NOKHUF.csv,86916,.csv
backup_migrated\data_csv_full\SINCRONIZADOS\D1_SINCRONIZADO\NOKILS.csv,91265,.csv
backup_migrated\data_csv_full\SINCRONIZADOS\D1_SINCRONIZADO\NOKJPY.csv,103655,.csv
backup_migrated\data_csv_full\SINCRONIZADOS\D1_SINCRONIZADO\NOKMXN.csv,95407,.csv
backup_migrated\data_csv_full\SINCRONIZADOS\D1_SINCRONIZADO\NOKRON.csv,91304,.csv
backup_migrated\data_csv_full\SINCRONIZADOS\D1_SINCRONIZADO\NOKSAR.csv,91311,.csv
backup_migrated\data_csv_full\SINCRONIZADOS\D1_SINCRONIZADO\NOKSEK.csv,88590,.csv
backup_migrated\data_csv_full\SINCRONIZADOS\D1_SINCRONIZADO\NOKTHB.csv,78359,.csv
backup_migrated\data_csv_full\SINCRONIZADOS\D1_SINCRONIZADO\NOKTRY.csv,96869,.csv
backup_migrated\data_csv_full\SINCRONIZADOS\D1_SINCRONIZADO\NOKZAR.csv,98212,.csv
backup_migrated\data_csv_full\SINCRONIZADOS\D1_SINCRONIZADO\NZDAED.csv,90836,.csv
backup_migrated\data_csv_full\SINCRONIZADOS\D1_SINCRONIZADO\NZDCAD.csv,89289,.csv
backup_migrated\data_csv_full\SINCRONIZADOS\D1_SINCRONIZADO\NZDCHF.csv,88498,.csv
backup_migrated\data_csv_full\SINCRONIZADOS\D1_SINCRONIZADO\NZDCNH.csv,96204,.csv
backup_migrated\data_csv_full\SINCRONIZADOS\D1_SINCRONIZADO\NZDCZK.csv,91055,.csv
backup_migrated\data_csv_full\SINCRONIZADOS\D1_SINCRONIZADO\NZDDKK.csv,90983,.csv
backup_migrated\data_csv_full\SINCRONIZADOS\D1_SINCRONIZADO\NZDHKD.csv,90881,.csv
backup_migrated\data_csv_full\SINCRONIZADOS\D1_SINCRONIZADO\NZDHUF.csv,90891,.csv
backup_migrated\data_csv_full\SINCRONIZADOS\D1_SINCRONIZADO\NZDILS.csv,89031,.csv
backup_migrated\data_csv_full\SINCRONIZADOS\D1_SINCRONIZADO\NZDJPY.csv,82197,.csv
backup_migrated\data_csv_full\SINCRONIZADOS\D1_SINCRONIZADO\NZDMXN.csv,94945,.csv
backup_migrated\data_csv_full\SINCRONIZADOS\D1_SINCRONIZADO\NZDNOK.csv,92430,.csv
backup_migrated\data_csv_full\SINCRONIZADOS\D1_SINCRONIZADO\NZDPLN.csv,88951,.csv
backup_migrated\data_csv_full\SINCRONIZADOS\D1_SINCRONIZADO\NZDRON.csv,90517,.csv
backup_migrated\data_csv_full\SINCRONIZADOS\D1_SINCRONIZADO\NZDSAR.csv,90859,.csv
backup_migrated\data_csv_full\SINCRONIZADOS\D1_SINCRONIZADO\NZDSEK.csv,101087,.csv
backup_migrated\data_csv_full\SINCRONIZADOS\D1_SINCRONIZADO\NZDSGD.csv,88112,.csv
backup_migrated\data_csv_full\SINCRONIZADOS\D1_SINCRONIZADO\NZDTHB.csv,83557,.csv
backup_migrated\data_csv_full\SINCRONIZADOS\D1_SINCRONIZADO\NZDTRY.csv,101684,.csv
backup_migrated\data_csv_full\SINCRONIZADOS\D1_SINCRONIZADO\NZDUSD.csv,89253,.csv
backup_migrated\data_csv_full\SINCRONIZADOS\D1_SINCRONIZADO\NZDZAR.csv,94120,.csv
backup_migrated\data_csv_full\SINCRONIZADOS\D1_SINCRONIZADO\PLN_IDX.csv,100429,.csv
backup_migrated\data_csv_full\SINCRONIZADOS\D1_SINCRONIZADO\PLNAED.csv,90949,.csv
backup_migrated\data_csv_full\SINCRONIZADOS\D1_SINCRONIZADO\PLNCNH.csv,92340,.csv
backup_migrated\data_csv_full\SINCRONIZADOS\D1_SINCRONIZADO\PLNCZK.csv,90311,.csv
backup_migrated\data_csv_full\SINCRONIZADOS\D1_SINCRONIZADO\PLNDKK.csv,87206,.csv
backup_migrated\data_csv_full\SINCRONIZADOS\D1_SINCRONIZADO\PLNHKD.csv,91961,.csv
backup_migrated\data_csv_full\SINCRONIZADOS\D1_SINCRONIZADO\PLNHUF.csv,85207,.csv
backup_migrated\data_csv_full\SINCRONIZADOS\D1_SINCRONIZADO\PLNILS.csv,90944,.csv
backup_migrated\data_csv_full\SINCRONIZADOS\D1_SINCRONIZADO\PLNJPY.csv,90693,.csv
backup_migrated\data_csv_full\SINCRONIZADOS\D1_SINCRONIZADO\PLNMXN.csv,92519,.csv
backup_migrated\data_csv_full\SINCRONIZADOS\D1_SINCRONIZADO\PLNNOK.csv,102608,.csv
backup_migrated\data_csv_full\SINCRONIZADOS\D1_SINCRONIZADO\PLNRON.csv,90984,.csv
backup_migrated\data_csv_full\SINCRONIZADOS\D1_SINCRONIZADO\PLNSAR.csv,89943,.csv
backup_migrated\data_csv_full\SINCRONIZADOS\D1_SINCRONIZADO\PLNSEK.csv,92007,.csv
backup_migrated\data_csv_full\SINCRONIZADOS\D1_SINCRONIZADO\PLNTHB.csv,91421,.csv
backup_migrated\data_csv_full\SINCRONIZADOS\D1_SINCRONIZADO\PLNTRY.csv,97055,.csv
backup_migrated\data_csv_full\SINCRONIZADOS\D1_SINCRONIZADO\PLNZAR.csv,92787,.csv
backup_migrated\data_csv_full\SINCRONIZADOS\D1_SINCRONIZADO\RONCNH.csv,93760,.csv
backup_migrated\data_csv_full\SINCRONIZADOS\D1_SINCRONIZADO\RONCZK.csv,85213,.csv
backup_migrated\data_csv_full\SINCRONIZADOS\D1_SINCRONIZADO\RONHKD.csv,124574,.csv
backup_migrated\data_csv_full\SINCRONIZADOS\D1_SINCRONIZADO\RONHUF.csv,83789,.csv
backup_migrated\data_csv_full\SINCRONIZADOS\D1_SINCRONIZADO\RONJPY.csv,84791,.csv
backup_migrated\data_csv_full\SINCRONIZADOS\D1_SINCRONIZADO\RONMXN.csv,92252,.csv
backup_migrated\data_csv_full\SINCRONIZADOS\D1_SINCRONIZADO\RONTHB.csv,78578,.csv
backup_migrated\data_csv_full\SINCRONIZADOS\D1_SINCRONIZADO\RONTRY.csv,89160,.csv
backup_migrated\data_csv_full\SINCRONIZADOS\D1_SINCRONIZADO\RONZAR.csv,92153,.csv
backup_migrated\data_csv_full\SINCRONIZADOS\D1_SINCRONIZADO\SARCNH.csv,92016,.csv
backup_migrated\data_csv_full\SINCRONIZADOS\D1_SINCRONIZADO\SARCZK.csv,85416,.csv
backup_migrated\data_csv_full\SINCRONIZADOS\D1_SINCRONIZADO\SARHKD.csv,89602,.csv
backup_migrated\data_csv_full\SINCRONIZADOS\D1_SINCRONIZADO\SARHUF.csv,83444,.csv
backup_migrated\data_csv_full\SINCRONIZADOS\D1_SINCRONIZADO\SARJPY.csv,84821,.csv
backup_migrated\data_csv_full\SINCRONIZADOS\D1_SINCRONIZADO\SARMXN.csv,93531,.csv
backup_migrated\data_csv_full\SINCRONIZADOS\D1_SINCRONIZADO\SARRON.csv,90912,.csv
backup_migrated\data_csv_full\SINCRONIZADOS\D1_SINCRONIZADO\SARTHB.csv,77935,.csv
backup_migrated\data_csv_full\SINCRONIZADOS\D1_SINCRONIZADO\SARTRY.csv,87047,.csv
backup_migrated\data_csv_full\SINCRONIZADOS\D1_SINCRONIZADO\SARZAR.csv,86751,.csv
backup_migrated\data_csv_full\SINCRONIZADOS\D1_SINCRONIZADO\SEKAED.csv,91209,.csv
backup_migrated\data_csv_full\SINCRONIZADOS\D1_SINCRONIZADO\SEKCNH.csv,91362,.csv
backup_migrated\data_csv_full\SINCRONIZADOS\D1_SINCRONIZADO\SEKCZK.csv,90053,.csv
backup_migrated\data_csv_full\SINCRONIZADOS\D1_SINCRONIZADO\SEKDKK.csv,92431,.csv
backup_migrated\data_csv_full\SINCRONIZADOS\D1_SINCRONIZADO\SEKHKD.csv,90780,.csv
backup_migrated\data_csv_full\SINCRONIZADOS\D1_SINCRONIZADO\SEKHUF.csv,93939,.csv
backup_migrated\data_csv_full\SINCRONIZADOS\D1_SINCRONIZADO\SEKILS.csv,90231,.csv
backup_migrated\data_csv_full\SINCRONIZADOS\D1_SINCRONIZADO\SEKJPY.csv,82427,.csv
backup_migrated\data_csv_full\SINCRONIZADOS\D1_SINCRONIZADO\SEKMXN.csv,96469,.csv
backup_migrated\data_csv_full\SINCRONIZADOS\D1_SINCRONIZADO\SEKRON.csv,91236,.csv
backup_migrated\data_csv_full\SINCRONIZADOS\D1_SINCRONIZADO\SEKSAR.csv,91226,.csv
backup_migrated\data_csv_full\SINCRONIZADOS\D1_SINCRONIZADO\SEKTHB.csv,78443,.csv
backup_migrated\data_csv_full\SINCRONIZADOS\D1_SINCRONIZADO\SEKTRY.csv,96085,.csv
backup_migrated\data_csv_full\SINCRONIZADOS\D1_SINCRONIZADO\SEKZAR.csv,97566,.csv
backup_migrated\data_csv_full\SINCRONIZADOS\D1_SINCRONIZADO\SGD_IDX.csv,92547,.csv
backup_migrated\data_csv_full\SINCRONIZADOS\D1_SINCRONIZADO\SGDAED.csv,91678,.csv
backup_migrated\data_csv_full\SINCRONIZADOS\D1_SINCRONIZADO\SGDCNH.csv,92547,.csv
backup_migrated\data_csv_full\SINCRONIZADOS\D1_SINCRONIZADO\SGDCZK.csv,102672,.csv
backup_migrated\data_csv_full\SINCRONIZADOS\D1_SINCRONIZADO\SGDDKK.csv,92480,.csv
backup_migrated\data_csv_full\SINCRONIZADOS\D1_SINCRONIZADO\SGDHKD.csv,88894,.csv
backup_migrated\data_csv_full\SINCRONIZADOS\D1_SINCRONIZADO\SGDHUF.csv,95943,.csv
backup_migrated\data_csv_full\SINCRONIZADOS\D1_SINCRONIZADO\SGDILS.csv,89637,.csv
backup_migrated\data_csv_full\SINCRONIZADOS\D1_SINCRONIZADO\SGDJPY.csv,90209,.csv
backup_migrated\data_csv_full\SINCRONIZADOS\D1_SINCRONIZADO\SGDMXN.csv,94834,.csv
backup_migrated\data_csv_full\SINCRONIZADOS\D1_SINCRONIZADO\SGDNOK.csv,92975,.csv
backup_migrated\data_csv_full\SINCRONIZADOS\D1_SINCRONIZADO\SGDPLN.csv,92899,.csv
backup_migrated\data_csv_full\SINCRONIZADOS\D1_SINCRONIZADO\SGDRON.csv,91997,.csv
backup_migrated\data_csv_full\SINCRONIZADOS\D1_SINCRONIZADO\SGDSAR.csv,92731,.csv
backup_migrated\data_csv_full\SINCRONIZADOS\D1_SINCRONIZADO\SGDSEK.csv,92586,.csv
backup_migrated\data_csv_full\SINCRONIZADOS\D1_SINCRONIZADO\SGDTHB.csv,82662,.csv
backup_migrated\data_csv_full\SINCRONIZADOS\D1_SINCRONIZADO\SGDTRY.csv,101906,.csv
backup_migrated\data_csv_full\SINCRONIZADOS\D1_SINCRONIZADO\SGDZAR.csv,98362,.csv
backup_migrated\data_csv_full\SINCRONIZADOS\D1_SINCRONIZADO\SOA_IDX.csv,101984,.csv
backup_migrated\data_csv_full\SINCRONIZADOS\D1_SINCRONIZADO\THBHUF.csv,95670,.csv
backup_migrated\data_csv_full\SINCRONIZADOS\D1_SINCRONIZADO\THBJPY.csv,91739,.csv
backup_migrated\data_csv_full\SINCRONIZADOS\D1_SINCRONIZADO\TRXUSD.csv,90124,.csv
backup_migrated\data_csv_full\SINCRONIZADOS\D1_SINCRONIZADO\TRYHUF.csv,88127,.csv
backup_migrated\data_csv_full\SINCRONIZADOS\D1_SINCRONIZADO\TRYJPY.csv,79129,.csv
backup_migrated\data_csv_full\SINCRONIZADOS\D1_SINCRONIZADO\TRYTHB.csv,92146,.csv
backup_migrated\data_csv_full\SINCRONIZADOS\D1_SINCRONIZADO\UNIUSD.csv,76859,.csv
backup_migrated\data_csv_full\SINCRONIZADOS\D1_SINCRONIZADO\USA30_IDX.csv,106957,.csv
backup_migrated\data_csv_full\SINCRONIZADOS\D1_SINCRONIZADO\USA500_IDX.csv,105460,.csv
backup_migrated\data_csv_full\SINCRONIZADOS\D1_SINCRONIZADO\USATECH_IDX.csv,114465,.csv
backup_migrated\data_csv_full\SINCRONIZADOS\D1_SINCRONIZADO\USDAED.csv,76689,.csv
backup_migrated\data_csv_full\SINCRONIZADOS\D1_SINCRONIZADO\USDCAD.csv,85691,.csv
backup_migrated\data_csv_full\SINCRONIZADOS\D1_SINCRONIZADO\USDCHF.csv,88439,.csv
backup_migrated\data_csv_full\SINCRONIZADOS\D1_SINCRONIZADO\USDCNH.csv,89408,.csv
backup_migrated\data_csv_full\SINCRONIZADOS\D1_SINCRONIZADO\USDCZK.csv,91601,.csv
backup_migrated\data_csv_full\SINCRONIZADOS\D1_SINCRONIZADO\USDDKK.csv,92028,.csv
backup_migrated\data_csv_full\SINCRONIZADOS\D1_SINCRONIZADO\USDHKD.csv,91797,.csv
backup_migrated\data_csv_full\SINCRONIZADOS\D1_SINCRONIZADO\USDHUF.csv,90775,.csv
backup_migrated\data_csv_full\SINCRONIZADOS\D1_SINCRONIZADO\USDILS.csv,91230,.csv
backup_migrated\data_csv_full\SINCRONIZADOS\D1_SINCRONIZADO\USDJPY.csv,93583,.csv
backup_migrated\data_csv_full\SINCRONIZADOS\D1_SINCRONIZADO\USDMXN.csv,94838,.csv
backup_migrated\data_csv_full\SINCRONIZADOS\D1_SINCRONIZADO\USDNOK.csv,92968,.csv
backup_migrated\data_csv_full\SINCRONIZADOS\D1_SINCRONIZADO\USDPLN.csv,87130,.csv
backup_migrated\data_csv_full\SINCRONIZADOS\D1_SINCRONIZADO\USDRON.csv,92651,.csv
backup_migrated\data_csv_full\SINCRONIZADOS\D1_SINCRONIZADO\USDSAR.csv,76829,.csv
backup_migrated\data_csv_full\SINCRONIZADOS\D1_SINCRONIZADO\USDSEK.csv,92527,.csv
backup_migrated\data_csv_full\SINCRONIZADOS\D1_SINCRONIZADO\USDSGD.csv,88462,.csv
backup_migrated\data_csv_full\SINCRONIZADOS\D1_SINCRONIZADO\USDTHB.csv,90619,.csv
backup_migrated\data_csv_full\SINCRONIZADOS\D1_SINCRONIZADO\USDTRY.csv,91585,.csv
backup_migrated\data_csv_full\SINCRONIZADOS\D1_SINCRONIZADO\USDZAR.csv,97956,.csv
backup_migrated\data_csv_full\SINCRONIZADOS\D1_SINCRONIZADO\USSC2000_IDX.csv,108573,.csv
backup_migrated\data_csv_full\SINCRONIZADOS\D1_SINCRONIZADO\VOL_IDX.csv,79237,.csv
backup_migrated\data_csv_full\SINCRONIZADOS\D1_SINCRONIZADO\XAGAED.csv,86187,.csv
backup_migrated\data_csv_full\SINCRONIZADOS\D1_SINCRONIZADO\XAGAUD.csv,85353,.csv
backup_migrated\data_csv_full\SINCRONIZADOS\D1_SINCRONIZADO\XAGCAD.csv,83531,.csv
backup_migrated\data_csv_full\SINCRONIZADOS\D1_SINCRONIZADO\XAGCHF.csv,84065,.csv
backup_migrated\data_csv_full\SINCRONIZADOS\D1_SINCRONIZADO\XAGCNH.csv,87337,.csv
backup_migrated\data_csv_full\SINCRONIZADOS\D1_SINCRONIZADO\XAGCZK.csv,90936,.csv
backup_migrated\data_csv_full\SINCRONIZADOS\D1_SINCRONIZADO\XAGDKK.csv,87650,.csv
backup_migrated\data_csv_full\SINCRONIZADOS\D1_SINCRONIZADO\XAGEUR.csv,86172,.csv
backup_migrated\data_csv_full\SINCRONIZADOS\D1_SINCRONIZADO\XAGGBP.csv,86340,.csv
backup_migrated\data_csv_full\SINCRONIZADOS\D1_SINCRONIZADO\XAGHKD.csv,84044,.csv
backup_migrated\data_csv_full\SINCRONIZADOS\D1_SINCRONIZADO\XAGHUF.csv,94943,.csv
backup_migrated\data_csv_full\SINCRONIZADOS\D1_SINCRONIZADO\XAGILS.csv,87176,.csv
backup_migrated\data_csv_full\SINCRONIZADOS\D1_SINCRONIZADO\XAGJPY.csv,94066,.csv
backup_migrated\data_csv_full\SINCRONIZADOS\D1_SINCRONIZADO\XAGMXN.csv,84678,.csv
backup_migrated\data_csv_full\SINCRONIZADOS\D1_SINCRONIZADO\XAGNOK.csv,87768,.csv
backup_migrated\data_csv_full\SINCRONIZADOS\D1_SINCRONIZADO\XAGNZD.csv,88906,.csv
backup_migrated\data_csv_full\SINCRONIZADOS\D1_SINCRONIZADO\XAGPLN.csv,90215,.csv
backup_migrated\data_csv_full\SINCRONIZADOS\D1_SINCRONIZADO\XAGRON.csv,87230,.csv
backup_migrated\data_csv_full\SINCRONIZADOS\D1_SINCRONIZADO\XAGSAR.csv,87208,.csv
backup_migrated\data_csv_full\SINCRONIZADOS\D1_SINCRONIZADO\XAGSEK.csv,83710,.csv
backup_migrated\data_csv_full\SINCRONIZADOS\D1_SINCRONIZADO\XAGSGD.csv,81523,.csv
backup_migrated\data_csv_full\SINCRONIZADOS\D1_SINCRONIZADO\XAGTHB.csv,93583,.csv
backup_migrated\data_csv_full\SINCRONIZADOS\D1_SINCRONIZADO\XAGTRY.csv,86289,.csv
backup_migrated\data_csv_full\SINCRONIZADOS\D1_SINCRONIZADO\XAGUSD.csv,84495,.csv
backup_migrated\data_csv_full\SINCRONIZADOS\D1_SINCRONIZADO\XAGZAR.csv,87878,.csv
backup_migrated\data_csv_full\SINCRONIZADOS\D1_SINCRONIZADO\XAUAED.csv,94376,.csv
backup_migrated\data_csv_full\SINCRONIZADOS\D1_SINCRONIZADO\XAUAUD.csv,92501,.csv
backup_migrated\data_csv_full\SINCRONIZADOS\D1_SINCRONIZADO\XAUCAD.csv,92483,.csv
backup_migrated\data_csv_full\SINCRONIZADOS\D1_SINCRONIZADO\XAUCHF.csv,91863,.csv
backup_migrated\data_csv_full\SINCRONIZADOS\D1_SINCRONIZADO\XAUCNH.csv,98814,.csv
backup_migrated\data_csv_full\SINCRONIZADOS\D1_SINCRONIZADO\XAUCZK.csv,86801,.csv
backup_migrated\data_csv_full\SINCRONIZADOS\D1_SINCRONIZADO\XAUDKK.csv,89059,.csv
backup_migrated\data_csv_full\SINCRONIZADOS\D1_SINCRONIZADO\XAUEUR.csv,92295,.csv
backup_migrated\data_csv_full\SINCRONIZADOS\D1_SINCRONIZADO\XAUGBP.csv,91937,.csv
backup_migrated\data_csv_full\SINCRONIZADOS\D1_SINCRONIZADO\XAUHKD.csv,90808,.csv
backup_migrated\data_csv_full\SINCRONIZADOS\D1_SINCRONIZADO\XAUHUF.csv,94946,.csv
backup_migrated\data_csv_full\SINCRONIZADOS\D1_SINCRONIZADO\XAUILS.csv,94453,.csv
backup_migrated\data_csv_full\SINCRONIZADOS\D1_SINCRONIZADO\XAUJPY.csv,92820,.csv
backup_migrated\data_csv_full\SINCRONIZADOS\D1_SINCRONIZADO\XAUMXN.csv,86583,.csv
backup_migrated\data_csv_full\SINCRONIZADOS\D1_SINCRONIZADO\XAUNOK.csv,89951,.csv
backup_migrated\data_csv_full\SINCRONIZADOS\D1_SINCRONIZADO\XAUNZD.csv,92511,.csv
backup_migrated\data_csv_full\SINCRONIZADOS\D1_SINCRONIZADO\XAUPLN.csv,86949,.csv
backup_migrated\data_csv_full\SINCRONIZADOS\D1_SINCRONIZADO\XAURON.csv,98798,.csv
backup_migrated\data_csv_full\SINCRONIZADOS\D1_SINCRONIZADO\XAUSAR.csv,94528,.csv
backup_migrated\data_csv_full\SINCRONIZADOS\D1_SINCRONIZADO\XAUSEK.csv,90842,.csv
backup_migrated\data_csv_full\SINCRONIZADOS\D1_SINCRONIZADO\XAUSGD.csv,92469,.csv
backup_migrated\data_csv_full\SINCRONIZADOS\D1_SINCRONIZADO\XAUTHB.csv,88154,.csv
backup_migrated\data_csv_full\SINCRONIZADOS\D1_SINCRONIZADO\XAUTRY.csv,88299,.csv
backup_migrated\data_csv_full\SINCRONIZADOS\D1_SINCRONIZADO\XAUUSD.csv,96105,.csv
backup_migrated\data_csv_full\SINCRONIZADOS\D1_SINCRONIZADO\XAUXAG.csv,92729,.csv
backup_migrated\data_csv_full\SINCRONIZADOS\D1_SINCRONIZADO\XAUZAR.csv,86577,.csv
backup_migrated\data_csv_full\SINCRONIZADOS\D1_SINCRONIZADO\XLMCHF.csv,90383,.csv
backup_migrated\data_csv_full\SINCRONIZADOS\D1_SINCRONIZADO\XLMEUR.csv,90441,.csv
backup_migrated\data_csv_full\SINCRONIZADOS\D1_SINCRONIZADO\XLMGBP.csv,90005,.csv
backup_migrated\data_csv_full\SINCRONIZADOS\D1_SINCRONIZADO\XLMUSD.csv,90646,.csv
backup_migrated\data_csv_full\SINCRONIZADOS\D1_SINCRONIZADO\YFIUSD.csv,79848,.csv
backup_migrated\data_csv_full\SINCRONIZADOS\D1_SINCRONIZADO\ZARCZK.csv,89995,.csv
backup_migrated\data_csv_full\SINCRONIZADOS\D1_SINCRONIZADO\ZARHUF.csv,89671,.csv
backup_migrated\data_csv_full\SINCRONIZADOS\D1_SINCRONIZADO\ZARJPY.csv,80006,.csv
backup_migrated\data_csv_full\SINCRONIZADOS\D1_SINCRONIZADO\ZARMXN.csv,90698,.csv
backup_migrated\data_csv_full\SINCRONIZADOS\D1_SINCRONIZADO\ZARTHB.csv,77620,.csv
backup_migrated\data_csv_full\SINCRONIZADOS\D1_SINCRONIZADO\ZARTRY.csv,96005,.csv
backup_migrated\data_csv_full\SINCRONIZADOS\H1_SINCRONIZADO\ADAUSD.csv,2095207,.csv
backup_migrated\data_csv_full\SINCRONIZADOS\H1_SINCRONIZADO\AEDCNH.csv,2421494,.csv
backup_migrated\data_csv_full\SINCRONIZADOS\H1_SINCRONIZADO\AEDCZK.csv,2360222,.csv
backup_migrated\data_csv_full\SINCRONIZADOS\H1_SINCRONIZADO\AEDHKD.csv,2429023,.csv
backup_migrated\data_csv_full\SINCRONIZADOS\H1_SINCRONIZADO\AEDHUF.csv,2529364,.csv
backup_migrated\data_csv_full\SINCRONIZADOS\H1_SINCRONIZADO\AEDJPY.csv,2342913,.csv
backup_migrated\data_csv_full\SINCRONIZADOS\H1_SINCRONIZADO\AEDMXN.csv,2479823,.csv
backup_migrated\data_csv_full\SINCRONIZADOS\H1_SINCRONIZADO\AEDRON.csv,2441756,.csv
backup_migrated\data_csv_full\SINCRONIZADOS\H1_SINCRONIZADO\AEDSAR.csv,2417480,.csv
backup_migrated\data_csv_full\SINCRONIZADOS\H1_SINCRONIZADO\AEDTHB.csv,2169302,.csv
backup_migrated\data_csv_full\SINCRONIZADOS\H1_SINCRONIZADO\AEDTRY.csv,2491233,.csv
backup_migrated\data_csv_full\SINCRONIZADOS\H1_SINCRONIZADO\AEDZAR.csv,2507047,.csv
backup_migrated\data_csv_full\SINCRONIZADOS\H1_SINCRONIZADO\AUDAED.csv,2492593,.csv
backup_migrated\data_csv_full\SINCRONIZADOS\H1_SINCRONIZADO\AUDCAD.csv,2420641,.csv
backup_migrated\data_csv_full\SINCRONIZADOS\H1_SINCRONIZADO\AUDCHF.csv,2408725,.csv
backup_migrated\data_csv_full\SINCRONIZADOS\H1_SINCRONIZADO\AUDCNH.csv,2483837,.csv
backup_migrated\data_csv_full\SINCRONIZADOS\H1_SINCRONIZADO\AUDCZK.csv,2469606,.csv
backup_migrated\data_csv_full\SINCRONIZADOS\H1_SINCRONIZADO\AUDDKK.csv,2589393,.csv
backup_migrated\data_csv_full\SINCRONIZADOS\H1_SINCRONIZADO\AUDHKD.csv,2611872,.csv
backup_migrated\data_csv_full\SINCRONIZADOS\H1_SINCRONIZADO\AUDHUF.csv,2491538,.csv
backup_migrated\data_csv_full\SINCRONIZADOS\H1_SINCRONIZADO\AUDILS.csv,2490383,.csv
backup_migrated\data_csv_full\SINCRONIZADOS\H1_SINCRONIZADO\AUDJPY.csv,2305248,.csv
backup_migrated\data_csv_full\SINCRONIZADOS\H1_SINCRONIZADO\AUDMXN.csv,2557910,.csv
backup_migrated\data_csv_full\SINCRONIZADOS\H1_SINCRONIZADO\AUDNOK.csv,2457333,.csv
backup_migrated\data_csv_full\SINCRONIZADOS\H1_SINCRONIZADO\AUDNZD.csv,2450413,.csv
backup_migrated\data_csv_full\SINCRONIZADOS\H1_SINCRONIZADO\AUDPLN.csv,2471584,.csv
backup_migrated\data_csv_full\SINCRONIZADOS\H1_SINCRONIZADO\AUDRON.csv,2502056,.csv
backup_migrated\data_csv_full\SINCRONIZADOS\H1_SINCRONIZADO\AUDSAR.csv,2471995,.csv
backup_migrated\data_csv_full\SINCRONIZADOS\H1_SINCRONIZADO\AUDSEK.csv,2521915,.csv
backup_migrated\data_csv_full\SINCRONIZADOS\H1_SINCRONIZADO\AUDSGD.csv,2479977,.csv
backup_migrated\data_csv_full\SINCRONIZADOS\H1_SINCRONIZADO\AUDTHB.csv,2314348,.csv
backup_migrated\data_csv_full\SINCRONIZADOS\H1_SINCRONIZADO\AUDTRY.csv,2565744,.csv
backup_migrated\data_csv_full\SINCRONIZADOS\H1_SINCRONIZADO\AUDUSD.csv,2469888,.csv
backup_migrated\data_csv_full\SINCRONIZADOS\H1_SINCRONIZADO\AUDZAR.csv,2559765,.csv
backup_migrated\data_csv_full\SINCRONIZADOS\H1_SINCRONIZADO\AUS_IDX.csv,2690643,.csv
backup_migrated\data_csv_full\SINCRONIZADOS\H1_SINCRONIZADO\AVEUSD.csv,2173680,.csv
backup_migrated\data_csv_full\SINCRONIZADOS\H1_SINCRONIZADO\BATUSD.csv,2383561,.csv
backup_migrated\data_csv_full\SINCRONIZADOS\H1_SINCRONIZADO\BCHCHF.csv,2094240,.csv
backup_migrated\data_csv_full\SINCRONIZADOS\H1_SINCRONIZADO\BCHEUR.csv,2094998,.csv
backup_migrated\data_csv_full\SINCRONIZADOS\H1_SINCRONIZADO\BCHGBP.csv,2088345,.csv
backup_migrated\data_csv_full\SINCRONIZADOS\H1_SINCRONIZADO\BCHUSD.csv,2162409,.csv
backup_migrated\data_csv_full\SINCRONIZADOS\H1_SINCRONIZADO\BTCCHF.csv,2397484,.csv
backup_migrated\data_csv_full\SINCRONIZADOS\H1_SINCRONIZADO\BTCEUR.csv,2360325,.csv
backup_migrated\data_csv_full\SINCRONIZADOS\H1_SINCRONIZADO\BTCGBP.csv,2397598,.csv
backup_migrated\data_csv_full\SINCRONIZADOS\H1_SINCRONIZADO\BTCUSD.csv,2564738,.csv
backup_migrated\data_csv_full\SINCRONIZADOS\H1_SINCRONIZADO\CADAED.csv,2488781,.csv
backup_migrated\data_csv_full\SINCRONIZADOS\H1_SINCRONIZADO\CADCHF.csv,2406497,.csv
backup_migrated\data_csv_full\SINCRONIZADOS\H1_SINCRONIZADO\CADCNH.csv,2473153,.csv
backup_migrated\data_csv_full\SINCRONIZADOS\H1_SINCRONIZADO\CADCZK.csv,2494039,.csv
backup_migrated\data_csv_full\SINCRONIZADOS\H1_SINCRONIZADO\CADDKK.csv,2486326,.csv
backup_migrated\data_csv_full\SINCRONIZADOS\H1_SINCRONIZADO\CADHKD.csv,2462871,.csv
backup_migrated\data_csv_full\SINCRONIZADOS\H1_SINCRONIZADO\CADHUF.csv,2467384,.csv
backup_migrated\data_csv_full\SINCRONIZADOS\H1_SINCRONIZADO\CADILS.csv,2503207,.csv
backup_migrated\data_csv_full\SINCRONIZADOS\H1_SINCRONIZADO\CADJPY.csv,2445566,.csv
backup_migrated\data_csv_full\SINCRONIZADOS\H1_SINCRONIZADO\CADMXN.csv,2601785,.csv
backup_migrated\data_csv_full\SINCRONIZADOS\H1_SINCRONIZADO\CADNOK.csv,2508816,.csv
backup_migrated\data_csv_full\SINCRONIZADOS\H1_SINCRONIZADO\CADPLN.csv,2461510,.csv
backup_migrated\data_csv_full\SINCRONIZADOS\H1_SINCRONIZADO\CADRON.csv,2444390,.csv
backup_migrated\data_csv_full\SINCRONIZADOS\H1_SINCRONIZADO\CADSAR.csv,2510956,.csv
backup_migrated\data_csv_full\SINCRONIZADOS\H1_SINCRONIZADO\CADSEK.csv,2512844,.csv
backup_migrated\data_csv_full\SINCRONIZADOS\H1_SINCRONIZADO\CADSGD.csv,2495327,.csv
backup_migrated\data_csv_full\SINCRONIZADOS\H1_SINCRONIZADO\CADTHB.csv,2312040,.csv
backup_migrated\data_csv_full\SINCRONIZADOS\H1_SINCRONIZADO\CADTRY.csv,2721169,.csv
backup_migrated\data_csv_full\SINCRONIZADOS\H1_SINCRONIZADO\CADZAR.csv,2619174,.csv
backup_migrated\data_csv_full\SINCRONIZADOS\H1_SINCRONIZADO\CHE_IDX.csv,2671085,.csv
backup_migrated\data_csv_full\SINCRONIZADOS\H1_SINCRONIZADO\CHFAED.csv,2448046,.csv
backup_migrated\data_csv_full\SINCRONIZADOS\H1_SINCRONIZADO\CHFCNH.csv,2504214,.csv
backup_migrated\data_csv_full\SINCRONIZADOS\H1_SINCRONIZADO\CHFCZK.csv,2603833,.csv
backup_migrated\data_csv_full\SINCRONIZADOS\H1_SINCRONIZADO\CHFDKK.csv,2465539,.csv
backup_migrated\data_csv_full\SINCRONIZADOS\H1_SINCRONIZADO\CHFHKD.csv,2470426,.csv
backup_migrated\data_csv_full\SINCRONIZADOS\H1_SINCRONIZADO\CHFHUF.csv,2442218,.csv
backup_migrated\data_csv_full\SINCRONIZADOS\H1_SINCRONIZADO\CHFILS.csv,2491146,.csv
backup_migrated\data_csv_full\SINCRONIZADOS\H1_SINCRONIZADO\CHFJPY.csv,2465514,.csv
backup_migrated\data_csv_full\SINCRONIZADOS\H1_SINCRONIZADO\CHFMXN.csv,2536214,.csv
backup_migrated\data_csv_full\SINCRONIZADOS\H1_SINCRONIZADO\CHFNOK.csv,2715308,.csv
backup_migrated\data_csv_full\SINCRONIZADOS\H1_SINCRONIZADO\CHFPLN.csv,2455575,.csv
backup_migrated\data_csv_full\SINCRONIZADOS\H1_SINCRONIZADO\CHFRON.csv,2757695,.csv
backup_migrated\data_csv_full\SINCRONIZADOS\H1_SINCRONIZADO\CHFSAR.csv,2764522,.csv
backup_migrated\data_csv_full\SINCRONIZADOS\H1_SINCRONIZADO\CHFSEK.csv,2536914,.csv
backup_migrated\data_csv_full\SINCRONIZADOS\H1_SINCRONIZADO\CHFSGD.csv,2532480,.csv
backup_migrated\data_csv_full\SINCRONIZADOS\H1_SINCRONIZADO\CHFTHB.csv,2336152,.csv
backup_migrated\data_csv_full\SINCRONIZADOS\H1_SINCRONIZADO\CHFTRY.csv,2698470,.csv
backup_migrated\data_csv_full\SINCRONIZADOS\H1_SINCRONIZADO\CHFZAR.csv,2618019,.csv
backup_migrated\data_csv_full\SINCRONIZADOS\H1_SINCRONIZADO\CHI_IDX.csv,2731994,.csv
backup_migrated\data_csv_full\SINCRONIZADOS\H1_SINCRONIZADO\CMPUSD.csv,2089327,.csv
backup_migrated\data_csv_full\SINCRONIZADOS\H1_SINCRONIZADO\CNHCZK.csv,2359606,.csv
backup_migrated\data_csv_full\SINCRONIZADOS\H1_SINCRONIZADO\CNHHKD.csv,2471422,.csv
backup_migrated\data_csv_full\SINCRONIZADOS\H1_SINCRONIZADO\CNHHUF.csv,2350261,.csv
backup_migrated\data_csv_full\SINCRONIZADOS\H1_SINCRONIZADO\CNHJPY.csv,2330592,.csv
backup_migrated\data_csv_full\SINCRONIZADOS\H1_SINCRONIZADO\CNHMXN.csv,2540581,.csv
backup_migrated\data_csv_full\SINCRONIZADOS\H1_SINCRONIZADO\CNHTHB.csv,2507063,.csv
backup_migrated\data_csv_full\SINCRONIZADOS\H1_SINCRONIZADO\CNHTRY.csv,2449972,.csv
backup_migrated\data_csv_full\SINCRONIZADOS\H1_SINCRONIZADO\CNHZAR.csv,2505546,.csv
backup_migrated\data_csv_full\SINCRONIZADOS\H1_SINCRONIZADO\CZKHUF.csv,2506866,.csv
backup_migrated\data_csv_full\SINCRONIZADOS\H1_SINCRONIZADO\CZKJPY.csv,2556050,.csv
backup_migrated\data_csv_full\SINCRONIZADOS\H1_SINCRONIZADO\CZKTHB.csv,2549329,.csv
backup_migrated\data_csv_full\SINCRONIZADOS\H1_SINCRONIZADO\CZKTRY.csv,2467272,.csv
backup_migrated\data_csv_full\SINCRONIZADOS\H1_SINCRONIZADO\DEU_IDX.csv,2738403,.csv
backup_migrated\data_csv_full\SINCRONIZADOS\H1_SINCRONIZADO\DKKAED.csv,2468114,.csv
backup_migrated\data_csv_full\SINCRONIZADOS\H1_SINCRONIZADO\DKKCNH.csv,2473749,.csv
backup_migrated\data_csv_full\SINCRONIZADOS\H1_SINCRONIZADO\DKKCZK.csv,2413496,.csv
backup_migrated\data_csv_full\SINCRONIZADOS\H1_SINCRONIZADO\DKKHKD.csv,2587888,.csv
backup_migrated\data_csv_full\SINCRONIZADOS\H1_SINCRONIZADO\DKKHUF.csv,2526312,.csv
backup_migrated\data_csv_full\SINCRONIZADOS\H1_SINCRONIZADO\DKKILS.csv,2469419,.csv
backup_migrated\data_csv_full\SINCRONIZADOS\H1_SINCRONIZADO\DKKJPY.csv,2564825,.csv
backup_migrated\data_csv_full\SINCRONIZADOS\H1_SINCRONIZADO\DKKMXN.csv,2566725,.csv
backup_migrated\data_csv_full\SINCRONIZADOS\H1_SINCRONIZADO\DKKRON.csv,2446572,.csv
backup_migrated\data_csv_full\SINCRONIZADOS\H1_SINCRONIZADO\DKKSAR.csv,2468341,.csv
backup_migrated\data_csv_full\SINCRONIZADOS\H1_SINCRONIZADO\DKKTHB.csv,2183139,.csv
backup_migrated\data_csv_full\SINCRONIZADOS\H1_SINCRONIZADO\DKKTRY.csv,2585718,.csv
backup_migrated\data_csv_full\SINCRONIZADOS\H1_SINCRONIZADO\DKKZAR.csv,2542171,.csv
backup_migrated\data_csv_full\SINCRONIZADOS\H1_SINCRONIZADO\DOLLAR_IDX.csv,2562500,.csv
backup_migrated\data_csv_full\SINCRONIZADOS\H1_SINCRONIZADO\DSHUSD.csv,2324735,.csv
backup_migrated\data_csv_full\SINCRONIZADOS\H1_SINCRONIZADO\ESP_IDX.csv,2776460,.csv
backup_migrated\data_csv_full\SINCRONIZADOS\H1_SINCRONIZADO\ETHCHF.csv,2247397,.csv
backup_migrated\data_csv_full\SINCRONIZADOS\H1_SINCRONIZADO\ETHEUR.csv,2247409,.csv
backup_migrated\data_csv_full\SINCRONIZADOS\H1_SINCRONIZADO\ETHGBP.csv,2247421,.csv
backup_migrated\data_csv_full\SINCRONIZADOS\H1_SINCRONIZADO\ETHUSD.csv,2387234,.csv
backup_migrated\data_csv_full\SINCRONIZADOS\H1_SINCRONIZADO\EURAED.csv,2487305,.csv
backup_migrated\data_csv_full\SINCRONIZADOS\H1_SINCRONIZADO\EURAUD.csv,2584367,.csv
backup_migrated\data_csv_full\SINCRONIZADOS\H1_SINCRONIZADO\EURCAD.csv,2514027,.csv
backup_migrated\data_csv_full\SINCRONIZADOS\H1_SINCRONIZADO\EURCHF.csv,2449583,.csv
backup_migrated\data_csv_full\SINCRONIZADOS\H1_SINCRONIZADO\EURCNH.csv,2516671,.csv
backup_migrated\data_csv_full\SINCRONIZADOS\H1_SINCRONIZADO\EURCZK.csv,2482906,.csv
backup_migrated\data_csv_full\SINCRONIZADOS\H1_SINCRONIZADO\EURGBP.csv,2399980,.csv
backup_migrated\data_csv_full\SINCRONIZADOS\H1_SINCRONIZADO\EURHKD.csv,2446361,.csv
backup_migrated\data_csv_full\SINCRONIZADOS\H1_SINCRONIZADO\EURHUF.csv,2449232,.csv
backup_migrated\data_csv_full\SINCRONIZADOS\H1_SINCRONIZADO\EURILS.csv,2441230,.csv
backup_migrated\data_csv_full\SINCRONIZADOS\H1_SINCRONIZADO\EURJPY.csv,2435473,.csv
backup_migrated\data_csv_full\SINCRONIZADOS\H1_SINCRONIZADO\EURMXN.csv,2549983,.csv
backup_migrated\data_csv_full\SINCRONIZADOS\H1_SINCRONIZADO\EURNOK.csv,2615500,.csv
backup_migrated\data_csv_full\SINCRONIZADOS\H1_SINCRONIZADO\EURNZD.csv,2548978,.csv
backup_migrated\data_csv_full\SINCRONIZADOS\H1_SINCRONIZADO\EURPLN.csv,2480309,.csv
backup_migrated\data_csv_full\SINCRONIZADOS\H1_SINCRONIZADO\EURRON.csv,2498386,.csv
backup_migrated\data_csv_full\SINCRONIZADOS\H1_SINCRONIZADO\EURSAR.csv,2496185,.csv
backup_migrated\data_csv_full\SINCRONIZADOS\H1_SINCRONIZADO\EURSEK.csv,2630611,.csv
backup_migrated\data_csv_full\SINCRONIZADOS\H1_SINCRONIZADO\EURSGD.csv,2455001,.csv
backup_migrated\data_csv_full\SINCRONIZADOS\H1_SINCRONIZADO\EURTHB.csv,2337018,.csv
backup_migrated\data_csv_full\SINCRONIZADOS\H1_SINCRONIZADO\EURTRY.csv,2562155,.csv
backup_migrated\data_csv_full\SINCRONIZADOS\H1_SINCRONIZADO\EURUSD.csv,2471597,.csv
backup_migrated\data_csv_full\SINCRONIZADOS\H1_SINCRONIZADO\EURZAR.csv,2577201,.csv
backup_migrated\data_csv_full\SINCRONIZADOS\H1_SINCRONIZADO\EUS_IDX.csv,2690548,.csv
backup_migrated\data_csv_full\SINCRONIZADOS\H1_SINCRONIZADO\FRA_IDX.csv,2697791,.csv
backup_migrated\data_csv_full\SINCRONIZADOS\H1_SINCRONIZADO\GBPAED.csv,2501252,.csv
backup_migrated\data_csv_full\SINCRONIZADOS\H1_SINCRONIZADO\GBPAUD.csv,2465059,.csv
backup_migrated\data_csv_full\SINCRONIZADOS\H1_SINCRONIZADO\GBPCAD.csv,2484306,.csv
backup_migrated\data_csv_full\SINCRONIZADOS\H1_SINCRONIZADO\GBPCHF.csv,2387349,.csv
backup_migrated\data_csv_full\SINCRONIZADOS\H1_SINCRONIZADO\GBPCNH.csv,2589909,.csv
backup_migrated\data_csv_full\SINCRONIZADOS\H1_SINCRONIZADO\GBPCZK.csv,2416777,.csv
backup_migrated\data_csv_full\SINCRONIZADOS\H1_SINCRONIZADO\GBPDKK.csv,2431259,.csv
backup_migrated\data_csv_full\SINCRONIZADOS\H1_SINCRONIZADO\GBPHKD.csv,2633452,.csv
backup_migrated\data_csv_full\SINCRONIZADOS\H1_SINCRONIZADO\GBPHUF.csv,2485444,.csv
backup_migrated\data_csv_full\SINCRONIZADOS\H1_SINCRONIZADO\GBPILS.csv,2498908,.csv
backup_migrated\data_csv_full\SINCRONIZADOS\H1_SINCRONIZADO\GBPJPY.csv,2481997,.csv
backup_migrated\data_csv_full\SINCRONIZADOS\H1_SINCRONIZADO\GBPMXN.csv,2640485,.csv
backup_migrated\data_csv_full\SINCRONIZADOS\H1_SINCRONIZADO\GBPNOK.csv,2556908,.csv
backup_migrated\data_csv_full\SINCRONIZADOS\H1_SINCRONIZADO\GBPNZD.csv,2482096,.csv
backup_migrated\data_csv_full\SINCRONIZADOS\H1_SINCRONIZADO\GBPPLN.csv,2369585,.csv
backup_migrated\data_csv_full\SINCRONIZADOS\H1_SINCRONIZADO\GBPRON.csv,2506918,.csv
backup_migrated\data_csv_full\SINCRONIZADOS\H1_SINCRONIZADO\GBPSAR.csv,2450687,.csv
backup_migrated\data_csv_full\SINCRONIZADOS\H1_SINCRONIZADO\GBPSEK.csv,2625414,.csv
backup_migrated\data_csv_full\SINCRONIZADOS\H1_SINCRONIZADO\GBPSGD.csv,2451182,.csv
backup_migrated\data_csv_full\SINCRONIZADOS\H1_SINCRONIZADO\GBPTHB.csv,2313146,.csv
backup_migrated\data_csv_full\SINCRONIZADOS\H1_SINCRONIZADO\GBPTRY.csv,2542015,.csv
backup_migrated\data_csv_full\SINCRONIZADOS\H1_SINCRONIZADO\GBPUSD.csv,2385674,.csv
backup_migrated\data_csv_full\SINCRONIZADOS\H1_SINCRONIZADO\GBPZAR.csv,2592731,.csv
backup_migrated\data_csv_full\SINCRONIZADOS\H1_SINCRONIZADO\GBR_IDX.csv,2656855,.csv
backup_migrated\data_csv_full\SINCRONIZADOS\H1_SINCRONIZADO\GOLD.csv,2500795,.csv
backup_migrated\data_csv_full\SINCRONIZADOS\H1_SINCRONIZADO\HKDCZK.csv,2452869,.csv
backup_migrated\data_csv_full\SINCRONIZADOS\H1_SINCRONIZADO\HKDHUF.csv,2508481,.csv
backup_migrated\data_csv_full\SINCRONIZADOS\H1_SINCRONIZADO\HKDJPY.csv,2608028,.csv
backup_migrated\data_csv_full\SINCRONIZADOS\H1_SINCRONIZADO\HKDMXN.csv,2597533,.csv
backup_migrated\data_csv_full\SINCRONIZADOS\H1_SINCRONIZADO\HKDTHB.csv,2166941,.csv
backup_migrated\data_csv_full\SINCRONIZADOS\H1_SINCRONIZADO\HKDTRY.csv,2584336,.csv
backup_migrated\data_csv_full\SINCRONIZADOS\H1_SINCRONIZADO\HKDZAR.csv,2590742,.csv
backup_migrated\data_csv_full\SINCRONIZADOS\H1_SINCRONIZADO\HKG_IDX.csv,2755218,.csv
backup_migrated\data_csv_full\SINCRONIZADOS\H1_SINCRONIZADO\ILSAED.csv,2413957,.csv
backup_migrated\data_csv_full\SINCRONIZADOS\H1_SINCRONIZADO\ILSCNH.csv,2444417,.csv
backup_migrated\data_csv_full\SINCRONIZADOS\H1_SINCRONIZADO\ILSCZK.csv,2305953,.csv
backup_migrated\data_csv_full\SINCRONIZADOS\H1_SINCRONIZADO\ILSHKD.csv,2465741,.csv
backup_migrated\data_csv_full\SINCRONIZADOS\H1_SINCRONIZADO\ILSHUF.csv,2357815,.csv
backup_migrated\data_csv_full\SINCRONIZADOS\H1_SINCRONIZADO\ILSJPY.csv,2319794,.csv
backup_migrated\data_csv_full\SINCRONIZADOS\H1_SINCRONIZADO\ILSMXN.csv,2459888,.csv
backup_migrated\data_csv_full\SINCRONIZADOS\H1_SINCRONIZADO\ILSRON.csv,2466462,.csv
backup_migrated\data_csv_full\SINCRONIZADOS\H1_SINCRONIZADO\ILSSAR.csv,2437390,.csv
backup_migrated\data_csv_full\SINCRONIZADOS\H1_SINCRONIZADO\ILSTHB.csv,2169928,.csv
backup_migrated\data_csv_full\SINCRONIZADOS\H1_SINCRONIZADO\ILSTRY.csv,2475418,.csv
backup_migrated\data_csv_full\SINCRONIZADOS\H1_SINCRONIZADO\ILSZAR.csv,2714391,.csv
backup_migrated\data_csv_full\SINCRONIZADOS\H1_SINCRONIZADO\JPN_IDX.csv,2755053,.csv
backup_migrated\data_csv_full\SINCRONIZADOS\H1_SINCRONIZADO\JPYHUF.csv,2515177,.csv
backup_migrated\data_csv_full\SINCRONIZADOS\H1_SINCRONIZADO\LNKUSD.csv,2107851,.csv
backup_migrated\data_csv_full\SINCRONIZADOS\H1_SINCRONIZADO\LTCCHF.csv,1950658,.csv
backup_migrated\data_csv_full\SINCRONIZADOS\H1_SINCRONIZADO\LTCEUR.csv,1954434,.csv
backup_migrated\data_csv_full\SINCRONIZADOS\H1_SINCRONIZADO\LTCGBP.csv,1946683,.csv
backup_migrated\data_csv_full\SINCRONIZADOS\H1_SINCRONIZADO\LTCUSD.csv,2030254,.csv
backup_migrated\data_csv_full\SINCRONIZADOS\H1_SINCRONIZADO\MKRUSD.csv,2421410,.csv
backup_migrated\data_csv_full\SINCRONIZADOS\H1_SINCRONIZADO\MXNCZK.csv,2521200,.csv
backup_migrated\data_csv_full\SINCRONIZADOS\H1_SINCRONIZADO\MXNHUF.csv,2505230,.csv
backup_migrated\data_csv_full\SINCRONIZADOS\H1_SINCRONIZADO\MXNJPY.csv,2489485,.csv
backup_migrated\data_csv_full\SINCRONIZADOS\H1_SINCRONIZADO\MXNTHB.csv,2539682,.csv
backup_migrated\data_csv_full\SINCRONIZADOS\H1_SINCRONIZADO\MXNTRY.csv,2601394,.csv
backup_migrated\data_csv_full\SINCRONIZADOS\H1_SINCRONIZADO\NLD_IDX.csv,2531953,.csv
backup_migrated\data_csv_full\SINCRONIZADOS\H1_SINCRONIZADO\NOKAED.csv,2474241,.csv
backup_migrated\data_csv_full\SINCRONIZADOS\H1_SINCRONIZADO\NOKCNH.csv,2454529,.csv
backup_migrated\data_csv_full\SINCRONIZADOS\H1_SINCRONIZADO\NOKCZK.csv,2443955,.csv
backup_migrated\data_csv_full\SINCRONIZADOS\H1_SINCRONIZADO\NOKDKK.csv,2501434,.csv
backup_migrated\data_csv_full\SINCRONIZADOS\H1_SINCRONIZADO\NOKHKD.csv,2501922,.csv
backup_migrated\data_csv_full\SINCRONIZADOS\H1_SINCRONIZADO\NOKHUF.csv,2368282,.csv
backup_migrated\data_csv_full\SINCRONIZADOS\H1_SINCRONIZADO\NOKILS.csv,2474118,.csv
backup_migrated\data_csv_full\SINCRONIZADOS\H1_SINCRONIZADO\NOKJPY.csv,2748271,.csv
backup_migrated\data_csv_full\SINCRONIZADOS\H1_SINCRONIZADO\NOKMXN.csv,2554171,.csv
backup_migrated\data_csv_full\SINCRONIZADOS\H1_SINCRONIZADO\NOKRON.csv,2474986,.csv
backup_migrated\data_csv_full\SINCRONIZADOS\H1_SINCRONIZADO\NOKSAR.csv,2474241,.csv
backup_migrated\data_csv_full\SINCRONIZADOS\H1_SINCRONIZADO\NOKSEK.csv,2453923,.csv
backup_migrated\data_csv_full\SINCRONIZADOS\H1_SINCRONIZADO\NOKTHB.csv,2143941,.csv
backup_migrated\data_csv_full\SINCRONIZADOS\H1_SINCRONIZADO\NOKTRY.csv,2582129,.csv
backup_migrated\data_csv_full\SINCRONIZADOS\H1_SINCRONIZADO\NOKZAR.csv,2643553,.csv
backup_migrated\data_csv_full\SINCRONIZADOS\H1_SINCRONIZADO\NZDAED.csv,2464726,.csv
backup_migrated\data_csv_full\SINCRONIZADOS\H1_SINCRONIZADO\NZDCAD.csv,2470058,.csv
backup_migrated\data_csv_full\SINCRONIZADOS\H1_SINCRONIZADO\NZDCHF.csv,2452162,.csv
backup_migrated\data_csv_full\SINCRONIZADOS\H1_SINCRONIZADO\NZDCNH.csv,2592715,.csv
backup_migrated\data_csv_full\SINCRONIZADOS\H1_SINCRONIZADO\NZDCZK.csv,2448877,.csv
backup_migrated\data_csv_full\SINCRONIZADOS\H1_SINCRONIZADO\NZDDKK.csv,2468039,.csv
backup_migrated\data_csv_full\SINCRONIZADOS\H1_SINCRONIZADO\NZDHKD.csv,2466471,.csv
backup_migrated\data_csv_full\SINCRONIZADOS\H1_SINCRONIZADO\NZDHUF.csv,2465099,.csv
backup_migrated\data_csv_full\SINCRONIZADOS\H1_SINCRONIZADO\NZDILS.csv,2397139,.csv
backup_migrated\data_csv_full\SINCRONIZADOS\H1_SINCRONIZADO\NZDJPY.csv,2301475,.csv
backup_migrated\data_csv_full\SINCRONIZADOS\H1_SINCRONIZADO\NZDMXN.csv,2539443,.csv
backup_migrated\data_csv_full\SINCRONIZADOS\H1_SINCRONIZADO\NZDNOK.csv,2483663,.csv
backup_migrated\data_csv_full\SINCRONIZADOS\H1_SINCRONIZADO\NZDPLN.csv,2441609,.csv
backup_migrated\data_csv_full\SINCRONIZADOS\H1_SINCRONIZADO\NZDRON.csv,2457195,.csv
backup_migrated\data_csv_full\SINCRONIZADOS\H1_SINCRONIZADO\NZDSAR.csv,2465544,.csv
backup_migrated\data_csv_full\SINCRONIZADOS\H1_SINCRONIZADO\NZDSEK.csv,2710320,.csv
backup_migrated\data_csv_full\SINCRONIZADOS\H1_SINCRONIZADO\NZDSGD.csv,2443683,.csv
backup_migrated\data_csv_full\SINCRONIZADOS\H1_SINCRONIZADO\NZDTHB.csv,2290647,.csv
backup_migrated\data_csv_full\SINCRONIZADOS\H1_SINCRONIZADO\NZDTRY.csv,2700144,.csv
backup_migrated\data_csv_full\SINCRONIZADOS\H1_SINCRONIZADO\NZDUSD.csv,2463602,.csv
backup_migrated\data_csv_full\SINCRONIZADOS\H1_SINCRONIZADO\NZDZAR.csv,2520202,.csv
backup_migrated\data_csv_full\SINCRONIZADOS\H1_SINCRONIZADO\PLN_IDX.csv,2682586,.csv
backup_migrated\data_csv_full\SINCRONIZADOS\H1_SINCRONIZADO\PLNAED.csv,2442442,.csv
backup_migrated\data_csv_full\SINCRONIZADOS\H1_SINCRONIZADO\PLNCNH.csv,2479787,.csv
backup_migrated\data_csv_full\SINCRONIZADOS\H1_SINCRONIZADO\PLNCZK.csv,2451672,.csv
backup_migrated\data_csv_full\SINCRONIZADOS\H1_SINCRONIZADO\PLNDKK.csv,2396360,.csv
backup_migrated\data_csv_full\SINCRONIZADOS\H1_SINCRONIZADO\PLNHKD.csv,2491824,.csv
backup_migrated\data_csv_full\SINCRONIZADOS\H1_SINCRONIZADO\PLNHUF.csv,2327531,.csv
backup_migrated\data_csv_full\SINCRONIZADOS\H1_SINCRONIZADO\PLNILS.csv,2467232,.csv
backup_migrated\data_csv_full\SINCRONIZADOS\H1_SINCRONIZADO\PLNJPY.csv,2440019,.csv
backup_migrated\data_csv_full\SINCRONIZADOS\H1_SINCRONIZADO\PLNMXN.csv,2503691,.csv
backup_migrated\data_csv_full\SINCRONIZADOS\H1_SINCRONIZADO\PLNNOK.csv,2746423,.csv
backup_migrated\data_csv_full\SINCRONIZADOS\H1_SINCRONIZADO\PLNRON.csv,2444696,.csv
backup_migrated\data_csv_full\SINCRONIZADOS\H1_SINCRONIZADO\PLNSAR.csv,2418703,.csv
backup_migrated\data_csv_full\SINCRONIZADOS\H1_SINCRONIZADO\PLNSEK.csv,2491545,.csv
backup_migrated\data_csv_full\SINCRONIZADOS\H1_SINCRONIZADO\PLNTHB.csv,2478352,.csv
backup_migrated\data_csv_full\SINCRONIZADOS\H1_SINCRONIZADO\PLNTRY.csv,2608567,.csv
backup_migrated\data_csv_full\SINCRONIZADOS\H1_SINCRONIZADO\PLNZAR.csv,2509755,.csv
backup_migrated\data_csv_full\SINCRONIZADOS\H1_SINCRONIZADO\RONCNH.csv,2511918,.csv
backup_migrated\data_csv_full\SINCRONIZADOS\H1_SINCRONIZADO\RONCZK.csv,2331531,.csv
backup_migrated\data_csv_full\SINCRONIZADOS\H1_SINCRONIZADO\RONHKD.csv,3269621,.csv
backup_migrated\data_csv_full\SINCRONIZADOS\H1_SINCRONIZADO\RONHUF.csv,2297982,.csv
backup_migrated\data_csv_full\SINCRONIZADOS\H1_SINCRONIZADO\RONJPY.csv,2320708,.csv
backup_migrated\data_csv_full\SINCRONIZADOS\H1_SINCRONIZADO\RONMXN.csv,2476217,.csv
backup_migrated\data_csv_full\SINCRONIZADOS\H1_SINCRONIZADO\RONTHB.csv,2148431,.csv
backup_migrated\data_csv_full\SINCRONIZADOS\H1_SINCRONIZADO\RONTRY.csv,2423837,.csv
backup_migrated\data_csv_full\SINCRONIZADOS\H1_SINCRONIZADO\RONZAR.csv,2472501,.csv
backup_migrated\data_csv_full\SINCRONIZADOS\H1_SINCRONIZADO\SARCNH.csv,2469632,.csv
backup_migrated\data_csv_full\SINCRONIZADOS\H1_SINCRONIZADO\SARCZK.csv,2334157,.csv
backup_migrated\data_csv_full\SINCRONIZADOS\H1_SINCRONIZADO\SARHKD.csv,2436073,.csv
backup_migrated\data_csv_full\SINCRONIZADOS\H1_SINCRONIZADO\SARHUF.csv,2286169,.csv
backup_migrated\data_csv_full\SINCRONIZADOS\H1_SINCRONIZADO\SARJPY.csv,2321000,.csv
backup_migrated\data_csv_full\SINCRONIZADOS\H1_SINCRONIZADO\SARMXN.csv,2528182,.csv
backup_migrated\data_csv_full\SINCRONIZADOS\H1_SINCRONIZADO\SARRON.csv,2465458,.csv
backup_migrated\data_csv_full\SINCRONIZADOS\H1_SINCRONIZADO\SARTHB.csv,2157670,.csv
backup_migrated\data_csv_full\SINCRONIZADOS\H1_SINCRONIZADO\SARTRY.csv,2372973,.csv
backup_migrated\data_csv_full\SINCRONIZADOS\H1_SINCRONIZADO\SARZAR.csv,2364353,.csv
backup_migrated\data_csv_full\SINCRONIZADOS\H1_SINCRONIZADO\SEKAED.csv,2473137,.csv
backup_migrated\data_csv_full\SINCRONIZADOS\H1_SINCRONIZADO\SEKCNH.csv,2476996,.csv
backup_migrated\data_csv_full\SINCRONIZADOS\H1_SINCRONIZADO\SEKCZK.csv,2442089,.csv
backup_migrated\data_csv_full\SINCRONIZADOS\H1_SINCRONIZADO\SEKDKK.csv,2500228,.csv
backup_migrated\data_csv_full\SINCRONIZADOS\H1_SINCRONIZADO\SEKHKD.csv,2461695,.csv
backup_migrated\data_csv_full\SINCRONIZADOS\H1_SINCRONIZADO\SEKHUF.csv,2536095,.csv
backup_migrated\data_csv_full\SINCRONIZADOS\H1_SINCRONIZADO\SEKILS.csv,2450450,.csv
backup_migrated\data_csv_full\SINCRONIZADOS\H1_SINCRONIZADO\SEKJPY.csv,2306659,.csv
backup_migrated\data_csv_full\SINCRONIZADOS\H1_SINCRONIZADO\SEKMXN.csv,2596990,.csv
backup_migrated\data_csv_full\SINCRONIZADOS\H1_SINCRONIZADO\SEKRON.csv,2473887,.csv
backup_migrated\data_csv_full\SINCRONIZADOS\H1_SINCRONIZADO\SEKSAR.csv,2473813,.csv
backup_migrated\data_csv_full\SINCRONIZADOS\H1_SINCRONIZADO\SEKTHB.csv,2145662,.csv
backup_migrated\data_csv_full\SINCRONIZADOS\H1_SINCRONIZADO\SEKTRY.csv,2583447,.csv
backup_migrated\data_csv_full\SINCRONIZADOS\H1_SINCRONIZADO\SEKZAR.csv,2621927,.csv
backup_migrated\data_csv_full\SINCRONIZADOS\H1_SINCRONIZADO\SGD_IDX.csv,2493226,.csv
backup_migrated\data_csv_full\SINCRONIZADOS\H1_SINCRONIZADO\SGDAED.csv,2456794,.csv
backup_migrated\data_csv_full\SINCRONIZADOS\H1_SINCRONIZADO\SGDCNH.csv,2506053,.csv
backup_migrated\data_csv_full\SINCRONIZADOS\H1_SINCRONIZADO\SGDCZK.csv,2727654,.csv
backup_migrated\data_csv_full\SINCRONIZADOS\H1_SINCRONIZADO\SGDDKK.csv,2503057,.csv
backup_migrated\data_csv_full\SINCRONIZADOS\H1_SINCRONIZADO\SGDHKD.csv,2419449,.csv
backup_migrated\data_csv_full\SINCRONIZADOS\H1_SINCRONIZADO\SGDHUF.csv,2585429,.csv
backup_migrated\data_csv_full\SINCRONIZADOS\H1_SINCRONIZADO\SGDILS.csv,2412949,.csv
backup_migrated\data_csv_full\SINCRONIZADOS\H1_SINCRONIZADO\SGDJPY.csv,2439389,.csv
backup_migrated\data_csv_full\SINCRONIZADOS\H1_SINCRONIZADO\SGDMXN.csv,2560385,.csv
backup_migrated\data_csv_full\SINCRONIZADOS\H1_SINCRONIZADO\SGDNOK.csv,2492668,.csv
backup_migrated\data_csv_full\SINCRONIZADOS\H1_SINCRONIZADO\SGDPLN.csv,2512046,.csv
backup_migrated\data_csv_full\SINCRONIZADOS\H1_SINCRONIZADO\SGDRON.csv,2470247,.csv
backup_migrated\data_csv_full\SINCRONIZADOS\H1_SINCRONIZADO\SGDSAR.csv,2482809,.csv
backup_migrated\data_csv_full\SINCRONIZADOS\H1_SINCRONIZADO\SGDSEK.csv,2505343,.csv
backup_migrated\data_csv_full\SINCRONIZADOS\H1_SINCRONIZADO\SGDTHB.csv,2267699,.csv
backup_migrated\data_csv_full\SINCRONIZADOS\H1_SINCRONIZADO\SGDTRY.csv,2724429,.csv
backup_migrated\data_csv_full\SINCRONIZADOS\H1_SINCRONIZADO\SGDZAR.csv,2644257,.csv
backup_migrated\data_csv_full\SINCRONIZADOS\H1_SINCRONIZADO\SOA_IDX.csv,2727940,.csv
backup_migrated\data_csv_full\SINCRONIZADOS\H1_SINCRONIZADO\THBHUF.csv,2582226,.csv
backup_migrated\data_csv_full\SINCRONIZADOS\H1_SINCRONIZADO\THBJPY.csv,2467989,.csv
backup_migrated\data_csv_full\SINCRONIZADOS\H1_SINCRONIZADO\TRXUSD.csv,2439180,.csv
backup_migrated\data_csv_full\SINCRONIZADOS\H1_SINCRONIZADO\TRYHUF.csv,2372893,.csv
backup_migrated\data_csv_full\SINCRONIZADOS\H1_SINCRONIZADO\TRYJPY.csv,2173024,.csv
backup_migrated\data_csv_full\SINCRONIZADOS\H1_SINCRONIZADO\TRYTHB.csv,2494380,.csv
backup_migrated\data_csv_full\SINCRONIZADOS\H1_SINCRONIZADO\UNIUSD.csv,2128069,.csv
backup_migrated\data_csv_full\SINCRONIZADOS\H1_SINCRONIZADO\USA30_IDX.csv,2834210,.csv
backup_migrated\data_csv_full\SINCRONIZADOS\H1_SINCRONIZADO\USA500_IDX.csv,2800071,.csv
backup_migrated\data_csv_full\SINCRONIZADOS\H1_SINCRONIZADO\USATECH_IDX.csv,3014769,.csv
backup_migrated\data_csv_full\SINCRONIZADOS\H1_SINCRONIZADO\USDAED.csv,2130875,.csv
backup_migrated\data_csv_full\SINCRONIZADOS\H1_SINCRONIZADO\USDCAD.csv,2387784,.csv
backup_migrated\data_csv_full\SINCRONIZADOS\H1_SINCRONIZADO\USDCHF.csv,2450407,.csv
backup_migrated\data_csv_full\SINCRONIZADOS\H1_SINCRONIZADO\USDCNH.csv,2472601,.csv
backup_migrated\data_csv_full\SINCRONIZADOS\H1_SINCRONIZADO\USDCZK.csv,2472002,.csv
backup_migrated\data_csv_full\SINCRONIZADOS\H1_SINCRONIZADO\USDDKK.csv,2493381,.csv
backup_migrated\data_csv_full\SINCRONIZADOS\H1_SINCRONIZADO\USDHKD.csv,2482197,.csv
backup_migrated\data_csv_full\SINCRONIZADOS\H1_SINCRONIZADO\USDHUF.csv,2462133,.csv
backup_migrated\data_csv_full\SINCRONIZADOS\H1_SINCRONIZADO\USDILS.csv,2460069,.csv
backup_migrated\data_csv_full\SINCRONIZADOS\H1_SINCRONIZADO\USDJPY.csv,2515833,.csv
backup_migrated\data_csv_full\SINCRONIZADOS\H1_SINCRONIZADO\USDMXN.csv,2604005,.csv
backup_migrated\data_csv_full\SINCRONIZADOS\H1_SINCRONIZADO\USDNOK.csv,2559919,.csv
backup_migrated\data_csv_full\SINCRONIZADOS\H1_SINCRONIZADO\USDPLN.csv,2419049,.csv
backup_migrated\data_csv_full\SINCRONIZADOS\H1_SINCRONIZADO\USDRON.csv,2498334,.csv
backup_migrated\data_csv_full\SINCRONIZADOS\H1_SINCRONIZADO\USDSAR.csv,2130247,.csv
backup_migrated\data_csv_full\SINCRONIZADOS\H1_SINCRONIZADO\USDSEK.csv,2549423,.csv
backup_migrated\data_csv_full\SINCRONIZADOS\H1_SINCRONIZADO\USDSGD.csv,2451028,.csv
backup_migrated\data_csv_full\SINCRONIZADOS\H1_SINCRONIZADO\USDTHB.csv,2444242,.csv
backup_migrated\data_csv_full\SINCRONIZADOS\H1_SINCRONIZADO\USDTRY.csv,2549639,.csv
backup_migrated\data_csv_full\SINCRONIZADOS\H1_SINCRONIZADO\USDZAR.csv,2626194,.csv
backup_migrated\data_csv_full\SINCRONIZADOS\H1_SINCRONIZADO\USSC2000_IDX.csv,2872936,.csv
backup_migrated\data_csv_full\SINCRONIZADOS\H1_SINCRONIZADO\VOL_IDX.csv,2171471,.csv
backup_migrated\data_csv_full\SINCRONIZADOS\H1_SINCRONIZADO\XAGAED.csv,2328524,.csv
backup_migrated\data_csv_full\SINCRONIZADOS\H1_SINCRONIZADO\XAGAUD.csv,2349528,.csv
backup_migrated\data_csv_full\SINCRONIZADOS\H1_SINCRONIZADO\XAGCAD.csv,2285439,.csv
backup_migrated\data_csv_full\SINCRONIZADOS\H1_SINCRONIZADO\XAGCHF.csv,2283838,.csv
backup_migrated\data_csv_full\SINCRONIZADOS\H1_SINCRONIZADO\XAGCNH.csv,2404101,.csv
backup_migrated\data_csv_full\SINCRONIZADOS\H1_SINCRONIZADO\XAGCZK.csv,2444970,.csv
backup_migrated\data_csv_full\SINCRONIZADOS\H1_SINCRONIZADO\XAGDKK.csv,2405810,.csv
backup_migrated\data_csv_full\SINCRONIZADOS\H1_SINCRONIZADO\XAGEUR.csv,2356159,.csv
backup_migrated\data_csv_full\SINCRONIZADOS\H1_SINCRONIZADO\XAGGBP.csv,2358856,.csv
backup_migrated\data_csv_full\SINCRONIZADOS\H1_SINCRONIZADO\XAGHKD.csv,2319881,.csv
backup_migrated\data_csv_full\SINCRONIZADOS\H1_SINCRONIZADO\XAGHUF.csv,2539792,.csv
backup_migrated\data_csv_full\SINCRONIZADOS\H1_SINCRONIZADO\XAGILS.csv,2400390,.csv
backup_migrated\data_csv_full\SINCRONIZADOS\H1_SINCRONIZADO\XAGJPY.csv,2564891,.csv
backup_migrated\data_csv_full\SINCRONIZADOS\H1_SINCRONIZADO\XAGMXN.csv,2336896,.csv
backup_migrated\data_csv_full\SINCRONIZADOS\H1_SINCRONIZADO\XAGNOK.csv,2367868,.csv
backup_migrated\data_csv_full\SINCRONIZADOS\H1_SINCRONIZADO\XAGNZD.csv,2435200,.csv
backup_migrated\data_csv_full\SINCRONIZADOS\H1_SINCRONIZADO\XAGPLN.csv,2426813,.csv
backup_migrated\data_csv_full\SINCRONIZADOS\H1_SINCRONIZADO\XAGRON.csv,2401131,.csv
backup_migrated\data_csv_full\SINCRONIZADOS\H1_SINCRONIZADO\XAGSAR.csv,2400693,.csv
backup_migrated\data_csv_full\SINCRONIZADOS\H1_SINCRONIZADO\XAGSEK.csv,2312466,.csv
backup_migrated\data_csv_full\SINCRONIZADOS\H1_SINCRONIZADO\XAGSGD.csv,2261022,.csv
backup_migrated\data_csv_full\SINCRONIZADOS\H1_SINCRONIZADO\XAGTHB.csv,2551547,.csv
backup_migrated\data_csv_full\SINCRONIZADOS\H1_SINCRONIZADO\XAGTRY.csv,2374945,.csv
backup_migrated\data_csv_full\SINCRONIZADOS\H1_SINCRONIZADO\XAGUSD.csv,2315264,.csv
backup_migrated\data_csv_full\SINCRONIZADOS\H1_SINCRONIZADO\XAGZAR.csv,2417154,.csv
backup_migrated\data_csv_full\SINCRONIZADOS\H1_SINCRONIZADO\XAUAED.csv,2584739,.csv
backup_migrated\data_csv_full\SINCRONIZADOS\H1_SINCRONIZADO\XAUAUD.csv,2540354,.csv
backup_migrated\data_csv_full\SINCRONIZADOS\H1_SINCRONIZADO\XAUCAD.csv,2539428,.csv
backup_migrated\data_csv_full\SINCRONIZADOS\H1_SINCRONIZADO\XAUCHF.csv,2524925,.csv
backup_migrated\data_csv_full\SINCRONIZADOS\H1_SINCRONIZADO\XAUCNH.csv,2690957,.csv
backup_migrated\data_csv_full\SINCRONIZADOS\H1_SINCRONIZADO\XAUCZK.csv,2403715,.csv
backup_migrated\data_csv_full\SINCRONIZADOS\H1_SINCRONIZADO\XAUDKK.csv,2457985,.csv
backup_migrated\data_csv_full\SINCRONIZADOS\H1_SINCRONIZADO\XAUEUR.csv,2535208,.csv
backup_migrated\data_csv_full\SINCRONIZADOS\H1_SINCRONIZADO\XAUGBP.csv,2526368,.csv
backup_migrated\data_csv_full\SINCRONIZADOS\H1_SINCRONIZADO\XAUHKD.csv,2499293,.csv
backup_migrated\data_csv_full\SINCRONIZADOS\H1_SINCRONIZADO\XAUHUF.csv,2599477,.csv
backup_migrated\data_csv_full\SINCRONIZADOS\H1_SINCRONIZADO\XAUILS.csv,2586000,.csv
backup_migrated\data_csv_full\SINCRONIZADOS\H1_SINCRONIZADO\XAUJPY.csv,2547608,.csv
backup_migrated\data_csv_full\SINCRONIZADOS\H1_SINCRONIZADO\XAUMXN.csv,2398562,.csv
backup_migrated\data_csv_full\SINCRONIZADOS\H1_SINCRONIZADO\XAUNOK.csv,2479206,.csv
backup_migrated\data_csv_full\SINCRONIZADOS\H1_SINCRONIZADO\XAUNZD.csv,2540359,.csv
backup_migrated\data_csv_full\SINCRONIZADOS\H1_SINCRONIZADO\XAUPLN.csv,2407503,.csv
backup_migrated\data_csv_full\SINCRONIZADOS\H1_SINCRONIZADO\XAURON.csv,2689930,.csv
backup_migrated\data_csv_full\SINCRONIZADOS\H1_SINCRONIZADO\XAUSAR.csv,2588119,.csv
backup_migrated\data_csv_full\SINCRONIZADOS\H1_SINCRONIZADO\XAUSEK.csv,2499565,.csv
backup_migrated\data_csv_full\SINCRONIZADOS\H1_SINCRONIZADO\XAUSGD.csv,2539711,.csv
backup_migrated\data_csv_full\SINCRONIZADOS\H1_SINCRONIZADO\XAUTHB.csv,2436100,.csv
backup_migrated\data_csv_full\SINCRONIZADOS\H1_SINCRONIZADO\XAUTRY.csv,2439505,.csv
backup_migrated\data_csv_full\SINCRONIZADOS\H1_SINCRONIZADO\XAUUSD.csv,2575325,.csv
backup_migrated\data_csv_full\SINCRONIZADOS\H1_SINCRONIZADO\XAUXAG.csv,2545892,.csv
backup_migrated\data_csv_full\SINCRONIZADOS\H1_SINCRONIZADO\XAUZAR.csv,2398643,.csv
backup_migrated\data_csv_full\SINCRONIZADOS\H1_SINCRONIZADO\XLMCHF.csv,2452501,.csv
backup_migrated\data_csv_full\SINCRONIZADOS\H1_SINCRONIZADO\XLMEUR.csv,2453131,.csv
backup_migrated\data_csv_full\SINCRONIZADOS\H1_SINCRONIZADO\XLMGBP.csv,2442518,.csv
backup_migrated\data_csv_full\SINCRONIZADOS\H1_SINCRONIZADO\XLMUSD.csv,2452639,.csv
backup_migrated\data_csv_full\SINCRONIZADOS\H1_SINCRONIZADO\YFIUSD.csv,2240056,.csv
backup_migrated\data_csv_full\SINCRONIZADOS\H1_SINCRONIZADO\ZARCZK.csv,2422655,.csv
backup_migrated\data_csv_full\SINCRONIZADOS\H1_SINCRONIZADO\ZARHUF.csv,2413656,.csv
backup_migrated\data_csv_full\SINCRONIZADOS\H1_SINCRONIZADO\ZARJPY.csv,2190997,.csv
backup_migrated\data_csv_full\SINCRONIZADOS\H1_SINCRONIZADO\ZARMXN.csv,2459989,.csv
backup_migrated\data_csv_full\SINCRONIZADOS\H1_SINCRONIZADO\ZARTHB.csv,2126485,.csv
backup_migrated\data_csv_full\SINCRONIZADOS\H1_SINCRONIZADO\ZARTRY.csv,2564793,.csv
backup_migrated\data_csv_full\SINCRONIZADOS\H4_SINCRONIZADO\ADAUSD.csv,529191,.csv
backup_migrated\data_csv_full\SINCRONIZADOS\H4_SINCRONIZADO\AEDCNH.csv,613511,.csv
backup_migrated\data_csv_full\SINCRONIZADOS\H4_SINCRONIZADO\AEDCZK.csv,592637,.csv
backup_migrated\data_csv_full\SINCRONIZADOS\H4_SINCRONIZADO\AEDHKD.csv,615334,.csv
backup_migrated\data_csv_full\SINCRONIZADOS\H4_SINCRONIZADO\AEDHUF.csv,634587,.csv
backup_migrated\data_csv_full\SINCRONIZADOS\H4_SINCRONIZADO\AEDJPY.csv,593573,.csv
backup_migrated\data_csv_full\SINCRONIZADOS\H4_SINCRONIZADO\AEDMXN.csv,628482,.csv
backup_migrated\data_csv_full\SINCRONIZADOS\H4_SINCRONIZADO\AEDRON.csv,618810,.csv
backup_migrated\data_csv_full\SINCRONIZADOS\H4_SINCRONIZADO\AEDSAR.csv,612973,.csv
backup_migrated\data_csv_full\SINCRONIZADOS\H4_SINCRONIZADO\AEDTHB.csv,550261,.csv
backup_migrated\data_csv_full\SINCRONIZADOS\H4_SINCRONIZADO\AEDTRY.csv,631080,.csv
backup_migrated\data_csv_full\SINCRONIZADOS\H4_SINCRONIZADO\AEDZAR.csv,635562,.csv
backup_migrated\data_csv_full\SINCRONIZADOS\H4_SINCRONIZADO\AUDAED.csv,625618,.csv
backup_migrated\data_csv_full\SINCRONIZADOS\H4_SINCRONIZADO\AUDCAD.csv,605285,.csv
backup_migrated\data_csv_full\SINCRONIZADOS\H4_SINCRONIZADO\AUDCHF.csv,602423,.csv
backup_migrated\data_csv_full\SINCRONIZADOS\H4_SINCRONIZADO\AUDCNH.csv,623996,.csv
backup_migrated\data_csv_full\SINCRONIZADOS\H4_SINCRONIZADO\AUDCZK.csv,624738,.csv
backup_migrated\data_csv_full\SINCRONIZADOS\H4_SINCRONIZADO\AUDDKK.csv,655121,.csv
backup_migrated\data_csv_full\SINCRONIZADOS\H4_SINCRONIZADO\AUDHKD.csv,656308,.csv
backup_migrated\data_csv_full\SINCRONIZADOS\H4_SINCRONIZADO\AUDHUF.csv,631189,.csv
backup_migrated\data_csv_full\SINCRONIZADOS\H4_SINCRONIZADO\AUDILS.csv,625203,.csv
backup_migrated\data_csv_full\SINCRONIZADOS\H4_SINCRONIZADO\AUDJPY.csv,576209,.csv
backup_migrated\data_csv_full\SINCRONIZADOS\H4_SINCRONIZADO\AUDMXN.csv,642801,.csv
backup_migrated\data_csv_full\SINCRONIZADOS\H4_SINCRONIZADO\AUDNOK.csv,614635,.csv
backup_migrated\data_csv_full\SINCRONIZADOS\H4_SINCRONIZADO\AUDNZD.csv,612963,.csv
backup_migrated\data_csv_full\SINCRONIZADOS\H4_SINCRONIZADO\AUDPLN.csv,621295,.csv
backup_migrated\data_csv_full\SINCRONIZADOS\H4_SINCRONIZADO\AUDRON.csv,628258,.csv
backup_migrated\data_csv_full\SINCRONIZADOS\H4_SINCRONIZADO\AUDSAR.csv,620660,.csv
backup_migrated\data_csv_full\SINCRONIZADOS\H4_SINCRONIZADO\AUDSEK.csv,633853,.csv
backup_migrated\data_csv_full\SINCRONIZADOS\H4_SINCRONIZADO\AUDSGD.csv,625417,.csv
backup_migrated\data_csv_full\SINCRONIZADOS\H4_SINCRONIZADO\AUDTHB.csv,580890,.csv
backup_migrated\data_csv_full\SINCRONIZADOS\H4_SINCRONIZADO\AUDTRY.csv,650014,.csv
backup_migrated\data_csv_full\SINCRONIZADOS\H4_SINCRONIZADO\AUDUSD.csv,618228,.csv
backup_migrated\data_csv_full\SINCRONIZADOS\H4_SINCRONIZADO\AUDZAR.csv,648075,.csv
backup_migrated\data_csv_full\SINCRONIZADOS\H4_SINCRONIZADO\AUS_IDX.csv,678561,.csv
backup_migrated\data_csv_full\SINCRONIZADOS\H4_SINCRONIZADO\AVEUSD.csv,544511,.csv
backup_migrated\data_csv_full\SINCRONIZADOS\H4_SINCRONIZADO\BATUSD.csv,598309,.csv
backup_migrated\data_csv_full\SINCRONIZADOS\H4_SINCRONIZADO\BCHCHF.csv,524600,.csv
backup_migrated\data_csv_full\SINCRONIZADOS\H4_SINCRONIZADO\BCHEUR.csv,524778,.csv
backup_migrated\data_csv_full\SINCRONIZADOS\H4_SINCRONIZADO\BCHGBP.csv,523121,.csv
backup_migrated\data_csv_full\SINCRONIZADOS\H4_SINCRONIZADO\BCHUSD.csv,546858,.csv
backup_migrated\data_csv_full\SINCRONIZADOS\H4_SINCRONIZADO\BTCCHF.csv,600498,.csv
backup_migrated\data_csv_full\SINCRONIZADOS\H4_SINCRONIZADO\BTCEUR.csv,591187,.csv
backup_migrated\data_csv_full\SINCRONIZADOS\H4_SINCRONIZADO\BTCGBP.csv,600494,.csv
backup_migrated\data_csv_full\SINCRONIZADOS\H4_SINCRONIZADO\BTCUSD.csv,647101,.csv
backup_migrated\data_csv_full\SINCRONIZADOS\H4_SINCRONIZADO\CADAED.csv,624623,.csv
backup_migrated\data_csv_full\SINCRONIZADOS\H4_SINCRONIZADO\CADCHF.csv,601818,.csv
backup_migrated\data_csv_full\SINCRONIZADOS\H4_SINCRONIZADO\CADCNH.csv,626623,.csv
backup_migrated\data_csv_full\SINCRONIZADOS\H4_SINCRONIZADO\CADCZK.csv,626485,.csv
backup_migrated\data_csv_full\SINCRONIZADOS\H4_SINCRONIZADO\CADDKK.csv,629638,.csv
backup_migrated\data_csv_full\SINCRONIZADOS\H4_SINCRONIZADO\CADHKD.csv,616289,.csv
backup_migrated\data_csv_full\SINCRONIZADOS\H4_SINCRONIZADO\CADHUF.csv,625039,.csv
backup_migrated\data_csv_full\SINCRONIZADOS\H4_SINCRONIZADO\CADILS.csv,628389,.csv
backup_migrated\data_csv_full\SINCRONIZADOS\H4_SINCRONIZADO\CADJPY.csv,612535,.csv
backup_migrated\data_csv_full\SINCRONIZADOS\H4_SINCRONIZADO\CADMXN.csv,658538,.csv
backup_migrated\data_csv_full\SINCRONIZADOS\H4_SINCRONIZADO\CADNOK.csv,630100,.csv
backup_migrated\data_csv_full\SINCRONIZADOS\H4_SINCRONIZADO\CADPLN.csv,618334,.csv
backup_migrated\data_csv_full\SINCRONIZADOS\H4_SINCRONIZADO\CADRON.csv,613731,.csv
backup_migrated\data_csv_full\SINCRONIZADOS\H4_SINCRONIZADO\CADSAR.csv,629874,.csv
backup_migrated\data_csv_full\SINCRONIZADOS\H4_SINCRONIZADO\CADSEK.csv,631543,.csv
backup_migrated\data_csv_full\SINCRONIZADOS\H4_SINCRONIZADO\CADSGD.csv,631874,.csv
backup_migrated\data_csv_full\SINCRONIZADOS\H4_SINCRONIZADO\CADTHB.csv,580464,.csv
backup_migrated\data_csv_full\SINCRONIZADOS\H4_SINCRONIZADO\CADTRY.csv,683080,.csv
backup_migrated\data_csv_full\SINCRONIZADOS\H4_SINCRONIZADO\CADZAR.csv,663094,.csv
backup_migrated\data_csv_full\SINCRONIZADOS\H4_SINCRONIZADO\CHE_IDX.csv,673690,.csv
backup_migrated\data_csv_full\SINCRONIZADOS\H4_SINCRONIZADO\CHFAED.csv,614521,.csv
backup_migrated\data_csv_full\SINCRONIZADOS\H4_SINCRONIZADO\CHFCNH.csv,634646,.csv
backup_migrated\data_csv_full\SINCRONIZADOS\H4_SINCRONIZADO\CHFCZK.csv,654120,.csv
backup_migrated\data_csv_full\SINCRONIZADOS\H4_SINCRONIZADO\CHFDKK.csv,616881,.csv
backup_migrated\data_csv_full\SINCRONIZADOS\H4_SINCRONIZADO\CHFHKD.csv,625642,.csv
backup_migrated\data_csv_full\SINCRONIZADOS\H4_SINCRONIZADO\CHFHUF.csv,618881,.csv
backup_migrated\data_csv_full\SINCRONIZADOS\H4_SINCRONIZADO\CHFILS.csv,625355,.csv
backup_migrated\data_csv_full\SINCRONIZADOS\H4_SINCRONIZADO\CHFJPY.csv,623718,.csv
backup_migrated\data_csv_full\SINCRONIZADOS\H4_SINCRONIZADO\CHFMXN.csv,642449,.csv
backup_migrated\data_csv_full\SINCRONIZADOS\H4_SINCRONIZADO\CHFNOK.csv,687055,.csv
backup_migrated\data_csv_full\SINCRONIZADOS\H4_SINCRONIZADO\CHFPLN.csv,616805,.csv
backup_migrated\data_csv_full\SINCRONIZADOS\H4_SINCRONIZADO\CHFRON.csv,691920,.csv
backup_migrated\data_csv_full\SINCRONIZADOS\H4_SINCRONIZADO\CHFSAR.csv,693767,.csv
backup_migrated\data_csv_full\SINCRONIZADOS\H4_SINCRONIZADO\CHFSEK.csv,637445,.csv
backup_migrated\data_csv_full\SINCRONIZADOS\H4_SINCRONIZADO\CHFSGD.csv,637540,.csv
backup_migrated\data_csv_full\SINCRONIZADOS\H4_SINCRONIZADO\CHFTHB.csv,586185,.csv
backup_migrated\data_csv_full\SINCRONIZADOS\H4_SINCRONIZADO\CHFTRY.csv,682569,.csv
backup_migrated\data_csv_full\SINCRONIZADOS\H4_SINCRONIZADO\CHFZAR.csv,657965,.csv
backup_migrated\data_csv_full\SINCRONIZADOS\H4_SINCRONIZADO\CHI_IDX.csv,689937,.csv
backup_migrated\data_csv_full\SINCRONIZADOS\H4_SINCRONIZADO\CMPUSD.csv,523164,.csv
backup_migrated\data_csv_full\SINCRONIZADOS\H4_SINCRONIZADO\CNHCZK.csv,592211,.csv
backup_migrated\data_csv_full\SINCRONIZADOS\H4_SINCRONIZADO\CNHHKD.csv,620479,.csv
backup_migrated\data_csv_full\SINCRONIZADOS\H4_SINCRONIZADO\CNHHUF.csv,595776,.csv
backup_migrated\data_csv_full\SINCRONIZADOS\H4_SINCRONIZADO\CNHJPY.csv,585373,.csv
backup_migrated\data_csv_full\SINCRONIZADOS\H4_SINCRONIZADO\CNHMXN.csv,637797,.csv
backup_migrated\data_csv_full\SINCRONIZADOS\H4_SINCRONIZADO\CNHTHB.csv,635159,.csv
backup_migrated\data_csv_full\SINCRONIZADOS\H4_SINCRONIZADO\CNHTRY.csv,621221,.csv
backup_migrated\data_csv_full\SINCRONIZADOS\H4_SINCRONIZADO\CNHZAR.csv,634940,.csv
backup_migrated\data_csv_full\SINCRONIZADOS\H4_SINCRONIZADO\CZKHUF.csv,634479,.csv
backup_migrated\data_csv_full\SINCRONIZADOS\H4_SINCRONIZADO\CZKJPY.csv,647198,.csv
backup_migrated\data_csv_full\SINCRONIZADOS\H4_SINCRONIZADO\CZKTHB.csv,639910,.csv
backup_migrated\data_csv_full\SINCRONIZADOS\H4_SINCRONIZADO\CZKTRY.csv,624716,.csv
backup_migrated\data_csv_full\SINCRONIZADOS\H4_SINCRONIZADO\DEU_IDX.csv,691469,.csv
backup_migrated\data_csv_full\SINCRONIZADOS\H4_SINCRONIZADO\DKKAED.csv,625206,.csv
backup_migrated\data_csv_full\SINCRONIZADOS\H4_SINCRONIZADO\DKKCNH.csv,620694,.csv
backup_migrated\data_csv_full\SINCRONIZADOS\H4_SINCRONIZADO\DKKCZK.csv,611705,.csv
backup_migrated\data_csv_full\SINCRONIZADOS\H4_SINCRONIZADO\DKKHKD.csv,649527,.csv
backup_migrated\data_csv_full\SINCRONIZADOS\H4_SINCRONIZADO\DKKHUF.csv,634514,.csv
backup_migrated\data_csv_full\SINCRONIZADOS\H4_SINCRONIZADO\DKKILS.csv,625459,.csv
backup_migrated\data_csv_full\SINCRONIZADOS\H4_SINCRONIZADO\DKKJPY.csv,649866,.csv
backup_migrated\data_csv_full\SINCRONIZADOS\H4_SINCRONIZADO\DKKMXN.csv,650128,.csv
backup_migrated\data_csv_full\SINCRONIZADOS\H4_SINCRONIZADO\DKKRON.csv,619743,.csv
backup_migrated\data_csv_full\SINCRONIZADOS\H4_SINCRONIZADO\DKKSAR.csv,625403,.csv
backup_migrated\data_csv_full\SINCRONIZADOS\H4_SINCRONIZADO\DKKTHB.csv,547934,.csv
backup_migrated\data_csv_full\SINCRONIZADOS\H4_SINCRONIZADO\DKKTRY.csv,649311,.csv
backup_migrated\data_csv_full\SINCRONIZADOS\H4_SINCRONIZADO\DKKZAR.csv,644066,.csv
backup_migrated\data_csv_full\SINCRONIZADOS\H4_SINCRONIZADO\DOLLAR_IDX.csv,646728,.csv
backup_migrated\data_csv_full\SINCRONIZADOS\H4_SINCRONIZADO\DSHUSD.csv,587235,.csv
backup_migrated\data_csv_full\SINCRONIZADOS\H4_SINCRONIZADO\ESP_IDX.csv,699792,.csv
backup_migrated\data_csv_full\SINCRONIZADOS\H4_SINCRONIZADO\ETHCHF.csv,562889,.csv
backup_migrated\data_csv_full\SINCRONIZADOS\H4_SINCRONIZADO\ETHEUR.csv,562904,.csv
backup_migrated\data_csv_full\SINCRONIZADOS\H4_SINCRONIZADO\ETHGBP.csv,562901,.csv
backup_migrated\data_csv_full\SINCRONIZADOS\H4_SINCRONIZADO\ETHUSD.csv,602923,.csv
backup_migrated\data_csv_full\SINCRONIZADOS\H4_SINCRONIZADO\EURAED.csv,624125,.csv
backup_migrated\data_csv_full\SINCRONIZADOS\H4_SINCRONIZADO\EURAUD.csv,652741,.csv
backup_migrated\data_csv_full\SINCRONIZADOS\H4_SINCRONIZADO\EURCAD.csv,629326,.csv
backup_migrated\data_csv_full\SINCRONIZADOS\H4_SINCRONIZADO\EURCHF.csv,612682,.csv
backup_migrated\data_csv_full\SINCRONIZADOS\H4_SINCRONIZADO\EURCNH.csv,637504,.csv
backup_migrated\data_csv_full\SINCRONIZADOS\H4_SINCRONIZADO\EURCZK.csv,629776,.csv
backup_migrated\data_csv_full\SINCRONIZADOS\H4_SINCRONIZADO\EURGBP.csv,599928,.csv
backup_migrated\data_csv_full\SINCRONIZADOS\H4_SINCRONIZADO\EURHKD.csv,612115,.csv
backup_migrated\data_csv_full\SINCRONIZADOS\H4_SINCRONIZADO\EURHUF.csv,612702,.csv
backup_migrated\data_csv_full\SINCRONIZADOS\H4_SINCRONIZADO\EURILS.csv,612851,.csv
backup_migrated\data_csv_full\SINCRONIZADOS\H4_SINCRONIZADO\EURJPY.csv,608791,.csv
backup_migrated\data_csv_full\SINCRONIZADOS\H4_SINCRONIZADO\EURMXN.csv,637860,.csv
backup_migrated\data_csv_full\SINCRONIZADOS\H4_SINCRONIZADO\EURNOK.csv,660048,.csv
backup_migrated\data_csv_full\SINCRONIZADOS\H4_SINCRONIZADO\EURNZD.csv,643481,.csv
backup_migrated\data_csv_full\SINCRONIZADOS\H4_SINCRONIZADO\EURPLN.csv,625956,.csv
backup_migrated\data_csv_full\SINCRONIZADOS\H4_SINCRONIZADO\EURRON.csv,627288,.csv
backup_migrated\data_csv_full\SINCRONIZADOS\H4_SINCRONIZADO\EURSAR.csv,626571,.csv
backup_migrated\data_csv_full\SINCRONIZADOS\H4_SINCRONIZADO\EURSEK.csv,663840,.csv
backup_migrated\data_csv_full\SINCRONIZADOS\H4_SINCRONIZADO\EURSGD.csv,614011,.csv
backup_migrated\data_csv_full\SINCRONIZADOS\H4_SINCRONIZADO\EURTHB.csv,586519,.csv
backup_migrated\data_csv_full\SINCRONIZADOS\H4_SINCRONIZADO\EURTRY.csv,641037,.csv
backup_migrated\data_csv_full\SINCRONIZADOS\H4_SINCRONIZADO\EURUSD.csv,618670,.csv
backup_migrated\data_csv_full\SINCRONIZADOS\H4_SINCRONIZADO\EURZAR.csv,647753,.csv
backup_migrated\data_csv_full\SINCRONIZADOS\H4_SINCRONIZADO\EUS_IDX.csv,678746,.csv
backup_migrated\data_csv_full\SINCRONIZADOS\H4_SINCRONIZADO\FRA_IDX.csv,680379,.csv
backup_migrated\data_csv_full\SINCRONIZADOS\H4_SINCRONIZADO\GBPAED.csv,633639,.csv
backup_migrated\data_csv_full\SINCRONIZADOS\H4_SINCRONIZADO\GBPAUD.csv,616764,.csv
backup_migrated\data_csv_full\SINCRONIZADOS\H4_SINCRONIZADO\GBPCAD.csv,621621,.csv
backup_migrated\data_csv_full\SINCRONIZADOS\H4_SINCRONIZADO\GBPCHF.csv,596884,.csv
backup_migrated\data_csv_full\SINCRONIZADOS\H4_SINCRONIZADO\GBPCNH.csv,655875,.csv
backup_migrated\data_csv_full\SINCRONIZADOS\H4_SINCRONIZADO\GBPCZK.csv,612781,.csv
backup_migrated\data_csv_full\SINCRONIZADOS\H4_SINCRONIZADO\GBPDKK.csv,608143,.csv
backup_migrated\data_csv_full\SINCRONIZADOS\H4_SINCRONIZADO\GBPHKD.csv,661460,.csv
backup_migrated\data_csv_full\SINCRONIZADOS\H4_SINCRONIZADO\GBPHUF.csv,624480,.csv
backup_migrated\data_csv_full\SINCRONIZADOS\H4_SINCRONIZADO\GBPILS.csv,633177,.csv
backup_migrated\data_csv_full\SINCRONIZADOS\H4_SINCRONIZADO\GBPJPY.csv,627390,.csv
backup_migrated\data_csv_full\SINCRONIZADOS\H4_SINCRONIZADO\GBPMXN.csv,668487,.csv
backup_migrated\data_csv_full\SINCRONIZADOS\H4_SINCRONIZADO\GBPNOK.csv,647565,.csv
backup_migrated\data_csv_full\SINCRONIZADOS\H4_SINCRONIZADO\GBPNZD.csv,627164,.csv
backup_migrated\data_csv_full\SINCRONIZADOS\H4_SINCRONIZADO\GBPPLN.csv,595707,.csv
backup_migrated\data_csv_full\SINCRONIZADOS\H4_SINCRONIZADO\GBPRON.csv,629665,.csv
backup_migrated\data_csv_full\SINCRONIZADOS\H4_SINCRONIZADO\GBPSAR.csv,621312,.csv
backup_migrated\data_csv_full\SINCRONIZADOS\H4_SINCRONIZADO\GBPSEK.csv,656572,.csv
backup_migrated\data_csv_full\SINCRONIZADOS\H4_SINCRONIZADO\GBPSGD.csv,613040,.csv
backup_migrated\data_csv_full\SINCRONIZADOS\H4_SINCRONIZADO\GBPTHB.csv,586171,.csv
backup_migrated\data_csv_full\SINCRONIZADOS\H4_SINCRONIZADO\GBPTRY.csv,638371,.csv
backup_migrated\data_csv_full\SINCRONIZADOS\H4_SINCRONIZADO\GBPUSD.csv,596611,.csv
backup_migrated\data_csv_full\SINCRONIZADOS\H4_SINCRONIZADO\GBPZAR.csv,648667,.csv
backup_migrated\data_csv_full\SINCRONIZADOS\H4_SINCRONIZADO\GBR_IDX.csv,668083,.csv
backup_migrated\data_csv_full\SINCRONIZADOS\H4_SINCRONIZADO\GOLD.csv,631542,.csv
backup_migrated\data_csv_full\SINCRONIZADOS\H4_SINCRONIZADO\HKDCZK.csv,621033,.csv
backup_migrated\data_csv_full\SINCRONIZADOS\H4_SINCRONIZADO\HKDHUF.csv,629850,.csv
backup_migrated\data_csv_full\SINCRONIZADOS\H4_SINCRONIZADO\HKDJPY.csv,657135,.csv
backup_migrated\data_csv_full\SINCRONIZADOS\H4_SINCRONIZADO\HKDMXN.csv,652618,.csv
backup_migrated\data_csv_full\SINCRONIZADOS\H4_SINCRONIZADO\HKDTHB.csv,543898,.csv
backup_migrated\data_csv_full\SINCRONIZADOS\H4_SINCRONIZADO\HKDTRY.csv,654078,.csv
backup_migrated\data_csv_full\SINCRONIZADOS\H4_SINCRONIZADO\HKDZAR.csv,650996,.csv
backup_migrated\data_csv_full\SINCRONIZADOS\H4_SINCRONIZADO\HKG_IDX.csv,695074,.csv
backup_migrated\data_csv_full\SINCRONIZADOS\H4_SINCRONIZADO\ILSAED.csv,611789,.csv
backup_migrated\data_csv_full\SINCRONIZADOS\H4_SINCRONIZADO\ILSCNH.csv,619233,.csv
backup_migrated\data_csv_full\SINCRONIZADOS\H4_SINCRONIZADO\ILSCZK.csv,578777,.csv
backup_migrated\data_csv_full\SINCRONIZADOS\H4_SINCRONIZADO\ILSHKD.csv,618927,.csv
backup_migrated\data_csv_full\SINCRONIZADOS\H4_SINCRONIZADO\ILSHUF.csv,591942,.csv
backup_migrated\data_csv_full\SINCRONIZADOS\H4_SINCRONIZADO\ILSJPY.csv,588020,.csv
backup_migrated\data_csv_full\SINCRONIZADOS\H4_SINCRONIZADO\ILSMXN.csv,623593,.csv
backup_migrated\data_csv_full\SINCRONIZADOS\H4_SINCRONIZADO\ILSRON.csv,618672,.csv
backup_migrated\data_csv_full\SINCRONIZADOS\H4_SINCRONIZADO\ILSSAR.csv,617613,.csv
backup_migrated\data_csv_full\SINCRONIZADOS\H4_SINCRONIZADO\ILSTHB.csv,545093,.csv
backup_migrated\data_csv_full\SINCRONIZADOS\H4_SINCRONIZADO\ILSTRY.csv,626815,.csv
backup_migrated\data_csv_full\SINCRONIZADOS\H4_SINCRONIZADO\ILSZAR.csv,687110,.csv
backup_migrated\data_csv_full\SINCRONIZADOS\H4_SINCRONIZADO\JPN_IDX.csv,695497,.csv
backup_migrated\data_csv_full\SINCRONIZADOS\H4_SINCRONIZADO\JPYHUF.csv,637212,.csv
backup_migrated\data_csv_full\SINCRONIZADOS\H4_SINCRONIZADO\LNKUSD.csv,529596,.csv
backup_migrated\data_csv_full\SINCRONIZADOS\H4_SINCRONIZADO\LTCCHF.csv,488509,.csv
backup_migrated\data_csv_full\SINCRONIZADOS\H4_SINCRONIZADO\LTCEUR.csv,489454,.csv
backup_migrated\data_csv_full\SINCRONIZADOS\H4_SINCRONIZADO\LTCGBP.csv,487526,.csv
backup_migrated\data_csv_full\SINCRONIZADOS\H4_SINCRONIZADO\LTCUSD.csv,513954,.csv
backup_migrated\data_csv_full\SINCRONIZADOS\H4_SINCRONIZADO\MKRUSD.csv,605804,.csv
backup_migrated\data_csv_full\SINCRONIZADOS\H4_SINCRONIZADO\MXNCZK.csv,638691,.csv
backup_migrated\data_csv_full\SINCRONIZADOS\H4_SINCRONIZADO\MXNHUF.csv,629129,.csv
backup_migrated\data_csv_full\SINCRONIZADOS\H4_SINCRONIZADO\MXNJPY.csv,626192,.csv
backup_migrated\data_csv_full\SINCRONIZADOS\H4_SINCRONIZADO\MXNTHB.csv,642750,.csv
backup_migrated\data_csv_full\SINCRONIZADOS\H4_SINCRONIZADO\MXNTRY.csv,657908,.csv
backup_migrated\data_csv_full\SINCRONIZADOS\H4_SINCRONIZADO\NLD_IDX.csv,638636,.csv
backup_migrated\data_csv_full\SINCRONIZADOS\H4_SINCRONIZADO\NOKAED.csv,621142,.csv
backup_migrated\data_csv_full\SINCRONIZADOS\H4_SINCRONIZADO\NOKCNH.csv,621804,.csv
backup_migrated\data_csv_full\SINCRONIZADOS\H4_SINCRONIZADO\NOKCZK.csv,619207,.csv
backup_migrated\data_csv_full\SINCRONIZADOS\H4_SINCRONIZADO\NOKDKK.csv,628201,.csv
backup_migrated\data_csv_full\SINCRONIZADOS\H4_SINCRONIZADO\NOKHKD.csv,628340,.csv
backup_migrated\data_csv_full\SINCRONIZADOS\H4_SINCRONIZADO\NOKHUF.csv,594694,.csv
backup_migrated\data_csv_full\SINCRONIZADOS\H4_SINCRONIZADO\NOKILS.csv,620919,.csv
backup_migrated\data_csv_full\SINCRONIZADOS\H4_SINCRONIZADO\NOKJPY.csv,695233,.csv
backup_migrated\data_csv_full\SINCRONIZADOS\H4_SINCRONIZADO\NOKMXN.csv,646421,.csv
backup_migrated\data_csv_full\SINCRONIZADOS\H4_SINCRONIZADO\NOKRON.csv,621198,.csv
backup_migrated\data_csv_full\SINCRONIZADOS\H4_SINCRONIZADO\NOKSAR.csv,621155,.csv
backup_migrated\data_csv_full\SINCRONIZADOS\H4_SINCRONIZADO\NOKSEK.csv,613850,.csv
backup_migrated\data_csv_full\SINCRONIZADOS\H4_SINCRONIZADO\NOKTHB.csv,544019,.csv
backup_migrated\data_csv_full\SINCRONIZADOS\H4_SINCRONIZADO\NOKTRY.csv,653269,.csv
backup_migrated\data_csv_full\SINCRONIZADOS\H4_SINCRONIZADO\NOKZAR.csv,663792,.csv
backup_migrated\data_csv_full\SINCRONIZADOS\H4_SINCRONIZADO\NZDAED.csv,624339,.csv
backup_migrated\data_csv_full\SINCRONIZADOS\H4_SINCRONIZADO\NZDCAD.csv,618266,.csv
backup_migrated\data_csv_full\SINCRONIZADOS\H4_SINCRONIZADO\NZDCHF.csv,613378,.csv
backup_migrated\data_csv_full\SINCRONIZADOS\H4_SINCRONIZADO\NZDCNH.csv,650914,.csv
backup_migrated\data_csv_full\SINCRONIZADOS\H4_SINCRONIZADO\NZDCZK.csv,620123,.csv
backup_migrated\data_csv_full\SINCRONIZADOS\H4_SINCRONIZADO\NZDDKK.csv,624916,.csv
backup_migrated\data_csv_full\SINCRONIZADOS\H4_SINCRONIZADO\NZDHKD.csv,619906,.csv
backup_migrated\data_csv_full\SINCRONIZADOS\H4_SINCRONIZADO\NZDHUF.csv,624091,.csv
backup_migrated\data_csv_full\SINCRONIZADOS\H4_SINCRONIZADO\NZDILS.csv,607426,.csv
backup_migrated\data_csv_full\SINCRONIZADOS\H4_SINCRONIZADO\NZDJPY.csv,575727,.csv
backup_migrated\data_csv_full\SINCRONIZADOS\H4_SINCRONIZADO\NZDMXN.csv,642963,.csv
backup_migrated\data_csv_full\SINCRONIZADOS\H4_SINCRONIZADO\NZDNOK.csv,629151,.csv
backup_migrated\data_csv_full\SINCRONIZADOS\H4_SINCRONIZADO\NZDPLN.csv,612933,.csv
backup_migrated\data_csv_full\SINCRONIZADOS\H4_SINCRONIZADO\NZDRON.csv,622367,.csv
backup_migrated\data_csv_full\SINCRONIZADOS\H4_SINCRONIZADO\NZDSAR.csv,624572,.csv
backup_migrated\data_csv_full\SINCRONIZADOS\H4_SINCRONIZADO\NZDSEK.csv,685403,.csv
backup_migrated\data_csv_full\SINCRONIZADOS\H4_SINCRONIZADO\NZDSGD.csv,611381,.csv
backup_migrated\data_csv_full\SINCRONIZADOS\H4_SINCRONIZADO\NZDTHB.csv,580993,.csv
backup_migrated\data_csv_full\SINCRONIZADOS\H4_SINCRONIZADO\NZDTRY.csv,682766,.csv
backup_migrated\data_csv_full\SINCRONIZADOS\H4_SINCRONIZADO\NZDUSD.csv,616938,.csv
backup_migrated\data_csv_full\SINCRONIZADOS\H4_SINCRONIZADO\NZDZAR.csv,638217,.csv
backup_migrated\data_csv_full\SINCRONIZADOS\H4_SINCRONIZADO\PLN_IDX.csv,677393,.csv
backup_migrated\data_csv_full\SINCRONIZADOS\H4_SINCRONIZADO\PLNAED.csv,618944,.csv
backup_migrated\data_csv_full\SINCRONIZADOS\H4_SINCRONIZADO\PLNCNH.csv,628106,.csv
backup_migrated\data_csv_full\SINCRONIZADOS\H4_SINCRONIZADO\PLNCZK.csv,621065,.csv
backup_migrated\data_csv_full\SINCRONIZADOS\H4_SINCRONIZADO\PLNDKK.csv,602278,.csv
backup_migrated\data_csv_full\SINCRONIZADOS\H4_SINCRONIZADO\PLNHKD.csv,625708,.csv
backup_migrated\data_csv_full\SINCRONIZADOS\H4_SINCRONIZADO\PLNHUF.csv,584754,.csv
backup_migrated\data_csv_full\SINCRONIZADOS\H4_SINCRONIZADO\PLNILS.csv,618977,.csv
backup_migrated\data_csv_full\SINCRONIZADOS\H4_SINCRONIZADO\PLNJPY.csv,618027,.csv
backup_migrated\data_csv_full\SINCRONIZADOS\H4_SINCRONIZADO\PLNMXN.csv,628947,.csv
backup_migrated\data_csv_full\SINCRONIZADOS\H4_SINCRONIZADO\PLNNOK.csv,690047,.csv
backup_migrated\data_csv_full\SINCRONIZADOS\H4_SINCRONIZADO\PLNRON.csv,619153,.csv
backup_migrated\data_csv_full\SINCRONIZADOS\H4_SINCRONIZADO\PLNSAR.csv,612971,.csv
backup_migrated\data_csv_full\SINCRONIZADOS\H4_SINCRONIZADO\PLNSEK.csv,625774,.csv
backup_migrated\data_csv_full\SINCRONIZADOS\H4_SINCRONIZADO\PLNTHB.csv,621685,.csv
backup_migrated\data_csv_full\SINCRONIZADOS\H4_SINCRONIZADO\PLNTRY.csv,654902,.csv
backup_migrated\data_csv_full\SINCRONIZADOS\H4_SINCRONIZADO\PLNZAR.csv,635650,.csv
backup_migrated\data_csv_full\SINCRONIZADOS\H4_SINCRONIZADO\RONCNH.csv,636238,.csv
backup_migrated\data_csv_full\SINCRONIZADOS\H4_SINCRONIZADO\RONCZK.csv,584856,.csv
backup_migrated\data_csv_full\SINCRONIZADOS\H4_SINCRONIZADO\RONHKD.csv,825812,.csv
backup_migrated\data_csv_full\SINCRONIZADOS\H4_SINCRONIZADO\RONHUF.csv,576735,.csv
backup_migrated\data_csv_full\SINCRONIZADOS\H4_SINCRONIZADO\RONJPY.csv,588249,.csv
backup_migrated\data_csv_full\SINCRONIZADOS\H4_SINCRONIZADO\RONMXN.csv,627578,.csv
backup_migrated\data_csv_full\SINCRONIZADOS\H4_SINCRONIZADO\RONTHB.csv,545129,.csv
backup_migrated\data_csv_full\SINCRONIZADOS\H4_SINCRONIZADO\RONTRY.csv,607830,.csv
backup_migrated\data_csv_full\SINCRONIZADOS\H4_SINCRONIZADO\RONZAR.csv,626557,.csv
backup_migrated\data_csv_full\SINCRONIZADOS\H4_SINCRONIZADO\SARCNH.csv,625841,.csv
backup_migrated\data_csv_full\SINCRONIZADOS\H4_SINCRONIZADO\SARCZK.csv,586273,.csv
backup_migrated\data_csv_full\SINCRONIZADOS\H4_SINCRONIZADO\SARHKD.csv,611247,.csv
backup_migrated\data_csv_full\SINCRONIZADOS\H4_SINCRONIZADO\SARHUF.csv,574004,.csv
backup_migrated\data_csv_full\SINCRONIZADOS\H4_SINCRONIZADO\SARJPY.csv,588124,.csv
backup_migrated\data_csv_full\SINCRONIZADOS\H4_SINCRONIZADO\SARMXN.csv,634678,.csv
backup_migrated\data_csv_full\SINCRONIZADOS\H4_SINCRONIZADO\SARRON.csv,618782,.csv
backup_migrated\data_csv_full\SINCRONIZADOS\H4_SINCRONIZADO\SARTHB.csv,541397,.csv
backup_migrated\data_csv_full\SINCRONIZADOS\H4_SINCRONIZADO\SARTRY.csv,595623,.csv
backup_migrated\data_csv_full\SINCRONIZADOS\H4_SINCRONIZADO\SARZAR.csv,599735,.csv
backup_migrated\data_csv_full\SINCRONIZADOS\H4_SINCRONIZADO\SEKAED.csv,620669,.csv
backup_migrated\data_csv_full\SINCRONIZADOS\H4_SINCRONIZADO\SEKCNH.csv,627497,.csv
backup_migrated\data_csv_full\SINCRONIZADOS\H4_SINCRONIZADO\SEKCZK.csv,618706,.csv
backup_migrated\data_csv_full\SINCRONIZADOS\H4_SINCRONIZADO\SEKDKK.csv,627838,.csv
backup_migrated\data_csv_full\SINCRONIZADOS\H4_SINCRONIZADO\SEKHKD.csv,618263,.csv
backup_migrated\data_csv_full\SINCRONIZADOS\H4_SINCRONIZADO\SEKHUF.csv,636655,.csv
backup_migrated\data_csv_full\SINCRONIZADOS\H4_SINCRONIZADO\SEKILS.csv,620823,.csv
backup_migrated\data_csv_full\SINCRONIZADOS\H4_SINCRONIZADO\SEKJPY.csv,576893,.csv
backup_migrated\data_csv_full\SINCRONIZADOS\H4_SINCRONIZADO\SEKMXN.csv,652236,.csv
backup_migrated\data_csv_full\SINCRONIZADOS\H4_SINCRONIZADO\SEKRON.csv,620739,.csv
backup_migrated\data_csv_full\SINCRONIZADOS\H4_SINCRONIZADO\SEKSAR.csv,620860,.csv
backup_migrated\data_csv_full\SINCRONIZADOS\H4_SINCRONIZADO\SEKTHB.csv,544457,.csv
backup_migrated\data_csv_full\SINCRONIZADOS\H4_SINCRONIZADO\SEKTRY.csv,648525,.csv
backup_migrated\data_csv_full\SINCRONIZADOS\H4_SINCRONIZADO\SEKZAR.csv,663989,.csv
backup_migrated\data_csv_full\SINCRONIZADOS\H4_SINCRONIZADO\SGD_IDX.csv,629580,.csv
backup_migrated\data_csv_full\SINCRONIZADOS\H4_SINCRONIZADO\SGDAED.csv,622327,.csv
backup_migrated\data_csv_full\SINCRONIZADOS\H4_SINCRONIZADO\SGDCNH.csv,628804,.csv
backup_migrated\data_csv_full\SINCRONIZADOS\H4_SINCRONIZADO\SGDCZK.csv,689737,.csv
backup_migrated\data_csv_full\SINCRONIZADOS\H4_SINCRONIZADO\SGDDKK.csv,633614,.csv
backup_migrated\data_csv_full\SINCRONIZADOS\H4_SINCRONIZADO\SGDHKD.csv,607984,.csv
backup_migrated\data_csv_full\SINCRONIZADOS\H4_SINCRONIZADO\SGDHUF.csv,654025,.csv
backup_migrated\data_csv_full\SINCRONIZADOS\H4_SINCRONIZADO\SGDILS.csv,611261,.csv
backup_migrated\data_csv_full\SINCRONIZADOS\H4_SINCRONIZADO\SGDJPY.csv,616558,.csv
backup_migrated\data_csv_full\SINCRONIZADOS\H4_SINCRONIZADO\SGDMXN.csv,647913,.csv
backup_migrated\data_csv_full\SINCRONIZADOS\H4_SINCRONIZADO\SGDNOK.csv,631164,.csv
backup_migrated\data_csv_full\SINCRONIZADOS\H4_SINCRONIZADO\SGDPLN.csv,635654,.csv
backup_migrated\data_csv_full\SINCRONIZADOS\H4_SINCRONIZADO\SGDRON.csv,625396,.csv
backup_migrated\data_csv_full\SINCRONIZADOS\H4_SINCRONIZADO\SGDSAR.csv,629323,.csv
backup_migrated\data_csv_full\SINCRONIZADOS\H4_SINCRONIZADO\SGDSEK.csv,634618,.csv
backup_migrated\data_csv_full\SINCRONIZADOS\H4_SINCRONIZADO\SGDTHB.csv,575376,.csv
backup_migrated\data_csv_full\SINCRONIZADOS\H4_SINCRONIZADO\SGDTRY.csv,688855,.csv
backup_migrated\data_csv_full\SINCRONIZADOS\H4_SINCRONIZADO\SGDZAR.csv,668902,.csv
backup_migrated\data_csv_full\SINCRONIZADOS\H4_SINCRONIZADO\SOA_IDX.csv,685614,.csv
backup_migrated\data_csv_full\SINCRONIZADOS\H4_SINCRONIZADO\THBHUF.csv,647787,.csv
backup_migrated\data_csv_full\SINCRONIZADOS\H4_SINCRONIZADO\THBJPY.csv,625254,.csv
backup_migrated\data_csv_full\SINCRONIZADOS\H4_SINCRONIZADO\TRXUSD.csv,615313,.csv
backup_migrated\data_csv_full\SINCRONIZADOS\H4_SINCRONIZADO\TRYHUF.csv,601084,.csv
backup_migrated\data_csv_full\SINCRONIZADOS\H4_SINCRONIZADO\TRYJPY.csv,549567,.csv
backup_migrated\data_csv_full\SINCRONIZADOS\H4_SINCRONIZADO\TRYTHB.csv,626227,.csv
backup_migrated\data_csv_full\SINCRONIZADOS\H4_SINCRONIZADO\UNIUSD.csv,537036,.csv
backup_migrated\data_csv_full\SINCRONIZADOS\H4_SINCRONIZADO\USA30_IDX.csv,714918,.csv
backup_migrated\data_csv_full\SINCRONIZADOS\H4_SINCRONIZADO\USA500_IDX.csv,706315,.csv
backup_migrated\data_csv_full\SINCRONIZADOS\H4_SINCRONIZADO\USATECH_IDX.csv,760399,.csv
backup_migrated\data_csv_full\SINCRONIZADOS\H4_SINCRONIZADO\USDAED.csv,534222,.csv
backup_migrated\data_csv_full\SINCRONIZADOS\H4_SINCRONIZADO\USDCAD.csv,596713,.csv
backup_migrated\data_csv_full\SINCRONIZADOS\H4_SINCRONIZADO\USDCHF.csv,612966,.csv
backup_migrated\data_csv_full\SINCRONIZADOS\H4_SINCRONIZADO\USDCNH.csv,618500,.csv
backup_migrated\data_csv_full\SINCRONIZADOS\H4_SINCRONIZADO\USDCZK.csv,624457,.csv
backup_migrated\data_csv_full\SINCRONIZADOS\H4_SINCRONIZADO\USDDKK.csv,627836,.csv
backup_migrated\data_csv_full\SINCRONIZADOS\H4_SINCRONIZADO\USDHKD.csv,626833,.csv
backup_migrated\data_csv_full\SINCRONIZADOS\H4_SINCRONIZADO\USDHUF.csv,621471,.csv
backup_migrated\data_csv_full\SINCRONIZADOS\H4_SINCRONIZADO\USDILS.csv,620329,.csv
backup_migrated\data_csv_full\SINCRONIZADOS\H4_SINCRONIZADO\USDJPY.csv,636156,.csv
backup_migrated\data_csv_full\SINCRONIZADOS\H4_SINCRONIZADO\USDMXN.csv,651563,.csv
backup_migrated\data_csv_full\SINCRONIZADOS\H4_SINCRONIZADO\USDNOK.csv,640305,.csv
backup_migrated\data_csv_full\SINCRONIZADOS\H4_SINCRONIZADO\USDPLN.csv,605128,.csv
backup_migrated\data_csv_full\SINCRONIZADOS\H4_SINCRONIZADO\USDRON.csv,630218,.csv
backup_migrated\data_csv_full\SINCRONIZADOS\H4_SINCRONIZADO\USDSAR.csv,534711,.csv
backup_migrated\data_csv_full\SINCRONIZADOS\H4_SINCRONIZADO\USDSEK.csv,637735,.csv
backup_migrated\data_csv_full\SINCRONIZADOS\H4_SINCRONIZADO\USDSGD.csv,613057,.csv
backup_migrated\data_csv_full\SINCRONIZADOS\H4_SINCRONIZADO\USDTHB.csv,618109,.csv
backup_migrated\data_csv_full\SINCRONIZADOS\H4_SINCRONIZADO\USDTRY.csv,637514,.csv
backup_migrated\data_csv_full\SINCRONIZADOS\H4_SINCRONIZADO\USDZAR.csv,662775,.csv
backup_migrated\data_csv_full\SINCRONIZADOS\H4_SINCRONIZADO\USSC2000_IDX.csv,724908,.csv
backup_migrated\data_csv_full\SINCRONIZADOS\H4_SINCRONIZADO\VOL_IDX.csv,549311,.csv
backup_migrated\data_csv_full\SINCRONIZADOS\H4_SINCRONIZADO\XAGAED.csv,590708,.csv
backup_migrated\data_csv_full\SINCRONIZADOS\H4_SINCRONIZADO\XAGAUD.csv,590506,.csv
backup_migrated\data_csv_full\SINCRONIZADOS\H4_SINCRONIZADO\XAGCAD.csv,579641,.csv
backup_migrated\data_csv_full\SINCRONIZADOS\H4_SINCRONIZADO\XAGCHF.csv,578148,.csv
backup_migrated\data_csv_full\SINCRONIZADOS\H4_SINCRONIZADO\XAGCNH.csv,603426,.csv
backup_migrated\data_csv_full\SINCRONIZADOS\H4_SINCRONIZADO\XAGCZK.csv,619298,.csv
backup_migrated\data_csv_full\SINCRONIZADOS\H4_SINCRONIZADO\XAGDKK.csv,604437,.csv
backup_migrated\data_csv_full\SINCRONIZADOS\H4_SINCRONIZADO\XAGEUR.csv,593475,.csv
backup_migrated\data_csv_full\SINCRONIZADOS\H4_SINCRONIZADO\XAGGBP.csv,594079,.csv
backup_migrated\data_csv_full\SINCRONIZADOS\H4_SINCRONIZADO\XAGHKD.csv,582977,.csv
backup_migrated\data_csv_full\SINCRONIZADOS\H4_SINCRONIZADO\XAGHUF.csv,642863,.csv
backup_migrated\data_csv_full\SINCRONIZADOS\H4_SINCRONIZADO\XAGILS.csv,602130,.csv
backup_migrated\data_csv_full\SINCRONIZADOS\H4_SINCRONIZADO\XAGJPY.csv,643650,.csv
backup_migrated\data_csv_full\SINCRONIZADOS\H4_SINCRONIZADO\XAGMXN.csv,587003,.csv
backup_migrated\data_csv_full\SINCRONIZADOS\H4_SINCRONIZADO\XAGNOK.csv,599992,.csv
backup_migrated\data_csv_full\SINCRONIZADOS\H4_SINCRONIZADO\XAGNZD.csv,611871,.csv
backup_migrated\data_csv_full\SINCRONIZADOS\H4_SINCRONIZADO\XAGPLN.csv,614698,.csv
backup_migrated\data_csv_full\SINCRONIZADOS\H4_SINCRONIZADO\XAGRON.csv,602394,.csv
backup_migrated\data_csv_full\SINCRONIZADOS\H4_SINCRONIZADO\XAGSAR.csv,602766,.csv
backup_migrated\data_csv_full\SINCRONIZADOS\H4_SINCRONIZADO\XAGSEK.csv,580936,.csv
backup_migrated\data_csv_full\SINCRONIZADOS\H4_SINCRONIZADO\XAGSGD.csv,568107,.csv
backup_migrated\data_csv_full\SINCRONIZADOS\H4_SINCRONIZADO\XAGTHB.csv,640521,.csv
backup_migrated\data_csv_full\SINCRONIZADOS\H4_SINCRONIZADO\XAGTRY.csv,596182,.csv
backup_migrated\data_csv_full\SINCRONIZADOS\H4_SINCRONIZADO\XAGUSD.csv,587974,.csv
backup_migrated\data_csv_full\SINCRONIZADOS\H4_SINCRONIZADO\XAGZAR.csv,606563,.csv
backup_migrated\data_csv_full\SINCRONIZADOS\H4_SINCRONIZADO\XAUAED.csv,647330,.csv
backup_migrated\data_csv_full\SINCRONIZADOS\H4_SINCRONIZADO\XAUAUD.csv,636138,.csv
backup_migrated\data_csv_full\SINCRONIZADOS\H4_SINCRONIZADO\XAUCAD.csv,635916,.csv
backup_migrated\data_csv_full\SINCRONIZADOS\H4_SINCRONIZADO\XAUCHF.csv,632251,.csv
backup_migrated\data_csv_full\SINCRONIZADOS\H4_SINCRONIZADO\XAUCNH.csv,673756,.csv
backup_migrated\data_csv_full\SINCRONIZADOS\H4_SINCRONIZADO\XAUCZK.csv,601974,.csv
backup_migrated\data_csv_full\SINCRONIZADOS\H4_SINCRONIZADO\XAUDKK.csv,615584,.csv
backup_migrated\data_csv_full\SINCRONIZADOS\H4_SINCRONIZADO\XAUEUR.csv,634962,.csv
backup_migrated\data_csv_full\SINCRONIZADOS\H4_SINCRONIZADO\XAUGBP.csv,632604,.csv
backup_migrated\data_csv_full\SINCRONIZADOS\H4_SINCRONIZADO\XAUHKD.csv,625919,.csv
backup_migrated\data_csv_full\SINCRONIZADOS\H4_SINCRONIZADO\XAUHUF.csv,650654,.csv
backup_migrated\data_csv_full\SINCRONIZADOS\H4_SINCRONIZADO\XAUILS.csv,647636,.csv
backup_migrated\data_csv_full\SINCRONIZADOS\H4_SINCRONIZADO\XAUJPY.csv,637966,.csv
backup_migrated\data_csv_full\SINCRONIZADOS\H4_SINCRONIZADO\XAUMXN.csv,600669,.csv
backup_migrated\data_csv_full\SINCRONIZADOS\H4_SINCRONIZADO\XAUNOK.csv,620844,.csv
backup_migrated\data_csv_full\SINCRONIZADOS\H4_SINCRONIZADO\XAUNZD.csv,636159,.csv
backup_migrated\data_csv_full\SINCRONIZADOS\H4_SINCRONIZADO\XAUPLN.csv,602997,.csv
backup_migrated\data_csv_full\SINCRONIZADOS\H4_SINCRONIZADO\XAURON.csv,673611,.csv
backup_migrated\data_csv_full\SINCRONIZADOS\H4_SINCRONIZADO\XAUSAR.csv,648191,.csv
backup_migrated\data_csv_full\SINCRONIZADOS\H4_SINCRONIZADO\XAUSEK.csv,625945,.csv
backup_migrated\data_csv_full\SINCRONIZADOS\H4_SINCRONIZADO\XAUSGD.csv,635981,.csv
backup_migrated\data_csv_full\SINCRONIZADOS\H4_SINCRONIZADO\XAUTHB.csv,610005,.csv
backup_migrated\data_csv_full\SINCRONIZADOS\H4_SINCRONIZADO\XAUTRY.csv,610966,.csv
backup_migrated\data_csv_full\SINCRONIZADOS\H4_SINCRONIZADO\XAUUSD.csv,650184,.csv
backup_migrated\data_csv_full\SINCRONIZADOS\H4_SINCRONIZADO\XAUXAG.csv,637494,.csv
backup_migrated\data_csv_full\SINCRONIZADOS\H4_SINCRONIZADO\XAUZAR.csv,600650,.csv
backup_migrated\data_csv_full\SINCRONIZADOS\H4_SINCRONIZADO\XLMCHF.csv,617035,.csv
backup_migrated\data_csv_full\SINCRONIZADOS\H4_SINCRONIZADO\XLMEUR.csv,617268,.csv
backup_migrated\data_csv_full\SINCRONIZADOS\H4_SINCRONIZADO\XLMGBP.csv,614453,.csv
backup_migrated\data_csv_full\SINCRONIZADOS\H4_SINCRONIZADO\XLMUSD.csv,618901,.csv
backup_migrated\data_csv_full\SINCRONIZADOS\H4_SINCRONIZADO\YFIUSD.csv,560879,.csv
backup_migrated\data_csv_full\SINCRONIZADOS\H4_SINCRONIZADO\ZARCZK.csv,613778,.csv
backup_migrated\data_csv_full\SINCRONIZADOS\H4_SINCRONIZADO\ZARHUF.csv,611468,.csv
backup_migrated\data_csv_full\SINCRONIZADOS\H4_SINCRONIZADO\ZARJPY.csv,554577,.csv
backup_migrated\data_csv_full\SINCRONIZADOS\H4_SINCRONIZADO\ZARMXN.csv,617747,.csv
backup_migrated\data_csv_full\SINCRONIZADOS\H4_SINCRONIZADO\ZARTHB.csv,539965,.csv
backup_migrated\data_csv_full\SINCRONIZADOS\H4_SINCRONIZADO\ZARTRY.csv,649393,.csv
backup_migrated\data_csv_full\SINCRONIZADOS\M15_SINCRONIZADO\ADAUSD.csv,8322004,.csv
backup_migrated\data_csv_full\SINCRONIZADOS\M15_SINCRONIZADO\AEDCNH.csv,9647657,.csv
backup_migrated\data_csv_full\SINCRONIZADOS\M15_SINCRONIZADO\AEDCZK.csv,9312484,.csv
backup_migrated\data_csv_full\SINCRONIZADOS\M15_SINCRONIZADO\AEDHKD.csv,9588849,.csv
backup_migrated\data_csv_full\SINCRONIZADOS\M15_SINCRONIZADO\AEDHUF.csv,9989535,.csv
backup_migrated\data_csv_full\SINCRONIZADOS\M15_SINCRONIZADO\AEDJPY.csv,9243062,.csv
backup_migrated\data_csv_full\SINCRONIZADOS\M15_SINCRONIZADO\AEDMXN.csv,9887031,.csv
backup_migrated\data_csv_full\SINCRONIZADOS\M15_SINCRONIZADO\AEDRON.csv,9733568,.csv
backup_migrated\data_csv_full\SINCRONIZADOS\M15_SINCRONIZADO\AEDSAR.csv,9543327,.csv
backup_migrated\data_csv_full\SINCRONIZADOS\M15_SINCRONIZADO\AEDTHB.csv,8542995,.csv
backup_migrated\data_csv_full\SINCRONIZADOS\M15_SINCRONIZADO\AEDTRY.csv,9932431,.csv
backup_migrated\data_csv_full\SINCRONIZADOS\M15_SINCRONIZADO\AEDZAR.csv,9897627,.csv
backup_migrated\data_csv_full\SINCRONIZADOS\M15_SINCRONIZADO\AUDAED.csv,9844772,.csv
backup_migrated\data_csv_full\SINCRONIZADOS\M15_SINCRONIZADO\AUDCAD.csv,9682258,.csv
backup_migrated\data_csv_full\SINCRONIZADOS\M15_SINCRONIZADO\AUDCHF.csv,9632050,.csv
backup_migrated\data_csv_full\SINCRONIZADOS\M15_SINCRONIZADO\AUDCNH.csv,9882549,.csv
backup_migrated\data_csv_full\SINCRONIZADOS\M15_SINCRONIZADO\AUDCZK.csv,9752080,.csv
backup_migrated\data_csv_full\SINCRONIZADOS\M15_SINCRONIZADO\AUDDKK.csv,10310184,.csv
backup_migrated\data_csv_full\SINCRONIZADOS\M15_SINCRONIZADO\AUDHKD.csv,10329346,.csv
backup_migrated\data_csv_full\SINCRONIZADOS\M15_SINCRONIZADO\AUDHUF.csv,9845000,.csv
backup_migrated\data_csv_full\SINCRONIZADOS\M15_SINCRONIZADO\AUDILS.csv,9834600,.csv
backup_migrated\data_csv_full\SINCRONIZADOS\M15_SINCRONIZADO\AUDJPY.csv,9221169,.csv
backup_migrated\data_csv_full\SINCRONIZADOS\M15_SINCRONIZADO\AUDMXN.csv,10113121,.csv
backup_migrated\data_csv_full\SINCRONIZADOS\M15_SINCRONIZADO\AUDNOK.csv,9830435,.csv
backup_migrated\data_csv_full\SINCRONIZADOS\M15_SINCRONIZADO\AUDNZD.csv,9800816,.csv
backup_migrated\data_csv_full\SINCRONIZADOS\M15_SINCRONIZADO\AUDPLN.csv,9833940,.csv
backup_migrated\data_csv_full\SINCRONIZADOS\M15_SINCRONIZADO\AUDRON.csv,9882137,.csv
backup_migrated\data_csv_full\SINCRONIZADOS\M15_SINCRONIZADO\AUDSAR.csv,9761054,.csv
backup_migrated\data_csv_full\SINCRONIZADOS\M15_SINCRONIZADO\AUDSEK.csv,9970413,.csv
backup_migrated\data_csv_full\SINCRONIZADOS\M15_SINCRONIZADO\AUDSGD.csv,9814060,.csv
backup_migrated\data_csv_full\SINCRONIZADOS\M15_SINCRONIZADO\AUDTHB.csv,9127716,.csv
backup_migrated\data_csv_full\SINCRONIZADOS\M15_SINCRONIZADO\AUDTRY.csv,10145205,.csv
backup_migrated\data_csv_full\SINCRONIZADOS\M15_SINCRONIZADO\AUDUSD.csv,9879153,.csv
backup_migrated\data_csv_full\SINCRONIZADOS\M15_SINCRONIZADO\AUDZAR.csv,10200858,.csv
backup_migrated\data_csv_full\SINCRONIZADOS\M15_SINCRONIZADO\AUS_IDX.csv,10660078,.csv
backup_migrated\data_csv_full\SINCRONIZADOS\M15_SINCRONIZADO\AVEUSD.csv,8683484,.csv
backup_migrated\data_csv_full\SINCRONIZADOS\M15_SINCRONIZADO\BATUSD.csv,9511717,.csv
backup_migrated\data_csv_full\SINCRONIZADOS\M15_SINCRONIZADO\BCHCHF.csv,8368284,.csv
backup_migrated\data_csv_full\SINCRONIZADOS\M15_SINCRONIZADO\BCHEUR.csv,8371323,.csv
backup_migrated\data_csv_full\SINCRONIZADOS\M15_SINCRONIZADO\BCHGBP.csv,8344354,.csv
backup_migrated\data_csv_full\SINCRONIZADOS\M15_SINCRONIZADO\BCHUSD.csv,8553907,.csv
backup_migrated\data_csv_full\SINCRONIZADOS\M15_SINCRONIZADO\BTCCHF.csv,9582561,.csv
backup_migrated\data_csv_full\SINCRONIZADOS\M15_SINCRONIZADO\BTCEUR.csv,9433992,.csv
backup_migrated\data_csv_full\SINCRONIZADOS\M15_SINCRONIZADO\BTCGBP.csv,9583035,.csv
backup_migrated\data_csv_full\SINCRONIZADOS\M15_SINCRONIZADO\BTCUSD.csv,10170224,.csv
backup_migrated\data_csv_full\SINCRONIZADOS\M15_SINCRONIZADO\CADAED.csv,9825681,.csv
backup_migrated\data_csv_full\SINCRONIZADOS\M15_SINCRONIZADO\CADCHF.csv,9624791,.csv
backup_migrated\data_csv_full\SINCRONIZADOS\M15_SINCRONIZADO\CADCNH.csv,9856657,.csv
backup_migrated\data_csv_full\SINCRONIZADOS\M15_SINCRONIZADO\CADCZK.csv,9852242,.csv
backup_migrated\data_csv_full\SINCRONIZADOS\M15_SINCRONIZADO\CADDKK.csv,9899641,.csv
backup_migrated\data_csv_full\SINCRONIZADOS\M15_SINCRONIZADO\CADHKD.csv,9702642,.csv
backup_migrated\data_csv_full\SINCRONIZADOS\M15_SINCRONIZADO\CADHUF.csv,9831094,.csv
backup_migrated\data_csv_full\SINCRONIZADOS\M15_SINCRONIZADO\CADILS.csv,9885143,.csv
backup_migrated\data_csv_full\SINCRONIZADOS\M15_SINCRONIZADO\CADJPY.csv,9784217,.csv
backup_migrated\data_csv_full\SINCRONIZADOS\M15_SINCRONIZADO\CADMXN.csv,10284415,.csv
backup_migrated\data_csv_full\SINCRONIZADOS\M15_SINCRONIZADO\CADNOK.csv,9912986,.csv
backup_migrated\data_csv_full\SINCRONIZADOS\M15_SINCRONIZADO\CADPLN.csv,9799387,.csv
backup_migrated\data_csv_full\SINCRONIZADOS\M15_SINCRONIZADO\CADRON.csv,9650551,.csv
backup_migrated\data_csv_full\SINCRONIZADOS\M15_SINCRONIZADO\CADSAR.csv,9915950,.csv
backup_migrated\data_csv_full\SINCRONIZADOS\M15_SINCRONIZADO\CADSEK.csv,9932763,.csv
backup_migrated\data_csv_full\SINCRONIZADOS\M15_SINCRONIZADO\CADSGD.csv,9853200,.csv
backup_migrated\data_csv_full\SINCRONIZADOS\M15_SINCRONIZADO\CADTHB.csv,9123174,.csv
backup_migrated\data_csv_full\SINCRONIZADOS\M15_SINCRONIZADO\CADTRY.csv,10768619,.csv
backup_migrated\data_csv_full\SINCRONIZADOS\M15_SINCRONIZADO\CADZAR.csv,10441971,.csv
backup_migrated\data_csv_full\SINCRONIZADOS\M15_SINCRONIZADO\CHE_IDX.csv,10580745,.csv
backup_migrated\data_csv_full\SINCRONIZADOS\M15_SINCRONIZADO\CHFAED.csv,9661968,.csv
backup_migrated\data_csv_full\SINCRONIZADOS\M15_SINCRONIZADO\CHFCNH.csv,9985372,.csv
backup_migrated\data_csv_full\SINCRONIZADOS\M15_SINCRONIZADO\CHFCZK.csv,10292577,.csv
backup_migrated\data_csv_full\SINCRONIZADOS\M15_SINCRONIZADO\CHFDKK.csv,9859696,.csv
backup_migrated\data_csv_full\SINCRONIZADOS\M15_SINCRONIZADO\CHFHKD.csv,9836009,.csv
backup_migrated\data_csv_full\SINCRONIZADOS\M15_SINCRONIZADO\CHFHUF.csv,9731220,.csv
backup_migrated\data_csv_full\SINCRONIZADOS\M15_SINCRONIZADO\CHFILS.csv,9835958,.csv
backup_migrated\data_csv_full\SINCRONIZADOS\M15_SINCRONIZADO\CHFJPY.csv,9789274,.csv
backup_migrated\data_csv_full\SINCRONIZADOS\M15_SINCRONIZADO\CHFMXN.csv,10109139,.csv
backup_migrated\data_csv_full\SINCRONIZADOS\M15_SINCRONIZADO\CHFNOK.csv,10741854,.csv
backup_migrated\data_csv_full\SINCRONIZADOS\M15_SINCRONIZADO\CHFPLN.csv,9779586,.csv
backup_migrated\data_csv_full\SINCRONIZADOS\M15_SINCRONIZADO\CHFRON.csv,10903085,.csv
backup_migrated\data_csv_full\SINCRONIZADOS\M15_SINCRONIZADO\CHFSAR.csv,10928934,.csv
backup_migrated\data_csv_full\SINCRONIZADOS\M15_SINCRONIZADO\CHFSEK.csv,10027124,.csv
backup_migrated\data_csv_full\SINCRONIZADOS\M15_SINCRONIZADO\CHFSGD.csv,10015990,.csv
backup_migrated\data_csv_full\SINCRONIZADOS\M15_SINCRONIZADO\CHFTHB.csv,9217709,.csv
backup_migrated\data_csv_full\SINCRONIZADOS\M15_SINCRONIZADO\CHFTRY.csv,10678703,.csv
backup_migrated\data_csv_full\SINCRONIZADOS\M15_SINCRONIZADO\CHFZAR.csv,10354667,.csv
backup_migrated\data_csv_full\SINCRONIZADOS\M15_SINCRONIZADO\CHI_IDX.csv,10830161,.csv
backup_migrated\data_csv_full\SINCRONIZADOS\M15_SINCRONIZADO\CMPUSD.csv,8346494,.csv
backup_migrated\data_csv_full\SINCRONIZADOS\M15_SINCRONIZADO\CNHCZK.csv,9309630,.csv
backup_migrated\data_csv_full\SINCRONIZADOS\M15_SINCRONIZADO\CNHHKD.csv,9758540,.csv
backup_migrated\data_csv_full\SINCRONIZADOS\M15_SINCRONIZADO\CNHHUF.csv,9272537,.csv
backup_migrated\data_csv_full\SINCRONIZADOS\M15_SINCRONIZADO\CNHJPY.csv,9199615,.csv
backup_migrated\data_csv_full\SINCRONIZADOS\M15_SINCRONIZADO\CNHMXN.csv,10033503,.csv
backup_migrated\data_csv_full\SINCRONIZADOS\M15_SINCRONIZADO\CNHTHB.csv,9903891,.csv
backup_migrated\data_csv_full\SINCRONIZADOS\M15_SINCRONIZADO\CNHTRY.csv,9768563,.csv
backup_migrated\data_csv_full\SINCRONIZADOS\M15_SINCRONIZADO\CNHZAR.csv,9994475,.csv
backup_migrated\data_csv_full\SINCRONIZADOS\M15_SINCRONIZADO\CZKHUF.csv,9987503,.csv
backup_migrated\data_csv_full\SINCRONIZADOS\M15_SINCRONIZADO\CZKJPY.csv,10178754,.csv
backup_migrated\data_csv_full\SINCRONIZADOS\M15_SINCRONIZADO\CZKTHB.csv,10067847,.csv
backup_migrated\data_csv_full\SINCRONIZADOS\M15_SINCRONIZADO\CZKTRY.csv,9833832,.csv
backup_migrated\data_csv_full\SINCRONIZADOS\M15_SINCRONIZADO\DEU_IDX.csv,10839613,.csv
backup_migrated\data_csv_full\SINCRONIZADOS\M15_SINCRONIZADO\DKKAED.csv,9839273,.csv
backup_migrated\data_csv_full\SINCRONIZADOS\M15_SINCRONIZADO\DKKCNH.csv,9760340,.csv
backup_migrated\data_csv_full\SINCRONIZADOS\M15_SINCRONIZADO\DKKCZK.csv,9529026,.csv
backup_migrated\data_csv_full\SINCRONIZADOS\M15_SINCRONIZADO\DKKHKD.csv,10225140,.csv
backup_migrated\data_csv_full\SINCRONIZADOS\M15_SINCRONIZADO\DKKHUF.csv,9987380,.csv
backup_migrated\data_csv_full\SINCRONIZADOS\M15_SINCRONIZADO\DKKILS.csv,9842147,.csv
backup_migrated\data_csv_full\SINCRONIZADOS\M15_SINCRONIZADO\DKKJPY.csv,10222036,.csv
backup_migrated\data_csv_full\SINCRONIZADOS\M15_SINCRONIZADO\DKKMXN.csv,10145679,.csv
backup_migrated\data_csv_full\SINCRONIZADOS\M15_SINCRONIZADO\DKKRON.csv,9749246,.csv
backup_migrated\data_csv_full\SINCRONIZADOS\M15_SINCRONIZADO\DKKSAR.csv,9841241,.csv
backup_migrated\data_csv_full\SINCRONIZADOS\M15_SINCRONIZADO\DKKTHB.csv,8599848,.csv
backup_migrated\data_csv_full\SINCRONIZADOS\M15_SINCRONIZADO\DKKTRY.csv,10227593,.csv
backup_migrated\data_csv_full\SINCRONIZADOS\M15_SINCRONIZADO\DKKZAR.csv,10046318,.csv
backup_migrated\data_csv_full\SINCRONIZADOS\M15_SINCRONIZADO\DOLLAR_IDX.csv,10167055,.csv
backup_migrated\data_csv_full\SINCRONIZADOS\M15_SINCRONIZADO\DSHUSD.csv,9186365,.csv
backup_migrated\data_csv_full\SINCRONIZADOS\M15_SINCRONIZADO\ESP_IDX.csv,10997174,.csv
backup_migrated\data_csv_full\SINCRONIZADOS\M15_SINCRONIZADO\ETHCHF.csv,8980141,.csv
backup_migrated\data_csv_full\SINCRONIZADOS\M15_SINCRONIZADO\ETHEUR.csv,8980397,.csv
backup_migrated\data_csv_full\SINCRONIZADOS\M15_SINCRONIZADO\ETHGBP.csv,8980481,.csv
backup_migrated\data_csv_full\SINCRONIZADOS\M15_SINCRONIZADO\ETHUSD.csv,9464094,.csv
backup_migrated\data_csv_full\SINCRONIZADOS\M15_SINCRONIZADO\EURAED.csv,9825489,.csv
backup_migrated\data_csv_full\SINCRONIZADOS\M15_SINCRONIZADO\EURAUD.csv,10251210,.csv
backup_migrated\data_csv_full\SINCRONIZADOS\M15_SINCRONIZADO\EURCAD.csv,10059079,.csv
backup_migrated\data_csv_full\SINCRONIZADOS\M15_SINCRONIZADO\EURCHF.csv,9798618,.csv
backup_migrated\data_csv_full\SINCRONIZADOS\M15_SINCRONIZADO\EURCNH.csv,10026468,.csv
backup_migrated\data_csv_full\SINCRONIZADOS\M15_SINCRONIZADO\EURCZK.csv,9793795,.csv
backup_migrated\data_csv_full\SINCRONIZADOS\M15_SINCRONIZADO\EURGBP.csv,9594545,.csv
backup_migrated\data_csv_full\SINCRONIZADOS\M15_SINCRONIZADO\EURHKD.csv,9785632,.csv
backup_migrated\data_csv_full\SINCRONIZADOS\M15_SINCRONIZADO\EURHUF.csv,9795885,.csv
backup_migrated\data_csv_full\SINCRONIZADOS\M15_SINCRONIZADO\EURILS.csv,9636055,.csv
backup_migrated\data_csv_full\SINCRONIZADOS\M15_SINCRONIZADO\EURJPY.csv,9741611,.csv
backup_migrated\data_csv_full\SINCRONIZADOS\M15_SINCRONIZADO\EURMXN.csv,10197420,.csv
backup_migrated\data_csv_full\SINCRONIZADOS\M15_SINCRONIZADO\EURNOK.csv,10365679,.csv
backup_migrated\data_csv_full\SINCRONIZADOS\M15_SINCRONIZADO\EURNZD.csv,10100063,.csv
backup_migrated\data_csv_full\SINCRONIZADOS\M15_SINCRONIZADO\EURPLN.csv,9818548,.csv
backup_migrated\data_csv_full\SINCRONIZADOS\M15_SINCRONIZADO\EURRON.csv,9862736,.csv
backup_migrated\data_csv_full\SINCRONIZADOS\M15_SINCRONIZADO\EURSAR.csv,9857474,.csv
backup_migrated\data_csv_full\SINCRONIZADOS\M15_SINCRONIZADO\EURSEK.csv,10423389,.csv
backup_migrated\data_csv_full\SINCRONIZADOS\M15_SINCRONIZADO\EURSGD.csv,9818607,.csv
backup_migrated\data_csv_full\SINCRONIZADOS\M15_SINCRONIZADO\EURTHB.csv,9220812,.csv
backup_migrated\data_csv_full\SINCRONIZADOS\M15_SINCRONIZADO\EURTRY.csv,10252858,.csv
backup_migrated\data_csv_full\SINCRONIZADOS\M15_SINCRONIZADO\EURUSD.csv,9886635,.csv
backup_migrated\data_csv_full\SINCRONIZADOS\M15_SINCRONIZADO\EURZAR.csv,10275275,.csv
backup_migrated\data_csv_full\SINCRONIZADOS\M15_SINCRONIZADO\EUS_IDX.csv,10670564,.csv
backup_migrated\data_csv_full\SINCRONIZADOS\M15_SINCRONIZADO\FRA_IDX.csv,10708114,.csv
backup_migrated\data_csv_full\SINCRONIZADOS\M15_SINCRONIZADO\GBPAED.csv,9879942,.csv
backup_migrated\data_csv_full\SINCRONIZADOS\M15_SINCRONIZADO\GBPAUD.csv,9860957,.csv
backup_migrated\data_csv_full\SINCRONIZADOS\M15_SINCRONIZADO\GBPCAD.csv,9935527,.csv
backup_migrated\data_csv_full\SINCRONIZADOS\M15_SINCRONIZADO\GBPCHF.csv,9549729,.csv
backup_migrated\data_csv_full\SINCRONIZADOS\M15_SINCRONIZADO\GBPCNH.csv,10323751,.csv
backup_migrated\data_csv_full\SINCRONIZADOS\M15_SINCRONIZADO\GBPCZK.csv,9546480,.csv
backup_migrated\data_csv_full\SINCRONIZADOS\M15_SINCRONIZADO\GBPDKK.csv,9726151,.csv
backup_migrated\data_csv_full\SINCRONIZADOS\M15_SINCRONIZADO\GBPHKD.csv,10406522,.csv
backup_migrated\data_csv_full\SINCRONIZADOS\M15_SINCRONIZADO\GBPHUF.csv,9821580,.csv
backup_migrated\data_csv_full\SINCRONIZADOS\M15_SINCRONIZADO\GBPILS.csv,9869780,.csv
backup_migrated\data_csv_full\SINCRONIZADOS\M15_SINCRONIZADO\GBPJPY.csv,9843282,.csv
backup_migrated\data_csv_full\SINCRONIZADOS\M15_SINCRONIZADO\GBPMXN.csv,10443950,.csv
backup_migrated\data_csv_full\SINCRONIZADOS\M15_SINCRONIZADO\GBPNOK.csv,10110806,.csv
backup_migrated\data_csv_full\SINCRONIZADOS\M15_SINCRONIZADO\GBPNZD.csv,9835612,.csv
backup_migrated\data_csv_full\SINCRONIZADOS\M15_SINCRONIZADO\GBPPLN.csv,9434088,.csv
backup_migrated\data_csv_full\SINCRONIZADOS\M15_SINCRONIZADO\GBPRON.csv,9897296,.csv
backup_migrated\data_csv_full\SINCRONIZADOS\M15_SINCRONIZADO\GBPSAR.csv,9770956,.csv
backup_migrated\data_csv_full\SINCRONIZADOS\M15_SINCRONIZADO\GBPSEK.csv,10501120,.csv
backup_migrated\data_csv_full\SINCRONIZADOS\M15_SINCRONIZADO\GBPSGD.csv,9804921,.csv
backup_migrated\data_csv_full\SINCRONIZADOS\M15_SINCRONIZADO\GBPTHB.csv,9119389,.csv
backup_migrated\data_csv_full\SINCRONIZADOS\M15_SINCRONIZADO\GBPTRY.csv,10052424,.csv
backup_migrated\data_csv_full\SINCRONIZADOS\M15_SINCRONIZADO\GBPUSD.csv,9541151,.csv
backup_migrated\data_csv_full\SINCRONIZADOS\M15_SINCRONIZADO\GBPZAR.csv,10371389,.csv
backup_migrated\data_csv_full\SINCRONIZADOS\M15_SINCRONIZADO\GBR_IDX.csv,10507584,.csv
backup_migrated\data_csv_full\SINCRONIZADOS\M15_SINCRONIZADO\GOLD.csv,9913405,.csv
backup_migrated\data_csv_full\SINCRONIZADOS\M15_SINCRONIZADO\HKDCZK.csv,9687594,.csv
backup_migrated\data_csv_full\SINCRONIZADOS\M15_SINCRONIZADO\HKDHUF.csv,9915537,.csv
backup_migrated\data_csv_full\SINCRONIZADOS\M15_SINCRONIZADO\HKDJPY.csv,10319240,.csv
backup_migrated\data_csv_full\SINCRONIZADOS\M15_SINCRONIZADO\HKDMXN.csv,10269831,.csv
backup_migrated\data_csv_full\SINCRONIZADOS\M15_SINCRONIZADO\HKDTHB.csv,8539224,.csv
backup_migrated\data_csv_full\SINCRONIZADOS\M15_SINCRONIZADO\HKDTRY.csv,10223978,.csv
backup_migrated\data_csv_full\SINCRONIZADOS\M15_SINCRONIZADO\HKDZAR.csv,10240511,.csv
backup_migrated\data_csv_full\SINCRONIZADOS\M15_SINCRONIZADO\HKG_IDX.csv,10934081,.csv
backup_migrated\data_csv_full\SINCRONIZADOS\M15_SINCRONIZADO\ILSAED.csv,9620334,.csv
backup_migrated\data_csv_full\SINCRONIZADOS\M15_SINCRONIZADO\ILSCNH.csv,9738628,.csv
backup_migrated\data_csv_full\SINCRONIZADOS\M15_SINCRONIZADO\ILSCZK.csv,9091256,.csv
backup_migrated\data_csv_full\SINCRONIZADOS\M15_SINCRONIZADO\ILSHKD.csv,9735580,.csv
backup_migrated\data_csv_full\SINCRONIZADOS\M15_SINCRONIZADO\ILSHUF.csv,9301114,.csv
backup_migrated\data_csv_full\SINCRONIZADOS\M15_SINCRONIZADO\ILSJPY.csv,9146653,.csv
backup_migrated\data_csv_full\SINCRONIZADOS\M15_SINCRONIZADO\ILSMXN.csv,9804428,.csv
backup_migrated\data_csv_full\SINCRONIZADOS\M15_SINCRONIZADO\ILSRON.csv,9732831,.csv
backup_migrated\data_csv_full\SINCRONIZADOS\M15_SINCRONIZADO\ILSSAR.csv,9715099,.csv
backup_migrated\data_csv_full\SINCRONIZADOS\M15_SINCRONIZADO\ILSTHB.csv,8552549,.csv
backup_migrated\data_csv_full\SINCRONIZADOS\M15_SINCRONIZADO\ILSTRY.csv,9869988,.csv
backup_migrated\data_csv_full\SINCRONIZADOS\M15_SINCRONIZADO\ILSZAR.csv,10823350,.csv
backup_migrated\data_csv_full\SINCRONIZADOS\M15_SINCRONIZADO\JPN_IDX.csv,10936264,.csv
backup_migrated\data_csv_full\SINCRONIZADOS\M15_SINCRONIZADO\JPYHUF.csv,9934462,.csv
backup_migrated\data_csv_full\SINCRONIZADOS\M15_SINCRONIZADO\LNKUSD.csv,8404954,.csv
backup_migrated\data_csv_full\SINCRONIZADOS\M15_SINCRONIZADO\LTCCHF.csv,7791619,.csv
backup_migrated\data_csv_full\SINCRONIZADOS\M15_SINCRONIZADO\LTCEUR.csv,7806688,.csv
backup_migrated\data_csv_full\SINCRONIZADOS\M15_SINCRONIZADO\LTCGBP.csv,7775681,.csv
backup_migrated\data_csv_full\SINCRONIZADOS\M15_SINCRONIZADO\LTCUSD.csv,8031737,.csv
backup_migrated\data_csv_full\SINCRONIZADOS\M15_SINCRONIZADO\MKRUSD.csv,9536420,.csv
backup_migrated\data_csv_full\SINCRONIZADOS\M15_SINCRONIZADO\MXNCZK.csv,9959327,.csv
backup_migrated\data_csv_full\SINCRONIZADOS\M15_SINCRONIZADO\MXNHUF.csv,9892853,.csv
backup_migrated\data_csv_full\SINCRONIZADOS\M15_SINCRONIZADO\MXNJPY.csv,9896486,.csv
backup_migrated\data_csv_full\SINCRONIZADOS\M15_SINCRONIZADO\MXNTHB.csv,10121972,.csv
backup_migrated\data_csv_full\SINCRONIZADOS\M15_SINCRONIZADO\MXNTRY.csv,10366101,.csv
backup_migrated\data_csv_full\SINCRONIZADOS\M15_SINCRONIZADO\NLD_IDX.csv,10030768,.csv
backup_migrated\data_csv_full\SINCRONIZADOS\M15_SINCRONIZADO\NOKAED.csv,9769861,.csv
backup_migrated\data_csv_full\SINCRONIZADOS\M15_SINCRONIZADO\NOKCNH.csv,9688426,.csv
backup_migrated\data_csv_full\SINCRONIZADOS\M15_SINCRONIZADO\NOKCZK.csv,9653322,.csv
backup_migrated\data_csv_full\SINCRONIZADOS\M15_SINCRONIZADO\NOKDKK.csv,9878239,.csv
backup_migrated\data_csv_full\SINCRONIZADOS\M15_SINCRONIZADO\NOKHKD.csv,9881427,.csv
backup_migrated\data_csv_full\SINCRONIZADOS\M15_SINCRONIZADO\NOKHUF.csv,9351911,.csv
backup_migrated\data_csv_full\SINCRONIZADOS\M15_SINCRONIZADO\NOKILS.csv,9766879,.csv
backup_migrated\data_csv_full\SINCRONIZADOS\M15_SINCRONIZADO\NOKJPY.csv,10953515,.csv
backup_migrated\data_csv_full\SINCRONIZADOS\M15_SINCRONIZADO\NOKMXN.csv,10182743,.csv
backup_migrated\data_csv_full\SINCRONIZADOS\M15_SINCRONIZADO\NOKRON.csv,9771038,.csv
backup_migrated\data_csv_full\SINCRONIZADOS\M15_SINCRONIZADO\NOKSAR.csv,9768839,.csv
backup_migrated\data_csv_full\SINCRONIZADOS\M15_SINCRONIZADO\NOKSEK.csv,9815054,.csv
backup_migrated\data_csv_full\SINCRONIZADOS\M15_SINCRONIZADO\NOKTHB.csv,8538124,.csv
backup_migrated\data_csv_full\SINCRONIZADOS\M15_SINCRONIZADO\NOKTRY.csv,10296714,.csv
backup_migrated\data_csv_full\SINCRONIZADOS\M15_SINCRONIZADO\NOKZAR.csv,10454581,.csv
backup_migrated\data_csv_full\SINCRONIZADOS\M15_SINCRONIZADO\NZDAED.csv,9727543,.csv
backup_migrated\data_csv_full\SINCRONIZADOS\M15_SINCRONIZADO\NZDCAD.csv,9881690,.csv
backup_migrated\data_csv_full\SINCRONIZADOS\M15_SINCRONIZADO\NZDCHF.csv,9809287,.csv
backup_migrated\data_csv_full\SINCRONIZADOS\M15_SINCRONIZADO\NZDCNH.csv,10244736,.csv
backup_migrated\data_csv_full\SINCRONIZADOS\M15_SINCRONIZADO\NZDCZK.csv,9749146,.csv
backup_migrated\data_csv_full\SINCRONIZADOS\M15_SINCRONIZADO\NZDDKK.csv,9743425,.csv
backup_migrated\data_csv_full\SINCRONIZADOS\M15_SINCRONIZADO\NZDHKD.csv,9741947,.csv
backup_migrated\data_csv_full\SINCRONIZADOS\M15_SINCRONIZADO\NZDHUF.csv,9735158,.csv
backup_migrated\data_csv_full\SINCRONIZADOS\M15_SINCRONIZADO\NZDILS.csv,9552675,.csv
backup_migrated\data_csv_full\SINCRONIZADOS\M15_SINCRONIZADO\NZDJPY.csv,9205051,.csv
backup_migrated\data_csv_full\SINCRONIZADOS\M15_SINCRONIZADO\NZDMXN.csv,10116897,.csv
backup_migrated\data_csv_full\SINCRONIZADOS\M15_SINCRONIZADO\NZDNOK.csv,9890317,.csv
backup_migrated\data_csv_full\SINCRONIZADOS\M15_SINCRONIZADO\NZDPLN.csv,9716391,.csv
backup_migrated\data_csv_full\SINCRONIZADOS\M15_SINCRONIZADO\NZDRON.csv,9698646,.csv
backup_migrated\data_csv_full\SINCRONIZADOS\M15_SINCRONIZADO\NZDSAR.csv,9731233,.csv
backup_migrated\data_csv_full\SINCRONIZADOS\M15_SINCRONIZADO\NZDSEK.csv,10715601,.csv
backup_migrated\data_csv_full\SINCRONIZADOS\M15_SINCRONIZADO\NZDSGD.csv,9777829,.csv
backup_migrated\data_csv_full\SINCRONIZADOS\M15_SINCRONIZADO\NZDTHB.csv,9033140,.csv
backup_migrated\data_csv_full\SINCRONIZADOS\M15_SINCRONIZADO\NZDTRY.csv,10766404,.csv
backup_migrated\data_csv_full\SINCRONIZADOS\M15_SINCRONIZADO\NZDUSD.csv,9855314,.csv
backup_migrated\data_csv_full\SINCRONIZADOS\M15_SINCRONIZADO\NZDZAR.csv,10041493,.csv
backup_migrated\data_csv_full\SINCRONIZADOS\M15_SINCRONIZADO\PLN_IDX.csv,10644716,.csv
backup_migrated\data_csv_full\SINCRONIZADOS\M15_SINCRONIZADO\PLNAED.csv,9736033,.csv
backup_migrated\data_csv_full\SINCRONIZADOS\M15_SINCRONIZADO\PLNCNH.csv,9876152,.csv
backup_migrated\data_csv_full\SINCRONIZADOS\M15_SINCRONIZADO\PLNCZK.csv,9683172,.csv
backup_migrated\data_csv_full\SINCRONIZADOS\M15_SINCRONIZADO\PLNDKK.csv,9546670,.csv
backup_migrated\data_csv_full\SINCRONIZADOS\M15_SINCRONIZADO\PLNHKD.csv,9839238,.csv
backup_migrated\data_csv_full\SINCRONIZADOS\M15_SINCRONIZADO\PLNHUF.csv,9190946,.csv
backup_migrated\data_csv_full\SINCRONIZADOS\M15_SINCRONIZADO\PLNILS.csv,9737847,.csv
backup_migrated\data_csv_full\SINCRONIZADOS\M15_SINCRONIZADO\PLNJPY.csv,9715123,.csv
backup_migrated\data_csv_full\SINCRONIZADOS\M15_SINCRONIZADO\PLNMXN.csv,9888180,.csv
backup_migrated\data_csv_full\SINCRONIZADOS\M15_SINCRONIZADO\PLNNOK.csv,10859612,.csv
backup_migrated\data_csv_full\SINCRONIZADOS\M15_SINCRONIZADO\PLNRON.csv,9739755,.csv
backup_migrated\data_csv_full\SINCRONIZADOS\M15_SINCRONIZADO\PLNSAR.csv,9639764,.csv
backup_migrated\data_csv_full\SINCRONIZADOS\M15_SINCRONIZADO\PLNSEK.csv,9839292,.csv
backup_migrated\data_csv_full\SINCRONIZADOS\M15_SINCRONIZADO\PLNTHB.csv,9779552,.csv
backup_migrated\data_csv_full\SINCRONIZADOS\M15_SINCRONIZADO\PLNTRY.csv,10317819,.csv
backup_migrated\data_csv_full\SINCRONIZADOS\M15_SINCRONIZADO\PLNZAR.csv,9916992,.csv
backup_migrated\data_csv_full\SINCRONIZADOS\M15_SINCRONIZADO\RONCNH.csv,10012387,.csv
backup_migrated\data_csv_full\SINCRONIZADOS\M15_SINCRONIZADO\RONCZK.csv,9194253,.csv
backup_migrated\data_csv_full\SINCRONIZADOS\M15_SINCRONIZADO\RONHKD.csv,12947557,.csv
backup_migrated\data_csv_full\SINCRONIZADOS\M15_SINCRONIZADO\RONHUF.csv,9059682,.csv
backup_migrated\data_csv_full\SINCRONIZADOS\M15_SINCRONIZADO\RONJPY.csv,9151671,.csv
backup_migrated\data_csv_full\SINCRONIZADOS\M15_SINCRONIZADO\RONMXN.csv,9870915,.csv
backup_migrated\data_csv_full\SINCRONIZADOS\M15_SINCRONIZADO\RONTHB.csv,8555120,.csv
backup_migrated\data_csv_full\SINCRONIZADOS\M15_SINCRONIZADO\RONTRY.csv,9567621,.csv
backup_migrated\data_csv_full\SINCRONIZADOS\M15_SINCRONIZADO\RONZAR.csv,9856117,.csv
backup_migrated\data_csv_full\SINCRONIZADOS\M15_SINCRONIZADO\SARCNH.csv,9842415,.csv
backup_migrated\data_csv_full\SINCRONIZADOS\M15_SINCRONIZADO\SARCZK.csv,9209649,.csv
backup_migrated\data_csv_full\SINCRONIZADOS\M15_SINCRONIZADO\SARHKD.csv,9611631,.csv
backup_migrated\data_csv_full\SINCRONIZADOS\M15_SINCRONIZADO\SARHUF.csv,9018315,.csv
backup_migrated\data_csv_full\SINCRONIZADOS\M15_SINCRONIZADO\SARJPY.csv,9152140,.csv
backup_migrated\data_csv_full\SINCRONIZADOS\M15_SINCRONIZADO\SARMXN.csv,9987234,.csv
backup_migrated\data_csv_full\SINCRONIZADOS\M15_SINCRONIZADO\SARRON.csv,9733082,.csv
backup_migrated\data_csv_full\SINCRONIZADOS\M15_SINCRONIZADO\SARTHB.csv,8499094,.csv
backup_migrated\data_csv_full\SINCRONIZADOS\M15_SINCRONIZADO\SARTRY.csv,9364373,.csv
backup_migrated\data_csv_full\SINCRONIZADOS\M15_SINCRONIZADO\SARZAR.csv,9329346,.csv
backup_migrated\data_csv_full\SINCRONIZADOS\M15_SINCRONIZADO\SEKAED.csv,9761860,.csv
backup_migrated\data_csv_full\SINCRONIZADOS\M15_SINCRONIZADO\SEKCNH.csv,9777817,.csv
backup_migrated\data_csv_full\SINCRONIZADOS\M15_SINCRONIZADO\SEKCZK.csv,9647495,.csv
backup_migrated\data_csv_full\SINCRONIZADOS\M15_SINCRONIZADO\SEKDKK.csv,9873815,.csv
backup_migrated\data_csv_full\SINCRONIZADOS\M15_SINCRONIZADO\SEKHKD.csv,9719999,.csv
backup_migrated\data_csv_full\SINCRONIZADOS\M15_SINCRONIZADO\SEKHUF.csv,10022537,.csv
backup_migrated\data_csv_full\SINCRONIZADOS\M15_SINCRONIZADO\SEKILS.csv,9671693,.csv
backup_migrated\data_csv_full\SINCRONIZADOS\M15_SINCRONIZADO\SEKJPY.csv,9225465,.csv
backup_migrated\data_csv_full\SINCRONIZADOS\M15_SINCRONIZADO\SEKMXN.csv,10265774,.csv
backup_migrated\data_csv_full\SINCRONIZADOS\M15_SINCRONIZADO\SEKRON.csv,9765760,.csv
backup_migrated\data_csv_full\SINCRONIZADOS\M15_SINCRONIZADO\SEKSAR.csv,9764220,.csv
backup_migrated\data_csv_full\SINCRONIZADOS\M15_SINCRONIZADO\SEKTHB.csv,8546254,.csv
backup_migrated\data_csv_full\SINCRONIZADOS\M15_SINCRONIZADO\SEKTRY.csv,10218261,.csv
backup_migrated\data_csv_full\SINCRONIZADOS\M15_SINCRONIZADO\SEKZAR.csv,10367739,.csv
backup_migrated\data_csv_full\SINCRONIZADOS\M15_SINCRONIZADO\SGD_IDX.csv,9877393,.csv
backup_migrated\data_csv_full\SINCRONIZADOS\M15_SINCRONIZADO\SGDAED.csv,9794592,.csv
backup_migrated\data_csv_full\SINCRONIZADOS\M15_SINCRONIZADO\SGDCNH.csv,9892034,.csv
backup_migrated\data_csv_full\SINCRONIZADOS\M15_SINCRONIZADO\SGDCZK.csv,10862856,.csv
backup_migrated\data_csv_full\SINCRONIZADOS\M15_SINCRONIZADO\SGDDKK.csv,9884193,.csv
backup_migrated\data_csv_full\SINCRONIZADOS\M15_SINCRONIZADO\SGDHKD.csv,9549018,.csv
backup_migrated\data_csv_full\SINCRONIZADOS\M15_SINCRONIZADO\SGDHUF.csv,10214996,.csv
backup_migrated\data_csv_full\SINCRONIZADOS\M15_SINCRONIZADO\SGDILS.csv,9617346,.csv
backup_migrated\data_csv_full\SINCRONIZADOS\M15_SINCRONIZADO\SGDJPY.csv,9665756,.csv
backup_migrated\data_csv_full\SINCRONIZADOS\M15_SINCRONIZADO\SGDMXN.csv,10111347,.csv
backup_migrated\data_csv_full\SINCRONIZADOS\M15_SINCRONIZADO\SGDNOK.csv,9924628,.csv
backup_migrated\data_csv_full\SINCRONIZADOS\M15_SINCRONIZADO\SGDPLN.csv,9919583,.csv
backup_migrated\data_csv_full\SINCRONIZADOS\M15_SINCRONIZADO\SGDRON.csv,9842656,.csv
backup_migrated\data_csv_full\SINCRONIZADOS\M15_SINCRONIZADO\SGDSAR.csv,9896444,.csv
backup_migrated\data_csv_full\SINCRONIZADOS\M15_SINCRONIZADO\SGDSEK.csv,9897328,.csv
backup_migrated\data_csv_full\SINCRONIZADOS\M15_SINCRONIZADO\SGDTHB.csv,8942776,.csv
backup_migrated\data_csv_full\SINCRONIZADOS\M15_SINCRONIZADO\SGDTRY.csv,10780735,.csv
backup_migrated\data_csv_full\SINCRONIZADOS\M15_SINCRONIZADO\SGDZAR.csv,10449961,.csv
backup_migrated\data_csv_full\SINCRONIZADOS\M15_SINCRONIZADO\SOA_IDX.csv,10792704,.csv
backup_migrated\data_csv_full\SINCRONIZADOS\M15_SINCRONIZADO\THBHUF.csv,10194367,.csv
backup_migrated\data_csv_full\SINCRONIZADOS\M15_SINCRONIZADO\THBJPY.csv,9828829,.csv
backup_migrated\data_csv_full\SINCRONIZADOS\M15_SINCRONIZADO\TRXUSD.csv,9663029,.csv
backup_migrated\data_csv_full\SINCRONIZADOS\M15_SINCRONIZADO\TRYHUF.csv,9460789,.csv
backup_migrated\data_csv_full\SINCRONIZADOS\M15_SINCRONIZADO\TRYJPY.csv,8598669,.csv
backup_migrated\data_csv_full\SINCRONIZADOS\M15_SINCRONIZADO\TRYTHB.csv,9848314,.csv
backup_migrated\data_csv_full\SINCRONIZADOS\M15_SINCRONIZADO\UNIUSD.csv,8475878,.csv
backup_migrated\data_csv_full\SINCRONIZADOS\M15_SINCRONIZADO\USA30_IDX.csv,11249419,.csv
backup_migrated\data_csv_full\SINCRONIZADOS\M15_SINCRONIZADO\USA500_IDX.csv,11115368,.csv
backup_migrated\data_csv_full\SINCRONIZADOS\M15_SINCRONIZADO\USATECH_IDX.csv,11972006,.csv
backup_migrated\data_csv_full\SINCRONIZADOS\M15_SINCRONIZADO\USDAED.csv,8382442,.csv
backup_migrated\data_csv_full\SINCRONIZADOS\M15_SINCRONIZADO\USDCAD.csv,9549073,.csv
backup_migrated\data_csv_full\SINCRONIZADOS\M15_SINCRONIZADO\USDCHF.csv,9801312,.csv
backup_migrated\data_csv_full\SINCRONIZADOS\M15_SINCRONIZADO\USDCNH.csv,9889598,.csv
backup_migrated\data_csv_full\SINCRONIZADOS\M15_SINCRONIZADO\USDCZK.csv,9795202,.csv
backup_migrated\data_csv_full\SINCRONIZADOS\M15_SINCRONIZADO\USDDKK.csv,9862479,.csv
backup_migrated\data_csv_full\SINCRONIZADOS\M15_SINCRONIZADO\USDHKD.csv,9829568,.csv
backup_migrated\data_csv_full\SINCRONIZADOS\M15_SINCRONIZADO\USDHUF.csv,9746530,.csv
backup_migrated\data_csv_full\SINCRONIZADOS\M15_SINCRONIZADO\USDILS.csv,9739212,.csv
backup_migrated\data_csv_full\SINCRONIZADOS\M15_SINCRONIZADO\USDJPY.csv,9986079,.csv
backup_migrated\data_csv_full\SINCRONIZADOS\M15_SINCRONIZADO\USDMXN.csv,10416851,.csv
backup_migrated\data_csv_full\SINCRONIZADOS\M15_SINCRONIZADO\USDNOK.csv,10239242,.csv
backup_migrated\data_csv_full\SINCRONIZADOS\M15_SINCRONIZADO\USDPLN.csv,9674944,.csv
backup_migrated\data_csv_full\SINCRONIZADOS\M15_SINCRONIZADO\USDRON.csv,9900386,.csv
backup_migrated\data_csv_full\SINCRONIZADOS\M15_SINCRONIZADO\USDSAR.csv,8384245,.csv
backup_migrated\data_csv_full\SINCRONIZADOS\M15_SINCRONIZADO\USDSEK.csv,10197269,.csv
backup_migrated\data_csv_full\SINCRONIZADOS\M15_SINCRONIZADO\USDSGD.csv,9802705,.csv
backup_migrated\data_csv_full\SINCRONIZADOS\M15_SINCRONIZADO\USDTHB.csv,9692895,.csv
backup_migrated\data_csv_full\SINCRONIZADOS\M15_SINCRONIZADO\USDTRY.csv,10202095,.csv
backup_migrated\data_csv_full\SINCRONIZADOS\M15_SINCRONIZADO\USDZAR.csv,10410853,.csv
backup_migrated\data_csv_full\SINCRONIZADOS\M15_SINCRONIZADO\USSC2000_IDX.csv,11409819,.csv
backup_migrated\data_csv_full\SINCRONIZADOS\M15_SINCRONIZADO\VOL_IDX.csv,8615404,.csv
backup_migrated\data_csv_full\SINCRONIZADOS\M15_SINCRONIZADO\XAGAED.csv,9290929,.csv
backup_migrated\data_csv_full\SINCRONIZADOS\M15_SINCRONIZADO\XAGAUD.csv,9367404,.csv
backup_migrated\data_csv_full\SINCRONIZADOS\M15_SINCRONIZADO\XAGCAD.csv,9030092,.csv
backup_migrated\data_csv_full\SINCRONIZADOS\M15_SINCRONIZADO\XAGCHF.csv,9084963,.csv
backup_migrated\data_csv_full\SINCRONIZADOS\M15_SINCRONIZADO\XAGCNH.csv,9589130,.csv
backup_migrated\data_csv_full\SINCRONIZADOS\M15_SINCRONIZADO\XAGCZK.csv,9744570,.csv
backup_migrated\data_csv_full\SINCRONIZADOS\M15_SINCRONIZADO\XAGDKK.csv,9591627,.csv
backup_migrated\data_csv_full\SINCRONIZADOS\M15_SINCRONIZADO\XAGEUR.csv,9373218,.csv
backup_migrated\data_csv_full\SINCRONIZADOS\M15_SINCRONIZADO\XAGGBP.csv,9382031,.csv
backup_migrated\data_csv_full\SINCRONIZADOS\M15_SINCRONIZADO\XAGHKD.csv,9249625,.csv
backup_migrated\data_csv_full\SINCRONIZADOS\M15_SINCRONIZADO\XAGHUF.csv,10123238,.csv
backup_migrated\data_csv_full\SINCRONIZADOS\M15_SINCRONIZADO\XAGILS.csv,9576135,.csv
backup_migrated\data_csv_full\SINCRONIZADOS\M15_SINCRONIZADO\XAGJPY.csv,10232937,.csv
backup_migrated\data_csv_full\SINCRONIZADOS\M15_SINCRONIZADO\XAGMXN.csv,9312191,.csv
backup_migrated\data_csv_full\SINCRONIZADOS\M15_SINCRONIZADO\XAGNOK.csv,9435927,.csv
backup_migrated\data_csv_full\SINCRONIZADOS\M15_SINCRONIZADO\XAGNZD.csv,9709565,.csv
backup_migrated\data_csv_full\SINCRONIZADOS\M15_SINCRONIZADO\XAGPLN.csv,9672693,.csv
backup_migrated\data_csv_full\SINCRONIZADOS\M15_SINCRONIZADO\XAGRON.csv,9578792,.csv
backup_migrated\data_csv_full\SINCRONIZADOS\M15_SINCRONIZADO\XAGSAR.csv,9579302,.csv
backup_migrated\data_csv_full\SINCRONIZADOS\M15_SINCRONIZADO\XAGSEK.csv,9216327,.csv
backup_migrated\data_csv_full\SINCRONIZADOS\M15_SINCRONIZADO\XAGSGD.csv,9012539,.csv
backup_migrated\data_csv_full\SINCRONIZADOS\M15_SINCRONIZADO\XAGTHB.csv,10183270,.csv
backup_migrated\data_csv_full\SINCRONIZADOS\M15_SINCRONIZADO\XAGTRY.csv,9473398,.csv
backup_migrated\data_csv_full\SINCRONIZADOS\M15_SINCRONIZADO\XAGUSD.csv,9120473,.csv
backup_migrated\data_csv_full\SINCRONIZADOS\M15_SINCRONIZADO\XAGZAR.csv,9637738,.csv
backup_migrated\data_csv_full\SINCRONIZADOS\M15_SINCRONIZADO\XAUAED.csv,10331671,.csv
backup_migrated\data_csv_full\SINCRONIZADOS\M15_SINCRONIZADO\XAUAUD.csv,10154135,.csv
backup_migrated\data_csv_full\SINCRONIZADOS\M15_SINCRONIZADO\XAUCAD.csv,10151299,.csv
backup_migrated\data_csv_full\SINCRONIZADOS\M15_SINCRONIZADO\XAUCHF.csv,10092991,.csv
backup_migrated\data_csv_full\SINCRONIZADOS\M15_SINCRONIZADO\XAUCNH.csv,10756884,.csv
backup_migrated\data_csv_full\SINCRONIZADOS\M15_SINCRONIZADO\XAUCZK.csv,9607871,.csv
backup_migrated\data_csv_full\SINCRONIZADOS\M15_SINCRONIZADO\XAUDKK.csv,9824846,.csv
backup_migrated\data_csv_full\SINCRONIZADOS\M15_SINCRONIZADO\XAUEUR.csv,10133948,.csv
backup_migrated\data_csv_full\SINCRONIZADOS\M15_SINCRONIZADO\XAUGBP.csv,10098000,.csv
backup_migrated\data_csv_full\SINCRONIZADOS\M15_SINCRONIZADO\XAUHKD.csv,9989723,.csv
backup_migrated\data_csv_full\SINCRONIZADOS\M15_SINCRONIZADO\XAUHUF.csv,10386887,.csv
backup_migrated\data_csv_full\SINCRONIZADOS\M15_SINCRONIZADO\XAUILS.csv,10337058,.csv
backup_migrated\data_csv_full\SINCRONIZADOS\M15_SINCRONIZADO\XAUJPY.csv,10183502,.csv
backup_migrated\data_csv_full\SINCRONIZADOS\M15_SINCRONIZADO\XAUMXN.csv,9587173,.csv
backup_migrated\data_csv_full\SINCRONIZADOS\M15_SINCRONIZADO\XAUNOK.csv,9909187,.csv
backup_migrated\data_csv_full\SINCRONIZADOS\M15_SINCRONIZADO\XAUNZD.csv,10154290,.csv
backup_migrated\data_csv_full\SINCRONIZADOS\M15_SINCRONIZADO\XAUPLN.csv,9622945,.csv
backup_migrated\data_csv_full\SINCRONIZADOS\M15_SINCRONIZADO\XAURON.csv,10752564,.csv
backup_migrated\data_csv_full\SINCRONIZADOS\M15_SINCRONIZADO\XAUSAR.csv,10345243,.csv
backup_migrated\data_csv_full\SINCRONIZADOS\M15_SINCRONIZADO\XAUSEK.csv,9991329,.csv
backup_migrated\data_csv_full\SINCRONIZADOS\M15_SINCRONIZADO\XAUSGD.csv,10151760,.csv
backup_migrated\data_csv_full\SINCRONIZADOS\M15_SINCRONIZADO\XAUTHB.csv,9736811,.csv
backup_migrated\data_csv_full\SINCRONIZADOS\M15_SINCRONIZADO\XAUTRY.csv,9750626,.csv
backup_migrated\data_csv_full\SINCRONIZADOS\M15_SINCRONIZADO\XAUUSD.csv,10211505,.csv
backup_migrated\data_csv_full\SINCRONIZADOS\M15_SINCRONIZADO\XAUXAG.csv,10174766,.csv
backup_migrated\data_csv_full\SINCRONIZADOS\M15_SINCRONIZADO\XAUZAR.csv,9586087,.csv
backup_migrated\data_csv_full\SINCRONIZADOS\M15_SINCRONIZADO\XLMCHF.csv,9703735,.csv
backup_migrated\data_csv_full\SINCRONIZADOS\M15_SINCRONIZADO\XLMEUR.csv,9706344,.csv
backup_migrated\data_csv_full\SINCRONIZADOS\M15_SINCRONIZADO\XLMGBP.csv,9662109,.csv
backup_migrated\data_csv_full\SINCRONIZADOS\M15_SINCRONIZADO\XLMUSD.csv,9710407,.csv
backup_migrated\data_csv_full\SINCRONIZADOS\M15_SINCRONIZADO\YFIUSD.csv,8945902,.csv
backup_migrated\data_csv_full\SINCRONIZADOS\M15_SINCRONIZADO\ZARCZK.csv,9648332,.csv
backup_migrated\data_csv_full\SINCRONIZADOS\M15_SINCRONIZADO\ZARHUF.csv,9613486,.csv
backup_migrated\data_csv_full\SINCRONIZADOS\M15_SINCRONIZADO\ZARJPY.csv,8677449,.csv
backup_migrated\data_csv_full\SINCRONIZADOS\M15_SINCRONIZADO\ZARMXN.csv,9714036,.csv
backup_migrated\data_csv_full\SINCRONIZADOS\M15_SINCRONIZADO\ZARTHB.csv,8469433,.csv
backup_migrated\data_csv_full\SINCRONIZADOS\M15_SINCRONIZADO\ZARTRY.csv,10226502,.csv
backup_migrated\data_csv_full\SINCRONIZADOS\M30_SINCRONIZADO\ADAUSD.csv,4175035,.csv
backup_migrated\data_csv_full\SINCRONIZADOS\M30_SINCRONIZADO\AEDCNH.csv,4834100,.csv
backup_migrated\data_csv_full\SINCRONIZADOS\M30_SINCRONIZADO\AEDCZK.csv,4665124,.csv
backup_migrated\data_csv_full\SINCRONIZADOS\M30_SINCRONIZADO\AEDHKD.csv,4849808,.csv
backup_migrated\data_csv_full\SINCRONIZADOS\M30_SINCRONIZADO\AEDHUF.csv,5001243,.csv
backup_migrated\data_csv_full\SINCRONIZADOS\M30_SINCRONIZADO\AEDJPY.csv,4674826,.csv
backup_migrated\data_csv_full\SINCRONIZADOS\M30_SINCRONIZADO\AEDMXN.csv,4953119,.csv
backup_migrated\data_csv_full\SINCRONIZADOS\M30_SINCRONIZADO\AEDRON.csv,4875173,.csv
backup_migrated\data_csv_full\SINCRONIZADOS\M30_SINCRONIZADO\AEDSAR.csv,4826582,.csv
backup_migrated\data_csv_full\SINCRONIZADOS\M30_SINCRONIZADO\AEDTHB.csv,4326767,.csv
backup_migrated\data_csv_full\SINCRONIZADOS\M30_SINCRONIZADO\AEDTRY.csv,4974015,.csv
backup_migrated\data_csv_full\SINCRONIZADOS\M30_SINCRONIZADO\AEDZAR.csv,5006823,.csv
backup_migrated\data_csv_full\SINCRONIZADOS\M30_SINCRONIZADO\AUDAED.csv,4930641,.csv
backup_migrated\data_csv_full\SINCRONIZADOS\M30_SINCRONIZADO\AUDCAD.csv,4841381,.csv
backup_migrated\data_csv_full\SINCRONIZADOS\M30_SINCRONIZADO\AUDCHF.csv,4816545,.csv
backup_migrated\data_csv_full\SINCRONIZADOS\M30_SINCRONIZADO\AUDCNH.csv,4952866,.csv
backup_migrated\data_csv_full\SINCRONIZADOS\M30_SINCRONIZADO\AUDCZK.csv,4925333,.csv
backup_migrated\data_csv_full\SINCRONIZADOS\M30_SINCRONIZADO\AUDDKK.csv,5168139,.csv
backup_migrated\data_csv_full\SINCRONIZADOS\M30_SINCRONIZADO\AUDHKD.csv,5176390,.csv
backup_migrated\data_csv_full\SINCRONIZADOS\M30_SINCRONIZADO\AUDHUF.csv,4973557,.csv
backup_migrated\data_csv_full\SINCRONIZADOS\M30_SINCRONIZADO\AUDILS.csv,4926803,.csv
backup_migrated\data_csv_full\SINCRONIZADOS\M30_SINCRONIZADO\AUDJPY.csv,4610826,.csv
backup_migrated\data_csv_full\SINCRONIZADOS\M30_SINCRONIZADO\AUDMXN.csv,5066928,.csv
backup_migrated\data_csv_full\SINCRONIZADOS\M30_SINCRONIZADO\AUDNOK.csv,4914845,.csv
backup_migrated\data_csv_full\SINCRONIZADOS\M30_SINCRONIZADO\AUDNZD.csv,4900690,.csv
backup_migrated\data_csv_full\SINCRONIZADOS\M30_SINCRONIZADO\AUDPLN.csv,4930879,.csv
backup_migrated\data_csv_full\SINCRONIZADOS\M30_SINCRONIZADO\AUDRON.csv,4951007,.csv
backup_migrated\data_csv_full\SINCRONIZADOS\M30_SINCRONIZADO\AUDSAR.csv,4889221,.csv
backup_migrated\data_csv_full\SINCRONIZADOS\M30_SINCRONIZADO\AUDSEK.csv,4995402,.csv
backup_migrated\data_csv_full\SINCRONIZADOS\M30_SINCRONIZADO\AUDSGD.csv,4931372,.csv
backup_migrated\data_csv_full\SINCRONIZADOS\M30_SINCRONIZADO\AUDTHB.csv,4571541,.csv
backup_migrated\data_csv_full\SINCRONIZADOS\M30_SINCRONIZADO\AUDTRY.csv,5123415,.csv
backup_migrated\data_csv_full\SINCRONIZADOS\M30_SINCRONIZADO\AUDUSD.csv,4939725,.csv
backup_migrated\data_csv_full\SINCRONIZADOS\M30_SINCRONIZADO\AUDZAR.csv,5108103,.csv
backup_migrated\data_csv_full\SINCRONIZADOS\M30_SINCRONIZADO\AUS_IDX.csv,5356117,.csv
backup_migrated\data_csv_full\SINCRONIZADOS\M30_SINCRONIZADO\AVEUSD.csv,4345271,.csv
backup_migrated\data_csv_full\SINCRONIZADOS\M30_SINCRONIZADO\BATUSD.csv,4759482,.csv
backup_migrated\data_csv_full\SINCRONIZADOS\M30_SINCRONIZADO\BCHCHF.csv,4186407,.csv
backup_migrated\data_csv_full\SINCRONIZADOS\M30_SINCRONIZADO\BCHEUR.csv,4187813,.csv
backup_migrated\data_csv_full\SINCRONIZADOS\M30_SINCRONIZADO\BCHGBP.csv,4174623,.csv
backup_migrated\data_csv_full\SINCRONIZADOS\M30_SINCRONIZADO\BCHUSD.csv,4303963,.csv
backup_migrated\data_csv_full\SINCRONIZADOS\M30_SINCRONIZADO\BTCCHF.csv,4793026,.csv
backup_migrated\data_csv_full\SINCRONIZADOS\M30_SINCRONIZADO\BTCEUR.csv,4718589,.csv
backup_migrated\data_csv_full\SINCRONIZADOS\M30_SINCRONIZADO\BTCGBP.csv,4793006,.csv
backup_migrated\data_csv_full\SINCRONIZADOS\M30_SINCRONIZADO\BTCUSD.csv,5105578,.csv
backup_migrated\data_csv_full\SINCRONIZADOS\M30_SINCRONIZADO\CADAED.csv,4967925,.csv
backup_migrated\data_csv_full\SINCRONIZADOS\M30_SINCRONIZADO\CADCHF.csv,4812682,.csv
backup_migrated\data_csv_full\SINCRONIZADOS\M30_SINCRONIZADO\CADCNH.csv,4938436,.csv
backup_migrated\data_csv_full\SINCRONIZADOS\M30_SINCRONIZADO\CADCZK.csv,4937229,.csv
backup_migrated\data_csv_full\SINCRONIZADOS\M30_SINCRONIZADO\CADDKK.csv,4963715,.csv
backup_migrated\data_csv_full\SINCRONIZADOS\M30_SINCRONIZADO\CADHKD.csv,4852129,.csv
backup_migrated\data_csv_full\SINCRONIZADOS\M30_SINCRONIZADO\CADHUF.csv,4926734,.csv
backup_migrated\data_csv_full\SINCRONIZADOS\M30_SINCRONIZADO\CADILS.csv,4951990,.csv
backup_migrated\data_csv_full\SINCRONIZADOS\M30_SINCRONIZADO\CADJPY.csv,4891531,.csv
backup_migrated\data_csv_full\SINCRONIZADOS\M30_SINCRONIZADO\CADMXN.csv,5193408,.csv
backup_migrated\data_csv_full\SINCRONIZADOS\M30_SINCRONIZADO\CADNOK.csv,4966314,.csv
backup_migrated\data_csv_full\SINCRONIZADOS\M30_SINCRONIZADO\CADPLN.csv,4912941,.csv
backup_migrated\data_csv_full\SINCRONIZADOS\M30_SINCRONIZADO\CADRON.csv,4834227,.csv
backup_migrated\data_csv_full\SINCRONIZADOS\M30_SINCRONIZADO\CADSAR.csv,4965787,.csv
backup_migrated\data_csv_full\SINCRONIZADOS\M30_SINCRONIZADO\CADSEK.csv,4976108,.csv
backup_migrated\data_csv_full\SINCRONIZADOS\M30_SINCRONIZADO\CADSGD.csv,4980822,.csv
backup_migrated\data_csv_full\SINCRONIZADOS\M30_SINCRONIZADO\CADTHB.csv,4568515,.csv
backup_migrated\data_csv_full\SINCRONIZADOS\M30_SINCRONIZADO\CADTRY.csv,5394164,.csv
backup_migrated\data_csv_full\SINCRONIZADOS\M30_SINCRONIZADO\CADZAR.csv,5228431,.csv
backup_migrated\data_csv_full\SINCRONIZADOS\M30_SINCRONIZADO\CHE_IDX.csv,5321871,.csv
backup_migrated\data_csv_full\SINCRONIZADOS\M30_SINCRONIZADO\CHFAED.csv,4840640,.csv
backup_migrated\data_csv_full\SINCRONIZADOS\M30_SINCRONIZADO\CHFCNH.csv,5000166,.csv
backup_migrated\data_csv_full\SINCRONIZADOS\M30_SINCRONIZADO\CHFCZK.csv,5157732,.csv
backup_migrated\data_csv_full\SINCRONIZADOS\M30_SINCRONIZADO\CHFDKK.csv,4930172,.csv
backup_migrated\data_csv_full\SINCRONIZADOS\M30_SINCRONIZADO\CHFHKD.csv,4930709,.csv
backup_migrated\data_csv_full\SINCRONIZADOS\M30_SINCRONIZADO\CHFHUF.csv,4877477,.csv
backup_migrated\data_csv_full\SINCRONIZADOS\M30_SINCRONIZADO\CHFILS.csv,4975906,.csv
backup_migrated\data_csv_full\SINCRONIZADOS\M30_SINCRONIZADO\CHFJPY.csv,4915839,.csv
backup_migrated\data_csv_full\SINCRONIZADOS\M30_SINCRONIZADO\CHFMXN.csv,5062674,.csv
backup_migrated\data_csv_full\SINCRONIZADOS\M30_SINCRONIZADO\CHFNOK.csv,5421334,.csv
backup_migrated\data_csv_full\SINCRONIZADOS\M30_SINCRONIZADO\CHFPLN.csv,4901150,.csv
backup_migrated\data_csv_full\SINCRONIZADOS\M30_SINCRONIZADO\CHFRON.csv,5461023,.csv
backup_migrated\data_csv_full\SINCRONIZADOS\M30_SINCRONIZADO\CHFSAR.csv,5521175,.csv
backup_migrated\data_csv_full\SINCRONIZADOS\M30_SINCRONIZADO\CHFSEK.csv,5064415,.csv
backup_migrated\data_csv_full\SINCRONIZADOS\M30_SINCRONIZADO\CHFSGD.csv,5037405,.csv
backup_migrated\data_csv_full\SINCRONIZADOS\M30_SINCRONIZADO\CHFTHB.csv,4614266,.csv
backup_migrated\data_csv_full\SINCRONIZADOS\M30_SINCRONIZADO\CHFTRY.csv,5389799,.csv
backup_migrated\data_csv_full\SINCRONIZADOS\M30_SINCRONIZADO\CHFZAR.csv,5186849,.csv
backup_migrated\data_csv_full\SINCRONIZADOS\M30_SINCRONIZADO\CHI_IDX.csv,5439796,.csv
backup_migrated\data_csv_full\SINCRONIZADOS\M30_SINCRONIZADO\CMPUSD.csv,4176724,.csv
backup_migrated\data_csv_full\SINCRONIZADOS\M30_SINCRONIZADO\CNHCZK.csv,4708967,.csv
backup_migrated\data_csv_full\SINCRONIZADOS\M30_SINCRONIZADO\CNHHKD.csv,4887074,.csv
backup_migrated\data_csv_full\SINCRONIZADOS\M30_SINCRONIZADO\CNHHUF.csv,4690971,.csv
backup_migrated\data_csv_full\SINCRONIZADOS\M30_SINCRONIZADO\CNHJPY.csv,4607121,.csv
backup_migrated\data_csv_full\SINCRONIZADOS\M30_SINCRONIZADO\CNHMXN.csv,5023825,.csv
backup_migrated\data_csv_full\SINCRONIZADOS\M30_SINCRONIZADO\CNHTHB.csv,5007281,.csv
backup_migrated\data_csv_full\SINCRONIZADOS\M30_SINCRONIZADO\CNHTRY.csv,4893024,.csv
backup_migrated\data_csv_full\SINCRONIZADOS\M30_SINCRONIZADO\CNHZAR.csv,5002624,.csv
backup_migrated\data_csv_full\SINCRONIZADOS\M30_SINCRONIZADO\CZKHUF.csv,5003322,.csv
backup_migrated\data_csv_full\SINCRONIZADOS\M30_SINCRONIZADO\CZKJPY.csv,5101719,.csv
backup_migrated\data_csv_full\SINCRONIZADOS\M30_SINCRONIZADO\CZKTHB.csv,5090875,.csv
backup_migrated\data_csv_full\SINCRONIZADOS\M30_SINCRONIZADO\CZKTRY.csv,4926766,.csv
backup_migrated\data_csv_full\SINCRONIZADOS\M30_SINCRONIZADO\DEU_IDX.csv,5458867,.csv
backup_migrated\data_csv_full\SINCRONIZADOS\M30_SINCRONIZADO\DKKAED.csv,4926345,.csv
backup_migrated\data_csv_full\SINCRONIZADOS\M30_SINCRONIZADO\DKKCNH.csv,4890500,.csv
backup_migrated\data_csv_full\SINCRONIZADOS\M30_SINCRONIZADO\DKKCZK.csv,4817420,.csv
backup_migrated\data_csv_full\SINCRONIZADOS\M30_SINCRONIZADO\DKKHKD.csv,5121700,.csv
backup_migrated\data_csv_full\SINCRONIZADOS\M30_SINCRONIZADO\DKKHUF.csv,5043673,.csv
backup_migrated\data_csv_full\SINCRONIZADOS\M30_SINCRONIZADO\DKKILS.csv,4929092,.csv
backup_migrated\data_csv_full\SINCRONIZADOS\M30_SINCRONIZADO\DKKJPY.csv,5122408,.csv
backup_migrated\data_csv_full\SINCRONIZADOS\M30_SINCRONIZADO\DKKMXN.csv,5125876,.csv
backup_migrated\data_csv_full\SINCRONIZADOS\M30_SINCRONIZADO\DKKRON.csv,4882686,.csv
backup_migrated\data_csv_full\SINCRONIZADOS\M30_SINCRONIZADO\DKKSAR.csv,4927528,.csv
backup_migrated\data_csv_full\SINCRONIZADOS\M30_SINCRONIZADO\DKKTHB.csv,4308637,.csv
backup_migrated\data_csv_full\SINCRONIZADOS\M30_SINCRONIZADO\DKKTRY.csv,5123430,.csv
backup_migrated\data_csv_full\SINCRONIZADOS\M30_SINCRONIZADO\DKKZAR.csv,5077192,.csv
backup_migrated\data_csv_full\SINCRONIZADOS\M30_SINCRONIZADO\DOLLAR_IDX.csv,5101942,.csv
backup_migrated\data_csv_full\SINCRONIZADOS\M30_SINCRONIZADO\DSHUSD.csv,4628254,.csv
backup_migrated\data_csv_full\SINCRONIZADOS\M30_SINCRONIZADO\ESP_IDX.csv,5527094,.csv
backup_migrated\data_csv_full\SINCRONIZADOS\M30_SINCRONIZADO\ETHCHF.csv,4492659,.csv
backup_migrated\data_csv_full\SINCRONIZADOS\M30_SINCRONIZADO\ETHEUR.csv,4492778,.csv
backup_migrated\data_csv_full\SINCRONIZADOS\M30_SINCRONIZADO\ETHGBP.csv,4492828,.csv
backup_migrated\data_csv_full\SINCRONIZADOS\M30_SINCRONIZADO\ETHUSD.csv,4750835,.csv
backup_migrated\data_csv_full\SINCRONIZADOS\M30_SINCRONIZADO\EURAED.csv,4968366,.csv
backup_migrated\data_csv_full\SINCRONIZADOS\M30_SINCRONIZADO\EURAUD.csv,5150699,.csv
backup_migrated\data_csv_full\SINCRONIZADOS\M30_SINCRONIZADO\EURCAD.csv,5028918,.csv
backup_migrated\data_csv_full\SINCRONIZADOS\M30_SINCRONIZADO\EURCHF.csv,4899275,.csv
backup_migrated\data_csv_full\SINCRONIZADOS\M30_SINCRONIZADO\EURCNH.csv,5023422,.csv
backup_migrated\data_csv_full\SINCRONIZADOS\M30_SINCRONIZADO\EURCZK.csv,4960915,.csv
backup_migrated\data_csv_full\SINCRONIZADOS\M30_SINCRONIZADO\EURGBP.csv,4798388,.csv
backup_migrated\data_csv_full\SINCRONIZADOS\M30_SINCRONIZADO\EURHKD.csv,4892530,.csv
backup_migrated\data_csv_full\SINCRONIZADOS\M30_SINCRONIZADO\EURHUF.csv,4898179,.csv
backup_migrated\data_csv_full\SINCRONIZADOS\M30_SINCRONIZADO\EURILS.csv,4876144,.csv
backup_migrated\data_csv_full\SINCRONIZADOS\M30_SINCRONIZADO\EURJPY.csv,4870637,.csv
backup_migrated\data_csv_full\SINCRONIZADOS\M30_SINCRONIZADO\EURMXN.csv,5099231,.csv
backup_migrated\data_csv_full\SINCRONIZADOS\M30_SINCRONIZADO\EURNOK.csv,5205957,.csv
backup_migrated\data_csv_full\SINCRONIZADOS\M30_SINCRONIZADO\EURNZD.csv,5076526,.csv
backup_migrated\data_csv_full\SINCRONIZADOS\M30_SINCRONIZADO\EURPLN.csv,4930818,.csv
backup_migrated\data_csv_full\SINCRONIZADOS\M30_SINCRONIZADO\EURRON.csv,4942307,.csv
backup_migrated\data_csv_full\SINCRONIZADOS\M30_SINCRONIZADO\EURSAR.csv,4984504,.csv
backup_migrated\data_csv_full\SINCRONIZADOS\M30_SINCRONIZADO\EURSEK.csv,5234982,.csv
backup_migrated\data_csv_full\SINCRONIZADOS\M30_SINCRONIZADO\EURSGD.csv,4909532,.csv
backup_migrated\data_csv_full\SINCRONIZADOS\M30_SINCRONIZADO\EURTHB.csv,4616694,.csv
backup_migrated\data_csv_full\SINCRONIZADOS\M30_SINCRONIZADO\EURTRY.csv,5125567,.csv
backup_migrated\data_csv_full\SINCRONIZADOS\M30_SINCRONIZADO\EURUSD.csv,4943356,.csv
backup_migrated\data_csv_full\SINCRONIZADOS\M30_SINCRONIZADO\EURZAR.csv,5146652,.csv
backup_migrated\data_csv_full\SINCRONIZADOS\M30_SINCRONIZADO\EUS_IDX.csv,5357507,.csv
backup_migrated\data_csv_full\SINCRONIZADOS\M30_SINCRONIZADO\FRA_IDX.csv,5371741,.csv
backup_migrated\data_csv_full\SINCRONIZADOS\M30_SINCRONIZADO\GBPAED.csv,4996402,.csv
backup_migrated\data_csv_full\SINCRONIZADOS\M30_SINCRONIZADO\GBPAUD.csv,4930085,.csv
backup_migrated\data_csv_full\SINCRONIZADOS\M30_SINCRONIZADO\GBPCAD.csv,4967961,.csv
backup_migrated\data_csv_full\SINCRONIZADOS\M30_SINCRONIZADO\GBPCHF.csv,4774542,.csv
backup_migrated\data_csv_full\SINCRONIZADOS\M30_SINCRONIZADO\GBPCNH.csv,5170306,.csv
backup_migrated\data_csv_full\SINCRONIZADOS\M30_SINCRONIZADO\GBPCZK.csv,4826325,.csv
backup_migrated\data_csv_full\SINCRONIZADOS\M30_SINCRONIZADO\GBPDKK.csv,4863020,.csv
backup_migrated\data_csv_full\SINCRONIZADOS\M30_SINCRONIZADO\GBPHKD.csv,5216938,.csv
backup_migrated\data_csv_full\SINCRONIZADOS\M30_SINCRONIZADO\GBPHUF.csv,4922521,.csv
backup_migrated\data_csv_full\SINCRONIZADOS\M30_SINCRONIZADO\GBPILS.csv,4992055,.csv
backup_migrated\data_csv_full\SINCRONIZADOS\M30_SINCRONIZADO\GBPJPY.csv,4944896,.csv
backup_migrated\data_csv_full\SINCRONIZADOS\M30_SINCRONIZADO\GBPMXN.csv,5271337,.csv
backup_migrated\data_csv_full\SINCRONIZADOS\M30_SINCRONIZADO\GBPNOK.csv,5105517,.csv
backup_migrated\data_csv_full\SINCRONIZADOS\M30_SINCRONIZADO\GBPNZD.csv,4944687,.csv
backup_migrated\data_csv_full\SINCRONIZADOS\M30_SINCRONIZADO\GBPPLN.csv,4729751,.csv
backup_migrated\data_csv_full\SINCRONIZADOS\M30_SINCRONIZADO\GBPRON.csv,5006894,.csv
backup_migrated\data_csv_full\SINCRONIZADOS\M30_SINCRONIZADO\GBPSAR.csv,4894755,.csv
backup_migrated\data_csv_full\SINCRONIZADOS\M30_SINCRONIZADO\GBPSEK.csv,5250973,.csv
backup_migrated\data_csv_full\SINCRONIZADOS\M30_SINCRONIZADO\GBPSGD.csv,4902267,.csv
backup_migrated\data_csv_full\SINCRONIZADOS\M30_SINCRONIZADO\GBPTHB.csv,4615136,.csv
backup_migrated\data_csv_full\SINCRONIZADOS\M30_SINCRONIZADO\GBPTRY.csv,5036228,.csv
backup_migrated\data_csv_full\SINCRONIZADOS\M30_SINCRONIZADO\GBPUSD.csv,4770861,.csv
backup_migrated\data_csv_full\SINCRONIZADOS\M30_SINCRONIZADO\GBPZAR.csv,5185114,.csv
backup_migrated\data_csv_full\SINCRONIZADOS\M30_SINCRONIZADO\GBR_IDX.csv,5272910,.csv
backup_migrated\data_csv_full\SINCRONIZADOS\M30_SINCRONIZADO\GOLD.csv,4979281,.csv
backup_migrated\data_csv_full\SINCRONIZADOS\M30_SINCRONIZADO\HKDCZK.csv,4894984,.csv
backup_migrated\data_csv_full\SINCRONIZADOS\M30_SINCRONIZADO\HKDHUF.csv,4965595,.csv
backup_migrated\data_csv_full\SINCRONIZADOS\M30_SINCRONIZADO\HKDJPY.csv,5189029,.csv
backup_migrated\data_csv_full\SINCRONIZADOS\M30_SINCRONIZADO\HKDMXN.csv,5145167,.csv
backup_migrated\data_csv_full\SINCRONIZADOS\M30_SINCRONIZADO\HKDTHB.csv,4277005,.csv
backup_migrated\data_csv_full\SINCRONIZADOS\M30_SINCRONIZADO\HKDTRY.csv,5160630,.csv
backup_migrated\data_csv_full\SINCRONIZADOS\M30_SINCRONIZADO\HKDZAR.csv,5131498,.csv
backup_migrated\data_csv_full\SINCRONIZADOS\M30_SINCRONIZADO\HKG_IDX.csv,5486522,.csv
backup_migrated\data_csv_full\SINCRONIZADOS\M30_SINCRONIZADO\ILSAED.csv,4818367,.csv
backup_migrated\data_csv_full\SINCRONIZADOS\M30_SINCRONIZADO\ILSCNH.csv,4880125,.csv
backup_migrated\data_csv_full\SINCRONIZADOS\M30_SINCRONIZADO\ILSCZK.csv,4555075,.csv
backup_migrated\data_csv_full\SINCRONIZADOS\M30_SINCRONIZADO\ILSHKD.csv,4875939,.csv
backup_migrated\data_csv_full\SINCRONIZADOS\M30_SINCRONIZADO\ILSHUF.csv,4659517,.csv
backup_migrated\data_csv_full\SINCRONIZADOS\M30_SINCRONIZADO\ILSJPY.csv,4629953,.csv
backup_migrated\data_csv_full\SINCRONIZADOS\M30_SINCRONIZADO\ILSMXN.csv,4913453,.csv
backup_migrated\data_csv_full\SINCRONIZADOS\M30_SINCRONIZADO\ILSRON.csv,4874829,.csv
backup_migrated\data_csv_full\SINCRONIZADOS\M30_SINCRONIZADO\ILSSAR.csv,4865458,.csv
backup_migrated\data_csv_full\SINCRONIZADOS\M30_SINCRONIZADO\ILSTHB.csv,4285202,.csv
backup_migrated\data_csv_full\SINCRONIZADOS\M30_SINCRONIZADO\ILSTRY.csv,4942006,.csv
backup_migrated\data_csv_full\SINCRONIZADOS\M30_SINCRONIZADO\ILSZAR.csv,5421590,.csv
backup_migrated\data_csv_full\SINCRONIZADOS\M30_SINCRONIZADO\JPN_IDX.csv,5490309,.csv
backup_migrated\data_csv_full\SINCRONIZADOS\M30_SINCRONIZADO\JPYHUF.csv,5022900,.csv
backup_migrated\data_csv_full\SINCRONIZADOS\M30_SINCRONIZADO\LNKUSD.csv,4208282,.csv
backup_migrated\data_csv_full\SINCRONIZADOS\M30_SINCRONIZADO\LTCCHF.csv,3898153,.csv
backup_migrated\data_csv_full\SINCRONIZADOS\M30_SINCRONIZADO\LTCEUR.csv,3905740,.csv
backup_migrated\data_csv_full\SINCRONIZADOS\M30_SINCRONIZADO\LTCGBP.csv,3890183,.csv
backup_migrated\data_csv_full\SINCRONIZADOS\M30_SINCRONIZADO\LTCUSD.csv,4039463,.csv
backup_migrated\data_csv_full\SINCRONIZADOS\M30_SINCRONIZADO\MKRUSD.csv,4769853,.csv
backup_migrated\data_csv_full\SINCRONIZADOS\M30_SINCRONIZADO\MXNCZK.csv,5033930,.csv
backup_migrated\data_csv_full\SINCRONIZADOS\M30_SINCRONIZADO\MXNHUF.csv,5000351,.csv
backup_migrated\data_csv_full\SINCRONIZADOS\M30_SINCRONIZADO\MXNJPY.csv,4963177,.csv
backup_migrated\data_csv_full\SINCRONIZADOS\M30_SINCRONIZADO\MXNTHB.csv,5070649,.csv
backup_migrated\data_csv_full\SINCRONIZADOS\M30_SINCRONIZADO\MXNTRY.csv,5191599,.csv
backup_migrated\data_csv_full\SINCRONIZADOS\M30_SINCRONIZADO\NLD_IDX.csv,5038739,.csv
backup_migrated\data_csv_full\SINCRONIZADOS\M30_SINCRONIZADO\NOKAED.csv,4892629,.csv
backup_migrated\data_csv_full\SINCRONIZADOS\M30_SINCRONIZADO\NOKCNH.csv,4898576,.csv
backup_migrated\data_csv_full\SINCRONIZADOS\M30_SINCRONIZADO\NOKCZK.csv,4878033,.csv
backup_migrated\data_csv_full\SINCRONIZADOS\M30_SINCRONIZADO\NOKDKK.csv,4949681,.csv
backup_migrated\data_csv_full\SINCRONIZADOS\M30_SINCRONIZADO\NOKHKD.csv,4951979,.csv
backup_migrated\data_csv_full\SINCRONIZADOS\M30_SINCRONIZADO\NOKHUF.csv,4726371,.csv
backup_migrated\data_csv_full\SINCRONIZADOS\M30_SINCRONIZADO\NOKILS.csv,4939661,.csv
backup_migrated\data_csv_full\SINCRONIZADOS\M30_SINCRONIZADO\NOKJPY.csv,5486860,.csv
backup_migrated\data_csv_full\SINCRONIZADOS\M30_SINCRONIZADO\NOKMXN.csv,5099675,.csv
backup_migrated\data_csv_full\SINCRONIZADOS\M30_SINCRONIZADO\NOKRON.csv,4893900,.csv
backup_migrated\data_csv_full\SINCRONIZADOS\M30_SINCRONIZADO\NOKSAR.csv,4892546,.csv
backup_migrated\data_csv_full\SINCRONIZADOS\M30_SINCRONIZADO\NOKSEK.csv,4907727,.csv
backup_migrated\data_csv_full\SINCRONIZADOS\M30_SINCRONIZADO\NOKTHB.csv,4278497,.csv
backup_migrated\data_csv_full\SINCRONIZADOS\M30_SINCRONIZADO\NOKTRY.csv,5156068,.csv
backup_migrated\data_csv_full\SINCRONIZADOS\M30_SINCRONIZADO\NOKZAR.csv,5275536,.csv
backup_migrated\data_csv_full\SINCRONIZADOS\M30_SINCRONIZADO\NZDAED.csv,4919799,.csv
backup_migrated\data_csv_full\SINCRONIZADOS\M30_SINCRONIZADO\NZDCAD.csv,4940260,.csv
backup_migrated\data_csv_full\SINCRONIZADOS\M30_SINCRONIZADO\NZDCHF.csv,4904254,.csv
backup_migrated\data_csv_full\SINCRONIZADOS\M30_SINCRONIZADO\NZDCNH.csv,5132281,.csv
backup_migrated\data_csv_full\SINCRONIZADOS\M30_SINCRONIZADO\NZDCZK.csv,4886543,.csv
backup_migrated\data_csv_full\SINCRONIZADOS\M30_SINCRONIZADO\NZDDKK.csv,4925101,.csv
backup_migrated\data_csv_full\SINCRONIZADOS\M30_SINCRONIZADO\NZDHKD.csv,4884255,.csv
backup_migrated\data_csv_full\SINCRONIZADOS\M30_SINCRONIZADO\NZDHUF.csv,4920346,.csv
backup_migrated\data_csv_full\SINCRONIZADOS\M30_SINCRONIZADO\NZDILS.csv,4785066,.csv
backup_migrated\data_csv_full\SINCRONIZADOS\M30_SINCRONIZADO\NZDJPY.csv,4602593,.csv
backup_migrated\data_csv_full\SINCRONIZADOS\M30_SINCRONIZADO\NZDMXN.csv,5068157,.csv
backup_migrated\data_csv_full\SINCRONIZADOS\M30_SINCRONIZADO\NZDNOK.csv,4957813,.csv
backup_migrated\data_csv_full\SINCRONIZADOS\M30_SINCRONIZADO\NZDPLN.csv,4870400,.csv
backup_migrated\data_csv_full\SINCRONIZADOS\M30_SINCRONIZADO\NZDRON.csv,4905884,.csv
backup_migrated\data_csv_full\SINCRONIZADOS\M30_SINCRONIZADO\NZDSAR.csv,4921947,.csv
backup_migrated\data_csv_full\SINCRONIZADOS\M30_SINCRONIZADO\NZDSEK.csv,5411124,.csv
backup_migrated\data_csv_full\SINCRONIZADOS\M30_SINCRONIZADO\NZDSGD.csv,4888111,.csv
backup_migrated\data_csv_full\SINCRONIZADOS\M30_SINCRONIZADO\NZDTHB.csv,4573590,.csv
backup_migrated\data_csv_full\SINCRONIZADOS\M30_SINCRONIZADO\NZDTRY.csv,5392102,.csv
backup_migrated\data_csv_full\SINCRONIZADOS\M30_SINCRONIZADO\NZDUSD.csv,4927155,.csv
backup_migrated\data_csv_full\SINCRONIZADOS\M30_SINCRONIZADO\NZDZAR.csv,5029531,.csv
backup_migrated\data_csv_full\SINCRONIZADOS\M30_SINCRONIZADO\PLN_IDX.csv,5346072,.csv
backup_migrated\data_csv_full\SINCRONIZADOS\M30_SINCRONIZADO\PLNAED.csv,4875876,.csv
backup_migrated\data_csv_full\SINCRONIZADOS\M30_SINCRONIZADO\PLNCNH.csv,4949783,.csv
backup_migrated\data_csv_full\SINCRONIZADOS\M30_SINCRONIZADO\PLNCZK.csv,4894132,.csv
backup_migrated\data_csv_full\SINCRONIZADOS\M30_SINCRONIZADO\PLNDKK.csv,4785205,.csv
backup_migrated\data_csv_full\SINCRONIZADOS\M30_SINCRONIZADO\PLNHKD.csv,4931175,.csv
backup_migrated\data_csv_full\SINCRONIZADOS\M30_SINCRONIZADO\PLNHUF.csv,4605580,.csv
backup_migrated\data_csv_full\SINCRONIZADOS\M30_SINCRONIZADO\PLNILS.csv,4878198,.csv
backup_migrated\data_csv_full\SINCRONIZADOS\M30_SINCRONIZADO\PLNJPY.csv,4869734,.csv
backup_migrated\data_csv_full\SINCRONIZADOS\M30_SINCRONIZADO\PLNMXN.csv,4999211,.csv
backup_migrated\data_csv_full\SINCRONIZADOS\M30_SINCRONIZADO\PLNNOK.csv,5483381,.csv
backup_migrated\data_csv_full\SINCRONIZADOS\M30_SINCRONIZADO\PLNRON.csv,4879040,.csv
backup_migrated\data_csv_full\SINCRONIZADOS\M30_SINCRONIZADO\PLNSAR.csv,4828187,.csv
backup_migrated\data_csv_full\SINCRONIZADOS\M30_SINCRONIZADO\PLNSEK.csv,4932602,.csv
backup_migrated\data_csv_full\SINCRONIZADOS\M30_SINCRONIZADO\PLNTHB.csv,4899126,.csv
backup_migrated\data_csv_full\SINCRONIZADOS\M30_SINCRONIZADO\PLNTRY.csv,5169542,.csv
backup_migrated\data_csv_full\SINCRONIZADOS\M30_SINCRONIZADO\PLNZAR.csv,5010171,.csv
backup_migrated\data_csv_full\SINCRONIZADOS\M30_SINCRONIZADO\RONCNH.csv,5014669,.csv
backup_migrated\data_csv_full\SINCRONIZADOS\M30_SINCRONIZADO\RONCZK.csv,4606930,.csv
backup_migrated\data_csv_full\SINCRONIZADOS\M30_SINCRONIZADO\RONHKD.csv,6529213,.csv
backup_migrated\data_csv_full\SINCRONIZADOS\M30_SINCRONIZADO\RONHUF.csv,4538677,.csv
backup_migrated\data_csv_full\SINCRONIZADOS\M30_SINCRONIZADO\RONJPY.csv,4631169,.csv
backup_migrated\data_csv_full\SINCRONIZADOS\M30_SINCRONIZADO\RONMXN.csv,4945867,.csv
backup_migrated\data_csv_full\SINCRONIZADOS\M30_SINCRONIZADO\RONTHB.csv,4287016,.csv
backup_migrated\data_csv_full\SINCRONIZADOS\M30_SINCRONIZADO\RONTRY.csv,4791265,.csv
backup_migrated\data_csv_full\SINCRONIZADOS\M30_SINCRONIZADO\RONZAR.csv,4937451,.csv
backup_migrated\data_csv_full\SINCRONIZADOS\M30_SINCRONIZADO\SARCNH.csv,4931739,.csv
backup_migrated\data_csv_full\SINCRONIZADOS\M30_SINCRONIZADO\SARCZK.csv,4613664,.csv
backup_migrated\data_csv_full\SINCRONIZADOS\M30_SINCRONIZADO\SARHKD.csv,4815220,.csv
backup_migrated\data_csv_full\SINCRONIZADOS\M30_SINCRONIZADO\SARHUF.csv,4515565,.csv
backup_migrated\data_csv_full\SINCRONIZADOS\M30_SINCRONIZADO\SARJPY.csv,4630141,.csv
backup_migrated\data_csv_full\SINCRONIZADOS\M30_SINCRONIZADO\SARMXN.csv,5002493,.csv
backup_migrated\data_csv_full\SINCRONIZADOS\M30_SINCRONIZADO\SARRON.csv,4874690,.csv
backup_migrated\data_csv_full\SINCRONIZADOS\M30_SINCRONIZADO\SARTHB.csv,4257582,.csv
backup_migrated\data_csv_full\SINCRONIZADOS\M30_SINCRONIZADO\SARTRY.csv,4689891,.csv
backup_migrated\data_csv_full\SINCRONIZADOS\M30_SINCRONIZADO\SARZAR.csv,4721145,.csv
backup_migrated\data_csv_full\SINCRONIZADOS\M30_SINCRONIZADO\SEKAED.csv,4889559,.csv
backup_migrated\data_csv_full\SINCRONIZADOS\M30_SINCRONIZADO\SEKCNH.csv,4944425,.csv
backup_migrated\data_csv_full\SINCRONIZADOS\M30_SINCRONIZADO\SEKCZK.csv,4874312,.csv
backup_migrated\data_csv_full\SINCRONIZADOS\M30_SINCRONIZADO\SEKDKK.csv,4946917,.csv
backup_migrated\data_csv_full\SINCRONIZADOS\M30_SINCRONIZADO\SEKHKD.csv,4871694,.csv
backup_migrated\data_csv_full\SINCRONIZADOS\M30_SINCRONIZADO\SEKHUF.csv,5061680,.csv
backup_migrated\data_csv_full\SINCRONIZADOS\M30_SINCRONIZADO\SEKILS.csv,4891899,.csv
backup_migrated\data_csv_full\SINCRONIZADOS\M30_SINCRONIZADO\SEKJPY.csv,4612919,.csv
backup_migrated\data_csv_full\SINCRONIZADOS\M30_SINCRONIZADO\SEKMXN.csv,5183104,.csv
backup_migrated\data_csv_full\SINCRONIZADOS\M30_SINCRONIZADO\SEKRON.csv,4891186,.csv
backup_migrated\data_csv_full\SINCRONIZADOS\M30_SINCRONIZADO\SEKSAR.csv,4890748,.csv
backup_migrated\data_csv_full\SINCRONIZADOS\M30_SINCRONIZADO\SEKTHB.csv,4281795,.csv
backup_migrated\data_csv_full\SINCRONIZADOS\M30_SINCRONIZADO\SEKTRY.csv,5116112,.csv
backup_migrated\data_csv_full\SINCRONIZADOS\M30_SINCRONIZADO\SEKZAR.csv,5232517,.csv
backup_migrated\data_csv_full\SINCRONIZADOS\M30_SINCRONIZADO\SGD_IDX.csv,4961341,.csv
backup_migrated\data_csv_full\SINCRONIZADOS\M30_SINCRONIZADO\SGDAED.csv,4904938,.csv
backup_migrated\data_csv_full\SINCRONIZADOS\M30_SINCRONIZADO\SGDCNH.csv,4955401,.csv
backup_migrated\data_csv_full\SINCRONIZADOS\M30_SINCRONIZADO\SGDCZK.csv,5444104,.csv
backup_migrated\data_csv_full\SINCRONIZADOS\M30_SINCRONIZADO\SGDDKK.csv,4995403,.csv
backup_migrated\data_csv_full\SINCRONIZADOS\M30_SINCRONIZADO\SGDHKD.csv,4787920,.csv
backup_migrated\data_csv_full\SINCRONIZADOS\M30_SINCRONIZADO\SGDHUF.csv,5159369,.csv
backup_migrated\data_csv_full\SINCRONIZADOS\M30_SINCRONIZADO\SGDILS.csv,4815644,.csv
backup_migrated\data_csv_full\SINCRONIZADOS\M30_SINCRONIZADO\SGDJPY.csv,4857970,.csv
backup_migrated\data_csv_full\SINCRONIZADOS\M30_SINCRONIZADO\SGDMXN.csv,5109586,.csv
backup_migrated\data_csv_full\SINCRONIZADOS\M30_SINCRONIZADO\SGDNOK.csv,4974472,.csv
backup_migrated\data_csv_full\SINCRONIZADOS\M30_SINCRONIZADO\SGDPLN.csv,5013873,.csv
backup_migrated\data_csv_full\SINCRONIZADOS\M30_SINCRONIZADO\SGDRON.csv,4929241,.csv
backup_migrated\data_csv_full\SINCRONIZADOS\M30_SINCRONIZADO\SGDSAR.csv,4956000,.csv
backup_migrated\data_csv_full\SINCRONIZADOS\M30_SINCRONIZADO\SGDSEK.csv,5001660,.csv
backup_migrated\data_csv_full\SINCRONIZADOS\M30_SINCRONIZADO\SGDTHB.csv,4528215,.csv
backup_migrated\data_csv_full\SINCRONIZADOS\M30_SINCRONIZADO\SGDTRY.csv,5440912,.csv
backup_migrated\data_csv_full\SINCRONIZADOS\M30_SINCRONIZADO\SGDZAR.csv,5276364,.csv
backup_migrated\data_csv_full\SINCRONIZADOS\M30_SINCRONIZADO\SOA_IDX.csv,5413757,.csv
backup_migrated\data_csv_full\SINCRONIZADOS\M30_SINCRONIZADO\THBHUF.csv,5107629,.csv
backup_migrated\data_csv_full\SINCRONIZADOS\M30_SINCRONIZADO\THBJPY.csv,4926609,.csv
backup_migrated\data_csv_full\SINCRONIZADOS\M30_SINCRONIZADO\TRXUSD.csv,4850826,.csv
backup_migrated\data_csv_full\SINCRONIZADOS\M30_SINCRONIZADO\TRYHUF.csv,4737803,.csv
backup_migrated\data_csv_full\SINCRONIZADOS\M30_SINCRONIZADO\TRYJPY.csv,4321583,.csv
backup_migrated\data_csv_full\SINCRONIZADOS\M30_SINCRONIZADO\TRYTHB.csv,4933540,.csv
backup_migrated\data_csv_full\SINCRONIZADOS\M30_SINCRONIZADO\UNIUSD.csv,4247124,.csv
backup_migrated\data_csv_full\SINCRONIZADOS\M30_SINCRONIZADO\USA30_IDX.csv,5647045,.csv
backup_migrated\data_csv_full\SINCRONIZADOS\M30_SINCRONIZADO\USA500_IDX.csv,5577048,.csv
backup_migrated\data_csv_full\SINCRONIZADOS\M30_SINCRONIZADO\USATECH_IDX.csv,6008853,.csv
backup_migrated\data_csv_full\SINCRONIZADOS\M30_SINCRONIZADO\USDAED.csv,4201024,.csv
backup_migrated\data_csv_full\SINCRONIZADOS\M30_SINCRONIZADO\USDCAD.csv,4775318,.csv
backup_migrated\data_csv_full\SINCRONIZADOS\M30_SINCRONIZADO\USDCHF.csv,4900934,.csv
backup_migrated\data_csv_full\SINCRONIZADOS\M30_SINCRONIZADO\USDCNH.csv,4944992,.csv
backup_migrated\data_csv_full\SINCRONIZADOS\M30_SINCRONIZADO\USDCZK.csv,4921586,.csv
backup_migrated\data_csv_full\SINCRONIZADOS\M30_SINCRONIZADO\USDDKK.csv,4958791,.csv
backup_migrated\data_csv_full\SINCRONIZADOS\M30_SINCRONIZADO\USDHKD.csv,4943396,.csv
backup_migrated\data_csv_full\SINCRONIZADOS\M30_SINCRONIZADO\USDHUF.csv,4898259,.csv
backup_migrated\data_csv_full\SINCRONIZADOS\M30_SINCRONIZADO\USDILS.csv,4892171,.csv
backup_migrated\data_csv_full\SINCRONIZADOS\M30_SINCRONIZADO\USDJPY.csv,5015868,.csv
backup_migrated\data_csv_full\SINCRONIZADOS\M30_SINCRONIZADO\USDMXN.csv,5208030,.csv
backup_migrated\data_csv_full\SINCRONIZADOS\M30_SINCRONIZADO\USDNOK.csv,5119620,.csv
backup_migrated\data_csv_full\SINCRONIZADOS\M30_SINCRONIZADO\USDPLN.csv,4837521,.csv
backup_migrated\data_csv_full\SINCRONIZADOS\M30_SINCRONIZADO\USDRON.csv,4972735,.csv
backup_migrated\data_csv_full\SINCRONIZADOS\M30_SINCRONIZADO\USDSAR.csv,4202132,.csv
backup_migrated\data_csv_full\SINCRONIZADOS\M30_SINCRONIZADO\USDSEK.csv,5098802,.csv
backup_migrated\data_csv_full\SINCRONIZADOS\M30_SINCRONIZADO\USDSGD.csv,4901411,.csv
backup_migrated\data_csv_full\SINCRONIZADOS\M30_SINCRONIZADO\USDTHB.csv,4868484,.csv
backup_migrated\data_csv_full\SINCRONIZADOS\M30_SINCRONIZADO\USDTRY.csv,5099887,.csv
backup_migrated\data_csv_full\SINCRONIZADOS\M30_SINCRONIZADO\USDZAR.csv,5229704,.csv
backup_migrated\data_csv_full\SINCRONIZADOS\M30_SINCRONIZADO\USSC2000_IDX.csv,5722842,.csv
backup_migrated\data_csv_full\SINCRONIZADOS\M30_SINCRONIZADO\VOL_IDX.csv,4321779,.csv
backup_migrated\data_csv_full\SINCRONIZADOS\M30_SINCRONIZADO\XAGAED.csv,4650890,.csv
backup_migrated\data_csv_full\SINCRONIZADOS\M30_SINCRONIZADO\XAGAUD.csv,4689363,.csv
backup_migrated\data_csv_full\SINCRONIZADOS\M30_SINCRONIZADO\XAGCAD.csv,4562168,.csv
backup_migrated\data_csv_full\SINCRONIZADOS\M30_SINCRONIZADO\XAGCHF.csv,4553613,.csv
backup_migrated\data_csv_full\SINCRONIZADOS\M30_SINCRONIZADO\XAGCNH.csv,4800336,.csv
backup_migrated\data_csv_full\SINCRONIZADOS\M30_SINCRONIZADO\XAGCZK.csv,4880411,.csv
backup_migrated\data_csv_full\SINCRONIZADOS\M30_SINCRONIZADO\XAGDKK.csv,4802315,.csv
backup_migrated\data_csv_full\SINCRONIZADOS\M30_SINCRONIZADO\XAGEUR.csv,4697397,.csv
backup_migrated\data_csv_full\SINCRONIZADOS\M30_SINCRONIZADO\XAGGBP.csv,4702703,.csv
backup_migrated\data_csv_full\SINCRONIZADOS\M30_SINCRONIZADO\XAGHKD.csv,4631502,.csv
backup_migrated\data_csv_full\SINCRONIZADOS\M30_SINCRONIZADO\XAGHUF.csv,5068139,.csv
backup_migrated\data_csv_full\SINCRONIZADOS\M30_SINCRONIZADO\XAGILS.csv,4794174,.csv
backup_migrated\data_csv_full\SINCRONIZADOS\M30_SINCRONIZADO\XAGJPY.csv,5122019,.csv
backup_migrated\data_csv_full\SINCRONIZADOS\M30_SINCRONIZADO\XAGMXN.csv,4663732,.csv
backup_migrated\data_csv_full\SINCRONIZADOS\M30_SINCRONIZADO\XAGNOK.csv,4725267,.csv
backup_migrated\data_csv_full\SINCRONIZADOS\M30_SINCRONIZADO\XAGNZD.csv,4860805,.csv
backup_migrated\data_csv_full\SINCRONIZADOS\M30_SINCRONIZADO\XAGPLN.csv,4842911,.csv
backup_migrated\data_csv_full\SINCRONIZADOS\M30_SINCRONIZADO\XAGRON.csv,4795463,.csv
backup_migrated\data_csv_full\SINCRONIZADOS\M30_SINCRONIZADO\XAGSAR.csv,4795064,.csv
backup_migrated\data_csv_full\SINCRONIZADOS\M30_SINCRONIZADO\XAGSEK.csv,4614529,.csv
backup_migrated\data_csv_full\SINCRONIZADOS\M30_SINCRONIZADO\XAGSGD.csv,4512834,.csv
backup_migrated\data_csv_full\SINCRONIZADOS\M30_SINCRONIZADO\XAGTHB.csv,5095757,.csv
backup_migrated\data_csv_full\SINCRONIZADOS\M30_SINCRONIZADO\XAGTRY.csv,4742094,.csv
backup_migrated\data_csv_full\SINCRONIZADOS\M30_SINCRONIZADO\XAGUSD.csv,4627115,.csv
backup_migrated\data_csv_full\SINCRONIZADOS\M30_SINCRONIZADO\XAGZAR.csv,4825178,.csv
backup_migrated\data_csv_full\SINCRONIZADOS\M30_SINCRONIZADO\XAUAED.csv,5167034,.csv
backup_migrated\data_csv_full\SINCRONIZADOS\M30_SINCRONIZADO\XAUAUD.csv,5077813,.csv
backup_migrated\data_csv_full\SINCRONIZADOS\M30_SINCRONIZADO\XAUCAD.csv,5076135,.csv
backup_migrated\data_csv_full\SINCRONIZADOS\M30_SINCRONIZADO\XAUCHF.csv,5047228,.csv
backup_migrated\data_csv_full\SINCRONIZADOS\M30_SINCRONIZADO\XAUCNH.csv,5379179,.csv
backup_migrated\data_csv_full\SINCRONIZADOS\M30_SINCRONIZADO\XAUCZK.csv,4804682,.csv
backup_migrated\data_csv_full\SINCRONIZADOS\M30_SINCRONIZADO\XAUDKK.csv,4913281,.csv
backup_migrated\data_csv_full\SINCRONIZADOS\M30_SINCRONIZADO\XAUEUR.csv,5067730,.csv
backup_migrated\data_csv_full\SINCRONIZADOS\M30_SINCRONIZADO\XAUGBP.csv,5049729,.csv
backup_migrated\data_csv_full\SINCRONIZADOS\M30_SINCRONIZADO\XAUHKD.csv,4996123,.csv
backup_migrated\data_csv_full\SINCRONIZADOS\M30_SINCRONIZADO\XAUHUF.csv,5193788,.csv
backup_migrated\data_csv_full\SINCRONIZADOS\M30_SINCRONIZADO\XAUILS.csv,5169954,.csv
backup_migrated\data_csv_full\SINCRONIZADOS\M30_SINCRONIZADO\XAUJPY.csv,5092349,.csv
backup_migrated\data_csv_full\SINCRONIZADOS\M30_SINCRONIZADO\XAUMXN.csv,4794142,.csv
backup_migrated\data_csv_full\SINCRONIZADOS\M30_SINCRONIZADO\XAUNOK.csv,4955043,.csv
backup_migrated\data_csv_full\SINCRONIZADOS\M30_SINCRONIZADO\XAUNZD.csv,5077916,.csv
backup_migrated\data_csv_full\SINCRONIZADOS\M30_SINCRONIZADO\XAUPLN.csv,4812444,.csv
backup_migrated\data_csv_full\SINCRONIZADOS\M30_SINCRONIZADO\XAURON.csv,5377752,.csv
backup_migrated\data_csv_full\SINCRONIZADOS\M30_SINCRONIZADO\XAUSAR.csv,5173876,.csv
backup_migrated\data_csv_full\SINCRONIZADOS\M30_SINCRONIZADO\XAUSEK.csv,4996195,.csv
backup_migrated\data_csv_full\SINCRONIZADOS\M30_SINCRONIZADO\XAUSGD.csv,5076866,.csv
backup_migrated\data_csv_full\SINCRONIZADOS\M30_SINCRONIZADO\XAUTHB.csv,4868750,.csv
backup_migrated\data_csv_full\SINCRONIZADOS\M30_SINCRONIZADO\XAUTRY.csv,4876512,.csv
backup_migrated\data_csv_full\SINCRONIZADOS\M30_SINCRONIZADO\XAUUSD.csv,5128335,.csv
backup_migrated\data_csv_full\SINCRONIZADOS\M30_SINCRONIZADO\XAUXAG.csv,5088219,.csv
backup_migrated\data_csv_full\SINCRONIZADOS\M30_SINCRONIZADO\XAUZAR.csv,4794195,.csv
backup_migrated\data_csv_full\SINCRONIZADOS\M30_SINCRONIZADO\XLMCHF.csv,4867170,.csv
backup_migrated\data_csv_full\SINCRONIZADOS\M30_SINCRONIZADO\XLMEUR.csv,4868205,.csv
backup_migrated\data_csv_full\SINCRONIZADOS\M30_SINCRONIZADO\XLMGBP.csv,4846004,.csv
backup_migrated\data_csv_full\SINCRONIZADOS\M30_SINCRONIZADO\XLMUSD.csv,4881134,.csv
backup_migrated\data_csv_full\SINCRONIZADOS\M30_SINCRONIZADO\YFIUSD.csv,4477111,.csv
backup_migrated\data_csv_full\SINCRONIZADOS\M30_SINCRONIZADO\ZARCZK.csv,4834946,.csv
backup_migrated\data_csv_full\SINCRONIZADOS\M30_SINCRONIZADO\ZARHUF.csv,4817555,.csv
backup_migrated\data_csv_full\SINCRONIZADOS\M30_SINCRONIZADO\ZARJPY.csv,4361967,.csv
backup_migrated\data_csv_full\SINCRONIZADOS\M30_SINCRONIZADO\ZARMXN.csv,4867186,.csv
backup_migrated\data_csv_full\SINCRONIZADOS\M30_SINCRONIZADO\ZARTHB.csv,4244631,.csv
backup_migrated\data_csv_full\SINCRONIZADOS\M30_SINCRONIZADO\ZARTRY.csv,5120771,.csv
backup_migrated\data_csv_full\SINCRONIZADOS\M5_SINCRONIZADO\ADAUSD.CSV,26661366,.csv
backup_migrated\data_csv_full\SINCRONIZADOS\M5_SINCRONIZADO\AEDCNH.CSV,30381619,.csv
backup_migrated\data_csv_full\SINCRONIZADOS\M5_SINCRONIZADO\AEDCZK.CSV,29643944,.csv
backup_migrated\data_csv_full\SINCRONIZADOS\M5_SINCRONIZADO\AEDHKD.CSV,30485484,.csv
backup_migrated\data_csv_full\SINCRONIZADOS\M5_SINCRONIZADO\AEDHUF.CSV,31671616,.csv
backup_migrated\data_csv_full\SINCRONIZADOS\M5_SINCRONIZADO\AEDJPY.CSV,29437963,.csv
backup_migrated\data_csv_full\SINCRONIZADOS\M5_SINCRONIZADO\AEDMXN.CSV,31083843,.csv
backup_migrated\data_csv_full\SINCRONIZADOS\M5_SINCRONIZADO\AEDRON.CSV,30624698,.csv
backup_migrated\data_csv_full\SINCRONIZADOS\M5_SINCRONIZADO\AEDSAR.CSV,30370906,.csv
backup_migrated\data_csv_full\SINCRONIZADOS\M5_SINCRONIZADO\AEDTHB.CSV,27357644,.csv
backup_migrated\data_csv_full\SINCRONIZADOS\M5_SINCRONIZADO\AEDTRY.CSV,31229022,.csv
backup_migrated\data_csv_full\SINCRONIZADOS\M5_SINCRONIZADO\AEDZAR.CSV,31401131,.csv
backup_migrated\data_csv_full\SINCRONIZADOS\M5_SINCRONIZADO\AUDAED.CSV,31239778,.csv
backup_migrated\data_csv_full\SINCRONIZADOS\M5_SINCRONIZADO\AUDCAD.CSV,30834799,.csv
backup_migrated\data_csv_full\SINCRONIZADOS\M5_SINCRONIZADO\AUDCHF.CSV,30688417,.csv
backup_migrated\data_csv_full\SINCRONIZADOS\M5_SINCRONIZADO\AUDCNH.CSV,31333859,.csv
backup_migrated\data_csv_full\SINCRONIZADOS\M5_SINCRONIZADO\AUDCZK.CSV,30953676,.csv
backup_migrated\data_csv_full\SINCRONIZADOS\M5_SINCRONIZADO\AUDDKK.CSV,32390774,.csv
backup_migrated\data_csv_full\SINCRONIZADOS\M5_SINCRONIZADO\AUDHKD.CSV,32435435,.csv
backup_migrated\data_csv_full\SINCRONIZADOS\M5_SINCRONIZADO\AUDHUF.CSV,31221827,.csv
backup_migrated\data_csv_full\SINCRONIZADOS\M5_SINCRONIZADO\AUDILS.CSV,31215958,.csv
backup_migrated\data_csv_full\SINCRONIZADOS\M5_SINCRONIZADO\AUDJPY.CSV,29453389,.csv
backup_migrated\data_csv_full\SINCRONIZADOS\M5_SINCRONIZADO\AUDMXN.CSV,32014414,.csv
backup_migrated\data_csv_full\SINCRONIZADOS\M5_SINCRONIZADO\AUDNOK.CSV,31281422,.csv
backup_migrated\data_csv_full\SINCRONIZADOS\M5_SINCRONIZADO\AUDNZD.CSV,31192246,.csv
backup_migrated\data_csv_full\SINCRONIZADOS\M5_SINCRONIZADO\AUDPLN.CSV,31188271,.csv
backup_migrated\data_csv_full\SINCRONIZADOS\M5_SINCRONIZADO\AUDRON.CSV,31357088,.csv
backup_migrated\data_csv_full\SINCRONIZADOS\M5_SINCRONIZADO\AUDSAR.CSV,30986492,.csv
backup_migrated\data_csv_full\SINCRONIZADOS\M5_SINCRONIZADO\AUDSEK.CSV,31587172,.csv
backup_migrated\data_csv_full\SINCRONIZADOS\M5_SINCRONIZADO\AUDSGD.CSV,31045434,.csv
backup_migrated\data_csv_full\SINCRONIZADOS\M5_SINCRONIZADO\AUDTHB.CSV,28812552,.csv
backup_migrated\data_csv_full\SINCRONIZADOS\M5_SINCRONIZADO\AUDTRY.CSV,32110656,.csv
backup_migrated\data_csv_full\SINCRONIZADOS\M5_SINCRONIZADO\AUDUSD.CSV,31424225,.csv
backup_migrated\data_csv_full\SINCRONIZADOS\M5_SINCRONIZADO\AUDZAR.CSV,32033656,.csv
backup_migrated\data_csv_full\SINCRONIZADOS\M5_SINCRONIZADO\AUS_IDX.CSV,33573606,.csv
backup_migrated\data_csv_full\SINCRONIZADOS\M5_SINCRONIZADO\AVEUSD.CSV,27812936,.csv
backup_migrated\data_csv_full\SINCRONIZADOS\M5_SINCRONIZADO\BATUSD.CSV,30240775,.csv
backup_migrated\data_csv_full\SINCRONIZADOS\M5_SINCRONIZADO\BCHCHF.CSV,26864232,.csv
backup_migrated\data_csv_full\SINCRONIZADOS\M5_SINCRONIZADO\BCHEUR.CSV,26872884,.csv
backup_migrated\data_csv_full\SINCRONIZADOS\M5_SINCRONIZADO\BCHGBP.CSV,26793610,.csv
backup_migrated\data_csv_full\SINCRONIZADOS\M5_SINCRONIZADO\BCHUSD.CSV,27249804,.csv
backup_migrated\data_csv_full\SINCRONIZADOS\M5_SINCRONIZADO\BTCCHF.CSV,30501957,.csv
backup_migrated\data_csv_full\SINCRONIZADOS\M5_SINCRONIZADO\BTCEUR.CSV,30055982,.csv
backup_migrated\data_csv_full\SINCRONIZADOS\M5_SINCRONIZADO\BTCGBP.CSV,30502812,.csv
backup_migrated\data_csv_full\SINCRONIZADOS\M5_SINCRONIZADO\BTCUSD.CSV,32078152,.csv
backup_migrated\data_csv_full\SINCRONIZADOS\M5_SINCRONIZADO\CADAED.CSV,31188743,.csv
backup_migrated\data_csv_full\SINCRONIZADOS\M5_SINCRONIZADO\CADCHF.CSV,30662119,.csv
backup_migrated\data_csv_full\SINCRONIZADOS\M5_SINCRONIZADO\CADCNH.CSV,31004023,.csv
backup_migrated\data_csv_full\SINCRONIZADOS\M5_SINCRONIZADO\CADCZK.CSV,31251989,.csv
backup_migrated\data_csv_full\SINCRONIZADOS\M5_SINCRONIZADO\CADDKK.CSV,31158220,.csv
backup_migrated\data_csv_full\SINCRONIZADOS\M5_SINCRONIZADO\CADHKD.CSV,30891950,.csv
backup_migrated\data_csv_full\SINCRONIZADOS\M5_SINCRONIZADO\CADHUF.CSV,30950918,.csv
backup_migrated\data_csv_full\SINCRONIZADOS\M5_SINCRONIZADO\CADILS.CSV,31369086,.csv
backup_migrated\data_csv_full\SINCRONIZADOS\M5_SINCRONIZADO\CADJPY.CSV,31144075,.csv
backup_migrated\data_csv_full\SINCRONIZADOS\M5_SINCRONIZADO\CADMXN.CSV,32544058,.csv
backup_migrated\data_csv_full\SINCRONIZADOS\M5_SINCRONIZADO\CADNOK.CSV,31434320,.csv
backup_migrated\data_csv_full\SINCRONIZADOS\M5_SINCRONIZADO\CADPLN.CSV,31110681,.csv
backup_migrated\data_csv_full\SINCRONIZADOS\M5_SINCRONIZADO\CADRON.CSV,30660621,.csv
backup_migrated\data_csv_full\SINCRONIZADOS\M5_SINCRONIZADO\CADSAR.CSV,31455664,.csv
backup_migrated\data_csv_full\SINCRONIZADOS\M5_SINCRONIZADO\CADSEK.CSV,31232442,.csv
backup_migrated\data_csv_full\SINCRONIZADOS\M5_SINCRONIZADO\CADSGD.CSV,31264439,.csv
backup_migrated\data_csv_full\SINCRONIZADOS\M5_SINCRONIZADO\CADTHB.CSV,28787576,.csv
backup_migrated\data_csv_full\SINCRONIZADOS\M5_SINCRONIZADO\CADTRY.CSV,34027488,.csv
backup_migrated\data_csv_full\SINCRONIZADOS\M5_SINCRONIZADO\CADZAR.CSV,32749685,.csv
backup_migrated\data_csv_full\SINCRONIZADOS\M5_SINCRONIZADO\CHE_IDX.CSV,33362590,.csv
backup_migrated\data_csv_full\SINCRONIZADOS\M5_SINCRONIZADO\CHFAED.CSV,30705902,.csv
backup_migrated\data_csv_full\SINCRONIZADOS\M5_SINCRONIZADO\CHFCNH.CSV,31376796,.csv
backup_migrated\data_csv_full\SINCRONIZADOS\M5_SINCRONIZADO\CHFCZK.CSV,32567085,.csv
backup_migrated\data_csv_full\SINCRONIZADOS\M5_SINCRONIZADO\CHFDKK.CSV,31368043,.csv
backup_migrated\data_csv_full\SINCRONIZADOS\M5_SINCRONIZADO\CHFHKD.CSV,30972485,.csv
backup_migrated\data_csv_full\SINCRONIZADOS\M5_SINCRONIZADO\CHFHUF.CSV,30652336,.csv
backup_migrated\data_csv_full\SINCRONIZADOS\M5_SINCRONIZADO\CHFILS.CSV,31224282,.csv
backup_migrated\data_csv_full\SINCRONIZADOS\M5_SINCRONIZADO\CHFJPY.CSV,30895123,.csv
backup_migrated\data_csv_full\SINCRONIZADOS\M5_SINCRONIZADO\CHFMXN.CSV,31753474,.csv
backup_migrated\data_csv_full\SINCRONIZADOS\M5_SINCRONIZADO\CHFNOK.CSV,33909252,.csv
backup_migrated\data_csv_full\SINCRONIZADOS\M5_SINCRONIZADO\CHFPLN.CSV,31039987,.csv
backup_migrated\data_csv_full\SINCRONIZADOS\M5_SINCRONIZADO\CHFRON.CSV,34422710,.csv
backup_migrated\data_csv_full\SINCRONIZADOS\M5_SINCRONIZADO\CHFSAR.CSV,34498406,.csv
backup_migrated\data_csv_full\SINCRONIZADOS\M5_SINCRONIZADO\CHFSEK.CSV,31763794,.csv
backup_migrated\data_csv_full\SINCRONIZADOS\M5_SINCRONIZADO\CHFSGD.CSV,31690328,.csv
backup_migrated\data_csv_full\SINCRONIZADOS\M5_SINCRONIZADO\CHFTHB.CSV,29356540,.csv
backup_migrated\data_csv_full\SINCRONIZADOS\M5_SINCRONIZADO\CHFTRY.CSV,33758161,.csv
backup_migrated\data_csv_full\SINCRONIZADOS\M5_SINCRONIZADO\CHFZAR.CSV,32735306,.csv
backup_migrated\data_csv_full\SINCRONIZADOS\M5_SINCRONIZADO\CHI_IDX.CSV,34084155,.csv
backup_migrated\data_csv_full\SINCRONIZADOS\M5_SINCRONIZADO\CMPUSD.CSV,26809492,.csv
backup_migrated\data_csv_full\SINCRONIZADOS\M5_SINCRONIZADO\CNHCZK.CSV,29640124,.csv
backup_migrated\data_csv_full\SINCRONIZADOS\M5_SINCRONIZADO\CNHHKD.CSV,30978297,.csv
backup_migrated\data_csv_full\SINCRONIZADOS\M5_SINCRONIZADO\CNHHUF.CSV,29523188,.csv
backup_migrated\data_csv_full\SINCRONIZADOS\M5_SINCRONIZADO\CNHJPY.CSV,29285719,.csv
backup_migrated\data_csv_full\SINCRONIZADOS\M5_SINCRONIZADO\CNHMXN.CSV,31524637,.csv
backup_migrated\data_csv_full\SINCRONIZADOS\M5_SINCRONIZADO\CNHTHB.CSV,31416105,.csv
backup_migrated\data_csv_full\SINCRONIZADOS\M5_SINCRONIZADO\CNHTRY.CSV,30737363,.csv
backup_migrated\data_csv_full\SINCRONIZADOS\M5_SINCRONIZADO\CNHZAR.CSV,31387874,.csv
backup_migrated\data_csv_full\SINCRONIZADOS\M5_SINCRONIZADO\CZKHUF.CSV,31422162,.csv
backup_migrated\data_csv_full\SINCRONIZADOS\M5_SINCRONIZADO\CZKJPY.CSV,31994852,.csv
backup_migrated\data_csv_full\SINCRONIZADOS\M5_SINCRONIZADO\CZKTHB.CSV,31918249,.csv
backup_migrated\data_csv_full\SINCRONIZADOS\M5_SINCRONIZADO\CZKTRY.CSV,30976500,.csv
backup_migrated\data_csv_full\SINCRONIZADOS\M5_SINCRONIZADO\DEU_IDX.CSV,34181423,.csv
backup_migrated\data_csv_full\SINCRONIZADOS\M5_SINCRONIZADO\DKKAED.CSV,30942284,.csv
backup_migrated\data_csv_full\SINCRONIZADOS\M5_SINCRONIZADO\DKKCNH.CSV,31003620,.csv
backup_migrated\data_csv_full\SINCRONIZADOS\M5_SINCRONIZADO\DKKCZK.CSV,30280058,.csv
backup_migrated\data_csv_full\SINCRONIZADOS\M5_SINCRONIZADO\DKKHKD.CSV,32123990,.csv
backup_migrated\data_csv_full\SINCRONIZADOS\M5_SINCRONIZADO\DKKHUF.CSV,31652511,.csv
backup_migrated\data_csv_full\SINCRONIZADOS\M5_SINCRONIZADO\DKKILS.CSV,30959939,.csv
backup_migrated\data_csv_full\SINCRONIZADOS\M5_SINCRONIZADO\DKKJPY.CSV,32103423,.csv
backup_migrated\data_csv_full\SINCRONIZADOS\M5_SINCRONIZADO\DKKMXN.CSV,32118987,.csv
backup_migrated\data_csv_full\SINCRONIZADOS\M5_SINCRONIZADO\DKKRON.CSV,30680714,.csv
backup_migrated\data_csv_full\SINCRONIZADOS\M5_SINCRONIZADO\DKKSAR.CSV,30943484,.csv
backup_migrated\data_csv_full\SINCRONIZADOS\M5_SINCRONIZADO\DKKTHB.CSV,27518706,.csv
backup_migrated\data_csv_full\SINCRONIZADOS\M5_SINCRONIZADO\DKKTRY.CSV,32404162,.csv
backup_migrated\data_csv_full\SINCRONIZADOS\M5_SINCRONIZADO\DKKZAR.CSV,31829375,.csv
backup_migrated\data_csv_full\SINCRONIZADOS\M5_SINCRONIZADO\DOLLAR_IDX.CSV,32049163,.csv
backup_migrated\data_csv_full\SINCRONIZADOS\M5_SINCRONIZADO\DSHUSD.CSV,29200972,.csv
backup_migrated\data_csv_full\SINCRONIZADOS\M5_SINCRONIZADO\ESP_IDX.CSV,34616739,.csv
backup_migrated\data_csv_full\SINCRONIZADOS\M5_SINCRONIZADO\ETHCHF.CSV,28702223,.csv
backup_migrated\data_csv_full\SINCRONIZADOS\M5_SINCRONIZADO\ETHEUR.CSV,28702717,.csv
backup_migrated\data_csv_full\SINCRONIZADOS\M5_SINCRONIZADO\ETHGBP.CSV,28702663,.csv
backup_migrated\data_csv_full\SINCRONIZADOS\M5_SINCRONIZADO\ETHUSD.CSV,29940576,.csv
backup_migrated\data_csv_full\SINCRONIZADOS\M5_SINCRONIZADO\EURAED.CSV,31198978,.csv
backup_migrated\data_csv_full\SINCRONIZADOS\M5_SINCRONIZADO\EURAUD.CSV,32307205,.csv
backup_migrated\data_csv_full\SINCRONIZADOS\M5_SINCRONIZADO\EURCAD.CSV,31969448,.csv
backup_migrated\data_csv_full\SINCRONIZADOS\M5_SINCRONIZADO\EURCHF.CSV,31184880,.csv
backup_migrated\data_csv_full\SINCRONIZADOS\M5_SINCRONIZADO\EURCNH.CSV,31519111,.csv
backup_migrated\data_csv_full\SINCRONIZADOS\M5_SINCRONIZADO\EURCZK.CSV,31118593,.csv
backup_migrated\data_csv_full\SINCRONIZADOS\M5_SINCRONIZADO\EURGBP.CSV,30565804,.csv
backup_migrated\data_csv_full\SINCRONIZADOS\M5_SINCRONIZADO\EURHKD.CSV,31147849,.csv
backup_migrated\data_csv_full\SINCRONIZADOS\M5_SINCRONIZADO\EURHUF.CSV,31176185,.csv
backup_migrated\data_csv_full\SINCRONIZADOS\M5_SINCRONIZADO\EURILS.CSV,30625316,.csv
backup_migrated\data_csv_full\SINCRONIZADOS\M5_SINCRONIZADO\EURJPY.CSV,31011803,.csv
backup_migrated\data_csv_full\SINCRONIZADOS\M5_SINCRONIZADO\EURMXN.CSV,32378619,.csv
backup_migrated\data_csv_full\SINCRONIZADOS\M5_SINCRONIZADO\EURNOK.CSV,32670410,.csv
backup_migrated\data_csv_full\SINCRONIZADOS\M5_SINCRONIZADO\EURNZD.CSV,31895433,.csv
backup_migrated\data_csv_full\SINCRONIZADOS\M5_SINCRONIZADO\EURPLN.CSV,31028221,.csv
backup_migrated\data_csv_full\SINCRONIZADOS\M5_SINCRONIZADO\EURRON.CSV,31311772,.csv
backup_migrated\data_csv_full\SINCRONIZADOS\M5_SINCRONIZADO\EURSAR.CSV,31279936,.csv
backup_migrated\data_csv_full\SINCRONIZADOS\M5_SINCRONIZADO\EURSEK.CSV,32842963,.csv
backup_migrated\data_csv_full\SINCRONIZADOS\M5_SINCRONIZADO\EURSGD.CSV,31243913,.csv
backup_migrated\data_csv_full\SINCRONIZADOS\M5_SINCRONIZADO\EURTHB.CSV,29367202,.csv
backup_migrated\data_csv_full\SINCRONIZADOS\M5_SINCRONIZADO\EURTRY.CSV,32552301,.csv
backup_migrated\data_csv_full\SINCRONIZADOS\M5_SINCRONIZADO\EURUSD.CSV,31447798,.csv
backup_migrated\data_csv_full\SINCRONIZADOS\M5_SINCRONIZADO\EURZAR.CSV,32495116,.csv
backup_migrated\data_csv_full\SINCRONIZADOS\M5_SINCRONIZADO\EUS_IDX.CSV,33578254,.csv
backup_migrated\data_csv_full\SINCRONIZADOS\M5_SINCRONIZADO\FRA_IDX.CSV,33678161,.csv
backup_migrated\data_csv_full\SINCRONIZADOS\M5_SINCRONIZADO\GBPAED.CSV,31350984,.csv
backup_migrated\data_csv_full\SINCRONIZADOS\M5_SINCRONIZADO\GBPAUD.CSV,31372118,.csv
backup_migrated\data_csv_full\SINCRONIZADOS\M5_SINCRONIZADO\GBPCAD.CSV,31592316,.csv
backup_migrated\data_csv_full\SINCRONIZADOS\M5_SINCRONIZADO\GBPCHF.CSV,30443471,.csv
backup_migrated\data_csv_full\SINCRONIZADOS\M5_SINCRONIZADO\GBPCNH.CSV,32399811,.csv
backup_migrated\data_csv_full\SINCRONIZADOS\M5_SINCRONIZADO\GBPCZK.CSV,30325814,.csv
backup_migrated\data_csv_full\SINCRONIZADOS\M5_SINCRONIZADO\GBPDKK.CSV,30970257,.csv
backup_migrated\data_csv_full\SINCRONIZADOS\M5_SINCRONIZADO\GBPHKD.CSV,32927472,.csv
backup_migrated\data_csv_full\SINCRONIZADOS\M5_SINCRONIZADO\GBPHUF.CSV,31170658,.csv
backup_migrated\data_csv_full\SINCRONIZADOS\M5_SINCRONIZADO\GBPILS.CSV,31321124,.csv
backup_migrated\data_csv_full\SINCRONIZADOS\M5_SINCRONIZADO\GBPJPY.CSV,31083750,.csv
backup_migrated\data_csv_full\SINCRONIZADOS\M5_SINCRONIZADO\GBPMXN.CSV,33008099,.csv
backup_migrated\data_csv_full\SINCRONIZADOS\M5_SINCRONIZADO\GBPNOK.CSV,32009850,.csv
backup_migrated\data_csv_full\SINCRONIZADOS\M5_SINCRONIZADO\GBPNZD.CSV,31088656,.csv
backup_migrated\data_csv_full\SINCRONIZADOS\M5_SINCRONIZADO\GBPPLN.CSV,30002008,.csv
backup_migrated\data_csv_full\SINCRONIZADOS\M5_SINCRONIZADO\GBPRON.CSV,31408263,.csv
backup_migrated\data_csv_full\SINCRONIZADOS\M5_SINCRONIZADO\GBPSAR.CSV,30739943,.csv
backup_migrated\data_csv_full\SINCRONIZADOS\M5_SINCRONIZADO\GBPSEK.CSV,33291122,.csv
backup_migrated\data_csv_full\SINCRONIZADOS\M5_SINCRONIZADO\GBPSGD.CSV,31203018,.csv
backup_migrated\data_csv_full\SINCRONIZADOS\M5_SINCRONIZADO\GBPTHB.CSV,29079280,.csv
backup_migrated\data_csv_full\SINCRONIZADOS\M5_SINCRONIZADO\GBPTRY.CSV,31881586,.csv
backup_migrated\data_csv_full\SINCRONIZADOS\M5_SINCRONIZADO\GBPUSD.CSV,30411502,.csv
backup_migrated\data_csv_full\SINCRONIZADOS\M5_SINCRONIZADO\GBPZAR.CSV,32904259,.csv
backup_migrated\data_csv_full\SINCRONIZADOS\M5_SINCRONIZADO\GBR_IDX.CSV,33196516,.csv
backup_migrated\data_csv_full\SINCRONIZADOS\M5_SINCRONIZADO\GOLD.CSV,31311638,.csv
backup_migrated\data_csv_full\SINCRONIZADOS\M5_SINCRONIZADO\HKDCZK.CSV,30751918,.csv
backup_migrated\data_csv_full\SINCRONIZADOS\M5_SINCRONIZADO\HKDHUF.CSV,31440072,.csv
backup_migrated\data_csv_full\SINCRONIZADOS\M5_SINCRONIZADO\HKDJPY.CSV,32608195,.csv
backup_migrated\data_csv_full\SINCRONIZADOS\M5_SINCRONIZADO\HKDMXN.CSV,32495827,.csv
backup_migrated\data_csv_full\SINCRONIZADOS\M5_SINCRONIZADO\HKDTHB.CSV,27330168,.csv
backup_migrated\data_csv_full\SINCRONIZADOS\M5_SINCRONIZADO\HKDTRY.CSV,32375096,.csv
backup_migrated\data_csv_full\SINCRONIZADOS\M5_SINCRONIZADO\HKDZAR.CSV,32405610,.csv
backup_migrated\data_csv_full\SINCRONIZADOS\M5_SINCRONIZADO\HKG_IDX.CSV,34356710,.csv
backup_migrated\data_csv_full\SINCRONIZADOS\M5_SINCRONIZADO\ILSAED.CSV,30290402,.csv
backup_migrated\data_csv_full\SINCRONIZADOS\M5_SINCRONIZADO\ILSCNH.CSV,30662115,.csv
backup_migrated\data_csv_full\SINCRONIZADOS\M5_SINCRONIZADO\ILSCZK.CSV,29001004,.csv
backup_migrated\data_csv_full\SINCRONIZADOS\M5_SINCRONIZADO\ILSHKD.CSV,30631240,.csv
backup_migrated\data_csv_full\SINCRONIZADOS\M5_SINCRONIZADO\ILSHUF.CSV,29639743,.csv
backup_migrated\data_csv_full\SINCRONIZADOS\M5_SINCRONIZADO\ILSJPY.CSV,29163719,.csv
backup_migrated\data_csv_full\SINCRONIZADOS\M5_SINCRONIZADO\ILSMXN.CSV,30848121,.csv
backup_migrated\data_csv_full\SINCRONIZADOS\M5_SINCRONIZADO\ILSRON.CSV,30921455,.csv
backup_migrated\data_csv_full\SINCRONIZADOS\M5_SINCRONIZADO\ILSSAR.CSV,30573351,.csv
backup_migrated\data_csv_full\SINCRONIZADOS\M5_SINCRONIZADO\ILSTHB.CSV,27367810,.csv
backup_migrated\data_csv_full\SINCRONIZADOS\M5_SINCRONIZADO\ILSTRY.CSV,31043970,.csv
backup_migrated\data_csv_full\SINCRONIZADOS\M5_SINCRONIZADO\ILSZAR.CSV,33899830,.csv
backup_migrated\data_csv_full\SINCRONIZADOS\M5_SINCRONIZADO\JPN_IDX.CSV,34356260,.csv
backup_migrated\data_csv_full\SINCRONIZADOS\M5_SINCRONIZADO\JPYHUF.CSV,31512041,.csv
backup_migrated\data_csv_full\SINCRONIZADOS\M5_SINCRONIZADO\LNKUSD.CSV,26942517,.csv
backup_migrated\data_csv_full\SINCRONIZADOS\M5_SINCRONIZADO\LTCCHF.CSV,25138491,.csv
backup_migrated\data_csv_full\SINCRONIZADOS\M5_SINCRONIZADO\LTCEUR.CSV,25184053,.csv
backup_migrated\data_csv_full\SINCRONIZADOS\M5_SINCRONIZADO\LTCGBP.CSV,25090643,.csv
backup_migrated\data_csv_full\SINCRONIZADOS\M5_SINCRONIZADO\LTCUSD.CSV,25664601,.csv
backup_migrated\data_csv_full\SINCRONIZADOS\M5_SINCRONIZADO\MKRUSD.CSV,30395524,.csv
backup_migrated\data_csv_full\SINCRONIZADOS\M5_SINCRONIZADO\MXNCZK.CSV,31580174,.csv
backup_migrated\data_csv_full\SINCRONIZADOS\M5_SINCRONIZADO\MXNHUF.CSV,31388704,.csv
backup_migrated\data_csv_full\SINCRONIZADOS\M5_SINCRONIZADO\MXNJPY.CSV,31346492,.csv
backup_migrated\data_csv_full\SINCRONIZADOS\M5_SINCRONIZADO\MXNTHB.CSV,31813378,.csv
backup_migrated\data_csv_full\SINCRONIZADOS\M5_SINCRONIZADO\MXNTRY.CSV,32562338,.csv
backup_migrated\data_csv_full\SINCRONIZADOS\M5_SINCRONIZADO\NLD_IDX.CSV,31679958,.csv
backup_migrated\data_csv_full\SINCRONIZADOS\M5_SINCRONIZADO\NOKAED.CSV,31011609,.csv
backup_migrated\data_csv_full\SINCRONIZADOS\M5_SINCRONIZADO\NOKCNH.CSV,30772446,.csv
backup_migrated\data_csv_full\SINCRONIZADOS\M5_SINCRONIZADO\NOKCZK.CSV,30645594,.csv
backup_migrated\data_csv_full\SINCRONIZADOS\M5_SINCRONIZADO\NOKDKK.CSV,31329968,.csv
backup_migrated\data_csv_full\SINCRONIZADOS\M5_SINCRONIZADO\NOKHKD.CSV,31339265,.csv
backup_migrated\data_csv_full\SINCRONIZADOS\M5_SINCRONIZADO\NOKHUF.CSV,29755903,.csv
backup_migrated\data_csv_full\SINCRONIZADOS\M5_SINCRONIZADO\NOKILS.CSV,31014142,.csv
backup_migrated\data_csv_full\SINCRONIZADOS\M5_SINCRONIZADO\NOKJPY.CSV,34307979,.csv
backup_migrated\data_csv_full\SINCRONIZADOS\M5_SINCRONIZADO\NOKMXN.CSV,31991096,.csv
backup_migrated\data_csv_full\SINCRONIZADOS\M5_SINCRONIZADO\NOKRON.CSV,31024191,.csv
backup_migrated\data_csv_full\SINCRONIZADOS\M5_SINCRONIZADO\NOKSAR.CSV,31009097,.csv
backup_migrated\data_csv_full\SINCRONIZADOS\M5_SINCRONIZADO\NOKSEK.CSV,31232537,.csv
backup_migrated\data_csv_full\SINCRONIZADOS\M5_SINCRONIZADO\NOKTHB.CSV,27047005,.csv
backup_migrated\data_csv_full\SINCRONIZADOS\M5_SINCRONIZADO\NOKTRY.CSV,32355020,.csv
backup_migrated\data_csv_full\SINCRONIZADOS\M5_SINCRONIZADO\NOKZAR.CSV,33045208,.csv
backup_migrated\data_csv_full\SINCRONIZADOS\M5_SINCRONIZADO\NZDAED.CSV,30900005,.csv
backup_migrated\data_csv_full\SINCRONIZADOS\M5_SINCRONIZADO\NZDCAD.CSV,31435572,.csv
backup_migrated\data_csv_full\SINCRONIZADOS\M5_SINCRONIZADO\NZDCHF.CSV,31216103,.csv
backup_migrated\data_csv_full\SINCRONIZADOS\M5_SINCRONIZADO\NZDCNH.CSV,32429485,.csv
backup_migrated\data_csv_full\SINCRONIZADOS\M5_SINCRONIZADO\NZDCZK.CSV,30708449,.csv
backup_migrated\data_csv_full\SINCRONIZADOS\M5_SINCRONIZADO\NZDDKK.CSV,30937426,.csv
backup_migrated\data_csv_full\SINCRONIZADOS\M5_SINCRONIZADO\NZDHKD.CSV,30918349,.csv
backup_migrated\data_csv_full\SINCRONIZADOS\M5_SINCRONIZADO\NZDHUF.CSV,30927176,.csv
backup_migrated\data_csv_full\SINCRONIZADOS\M5_SINCRONIZADO\NZDILS.CSV,30091425,.csv
backup_migrated\data_csv_full\SINCRONIZADOS\M5_SINCRONIZADO\NZDJPY.CSV,29402764,.csv
backup_migrated\data_csv_full\SINCRONIZADOS\M5_SINCRONIZADO\NZDMXN.CSV,31794604,.csv
backup_migrated\data_csv_full\SINCRONIZADOS\M5_SINCRONIZADO\NZDNOK.CSV,31133002,.csv
backup_migrated\data_csv_full\SINCRONIZADOS\M5_SINCRONIZADO\NZDPLN.CSV,30867208,.csv
backup_migrated\data_csv_full\SINCRONIZADOS\M5_SINCRONIZADO\NZDRON.CSV,30813187,.csv
backup_migrated\data_csv_full\SINCRONIZADOS\M5_SINCRONIZADO\NZDSAR.CSV,30912102,.csv
backup_migrated\data_csv_full\SINCRONIZADOS\M5_SINCRONIZADO\NZDSEK.CSV,33846909,.csv
backup_migrated\data_csv_full\SINCRONIZADOS\M5_SINCRONIZADO\NZDSGD.CSV,31126553,.csv
backup_migrated\data_csv_full\SINCRONIZADOS\M5_SINCRONIZADO\NZDTHB.CSV,28814843,.csv
backup_migrated\data_csv_full\SINCRONIZADOS\M5_SINCRONIZADO\NZDTRY.CSV,33781464,.csv
backup_migrated\data_csv_full\SINCRONIZADOS\M5_SINCRONIZADO\NZDUSD.CSV,31355003,.csv
backup_migrated\data_csv_full\SINCRONIZADOS\M5_SINCRONIZADO\NZDZAR.CSV,31561884,.csv
backup_migrated\data_csv_full\SINCRONIZADOS\M5_SINCRONIZADO\PLN_IDX.CSV,33488932,.csv
backup_migrated\data_csv_full\SINCRONIZADOS\M5_SINCRONIZADO\PLNAED.CSV,30630136,.csv
backup_migrated\data_csv_full\SINCRONIZADOS\M5_SINCRONIZADO\PLNCNH.CSV,31074393,.csv
backup_migrated\data_csv_full\SINCRONIZADOS\M5_SINCRONIZADO\PLNCZK.CSV,30737885,.csv
backup_migrated\data_csv_full\SINCRONIZADOS\M5_SINCRONIZADO\PLNDKK.CSV,30336691,.csv
backup_migrated\data_csv_full\SINCRONIZADOS\M5_SINCRONIZADO\PLNHKD.CSV,31221412,.csv
backup_migrated\data_csv_full\SINCRONIZADOS\M5_SINCRONIZADO\PLNHUF.CSV,29271493,.csv
backup_migrated\data_csv_full\SINCRONIZADOS\M5_SINCRONIZADO\PLNILS.CSV,30932159,.csv
backup_migrated\data_csv_full\SINCRONIZADOS\M5_SINCRONIZADO\PLNJPY.CSV,30600421,.csv
backup_migrated\data_csv_full\SINCRONIZADOS\M5_SINCRONIZADO\PLNMXN.CSV,31368557,.csv
backup_migrated\data_csv_full\SINCRONIZADOS\M5_SINCRONIZADO\PLNNOK.CSV,34277701,.csv
backup_migrated\data_csv_full\SINCRONIZADOS\M5_SINCRONIZADO\PLNRON.CSV,30657633,.csv
backup_migrated\data_csv_full\SINCRONIZADOS\M5_SINCRONIZADO\PLNSAR.CSV,30344764,.csv
backup_migrated\data_csv_full\SINCRONIZADOS\M5_SINCRONIZADO\PLNSEK.CSV,31213333,.csv
backup_migrated\data_csv_full\SINCRONIZADOS\M5_SINCRONIZADO\PLNTHB.CSV,31065215,.csv
backup_migrated\data_csv_full\SINCRONIZADOS\M5_SINCRONIZADO\PLNTRY.CSV,32679233,.csv
backup_migrated\data_csv_full\SINCRONIZADOS\M5_SINCRONIZADO\PLNZAR.CSV,31441274,.csv
backup_migrated\data_csv_full\SINCRONIZADOS\M5_SINCRONIZADO\RONCNH.CSV,31475771,.csv
backup_migrated\data_csv_full\SINCRONIZADOS\M5_SINCRONIZADO\RONCZK.CSV,29020500,.csv
backup_migrated\data_csv_full\SINCRONIZADOS\M5_SINCRONIZADO\RONHKD.CSV,40560973,.csv
backup_migrated\data_csv_full\SINCRONIZADOS\M5_SINCRONIZADO\RONHUF.CSV,28896545,.csv
backup_migrated\data_csv_full\SINCRONIZADOS\M5_SINCRONIZADO\RONJPY.CSV,29167384,.csv
backup_migrated\data_csv_full\SINCRONIZADOS\M5_SINCRONIZADO\RONMXN.CSV,31042708,.csv
backup_migrated\data_csv_full\SINCRONIZADOS\M5_SINCRONIZADO\RONTHB.CSV,27105025,.csv
backup_migrated\data_csv_full\SINCRONIZADOS\M5_SINCRONIZADO\RONTRY.CSV,30425802,.csv
backup_migrated\data_csv_full\SINCRONIZADOS\M5_SINCRONIZADO\RONZAR.CSV,30995275,.csv
backup_migrated\data_csv_full\SINCRONIZADOS\M5_SINCRONIZADO\SARCNH.CSV,30958763,.csv
backup_migrated\data_csv_full\SINCRONIZADOS\M5_SINCRONIZADO\SARCZK.CSV,29338744,.csv
backup_migrated\data_csv_full\SINCRONIZADOS\M5_SINCRONIZADO\SARHKD.CSV,30545636,.csv
backup_migrated\data_csv_full\SINCRONIZADOS\M5_SINCRONIZADO\SARHUF.CSV,28465998,.csv
backup_migrated\data_csv_full\SINCRONIZADOS\M5_SINCRONIZADO\SARJPY.CSV,29167840,.csv
backup_migrated\data_csv_full\SINCRONIZADOS\M5_SINCRONIZADO\SARMXN.CSV,31661554,.csv
backup_migrated\data_csv_full\SINCRONIZADOS\M5_SINCRONIZADO\SARRON.CSV,30910589,.csv
backup_migrated\data_csv_full\SINCRONIZADOS\M5_SINCRONIZADO\SARTHB.CSV,27213367,.csv
backup_migrated\data_csv_full\SINCRONIZADOS\M5_SINCRONIZADO\SARTRY.CSV,29810470,.csv
backup_migrated\data_csv_full\SINCRONIZADOS\M5_SINCRONIZADO\SARZAR.CSV,29688843,.csv
backup_migrated\data_csv_full\SINCRONIZADOS\M5_SINCRONIZADO\SEKAED.CSV,30998235,.csv
backup_migrated\data_csv_full\SINCRONIZADOS\M5_SINCRONIZADO\SEKCNH.CSV,31044194,.csv
backup_migrated\data_csv_full\SINCRONIZADOS\M5_SINCRONIZADO\SEKCZK.CSV,30623878,.csv
backup_migrated\data_csv_full\SINCRONIZADOS\M5_SINCRONIZADO\SEKDKK.CSV,31315094,.csv
backup_migrated\data_csv_full\SINCRONIZADOS\M5_SINCRONIZADO\SEKHKD.CSV,30861809,.csv
backup_migrated\data_csv_full\SINCRONIZADOS\M5_SINCRONIZADO\SEKHUF.CSV,31769761,.csv
backup_migrated\data_csv_full\SINCRONIZADOS\M5_SINCRONIZADO\SEKILS.CSV,30732794,.csv
backup_migrated\data_csv_full\SINCRONIZADOS\M5_SINCRONIZADO\SEKJPY.CSV,29464913,.csv
backup_migrated\data_csv_full\SINCRONIZADOS\M5_SINCRONIZADO\SEKMXN.CSV,32485874,.csv
backup_migrated\data_csv_full\SINCRONIZADOS\M5_SINCRONIZADO\SEKRON.CSV,31011009,.csv
backup_migrated\data_csv_full\SINCRONIZADOS\M5_SINCRONIZADO\SEKSAR.CSV,31005527,.csv
backup_migrated\data_csv_full\SINCRONIZADOS\M5_SINCRONIZADO\SEKTHB.CSV,27068504,.csv
backup_migrated\data_csv_full\SINCRONIZADOS\M5_SINCRONIZADO\SEKTRY.CSV,32373731,.csv
backup_migrated\data_csv_full\SINCRONIZADOS\M5_SINCRONIZADO\SEKZAR.CSV,32786619,.csv
backup_migrated\data_csv_full\SINCRONIZADOS\M5_SINCRONIZADO\SGD_IDX.CSV,31175563,.csv
backup_migrated\data_csv_full\SINCRONIZADOS\M5_SINCRONIZADO\SGDAED.CSV,30808878,.csv
backup_migrated\data_csv_full\SINCRONIZADOS\M5_SINCRONIZADO\SGDCNH.CSV,31115417,.csv
backup_migrated\data_csv_full\SINCRONIZADOS\M5_SINCRONIZADO\SGDCZK.CSV,34050577,.csv
backup_migrated\data_csv_full\SINCRONIZADOS\M5_SINCRONIZADO\SGDDKK.CSV,31357220,.csv
backup_migrated\data_csv_full\SINCRONIZADOS\M5_SINCRONIZADO\SGDHKD.CSV,30351507,.csv
backup_migrated\data_csv_full\SINCRONIZADOS\M5_SINCRONIZADO\SGDHUF.CSV,32362616,.csv
backup_migrated\data_csv_full\SINCRONIZADOS\M5_SINCRONIZADO\SGDILS.CSV,30280170,.csv
backup_migrated\data_csv_full\SINCRONIZADOS\M5_SINCRONIZADO\SGDJPY.CSV,30576786,.csv
backup_migrated\data_csv_full\SINCRONIZADOS\M5_SINCRONIZADO\SGDMXN.CSV,32045253,.csv
backup_migrated\data_csv_full\SINCRONIZADOS\M5_SINCRONIZADO\SGDNOK.CSV,31229469,.csv
backup_migrated\data_csv_full\SINCRONIZADOS\M5_SINCRONIZADO\SGDPLN.CSV,31466615,.csv
backup_migrated\data_csv_full\SINCRONIZADOS\M5_SINCRONIZADO\SGDRON.CSV,30963242,.csv
backup_migrated\data_csv_full\SINCRONIZADOS\M5_SINCRONIZADO\SGDSAR.CSV,31110549,.csv
backup_migrated\data_csv_full\SINCRONIZADOS\M5_SINCRONIZADO\SGDSEK.CSV,31387535,.csv
backup_migrated\data_csv_full\SINCRONIZADOS\M5_SINCRONIZADO\SGDTHB.CSV,28540647,.csv
backup_migrated\data_csv_full\SINCRONIZADOS\M5_SINCRONIZADO\SGDTRY.CSV,34068547,.csv
backup_migrated\data_csv_full\SINCRONIZADOS\M5_SINCRONIZADO\SGDZAR.CSV,33042513,.csv
backup_migrated\data_csv_full\SINCRONIZADOS\M5_SINCRONIZADO\SOA_IDX.CSV,34019948,.csv
backup_migrated\data_csv_full\SINCRONIZADOS\M5_SINCRONIZADO\THBHUF.CSV,32025595,.csv
backup_migrated\data_csv_full\SINCRONIZADOS\M5_SINCRONIZADO\THBJPY.CSV,30943156,.csv
backup_migrated\data_csv_full\SINCRONIZADOS\M5_SINCRONIZADO\TRXUSD.CSV,30560697,.csv
backup_migrated\data_csv_full\SINCRONIZADOS\M5_SINCRONIZADO\TRYHUF.CSV,29849270,.csv
backup_migrated\data_csv_full\SINCRONIZADOS\M5_SINCRONIZADO\TRYJPY.CSV,27361068,.csv
backup_migrated\data_csv_full\SINCRONIZADOS\M5_SINCRONIZADO\TRYTHB.CSV,30974538,.csv
backup_migrated\data_csv_full\SINCRONIZADOS\M5_SINCRONIZADO\UNIUSD.CSV,27089986,.csv
backup_migrated\data_csv_full\SINCRONIZADOS\M5_SINCRONIZADO\USA30_IDX.CSV,35307359,.csv
backup_migrated\data_csv_full\SINCRONIZADOS\M5_SINCRONIZADO\USA500_IDX.CSV,34896940,.csv
backup_migrated\data_csv_full\SINCRONIZADOS\M5_SINCRONIZADO\USATECH_IDX.CSV,37478260,.csv
backup_migrated\data_csv_full\SINCRONIZADOS\M5_SINCRONIZADO\USDAED.CSV,26907917,.csv
backup_migrated\data_csv_full\SINCRONIZADOS\M5_SINCRONIZADO\USDCAD.CSV,30431200,.csv
backup_migrated\data_csv_full\SINCRONIZADOS\M5_SINCRONIZADO\USDCHF.CSV,31192566,.csv
backup_migrated\data_csv_full\SINCRONIZADOS\M5_SINCRONIZADO\USDCNH.CSV,31458879,.csv
backup_migrated\data_csv_full\SINCRONIZADOS\M5_SINCRONIZADO\USDCZK.CSV,30955769,.csv
backup_migrated\data_csv_full\SINCRONIZADOS\M5_SINCRONIZADO\USDDKK.CSV,31217174,.csv
backup_migrated\data_csv_full\SINCRONIZADOS\M5_SINCRONIZADO\USDHKD.CSV,31087817,.csv
backup_migrated\data_csv_full\SINCRONIZADOS\M5_SINCRONIZADO\USDHUF.CSV,30826863,.csv
backup_migrated\data_csv_full\SINCRONIZADOS\M5_SINCRONIZADO\USDILS.CSV,30793822,.csv
backup_migrated\data_csv_full\SINCRONIZADOS\M5_SINCRONIZADO\USDJPY.CSV,31494315,.csv
backup_migrated\data_csv_full\SINCRONIZADOS\M5_SINCRONIZADO\USDMXN.CSV,33041272,.csv
backup_migrated\data_csv_full\SINCRONIZADOS\M5_SINCRONIZADO\USDNOK.CSV,32505958,.csv
backup_migrated\data_csv_full\SINCRONIZADOS\M5_SINCRONIZADO\USDPLN.CSV,30813311,.csv
backup_migrated\data_csv_full\SINCRONIZADOS\M5_SINCRONIZADO\USDRON.CSV,31280893,.csv
backup_migrated\data_csv_full\SINCRONIZADOS\M5_SINCRONIZADO\USDSAR.CSV,26901885,.csv
backup_migrated\data_csv_full\SINCRONIZADOS\M5_SINCRONIZADO\USDSEK.CSV,32380175,.csv
backup_migrated\data_csv_full\SINCRONIZADOS\M5_SINCRONIZADO\USDSGD.CSV,31195144,.csv
backup_migrated\data_csv_full\SINCRONIZADOS\M5_SINCRONIZADO\USDTHB.CSV,30638106,.csv
backup_migrated\data_csv_full\SINCRONIZADOS\M5_SINCRONIZADO\USDTRY.CSV,32398436,.csv
backup_migrated\data_csv_full\SINCRONIZADOS\M5_SINCRONIZADO\USDZAR.CSV,32807437,.csv
backup_migrated\data_csv_full\SINCRONIZADOS\M5_SINCRONIZADO\USSC2000_IDX.CSV,35765174,.csv
backup_migrated\data_csv_full\SINCRONIZADOS\M5_SINCRONIZADO\VOL_IDX.CSV,27381312,.csv
backup_migrated\data_csv_full\SINCRONIZADOS\M5_SINCRONIZADO\XAGAED.CSV,29302865,.csv
backup_migrated\data_csv_full\SINCRONIZADOS\M5_SINCRONIZADO\XAGAUD.CSV,29782390,.csv
backup_migrated\data_csv_full\SINCRONIZADOS\M5_SINCRONIZADO\XAGCAD.CSV,28770447,.csv
backup_migrated\data_csv_full\SINCRONIZADOS\M5_SINCRONIZADO\XAGCHF.CSV,28761120,.csv
backup_migrated\data_csv_full\SINCRONIZADOS\M5_SINCRONIZADO\XAGCNH.CSV,30476875,.csv
backup_migrated\data_csv_full\SINCRONIZADOS\M5_SINCRONIZADO\XAGCZK.CSV,30681447,.csv
backup_migrated\data_csv_full\SINCRONIZADOS\M5_SINCRONIZADO\XAGDKK.CSV,30461809,.csv
backup_migrated\data_csv_full\SINCRONIZADOS\M5_SINCRONIZADO\XAGEUR.CSV,29755422,.csv
backup_migrated\data_csv_full\SINCRONIZADOS\M5_SINCRONIZADO\XAGGBP.CSV,29781326,.csv
backup_migrated\data_csv_full\SINCRONIZADOS\M5_SINCRONIZADO\XAGHKD.CSV,29443678,.csv
backup_migrated\data_csv_full\SINCRONIZADOS\M5_SINCRONIZADO\XAGHUF.CSV,31807999,.csv
backup_migrated\data_csv_full\SINCRONIZADOS\M5_SINCRONIZADO\XAGILS.CSV,30456200,.csv
backup_migrated\data_csv_full\SINCRONIZADOS\M5_SINCRONIZADO\XAGJPY.CSV,32402803,.csv
backup_migrated\data_csv_full\SINCRONIZADOS\M5_SINCRONIZADO\XAGMXN.CSV,29635005,.csv
backup_migrated\data_csv_full\SINCRONIZADOS\M5_SINCRONIZADO\XAGNOK.CSV,29747181,.csv
backup_migrated\data_csv_full\SINCRONIZADOS\M5_SINCRONIZADO\XAGNZD.CSV,30809295,.csv
backup_migrated\data_csv_full\SINCRONIZADOS\M5_SINCRONIZADO\XAGPLN.CSV,30467531,.csv
backup_migrated\data_csv_full\SINCRONIZADOS\M5_SINCRONIZADO\XAGRON.CSV,30458277,.csv
backup_migrated\data_csv_full\SINCRONIZADOS\M5_SINCRONIZADO\XAGSAR.CSV,30451680,.csv
backup_migrated\data_csv_full\SINCRONIZADOS\M5_SINCRONIZADO\XAGSEK.CSV,29336060,.csv
backup_migrated\data_csv_full\SINCRONIZADOS\M5_SINCRONIZADO\XAGSGD.CSV,28732807,.csv
backup_migrated\data_csv_full\SINCRONIZADOS\M5_SINCRONIZADO\XAGTHB.CSV,32242622,.csv
backup_migrated\data_csv_full\SINCRONIZADOS\M5_SINCRONIZADO\XAGTRY.CSV,30141568,.csv
backup_migrated\data_csv_full\SINCRONIZADOS\M5_SINCRONIZADO\XAGUSD.CSV,29117398,.csv
backup_migrated\data_csv_full\SINCRONIZADOS\M5_SINCRONIZADO\XAGZAR.CSV,30627301,.csv
backup_migrated\data_csv_full\SINCRONIZADOS\M5_SINCRONIZADO\XAUAED.CSV,32748914,.csv
backup_migrated\data_csv_full\SINCRONIZADOS\M5_SINCRONIZADO\XAUAUD.CSV,32213828,.csv
backup_migrated\data_csv_full\SINCRONIZADOS\M5_SINCRONIZADO\XAUCAD.CSV,32204191,.csv
backup_migrated\data_csv_full\SINCRONIZADOS\M5_SINCRONIZADO\XAUCHF.CSV,32030406,.csv
backup_migrated\data_csv_full\SINCRONIZADOS\M5_SINCRONIZADO\XAUCNH.CSV,34022606,.csv
backup_migrated\data_csv_full\SINCRONIZADOS\M5_SINCRONIZADO\XAUCZK.CSV,30574541,.csv
backup_migrated\data_csv_full\SINCRONIZADOS\M5_SINCRONIZADO\XAUDKK.CSV,31225595,.csv
backup_migrated\data_csv_full\SINCRONIZADOS\M5_SINCRONIZADO\XAUEUR.CSV,32153585,.csv
backup_migrated\data_csv_full\SINCRONIZADOS\M5_SINCRONIZADO\XAUGBP.CSV,32045915,.csv
backup_migrated\data_csv_full\SINCRONIZADOS\M5_SINCRONIZADO\XAUHKD.CSV,31722132,.csv
backup_migrated\data_csv_full\SINCRONIZADOS\M5_SINCRONIZADO\XAUHUF.CSV,32916706,.csv
backup_migrated\data_csv_full\SINCRONIZADOS\M5_SINCRONIZADO\XAUILS.CSV,32764940,.csv
backup_migrated\data_csv_full\SINCRONIZADOS\M5_SINCRONIZADO\XAUJPY.CSV,32300960,.csv
backup_migrated\data_csv_full\SINCRONIZADOS\M5_SINCRONIZADO\XAUMXN.CSV,30512812,.csv
backup_migrated\data_csv_full\SINCRONIZADOS\M5_SINCRONIZADO\XAUNOK.CSV,31478982,.csv
backup_migrated\data_csv_full\SINCRONIZADOS\M5_SINCRONIZADO\XAUNZD.CSV,32214204,.csv
backup_migrated\data_csv_full\SINCRONIZADOS\M5_SINCRONIZADO\XAUPLN.CSV,30620390,.csv
backup_migrated\data_csv_full\SINCRONIZADOS\M5_SINCRONIZADO\XAURON.CSV,34011451,.csv
backup_migrated\data_csv_full\SINCRONIZADOS\M5_SINCRONIZADO\XAUSAR.CSV,32788842,.csv
backup_migrated\data_csv_full\SINCRONIZADOS\M5_SINCRONIZADO\XAUSEK.CSV,31725355,.csv
backup_migrated\data_csv_full\SINCRONIZADOS\M5_SINCRONIZADO\XAUSGD.CSV,32207995,.csv
backup_migrated\data_csv_full\SINCRONIZADOS\M5_SINCRONIZADO\XAUTHB.CSV,30960906,.csv
backup_migrated\data_csv_full\SINCRONIZADOS\M5_SINCRONIZADO\XAUTRY.CSV,31005689,.csv
backup_migrated\data_csv_full\SINCRONIZADOS\M5_SINCRONIZADO\XAUUSD.CSV,32205926,.csv
backup_migrated\data_csv_full\SINCRONIZADOS\M5_SINCRONIZADO\XAUXAG.CSV,32279407,.csv
backup_migrated\data_csv_full\SINCRONIZADOS\M5_SINCRONIZADO\XAUZAR.CSV,30514609,.csv
backup_migrated\data_csv_full\SINCRONIZADOS\M5_SINCRONIZADO\XLMCHF.CSV,30767735,.csv
backup_migrated\data_csv_full\SINCRONIZADOS\M5_SINCRONIZADO\XLMEUR.CSV,30645942,.csv
backup_migrated\data_csv_full\SINCRONIZADOS\M5_SINCRONIZADO\XLMGBP.CSV,30516326,.csv
backup_migrated\data_csv_full\SINCRONIZADOS\M5_SINCRONIZADO\XLMUSD.CSV,30721584,.csv
backup_migrated\data_csv_full\SINCRONIZADOS\M5_SINCRONIZADO\YFIUSD.CSV,28618121,.csv
backup_migrated\data_csv_full\SINCRONIZADOS\M5_SINCRONIZADO\ZARCZK.CSV,30389638,.csv
backup_migrated\data_csv_full\SINCRONIZADOS\M5_SINCRONIZADO\ZARHUF.CSV,30285674,.csv
backup_migrated\data_csv_full\SINCRONIZADOS\M5_SINCRONIZADO\ZARJPY.CSV,27586910,.csv
backup_migrated\data_csv_full\SINCRONIZADOS\M5_SINCRONIZADO\ZARMXN.CSV,30589805,.csv
backup_migrated\data_csv_full\SINCRONIZADOS\M5_SINCRONIZADO\ZARTHB.CSV,26837330,.csv
backup_migrated\data_csv_full\SINCRONIZADOS\M5_SINCRONIZADO\ZARTRY.CSV,32131957,.csv
backup_migrated\data_hub_full\01_RAW_MT5\M5\aavusd.csv,5430958,.csv
backup_migrated\data_hub_full\01_RAW_MT5\M5\adausd.csv,22855361,.csv
backup_migrated\data_hub_full\01_RAW_MT5\M5\aptusd.csv,6561751,.csv
backup_migrated\data_hub_full\01_RAW_MT5\M5\arbusd.csv,13973068,.csv
backup_migrated\data_hub_full\01_RAW_MT5\M5\atmusd.csv,26343622,.csv
backup_migrated\data_hub_full\01_RAW_MT5\M5\audcad.csv,23375005,.csv
backup_migrated\data_hub_full\01_RAW_MT5\M5\audchf.csv,27733828,.csv
backup_migrated\data_hub_full\01_RAW_MT5\M5\audcnh.csv,13277624,.csv
backup_migrated\data_hub_full\01_RAW_MT5\M5\auddkk.csv,9100526,.csv
backup_migrated\data_hub_full\01_RAW_MT5\M5\audhuf.csv,7653402,.csv
backup_migrated\data_hub_full\01_RAW_MT5\M5\audjpy.csv,21835738,.csv
backup_migrated\data_hub_full\01_RAW_MT5\M5\audnok.csv,8710392,.csv
backup_migrated\data_hub_full\01_RAW_MT5\M5\audnzd.csv,27770808,.csv
backup_migrated\data_hub_full\01_RAW_MT5\M5\audpln.csv,27421883,.csv
backup_migrated\data_hub_full\01_RAW_MT5\M5\audsgd.csv,27647546,.csv
backup_migrated\data_hub_full\01_RAW_MT5\M5\audusd.csv,27398968,.csv
backup_migrated\data_hub_full\01_RAW_MT5\M5\aus200.csv,21322769,.csv
backup_migrated\data_hub_full\01_RAW_MT5\M5\avaxusd.csv,23564497,.csv
backup_migrated\data_hub_full\01_RAW_MT5\M5\bchusd.csv,25572021,.csv
backup_migrated\data_hub_full\01_RAW_MT5\M5\bnbusd.csv,26331616,.csv
backup_migrated\data_hub_full\01_RAW_MT5\M5\bnkusd.csv,4803230,.csv
backup_migrated\data_hub_full\01_RAW_MT5\M5\btcaud.csv,19041976,.csv
backup_migrated\data_hub_full\01_RAW_MT5\M5\btceur.csv,18951563,.csv
backup_migrated\data_hub_full\01_RAW_MT5\M5\btcgbp.csv,18691111,.csv
backup_migrated\data_hub_full\01_RAW_MT5\M5\btcusd.csv,10712886,.csv
backup_migrated\data_hub_full\01_RAW_MT5\M5\ca60.csv,7123536,.csv
backup_migrated\data_hub_full\01_RAW_MT5\M5\cadchf.csv,27632509,.csv
backup_migrated\data_hub_full\01_RAW_MT5\M5\cadjpy.csv,26816236,.csv
backup_migrated\data_hub_full\01_RAW_MT5\M5\cadmxn.csv,9111595,.csv
backup_migrated\data_hub_full\01_RAW_MT5\M5\cadsgd.csv,8491752,.csv
backup_migrated\data_hub_full\01_RAW_MT5\M5\chfdkk.csv,8447174,.csv
backup_migrated\data_hub_full\01_RAW_MT5\M5\chfhuf.csv,5304398,.csv
backup_migrated\data_hub_full\01_RAW_MT5\M5\chfjpy.csv,23299021,.csv
backup_migrated\data_hub_full\01_RAW_MT5\M5\chfnok.csv,9197866,.csv
backup_migrated\data_hub_full\01_RAW_MT5\M5\chfpln.csv,27242336,.csv
backup_migrated\data_hub_full\01_RAW_MT5\M5\chfsek.csv,9082711,.csv
backup_migrated\data_hub_full\01_RAW_MT5\M5\chfsgd.csv,27236103,.csv
backup_migrated\data_hub_full\01_RAW_MT5\M5\chinah.csv,12738770,.csv
backup_migrated\data_hub_full\01_RAW_MT5\M5\cn50.csv,25475711,.csv
backup_migrated\data_hub_full\01_RAW_MT5\M5\cnhjpy.csv,8093611,.csv
backup_migrated\data_hub_full\01_RAW_MT5\M5\compusd.csv,16744919,.csv
backup_migrated\data_hub_full\01_RAW_MT5\M5\dogeusd.csv,29501788,.csv
backup_migrated\data_hub_full\01_RAW_MT5\M5\dotusd.csv,27174581,.csv
backup_migrated\data_hub_full\01_RAW_MT5\M5\etcusd.csv,16090897,.csv
backup_migrated\data_hub_full\01_RAW_MT5\M5\ethaud.csv,16942097,.csv
backup_migrated\data_hub_full\01_RAW_MT5\M5\etheur.csv,17325029,.csv
backup_migrated\data_hub_full\01_RAW_MT5\M5\ethgbp.csv,17324996,.csv
backup_migrated\data_hub_full\01_RAW_MT5\M5\ethusd.csv,9592793,.csv
backup_migrated\data_hub_full\01_RAW_MT5\M5\euraud.csv,27827096,.csv
backup_migrated\data_hub_full\01_RAW_MT5\M5\eurcad.csv,27751356,.csv
backup_migrated\data_hub_full\01_RAW_MT5\M5\eurchf.csv,27399502,.csv
backup_migrated\data_hub_full\01_RAW_MT5\M5\eurcnh.csv,8602033,.csv
backup_migrated\data_hub_full\01_RAW_MT5\M5\eurczk.csv,25632594,.csv
backup_migrated\data_hub_full\01_RAW_MT5\M5\eurdkk.csv,26802301,.csv
backup_migrated\data_hub_full\01_RAW_MT5\M5\eurgbp.csv,27417243,.csv
backup_migrated\data_hub_full\01_RAW_MT5\M5\eurhuf.csv,22768807,.csv
backup_migrated\data_hub_full\01_RAW_MT5\M5\eurils.csv,4669660,.csv
backup_migrated\data_hub_full\01_RAW_MT5\M5\eurjpy.csv,27543087,.csv
backup_migrated\data_hub_full\01_RAW_MT5\M5\eurmxn.csv,29058709,.csv
backup_migrated\data_hub_full\01_RAW_MT5\M5\eurnok.csv,29643289,.csv
backup_migrated\data_hub_full\01_RAW_MT5\M5\eurnzd.csv,27788243,.csv
backup_migrated\data_hub_full\01_RAW_MT5\M5\eurpln.csv,27388524,.csv
backup_migrated\data_hub_full\01_RAW_MT5\M5\eursek.csv,29753464,.csv
backup_migrated\data_hub_full\01_RAW_MT5\M5\eursgd.csv,27713019,.csv
backup_migrated\data_hub_full\01_RAW_MT5\M5\eurtry.csv,16880863,.csv
backup_migrated\data_hub_full\01_RAW_MT5\M5\eurusd.csv,27414669,.csv
backup_migrated\data_hub_full\01_RAW_MT5\M5\eurx.csv,23119269,.csv
backup_migrated\data_hub_full\01_RAW_MT5\M5\eurzar.csv,29043898,.csv
backup_migrated\data_hub_full\01_RAW_MT5\M5\eustx50-f.csv,24186735,.csv
backup_migrated\data_hub_full\01_RAW_MT5\M5\eustx50.csv,23670134,.csv
backup_migrated\data_hub_full\01_RAW_MT5\M5\fetusd.csv,2689409,.csv
backup_migrated\data_hub_full\01_RAW_MT5\M5\flousd.csv,7522795,.csv
backup_migrated\data_hub_full\01_RAW_MT5\M5\fra40-f.csv,14933538,.csv
backup_migrated\data_hub_full\01_RAW_MT5\M5\fra40.csv,14996245,.csv
backup_migrated\data_hub_full\01_RAW_MT5\M5\gbpaud.csv,27723035,.csv
backup_migrated\data_hub_full\01_RAW_MT5\M5\gbpcad.csv,23362844,.csv
backup_migrated\data_hub_full\01_RAW_MT5\M5\gbpchf.csv,27710385,.csv
backup_migrated\data_hub_full\01_RAW_MT5\M5\gbpcnh.csv,8601884,.csv
backup_migrated\data_hub_full\01_RAW_MT5\M5\gbpdkk.csv,8443271,.csv
backup_migrated\data_hub_full\01_RAW_MT5\M5\gbphuf.csv,5303201,.csv
backup_migrated\data_hub_full\01_RAW_MT5\M5\gbpjpy.csv,23314165,.csv
backup_migrated\data_hub_full\01_RAW_MT5\M5\gbpmxn.csv,9088300,.csv
backup_migrated\data_hub_full\01_RAW_MT5\M5\gbpnok.csv,9085843,.csv
backup_migrated\data_hub_full\01_RAW_MT5\M5\gbpnzd.csv,27731968,.csv
backup_migrated\data_hub_full\01_RAW_MT5\M5\gbpsek.csv,9086023,.csv
backup_migrated\data_hub_full\01_RAW_MT5\M5\gbpsgd.csv,8577058,.csv
backup_migrated\data_hub_full\01_RAW_MT5\M5\gbptry.csv,5704309,.csv
backup_migrated\data_hub_full\01_RAW_MT5\M5\gbpusd.csv,27475034,.csv
backup_migrated\data_hub_full\01_RAW_MT5\M5\ger40-f.csv,25023322,.csv
backup_migrated\data_hub_full\01_RAW_MT5\M5\ger40.csv,24459553,.csv
backup_migrated\data_hub_full\01_RAW_MT5\M5\glmrusd.csv,15987426,.csv
backup_migrated\data_hub_full\01_RAW_MT5\M5\hbarusd.csv,3517184,.csv
backup_migrated\data_hub_full\01_RAW_MT5\M5\hk50-f.csv,22890610,.csv
backup_migrated\data_hub_full\01_RAW_MT5\M5\hk50.csv,22700987,.csv
backup_migrated\data_hub_full\01_RAW_MT5\M5\hstech.csv,466231,.csv
backup_migrated\data_hub_full\01_RAW_MT5\M5\hypeusd.csv,2611639,.csv
backup_migrated\data_hub_full\01_RAW_MT5\M5\injusd.csv,2971834,.csv
backup_migrated\data_hub_full\01_RAW_MT5\M5\jpn225-f.csv,26728527,.csv
backup_migrated\data_hub_full\01_RAW_MT5\M5\jpn225.csv,26548545,.csv
backup_migrated\data_hub_full\01_RAW_MT5\M5\jpyx.csv,21807110,.csv
backup_migrated\data_hub_full\01_RAW_MT5\M5\jupusd.csv,4594239,.csv
backup_migrated\data_hub_full\01_RAW_MT5\M5\ksmusd.csv,16180111,.csv
backup_migrated\data_hub_full\01_RAW_MT5\M5\linkusd.csv,28575572,.csv
backup_migrated\data_hub_full\01_RAW_MT5\M5\ltcusd.csv,29403434,.csv
backup_migrated\data_hub_full\01_RAW_MT5\M5\manusd.csv,23585252,.csv
backup_migrated\data_hub_full\01_RAW_MT5\M5\maticusd.csv,24583308,.csv
backup_migrated\data_hub_full\01_RAW_MT5\M5\mxnjpy.csv,27434594,.csv
backup_migrated\data_hub_full\01_RAW_MT5\M5\nas100-f.csv,26293942,.csv
backup_migrated\data_hub_full\01_RAW_MT5\M5\nas100.csv,26590822,.csv
backup_migrated\data_hub_full\01_RAW_MT5\M5\nerusd.csv,22381746,.csv
backup_migrated\data_hub_full\01_RAW_MT5\M5\neth25.csv,12743364,.csv
backup_migrated\data_hub_full\01_RAW_MT5\M5\nokjpy.csv,9306160,.csv
backup_migrated\data_hub_full\01_RAW_MT5\M5\noksek.csv,8557715,.csv
backup_migrated\data_hub_full\01_RAW_MT5\M5\nzdcad.csv,23315494,.csv
backup_migrated\data_hub_full\01_RAW_MT5\M5\nzdchf.csv,27659316,.csv
backup_migrated\data_hub_full\01_RAW_MT5\M5\nzdcnh.csv,8589933,.csv
backup_migrated\data_hub_full\01_RAW_MT5\M5\nzdhuf.csv,5300982,.csv
backup_migrated\data_hub_full\01_RAW_MT5\M5\nzdjpy.csv,25687714,.csv
backup_migrated\data_hub_full\01_RAW_MT5\M5\nzdsgd.csv,27265633,.csv
backup_migrated\data_hub_full\01_RAW_MT5\M5\nzdusd.csv,27376341,.csv
backup_migrated\data_hub_full\01_RAW_MT5\M5\ondusd.csv,4857119,.csv
backup_migrated\data_hub_full\01_RAW_MT5\M5\paxgusd.csv,2424008,.csv
backup_migrated\data_hub_full\01_RAW_MT5\M5\pepusd.csv,13965398,.csv
backup_migrated\data_hub_full\01_RAW_MT5\M5\polusd.csv,3482944,.csv
backup_migrated\data_hub_full\01_RAW_MT5\M5\renderusd.csv,6586883,.csv
backup_migrated\data_hub_full\01_RAW_MT5\M5\sanusd.csv,20761343,.csv
backup_migrated\data_hub_full\01_RAW_MT5\M5\sci25.csv,19166572,.csv
backup_migrated\data_hub_full\01_RAW_MT5\M5\sekjpy.csv,9184333,.csv
backup_migrated\data_hub_full\01_RAW_MT5\M5\sgdjpy.csv,26938315,.csv
backup_migrated\data_hub_full\01_RAW_MT5\M5\shbusd.csv,25953491,.csv
backup_migrated\data_hub_full\01_RAW_MT5\M5\solusd.csv,24034834,.csv
backup_migrated\data_hub_full\01_RAW_MT5\M5\sonusd.csv,2696034,.csv
backup_migrated\data_hub_full\01_RAW_MT5\M5\spa35.csv,19978126,.csv
backup_migrated\data_hub_full\01_RAW_MT5\M5\suiusd.csv,3670110,.csv
backup_migrated\data_hub_full\01_RAW_MT5\M5\swi20-f.csv,13711031,.csv
backup_migrated\data_hub_full\01_RAW_MT5\M5\swi20.csv,13798441,.csv
backup_migrated\data_hub_full\01_RAW_MT5\M5\tonusd.csv,3513666,.csv
backup_migrated\data_hub_full\01_RAW_MT5\M5\trumpusd.csv,5743394,.csv
backup_migrated\data_hub_full\01_RAW_MT5\M5\trxusd.csv,37813728,.csv
backup_migrated\data_hub_full\01_RAW_MT5\M5\twn.csv,149451,.csv
backup_migrated\data_hub_full\01_RAW_MT5\M5\uk100-f.csv,24888425,.csv
backup_migrated\data_hub_full\01_RAW_MT5\M5\uk100.csv,24095876,.csv
backup_migrated\data_hub_full\01_RAW_MT5\M5\uniusd.csv,23413131,.csv
backup_migrated\data_hub_full\01_RAW_MT5\M5\us2000.csv,24668816,.csv
backup_migrated\data_hub_full\01_RAW_MT5\M5\us30-f.csv,27207528,.csv
backup_migrated\data_hub_full\01_RAW_MT5\M5\us30.csv,27235899,.csv
backup_migrated\data_hub_full\01_RAW_MT5\M5\us400.csv,502243,.csv
backup_migrated\data_hub_full\01_RAW_MT5\M5\us500-f.csv,23094987,.csv
backup_migrated\data_hub_full\01_RAW_MT5\M5\us500.csv,22943580,.csv
backup_migrated\data_hub_full\01_RAW_MT5\M5\usdaed.csv,1790709,.csv
backup_migrated\data_hub_full\01_RAW_MT5\M5\usdbrl.csv,3657405,.csv
backup_migrated\data_hub_full\01_RAW_MT5\M5\usdcad.csv,27458730,.csv
backup_migrated\data_hub_full\01_RAW_MT5\M5\usdchf.csv,27355779,.csv
backup_migrated\data_hub_full\01_RAW_MT5\M5\usdclp.csv,2518317,.csv
backup_migrated\data_hub_full\01_RAW_MT5\M5\usdcnh.csv,27718562,.csv
backup_migrated\data_hub_full\01_RAW_MT5\M5\usdcop.csv,1967137,.csv
backup_migrated\data_hub_full\01_RAW_MT5\M5\usdczk.csv,27714122,.csv
backup_migrated\data_hub_full\01_RAW_MT5\M5\usddkk.csv,27684265,.csv
backup_migrated\data_hub_full\01_RAW_MT5\M5\usdhkd.csv,27151469,.csv
backup_migrated\data_hub_full\01_RAW_MT5\M5\usdhuf.csv,26607954,.csv
backup_migrated\data_hub_full\01_RAW_MT5\M5\usdidr.csv,8966250,.csv
backup_migrated\data_hub_full\01_RAW_MT5\M5\usdils.csv,18907371,.csv
backup_migrated\data_hub_full\01_RAW_MT5\M5\usdinr.csv,9114239,.csv
backup_migrated\data_hub_full\01_RAW_MT5\M5\usdjpy.csv,27491805,.csv
backup_migrated\data_hub_full\01_RAW_MT5\M5\usdkrw.csv,10929441,.csv
backup_migrated\data_hub_full\01_RAW_MT5\M5\usdmxn.csv,30027930,.csv
backup_migrated\data_hub_full\01_RAW_MT5\M5\usdnok.csv,28854348,.csv
backup_migrated\data_hub_full\01_RAW_MT5\M5\usdpln.csv,27723470,.csv
backup_migrated\data_hub_full\01_RAW_MT5\M5\usdron.csv,17847808,.csv
backup_migrated\data_hub_full\01_RAW_MT5\M5\usdsek.csv,28661850,.csv
backup_migrated\data_hub_full\01_RAW_MT5\M5\usdsgd.csv,27592714,.csv
backup_migrated\data_hub_full\01_RAW_MT5\M5\usdthb.csv,23498316,.csv
backup_migrated\data_hub_full\01_RAW_MT5\M5\usdtry.csv,27494012,.csv
backup_migrated\data_hub_full\01_RAW_MT5\M5\usdtwd.csv,9762512,.csv
backup_migrated\data_hub_full\01_RAW_MT5\M5\usdx-f.csv,23178005,.csv
backup_migrated\data_hub_full\01_RAW_MT5\M5\usdx.csv,23341675,.csv
backup_migrated\data_hub_full\01_RAW_MT5\M5\usdzar.csv,30085378,.csv
backup_migrated\data_hub_full\01_RAW_MT5\M5\vix.csv,18610772,.csv
backup_migrated\data_hub_full\01_RAW_MT5\M5\wifusd.csv,7026414,.csv
backup_migrated\data_hub_full\01_RAW_MT5\M5\xagaud.csv,7567047,.csv
backup_migrated\data_hub_full\01_RAW_MT5\M5\xageur.csv,16958824,.csv
backup_migrated\data_hub_full\01_RAW_MT5\M5\xagsgd.csv,7834906,.csv
backup_migrated\data_hub_full\01_RAW_MT5\M5\xagusd-f.csv,24473548,.csv
backup_migrated\data_hub_full\01_RAW_MT5\M5\xagusd.csv,24370908,.csv
backup_migrated\data_hub_full\01_RAW_MT5\M5\xauaud.csv,8449201,.csv
backup_migrated\data_hub_full\01_RAW_MT5\M5\xauchf.csv,13444856,.csv
backup_migrated\data_hub_full\01_RAW_MT5\M5\xaucnh.csv,7364785,.csv
backup_migrated\data_hub_full\01_RAW_MT5\M5\xaueur.csv,13442848,.csv
backup_migrated\data_hub_full\01_RAW_MT5\M5\xaugbp.csv,13444286,.csv
backup_migrated\data_hub_full\01_RAW_MT5\M5\xaujpy.csv,6997242,.csv
backup_migrated\data_hub_full\01_RAW_MT5\M5\xausgd.csv,8442422,.csv
backup_migrated\data_hub_full\01_RAW_MT5\M5\xauthb.csv,5418475,.csv
backup_migrated\data_hub_full\01_RAW_MT5\M5\xautusd.csv,2423434,.csv
backup_migrated\data_hub_full\01_RAW_MT5\M5\xauusd-f.csv,26164457,.csv
backup_migrated\data_hub_full\01_RAW_MT5\M5\xauusd.csv,27436855,.csv
backup_migrated\data_hub_full\01_RAW_MT5\M5\xlmusd.csv,29677378,.csv
backup_migrated\data_hub_full\01_RAW_MT5\M5\xpdusd.csv,26397302,.csv
backup_migrated\data_hub_full\01_RAW_MT5\M5\xptusd.csv,25700832,.csv
backup_migrated\data_hub_full\01_RAW_MT5\M5\xrpusd.csv,28737208,.csv
backup_migrated\data_hub_full\01_RAW_MT5\M5\xtzusd.csv,25204174,.csv
backup_migrated\data_hub_full\01_RAW_MT5\M5\zarjpy.csv,23480650,.csv
backup_migrated\data_hub_full\02_Organizado_MT5\2020\01\AUDCHF.csv,27944239,.csv
backup_migrated\data_hub_full\02_Organizado_MT5\2020\01\AUDNZD.csv,27980930,.csv
backup_migrated\data_hub_full\02_Organizado_MT5\2020\01\AUDPLN.csv,29854417,.csv
backup_migrated\data_hub_full\02_Organizado_MT5\2020\01\AUDSGD.csv,27856984,.csv
backup_migrated\data_hub_full\02_Organizado_MT5\2020\01\AUDUSD.csv,27612482,.csv
backup_migrated\data_hub_full\02_Organizado_MT5\2020\01\AUS200.csv,22869793,.csv
backup_migrated\data_hub_full\02_Organizado_MT5\2020\01\BTCAUD.csv,23610842,.csv
backup_migrated\data_hub_full\02_Organizado_MT5\2020\01\CADCHF.csv,27851163,.csv
backup_migrated\data_hub_full\02_Organizado_MT5\2020\01\CADJPY.csv,27022541,.csv
backup_migrated\data_hub_full\02_Organizado_MT5\2020\01\CHFJPY.csv,23473319,.csv
backup_migrated\data_hub_full\02_Organizado_MT5\2020\01\CHFPLN.csv,27295375,.csv
backup_migrated\data_hub_full\02_Organizado_MT5\2020\01\CHFSGD.csv,27441473,.csv
backup_migrated\data_hub_full\02_Organizado_MT5\2020\01\CN50.csv,32213135,.csv
backup_migrated\data_hub_full\02_Organizado_MT5\2020\01\ETCUSD.csv,18548854,.csv
backup_migrated\data_hub_full\02_Organizado_MT5\2020\01\EURAUD.csv,28035980,.csv
backup_migrated\data_hub_full\02_Organizado_MT5\2020\01\EURCAD.csv,27961825,.csv
backup_migrated\data_hub_full\02_Organizado_MT5\2020\01\EURCHF.csv,27614638,.csv
backup_migrated\data_hub_full\02_Organizado_MT5\2020\01\EURCZK.csv,27875032,.csv
backup_migrated\data_hub_full\02_Organizado_MT5\2020\01\EURDKK.csv,27003377,.csv
backup_migrated\data_hub_full\02_Organizado_MT5\2020\01\EURGBP.csv,27625217,.csv
backup_migrated\data_hub_full\02_Organizado_MT5\2020\01\EURHUF.csv,23094034,.csv
backup_migrated\data_hub_full\02_Organizado_MT5\2020\01\EURJPY.csv,27748290,.csv
backup_migrated\data_hub_full\02_Organizado_MT5\2020\01\EURMXN.csv,29122199,.csv
backup_migrated\data_hub_full\02_Organizado_MT5\2020\01\EURNOK.csv,29838767,.csv
backup_migrated\data_hub_full\02_Organizado_MT5\2020\01\EURNZD.csv,27996690,.csv
backup_migrated\data_hub_full\02_Organizado_MT5\2020\01\EURPLN.csv,27611332,.csv
backup_migrated\data_hub_full\02_Organizado_MT5\2020\01\EURSEK.csv,29953774,.csv
backup_migrated\data_hub_full\02_Organizado_MT5\2020\01\EURSGD.csv,27922003,.csv
backup_migrated\data_hub_full\02_Organizado_MT5\2020\01\EURTRY.csv,16982981,.csv
backup_migrated\data_hub_full\02_Organizado_MT5\2020\01\EURUSD.csv,27624589,.csv
backup_migrated\data_hub_full\02_Organizado_MT5\2020\01\EURZAR.csv,29206422,.csv
backup_migrated\data_hub_full\02_Organizado_MT5\2020\01\EUSTX50-F.csv,31231087,.csv
backup_migrated\data_hub_full\02_Organizado_MT5\2020\01\EUSTX50.csv,30561046,.csv
backup_migrated\data_hub_full\02_Organizado_MT5\2020\01\FRA40-F.csv,19220002,.csv
backup_migrated\data_hub_full\02_Organizado_MT5\2020\01\FRA40.csv,19300053,.csv
backup_migrated\data_hub_full\02_Organizado_MT5\2020\01\GBPAUD.csv,27932603,.csv
backup_migrated\data_hub_full\02_Organizado_MT5\2020\01\GBPCAD.csv,23538331,.csv
backup_migrated\data_hub_full\02_Organizado_MT5\2020\01\GBPCHF.csv,27919271,.csv
backup_migrated\data_hub_full\02_Organizado_MT5\2020\01\GBPNZD.csv,27930007,.csv
backup_migrated\data_hub_full\02_Organizado_MT5\2020\01\GBPUSD.csv,27684925,.csv
backup_migrated\data_hub_full\02_Organizado_MT5\2020\01\GER40-F.csv,31762746,.csv
backup_migrated\data_hub_full\02_Organizado_MT5\2020\01\GER40.csv,31062049,.csv
backup_migrated\data_hub_full\02_Organizado_MT5\2020\01\HK50-F.csv,28958674,.csv
backup_migrated\data_hub_full\02_Organizado_MT5\2020\01\HK50.csv,28746027,.csv
backup_migrated\data_hub_full\02_Organizado_MT5\2020\01\JPN225-F.csv,33879135,.csv
backup_migrated\data_hub_full\02_Organizado_MT5\2020\01\JPN225.csv,33695089,.csv
backup_migrated\data_hub_full\02_Organizado_MT5\2020\01\LTCUSD.csv,39356826,.csv
backup_migrated\data_hub_full\02_Organizado_MT5\2020\01\MXNJPY.csv,23712224,.csv
backup_migrated\data_hub_full\02_Organizado_MT5\2020\01\NAS100-F.csv,33393222,.csv
backup_migrated\data_hub_full\02_Organizado_MT5\2020\01\NAS100.csv,33691382,.csv
backup_migrated\data_hub_full\02_Organizado_MT5\2020\01\NZDCHF.csv,27867966,.csv
backup_migrated\data_hub_full\02_Organizado_MT5\2020\01\NZDJPY.csv,25895313,.csv
backup_migrated\data_hub_full\02_Organizado_MT5\2020\01\NZDSGD.csv,27466493,.csv
backup_migrated\data_hub_full\02_Organizado_MT5\2020\01\NZDUSD.csv,27590165,.csv
backup_migrated\data_hub_full\02_Organizado_MT5\2020\01\SCI25.csv,25301516,.csv
backup_migrated\data_hub_full\02_Organizado_MT5\2020\01\SGDJPY.csv,27144844,.csv
backup_migrated\data_hub_full\02_Organizado_MT5\2020\01\SPA35.csv,25623630,.csv
backup_migrated\data_hub_full\02_Organizado_MT5\2020\01\TRXUSD.csv,38097533,.csv
backup_migrated\data_hub_full\02_Organizado_MT5\2020\01\UK100-F.csv,32041225,.csv
backup_migrated\data_hub_full\02_Organizado_MT5\2020\01\UK100.csv,31016644,.csv
backup_migrated\data_hub_full\02_Organizado_MT5\2020\01\US2000.csv,26478124,.csv
backup_migrated\data_hub_full\02_Organizado_MT5\2020\01\US30-F.csv,29023396,.csv
backup_migrated\data_hub_full\02_Organizado_MT5\2020\01\US30.csv,29051527,.csv
backup_migrated\data_hub_full\02_Organizado_MT5\2020\01\US500-F.csv,24777423,.csv
backup_migrated\data_hub_full\02_Organizado_MT5\2020\01\US500.csv,24626032,.csv
backup_migrated\data_hub_full\02_Organizado_MT5\2020\01\USDCAD.csv,27669208,.csv
backup_migrated\data_hub_full\02_Organizado_MT5\2020\01\USDCHF.csv,27563646,.csv
backup_migrated\data_hub_full\02_Organizado_MT5\2020\01\USDCNH.csv,27924022,.csv
backup_migrated\data_hub_full\02_Organizado_MT5\2020\01\USDCZK.csv,29760587,.csv
backup_migrated\data_hub_full\02_Organizado_MT5\2020\01\USDDKK.csv,27896778,.csv
backup_migrated\data_hub_full\02_Organizado_MT5\2020\01\USDHKD.csv,27384255,.csv
backup_migrated\data_hub_full\02_Organizado_MT5\2020\01\USDHUF.csv,26793086,.csv
backup_migrated\data_hub_full\02_Organizado_MT5\2020\01\USDILS.csv,19050438,.csv
backup_migrated\data_hub_full\02_Organizado_MT5\2020\01\USDJPY.csv,27695268,.csv
backup_migrated\data_hub_full\02_Organizado_MT5\2020\01\USDMXN.csv,30233890,.csv
backup_migrated\data_hub_full\02_Organizado_MT5\2020\01\USDNOK.csv,29371190,.csv
backup_migrated\data_hub_full\02_Organizado_MT5\2020\01\USDPLN.csv,27882276,.csv
backup_migrated\data_hub_full\02_Organizado_MT5\2020\01\USDRON.csv,17950042,.csv
backup_migrated\data_hub_full\02_Organizado_MT5\2020\01\USDSEK.csv,29168870,.csv
backup_migrated\data_hub_full\02_Organizado_MT5\2020\01\USDSGD.csv,27808104,.csv
backup_migrated\data_hub_full\02_Organizado_MT5\2020\01\USDTHB.csv,25252759,.csv
backup_migrated\data_hub_full\02_Organizado_MT5\2020\01\USDTRY.csv,27707095,.csv
backup_migrated\data_hub_full\02_Organizado_MT5\2020\01\USDX-F.csv,26570871,.csv
backup_migrated\data_hub_full\02_Organizado_MT5\2020\01\USDX.csv,26800146,.csv
backup_migrated\data_hub_full\02_Organizado_MT5\2020\01\USDZAR.csv,30353466,.csv
backup_migrated\data_hub_full\02_Organizado_MT5\2020\01\XAGUSD-F.csv,22854934,.csv
backup_migrated\data_hub_full\02_Organizado_MT5\2020\01\XAGUSD.csv,22793378,.csv
backup_migrated\data_hub_full\02_Organizado_MT5\2020\01\XAUUSD-F.csv,26525606,.csv
backup_migrated\data_hub_full\02_Organizado_MT5\2020\01\XAUUSD.csv,26878654,.csv
backup_migrated\data_hub_full\02_Organizado_MT5\2020\01\XPDUSD.csv,31870590,.csv
backup_migrated\data_hub_full\02_Organizado_MT5\2020\01\XPTUSD.csv,31242731,.csv
backup_migrated\data_hub_full\02_Organizado_MT5\2020\01\ZARJPY.csv,23685900,.csv
backup_migrated\data_hub_full\02_Organizado_MT5\2020\04\CA60.csv,8617278,.csv
backup_migrated\data_hub_full\02_Organizado_MT5\2020\05\EURX.csv,29912933,.csv
backup_migrated\data_hub_full\02_Organizado_MT5\2020\05\JPYX.csv,25220718,.csv
backup_migrated\data_hub_full\02_Organizado_MT5\2020\06\ETHAUD.csv,21451424,.csv
backup_migrated\data_hub_full\02_Organizado_MT5\2020\07\COMPUSD.csv,19330198,.csv
backup_migrated\data_hub_full\02_Organizado_MT5\2020\09\KSMUSD.csv,18636987,.csv
backup_migrated\data_hub_full\02_Organizado_MT5\2020\10\SWI20-F.csv,17364951,.csv
backup_migrated\data_hub_full\02_Organizado_MT5\2020\10\SWI20.csv,17455938,.csv
backup_migrated\data_hub_full\02_Organizado_MT5\2020\11\CHINAH.csv,16169838,.csv
backup_migrated\data_hub_full\02_Organizado_MT5\2020\11\NETH25.csv,15615401,.csv
backup_migrated\data_hub_full\02_Organizado_MT5\2021\01\AUDCAD.csv,23546467,.csv
backup_migrated\data_hub_full\02_Organizado_MT5\2021\01\AUDJPY.csv,22009413,.csv
backup_migrated\data_hub_full\02_Organizado_MT5\2021\01\GBPJPY.csv,23487499,.csv
backup_migrated\data_hub_full\02_Organizado_MT5\2021\01\LINKUSD.csv,33193798,.csv
backup_migrated\data_hub_full\02_Organizado_MT5\2021\01\NZDCAD.csv,23489195,.csv
backup_migrated\data_hub_full\02_Organizado_MT5\2021\02\DOTUSD.csv,31682803,.csv
backup_migrated\data_hub_full\02_Organizado_MT5\2021\03\XRPUSD.csv,31051826,.csv
backup_migrated\data_hub_full\02_Organizado_MT5\2021\05\XLMUSD.csv,29834116,.csv
backup_migrated\data_hub_full\02_Organizado_MT5\2021\06\BCHUSD.csv,33682421,.csv
backup_migrated\data_hub_full\02_Organizado_MT5\2021\06\DOGEUSD.csv,29801765,.csv
backup_migrated\data_hub_full\02_Organizado_MT5\2021\08\BNBUSD.csv,32195855,.csv
backup_migrated\data_hub_full\02_Organizado_MT5\2021\09\ADAUSD.csv,26824631,.csv
backup_migrated\data_hub_full\02_Organizado_MT5\2021\09\ATMUSD.csv,28465788,.csv
backup_migrated\data_hub_full\02_Organizado_MT5\2021\09\SHBUSD.csv,26157421,.csv
backup_migrated\data_hub_full\02_Organizado_MT5\2021\10\UNIUSD.csv,27557507,.csv
backup_migrated\data_hub_full\02_Organizado_MT5\2021\10\XTZUSD.csv,27412673,.csv
backup_migrated\data_hub_full\02_Organizado_MT5\2021\11\MATICUSD.csv,26736629,.csv
backup_migrated\data_hub_full\02_Organizado_MT5\2021\11\SOLUSD.csv,29615826,.csv
backup_migrated\data_hub_full\02_Organizado_MT5\2022\01\GLMRUSD.csv,16625518,.csv
backup_migrated\data_hub_full\02_Organizado_MT5\2022\01\MANUSD.csv,25568947,.csv
backup_migrated\data_hub_full\02_Organizado_MT5\2022\01\NERUSD.csv,25921463,.csv
backup_migrated\data_hub_full\02_Organizado_MT5\2022\01\SANUSD.csv,25701555,.csv
backup_migrated\data_hub_full\02_Organizado_MT5\2022\01\XAGEUR.csv,16526302,.csv
backup_migrated\data_hub_full\02_Organizado_MT5\2022\02\AVAXUSD.csv,27200860,.csv
backup_migrated\data_hub_full\02_Organizado_MT5\2022\12\USDTWD.csv,11292756,.csv
backup_migrated\data_hub_full\02_Organizado_MT5\2023\02\USDINR.csv,10524754,.csv
backup_migrated\data_hub_full\02_Organizado_MT5\2023\03\BTCEUR.csv,24201403,.csv
backup_migrated\data_hub_full\02_Organizado_MT5\2023\03\BTCGBP.csv,23878167,.csv
backup_migrated\data_hub_full\02_Organizado_MT5\2023\03\ETHEUR.csv,22512149,.csv
backup_migrated\data_hub_full\02_Organizado_MT5\2023\03\ETHGBP.csv,22512116,.csv
backup_migrated\data_hub_full\02_Organizado_MT5\2023\03\USDKRW.csv,13237157,.csv
backup_migrated\data_hub_full\02_Organizado_MT5\2023\03\XAUCHF.csv,12662818,.csv
backup_migrated\data_hub_full\02_Organizado_MT5\2023\03\XAUEUR.csv,12661682,.csv
backup_migrated\data_hub_full\02_Organizado_MT5\2023\03\XAUGBP.csv,12662163,.csv
backup_migrated\data_hub_full\02_Organizado_MT5\2023\04\AUDCNH.csv,13332897,.csv
backup_migrated\data_hub_full\02_Organizado_MT5\2023\07\USDIDR.csv,11378186,.csv
backup_migrated\data_hub_full\02_Organizado_MT5\2023\10\ARBUSD.csv,15140751,.csv
backup_migrated\data_hub_full\02_Organizado_MT5\2023\12\PEPUSD.csv,14074942,.csv
backup_migrated\data_hub_full\02_Organizado_MT5\2024\04\AUDDKK.csv,9151821,.csv
backup_migrated\data_hub_full\02_Organizado_MT5\2024\04\XAGSGD.csv,7385267,.csv
backup_migrated\data_hub_full\02_Organizado_MT5\2024\05\AUDHUF.csv,7687343,.csv
backup_migrated\data_hub_full\02_Organizado_MT5\2024\05\AUDNOK.csv,8758672,.csv
backup_migrated\data_hub_full\02_Organizado_MT5\2024\05\CADMXN.csv,9175038,.csv
backup_migrated\data_hub_full\02_Organizado_MT5\2024\05\CADSGD.csv,8544397,.csv
backup_migrated\data_hub_full\02_Organizado_MT5\2024\05\CHFDKK.csv,8510801,.csv
backup_migrated\data_hub_full\02_Organizado_MT5\2024\05\CHFNOK.csv,9249864,.csv
backup_migrated\data_hub_full\02_Organizado_MT5\2024\05\CHFSEK.csv,9146515,.csv
backup_migrated\data_hub_full\02_Organizado_MT5\2024\05\CNHJPY.csv,8156679,.csv
backup_migrated\data_hub_full\02_Organizado_MT5\2024\05\EURCNH.csv,8655280,.csv
backup_migrated\data_hub_full\02_Organizado_MT5\2024\05\GBPCNH.csv,8653835,.csv
backup_migrated\data_hub_full\02_Organizado_MT5\2024\05\GBPDKK.csv,8507365,.csv
backup_migrated\data_hub_full\02_Organizado_MT5\2024\05\GBPMXN.csv,9151549,.csv
backup_migrated\data_hub_full\02_Organizado_MT5\2024\05\GBPNOK.csv,9147660,.csv
backup_migrated\data_hub_full\02_Organizado_MT5\2024\05\GBPSEK.csv,9149660,.csv
backup_migrated\data_hub_full\02_Organizado_MT5\2024\05\GBPSGD.csv,8629302,.csv
backup_migrated\data_hub_full\02_Organizado_MT5\2024\05\NOKJPY.csv,8208792,.csv
backup_migrated\data_hub_full\02_Organizado_MT5\2024\05\NOKSEK.csv,8610580,.csv
backup_migrated\data_hub_full\02_Organizado_MT5\2024\05\NZDCNH.csv,8642365,.csv
backup_migrated\data_hub_full\02_Organizado_MT5\2024\05\SEKJPY.csv,8097698,.csv
backup_migrated\data_hub_full\02_Organizado_MT5\2024\05\XAGAUD.csv,7093383,.csv
backup_migrated\data_hub_full\02_Organizado_MT5\2024\05\XAUAUD.csv,7962850,.csv
backup_migrated\data_hub_full\02_Organizado_MT5\2024\05\XAUSGD.csv,7957031,.csv
backup_migrated\data_hub_full\02_Organizado_MT5\2024\09\XAUCNH.csv,7022912,.csv
backup_migrated\data_hub_full\02_Organizado_MT5\2024\09\XAUJPY.csv,7893762,.csv
backup_migrated\data_hub_full\02_Organizado_MT5\2025\01\APTUSD.csv,7748062,.csv
backup_migrated\data_hub_full\02_Organizado_MT5\2025\01\FLOUSD.csv,7580494,.csv
backup_migrated\data_hub_full\02_Organizado_MT5\2025\01\RENDERUSD.csv,7748281,.csv
backup_migrated\data_hub_full\02_Organizado_MT5\2025\01\WIFUSD.csv,7603881,.csv
backup_migrated\data_hub_full\02_Organizado_MT5\2025\02\TRUMPUSD.csv,7252025,.csv
backup_migrated\data_hub_full\02_Organizado_MT5\REPROVADOS\AAVUSD.csv,6661927,.csv
backup_migrated\data_hub_full\02_Organizado_MT5\REPROVADOS\BNKUSD.csv,4840129,.csv
backup_migrated\data_hub_full\02_Organizado_MT5\REPROVADOS\BTCUSD.csv,13463318,.csv
backup_migrated\data_hub_full\02_Organizado_MT5\REPROVADOS\CHFHUF.csv,5344363,.csv
backup_migrated\data_hub_full\02_Organizado_MT5\REPROVADOS\ETHUSD.csv,12345001,.csv
backup_migrated\data_hub_full\02_Organizado_MT5\REPROVADOS\EURILS.csv,4704757,.csv
backup_migrated\data_hub_full\02_Organizado_MT5\REPROVADOS\FETUSD.csv,2900100,.csv
backup_migrated\data_hub_full\02_Organizado_MT5\REPROVADOS\GBPHUF.csv,5342922,.csv
backup_migrated\data_hub_full\02_Organizado_MT5\REPROVADOS\GBPTRY.csv,5804664,.csv
backup_migrated\data_hub_full\02_Organizado_MT5\REPROVADOS\HBARUSD.csv,3798711,.csv
backup_migrated\data_hub_full\02_Organizado_MT5\REPROVADOS\HSTECH.csv,569419,.csv
backup_migrated\data_hub_full\02_Organizado_MT5\REPROVADOS\HYPEUSD.csv,3248748,.csv
backup_migrated\data_hub_full\02_Organizado_MT5\REPROVADOS\INJUSD.csv,3771912,.csv
backup_migrated\data_hub_full\02_Organizado_MT5\REPROVADOS\JUPUSD.csv,4968988,.csv
backup_migrated\data_hub_full\02_Organizado_MT5\REPROVADOS\NZDHUF.csv,5340236,.csv
backup_migrated\data_hub_full\02_Organizado_MT5\REPROVADOS\ONDUSD.csv,4956364,.csv
backup_migrated\data_hub_full\02_Organizado_MT5\REPROVADOS\PAXGUSD.csv,2944751,.csv
backup_migrated\data_hub_full\02_Organizado_MT5\REPROVADOS\POLUSD.csv,3766390,.csv
backup_migrated\data_hub_full\02_Organizado_MT5\REPROVADOS\SONUSD.csv,3053003,.csv
backup_migrated\data_hub_full\02_Organizado_MT5\REPROVADOS\SUIUSD.csv,4291502,.csv
backup_migrated\data_hub_full\02_Organizado_MT5\REPROVADOS\TONUSD.csv,4148051,.csv
backup_migrated\data_hub_full\02_Organizado_MT5\REPROVADOS\TWN.csv,193019,.csv
backup_migrated\data_hub_full\02_Organizado_MT5\REPROVADOS\US400.csv,622964,.csv
backup_migrated\data_hub_full\02_Organizado_MT5\REPROVADOS\USDAED.csv,1806309,.csv
backup_migrated\data_hub_full\02_Organizado_MT5\REPROVADOS\USDBRL.csv,3684310,.csv
backup_migrated\data_hub_full\02_Organizado_MT5\REPROVADOS\USDCLP.csv,3077640,.csv
backup_migrated\data_hub_full\02_Organizado_MT5\REPROVADOS\USDCOP.csv,2375486,.csv
backup_migrated\data_hub_full\02_Organizado_MT5\REPROVADOS\VIX.csv,23219557,.csv
backup_migrated\data_hub_full\02_Organizado_MT5\REPROVADOS\XAUTHB.csv,5773140,.csv
backup_migrated\data_hub_full\02_Organizado_MT5\REPROVADOS\XAUTUSD.csv,2440492,.csv
backup_migrated\data_hub_full\03_M5_Sincronizado_Final\2020\01\AUDCHF.csv,55899401,.csv
backup_migrated\data_hub_full\03_M5_Sincronizado_Final\2020\01\AUDNZD.csv,55944913,.csv
backup_migrated\data_hub_full\03_M5_Sincronizado_Final\2020\01\AUDPLN.csv,48399845,.csv
backup_migrated\data_hub_full\03_M5_Sincronizado_Final\2020\01\AUDSGD.csv,55807260,.csv
backup_migrated\data_hub_full\03_M5_Sincronizado_Final\2020\01\AUDUSD.csv,55566702,.csv
backup_migrated\data_hub_full\03_M5_Sincronizado_Final\2020\01\AUS200.csv,45632390,.csv
backup_migrated\data_hub_full\03_M5_Sincronizado_Final\2020\01\BTCAUD.csv,53564159,.csv
backup_migrated\data_hub_full\03_M5_Sincronizado_Final\2020\01\CADCHF.csv,55809834,.csv
backup_migrated\data_hub_full\03_M5_Sincronizado_Final\2020\01\CADJPY.csv,51131784,.csv
backup_migrated\data_hub_full\03_M5_Sincronizado_Final\2020\01\CHFJPY.csv,51805329,.csv
backup_migrated\data_hub_full\03_M5_Sincronizado_Final\2020\01\CHFPLN.csv,55236713,.csv
backup_migrated\data_hub_full\03_M5_Sincronizado_Final\2020\01\CHFSGD.csv,55701156,.csv
backup_migrated\data_hub_full\03_M5_Sincronizado_Final\2020\01\CN50.csv,47678421,.csv
backup_migrated\data_hub_full\03_M5_Sincronizado_Final\2020\01\ETCUSD.csv,48121564,.csv
backup_migrated\data_hub_full\03_M5_Sincronizado_Final\2020\01\EURAUD.csv,55997987,.csv
backup_migrated\data_hub_full\03_M5_Sincronizado_Final\2020\01\EURCAD.csv,55929344,.csv
backup_migrated\data_hub_full\03_M5_Sincronizado_Final\2020\01\EURCHF.csv,55568320,.csv
backup_migrated\data_hub_full\03_M5_Sincronizado_Final\2020\01\EURCZK.csv,53962745,.csv
backup_migrated\data_hub_full\03_M5_Sincronizado_Final\2020\01\EURDKK.csv,55328745,.csv
backup_migrated\data_hub_full\03_M5_Sincronizado_Final\2020\01\EURGBP.csv,55573148,.csv
backup_migrated\data_hub_full\03_M5_Sincronizado_Final\2020\01\EURHUF.csv,51695169,.csv
backup_migrated\data_hub_full\03_M5_Sincronizado_Final\2020\01\EURJPY.csv,52170356,.csv
backup_migrated\data_hub_full\03_M5_Sincronizado_Final\2020\01\EURMXN.csv,57752819,.csv
backup_migrated\data_hub_full\03_M5_Sincronizado_Final\2020\01\EURNOK.csv,58413655,.csv
backup_migrated\data_hub_full\03_M5_Sincronizado_Final\2020\01\EURNZD.csv,55993507,.csv
backup_migrated\data_hub_full\03_M5_Sincronizado_Final\2020\01\EURPLN.csv,55690550,.csv
backup_migrated\data_hub_full\03_M5_Sincronizado_Final\2020\01\EURSEK.csv,58610438,.csv
backup_migrated\data_hub_full\03_M5_Sincronizado_Final\2020\01\EURSGD.csv,55873817,.csv
backup_migrated\data_hub_full\03_M5_Sincronizado_Final\2020\01\EURTRY.csv,55590264,.csv
backup_migrated\data_hub_full\03_M5_Sincronizado_Final\2020\01\EURUSD.csv,55574323,.csv
backup_migrated\data_hub_full\03_M5_Sincronizado_Final\2020\01\EURZAR.csv,57869476,.csv
backup_migrated\data_hub_full\03_M5_Sincronizado_Final\2020\01\EUSTX50-F.csv,47770537,.csv
backup_migrated\data_hub_full\03_M5_Sincronizado_Final\2020\01\EUSTX50.csv,46430527,.csv
backup_migrated\data_hub_full\03_M5_Sincronizado_Final\2020\01\FRA40-F.csv,45838771,.csv
backup_migrated\data_hub_full\03_M5_Sincronizado_Final\2020\01\FRA40.csv,44544257,.csv
backup_migrated\data_hub_full\03_M5_Sincronizado_Final\2020\01\GBPAUD.csv,55926802,.csv
backup_migrated\data_hub_full\03_M5_Sincronizado_Final\2020\01\GBPCAD.csv,55255820,.csv
backup_migrated\data_hub_full\03_M5_Sincronizado_Final\2020\01\GBPCHF.csv,55887032,.csv
backup_migrated\data_hub_full\03_M5_Sincronizado_Final\2020\01\GBPNZD.csv,55873597,.csv
backup_migrated\data_hub_full\03_M5_Sincronizado_Final\2020\01\GBPUSD.csv,55636060,.csv
backup_migrated\data_hub_full\03_M5_Sincronizado_Final\2020\01\GER40-F.csv,49157284,.csv
backup_migrated\data_hub_full\03_M5_Sincronizado_Final\2020\01\GER40.csv,47752954,.csv
backup_migrated\data_hub_full\03_M5_Sincronizado_Final\2020\01\HK50-F.csv,48656001,.csv
backup_migrated\data_hub_full\03_M5_Sincronizado_Final\2020\01\HK50.csv,47241231,.csv
backup_migrated\data_hub_full\03_M5_Sincronizado_Final\2020\01\JPN225-F.csv,50145083,.csv
backup_migrated\data_hub_full\03_M5_Sincronizado_Final\2020\01\JPN225.csv,48675933,.csv
backup_migrated\data_hub_full\03_M5_Sincronizado_Final\2020\01\LTCUSD.csv,41688802,.csv
backup_migrated\data_hub_full\03_M5_Sincronizado_Final\2020\01\MXNJPY.csv,46631593,.csv
backup_migrated\data_hub_full\03_M5_Sincronizado_Final\2020\01\NAS100-F.csv,49826975,.csv
backup_migrated\data_hub_full\03_M5_Sincronizado_Final\2020\01\NAS100.csv,48812811,.csv
backup_migrated\data_hub_full\03_M5_Sincronizado_Final\2020\01\NZDCHF.csv,55826184,.csv
backup_migrated\data_hub_full\03_M5_Sincronizado_Final\2020\01\NZDJPY.csv,49587227,.csv
backup_migrated\data_hub_full\03_M5_Sincronizado_Final\2020\01\NZDSGD.csv,55370983,.csv
backup_migrated\data_hub_full\03_M5_Sincronizado_Final\2020\01\NZDUSD.csv,55548768,.csv
backup_migrated\data_hub_full\03_M5_Sincronizado_Final\2020\01\SCI25.csv,41926858,.csv
backup_migrated\data_hub_full\03_M5_Sincronizado_Final\2020\01\SGDJPY.csv,51320741,.csv
backup_migrated\data_hub_full\03_M5_Sincronizado_Final\2020\01\SPA35.csv,45945367,.csv
backup_migrated\data_hub_full\03_M5_Sincronizado_Final\2020\01\TRXUSD.csv,49154565,.csv
backup_migrated\data_hub_full\03_M5_Sincronizado_Final\2020\01\UK100-F.csv,46866648,.csv
backup_migrated\data_hub_full\03_M5_Sincronizado_Final\2020\01\UK100.csv,45503152,.csv
backup_migrated\data_hub_full\03_M5_Sincronizado_Final\2020\01\US2000.csv,45695486,.csv
backup_migrated\data_hub_full\03_M5_Sincronizado_Final\2020\01\US30-F.csv,48937725,.csv
backup_migrated\data_hub_full\03_M5_Sincronizado_Final\2020\01\US30.csv,47665998,.csv
backup_migrated\data_hub_full\03_M5_Sincronizado_Final\2020\01\US500-F.csv,46370066,.csv
backup_migrated\data_hub_full\03_M5_Sincronizado_Final\2020\01\US500.csv,44915548,.csv
backup_migrated\data_hub_full\03_M5_Sincronizado_Final\2020\01\USDCAD.csv,55622659,.csv
backup_migrated\data_hub_full\03_M5_Sincronizado_Final\2020\01\USDCHF.csv,55524734,.csv
backup_migrated\data_hub_full\03_M5_Sincronizado_Final\2020\01\USDCNH.csv,55854864,.csv
backup_migrated\data_hub_full\03_M5_Sincronizado_Final\2020\01\USDCZK.csv,54002247,.csv
backup_migrated\data_hub_full\03_M5_Sincronizado_Final\2020\01\USDDKK.csv,56014651,.csv
backup_migrated\data_hub_full\03_M5_Sincronizado_Final\2020\01\USDHKD.csv,55491840,.csv
backup_migrated\data_hub_full\03_M5_Sincronizado_Final\2020\01\USDHUF.csv,52163276,.csv
backup_migrated\data_hub_full\03_M5_Sincronizado_Final\2020\01\USDILS.csv,54377116,.csv
backup_migrated\data_hub_full\03_M5_Sincronizado_Final\2020\01\USDJPY.csv,52127294,.csv
backup_migrated\data_hub_full\03_M5_Sincronizado_Final\2020\01\USDMXN.csv,54632413,.csv
backup_migrated\data_hub_full\03_M5_Sincronizado_Final\2020\01\USDNOK.csv,57856812,.csv
backup_migrated\data_hub_full\03_M5_Sincronizado_Final\2020\01\USDPLN.csv,55782025,.csv
backup_migrated\data_hub_full\03_M5_Sincronizado_Final\2020\01\USDRON.csv,54281986,.csv
backup_migrated\data_hub_full\03_M5_Sincronizado_Final\2020\01\USDSEK.csv,57623457,.csv
backup_migrated\data_hub_full\03_M5_Sincronizado_Final\2020\01\USDSGD.csv,55778540,.csv
backup_migrated\data_hub_full\03_M5_Sincronizado_Final\2020\01\USDTHB.csv,53291163,.csv
backup_migrated\data_hub_full\03_M5_Sincronizado_Final\2020\01\USDTRY.csv,57413927,.csv
backup_migrated\data_hub_full\03_M5_Sincronizado_Final\2020\01\USDX-F.csv,50545195,.csv
backup_migrated\data_hub_full\03_M5_Sincronizado_Final\2020\01\USDX.csv,49273983,.csv
backup_migrated\data_hub_full\03_M5_Sincronizado_Final\2020\01\USDZAR.csv,59124142,.csv
backup_migrated\data_hub_full\03_M5_Sincronizado_Final\2020\01\XAGUSD-F.csv,46440014,.csv
backup_migrated\data_hub_full\03_M5_Sincronizado_Final\2020\01\XAGUSD.csv,45201313,.csv
backup_migrated\data_hub_full\03_M5_Sincronizado_Final\2020\01\XAUUSD-F.csv,51756660,.csv
backup_migrated\data_hub_full\03_M5_Sincronizado_Final\2020\01\XAUUSD.csv,50904192,.csv
backup_migrated\data_hub_full\03_M5_Sincronizado_Final\2020\01\XPDUSD.csv,50469111,.csv
backup_migrated\data_hub_full\03_M5_Sincronizado_Final\2020\01\XPTUSD.csv,49349269,.csv
backup_migrated\data_hub_full\03_M5_Sincronizado_Final\2020\01\ZARJPY.csv,46676334,.csv
backup_migrated\data_hub_full\03_M5_Sincronizado_Final\2020\04\CA60.csv,8617306,.csv
backup_migrated\data_hub_full\03_M5_Sincronizado_Final\2020\05\EURX.csv,29621638,.csv
backup_migrated\data_hub_full\03_M5_Sincronizado_Final\2020\05\JPYX.csv,26500784,.csv
backup_migrated\data_hub_full\03_M5_Sincronizado_Final\2020\06\ETHAUD.csv,22038932,.csv
backup_migrated\data_hub_full\03_M5_Sincronizado_Final\2020\07\COMPUSD.csv,20226659,.csv
backup_migrated\data_hub_full\03_M5_Sincronizado_Final\2020\09\KSMUSD.csv,20676997,.csv
backup_migrated\data_hub_full\03_M5_Sincronizado_Final\2020\10\SWI20-F.csv,17840375,.csv
backup_migrated\data_hub_full\03_M5_Sincronizado_Final\2020\10\SWI20.csv,16541414,.csv
backup_migrated\data_hub_full\03_M5_Sincronizado_Final\2020\11\CHINAH.csv,18117810,.csv
backup_migrated\data_hub_full\03_M5_Sincronizado_Final\2020\11\NETH25.csv,15944739,.csv
backup_migrated\data_hub_full\03_M5_Sincronizado_Final\2021\01\AUDCAD.csv,45803218,.csv
backup_migrated\data_hub_full\03_M5_Sincronizado_Final\2021\01\AUDJPY.csv,40909120,.csv
backup_migrated\data_hub_full\03_M5_Sincronizado_Final\2021\01\GBPJPY.csv,42838707,.csv
backup_migrated\data_hub_full\03_M5_Sincronizado_Final\2021\01\LINKUSD.csv,34791210,.csv
backup_migrated\data_hub_full\03_M5_Sincronizado_Final\2021\01\NZDCAD.csv,45752424,.csv
backup_migrated\data_hub_full\03_M5_Sincronizado_Final\2021\02\DOTUSD.csv,32728943,.csv
backup_migrated\data_hub_full\03_M5_Sincronizado_Final\2021\03\XRPUSD.csv,37300614,.csv
backup_migrated\data_hub_full\03_M5_Sincronizado_Final\2021\05\XLMUSD.csv,38444678,.csv
backup_migrated\data_hub_full\03_M5_Sincronizado_Final\2021\06\BCHUSD.csv,32115775,.csv
backup_migrated\data_hub_full\03_M5_Sincronizado_Final\2021\06\DOGEUSD.csv,42151360,.csv
backup_migrated\data_hub_full\03_M5_Sincronizado_Final\2021\08\BNBUSD.csv,33141825,.csv
backup_migrated\data_hub_full\03_M5_Sincronizado_Final\2021\09\ADAUSD.csv,34237691,.csv
backup_migrated\data_hub_full\03_M5_Sincronizado_Final\2021\09\ATMUSD.csv,33746015,.csv
backup_migrated\data_hub_full\03_M5_Sincronizado_Final\2021\09\SHBUSD.csv,40817295,.csv
backup_migrated\data_hub_full\03_M5_Sincronizado_Final\2021\10\UNIUSD.csv,30784445,.csv
backup_migrated\data_hub_full\03_M5_Sincronizado_Final\2021\10\XTZUSD.csv,31943164,.csv
backup_migrated\data_hub_full\03_M5_Sincronizado_Final\2021\11\MATICUSD.csv,31275027,.csv
backup_migrated\data_hub_full\03_M5_Sincronizado_Final\2021\11\SOLUSD.csv,30515978,.csv
backup_migrated\data_hub_full\03_M5_Sincronizado_Final\2022\01\GLMRUSD.csv,38401058,.csv
backup_migrated\data_hub_full\03_M5_Sincronizado_Final\2022\01\MANUSD.csv,35378349,.csv
backup_migrated\data_hub_full\03_M5_Sincronizado_Final\2022\01\NERUSD.csv,28887931,.csv
backup_migrated\data_hub_full\03_M5_Sincronizado_Final\2022\01\SANUSD.csv,29151957,.csv
backup_migrated\data_hub_full\03_M5_Sincronizado_Final\2022\01\XAGEUR.csv,29489862,.csv
backup_migrated\data_hub_full\03_M5_Sincronizado_Final\2022\02\AVAXUSD.csv,30628464,.csv
backup_migrated\data_hub_full\03_M5_Sincronizado_Final\2022\12\USDTWD.csv,12555794,.csv
backup_migrated\data_hub_full\03_M5_Sincronizado_Final\2023\02\USDINR.csv,11694965,.csv
backup_migrated\data_hub_full\03_M5_Sincronizado_Final\2023\03\BTCEUR.csv,22957936,.csv
backup_migrated\data_hub_full\03_M5_Sincronizado_Final\2023\03\BTCGBP.csv,24202386,.csv
backup_migrated\data_hub_full\03_M5_Sincronizado_Final\2023\03\ETHEUR.csv,22836088,.csv
backup_migrated\data_hub_full\03_M5_Sincronizado_Final\2023\03\ETHGBP.csv,22836055,.csv
backup_migrated\data_hub_full\03_M5_Sincronizado_Final\2023\03\USDKRW.csv,24839893,.csv
backup_migrated\data_hub_full\03_M5_Sincronizado_Final\2023\03\XAUCHF.csv,24692899,.csv
backup_migrated\data_hub_full\03_M5_Sincronizado_Final\2023\03\XAUEUR.csv,24691851,.csv
backup_migrated\data_hub_full\03_M5_Sincronizado_Final\2023\03\XAUGBP.csv,24692276,.csv
backup_migrated\data_hub_full\03_M5_Sincronizado_Final\2023\04\AUDCNH.csv,17121035,.csv
backup_migrated\data_hub_full\03_M5_Sincronizado_Final\2023\07\USDIDR.csv,10925976,.csv
backup_migrated\data_hub_full\03_M5_Sincronizado_Final\2023\10\ARBUSD.csv,18293707,.csv
backup_migrated\data_hub_full\03_M5_Sincronizado_Final\2023\12\PEPUSD.csv,18230263,.csv
backup_migrated\data_hub_full\03_M5_Sincronizado_Final\2024\04\AUDDKK.csv,11754107,.csv
backup_migrated\data_hub_full\03_M5_Sincronizado_Final\2024\04\XAGSGD.csv,9739132,.csv
backup_migrated\data_hub_full\03_M5_Sincronizado_Final\2024\05\AUDHUF.csv,11702015,.csv
backup_migrated\data_hub_full\03_M5_Sincronizado_Final\2024\05\AUDNOK.csv,11025796,.csv
backup_migrated\data_hub_full\03_M5_Sincronizado_Final\2024\05\CADMXN.csv,13349088,.csv
backup_migrated\data_hub_full\03_M5_Sincronizado_Final\2024\05\CADSGD.csv,12720672,.csv
backup_migrated\data_hub_full\03_M5_Sincronizado_Final\2024\05\CHFDKK.csv,12679238,.csv
backup_migrated\data_hub_full\03_M5_Sincronizado_Final\2024\05\CHFNOK.csv,13418684,.csv
backup_migrated\data_hub_full\03_M5_Sincronizado_Final\2024\05\CHFSEK.csv,13313258,.csv
backup_migrated\data_hub_full\03_M5_Sincronizado_Final\2024\05\CNHJPY.csv,11462133,.csv
backup_migrated\data_hub_full\03_M5_Sincronizado_Final\2024\05\EURCNH.csv,12823200,.csv
backup_migrated\data_hub_full\03_M5_Sincronizado_Final\2024\05\GBPCNH.csv,12821594,.csv
backup_migrated\data_hub_full\03_M5_Sincronizado_Final\2024\05\GBPDKK.csv,12672941,.csv
backup_migrated\data_hub_full\03_M5_Sincronizado_Final\2024\05\GBPMXN.csv,13325786,.csv
backup_migrated\data_hub_full\03_M5_Sincronizado_Final\2024\05\GBPNOK.csv,13313177,.csv
backup_migrated\data_hub_full\03_M5_Sincronizado_Final\2024\05\GBPSEK.csv,13314444,.csv
backup_migrated\data_hub_full\03_M5_Sincronizado_Final\2024\05\GBPSGD.csv,12804457,.csv
backup_migrated\data_hub_full\03_M5_Sincronizado_Final\2024\05\NOKJPY.csv,11515204,.csv
backup_migrated\data_hub_full\03_M5_Sincronizado_Final\2024\05\NOKSEK.csv,12776467,.csv
backup_migrated\data_hub_full\03_M5_Sincronizado_Final\2024\05\NZDCNH.csv,12808866,.csv
backup_migrated\data_hub_full\03_M5_Sincronizado_Final\2024\05\SEKJPY.csv,11401192,.csv
backup_migrated\data_hub_full\03_M5_Sincronizado_Final\2024\05\XAGAUD.csv,10131356,.csv
backup_migrated\data_hub_full\03_M5_Sincronizado_Final\2024\05\XAUAUD.csv,11220223,.csv
backup_migrated\data_hub_full\03_M5_Sincronizado_Final\2024\05\XAUSGD.csv,11214405,.csv
backup_migrated\data_hub_full\03_M5_Sincronizado_Final\2024\09\XAUCNH.csv,9264411,.csv
backup_migrated\data_hub_full\03_M5_Sincronizado_Final\2024\09\XAUJPY.csv,8454115,.csv
backup_migrated\data_hub_full\03_M5_Sincronizado_Final\2025\01\APTUSD.csv,8313104,.csv
backup_migrated\data_hub_full\03_M5_Sincronizado_Final\2025\01\FLOUSD.csv,11251934,.csv
backup_migrated\data_hub_full\03_M5_Sincronizado_Final\2025\01\RENDERUSD.csv,9738463,.csv
backup_migrated\data_hub_full\03_M5_Sincronizado_Final\2025\01\WIFUSD.csv,10376956,.csv
backup_migrated\data_hub_full\03_M5_Sincronizado_Final\2025\02\TRUMPUSD.csv,7739097,.csv
backup_migrated\data_hub_full\04_MultiTimeframe\D1\2020\01\AUDCHF.csv,171926,.csv
backup_migrated\data_hub_full\04_MultiTimeframe\D1\2020\01\AUDNZD.csv,171934,.csv
backup_migrated\data_hub_full\04_MultiTimeframe\D1\2020\01\AUDPLN.csv,180604,.csv
backup_migrated\data_hub_full\04_MultiTimeframe\D1\2020\01\AUDSGD.csv,172901,.csv
backup_migrated\data_hub_full\04_MultiTimeframe\D1\2020\01\AUDUSD.csv,172080,.csv
backup_migrated\data_hub_full\04_MultiTimeframe\D1\2020\01\AUS200.csv,105255,.csv
backup_migrated\data_hub_full\04_MultiTimeframe\D1\2020\01\BTCAUD.csv,208696,.csv
backup_migrated\data_hub_full\04_MultiTimeframe\D1\2020\01\CADCHF.csv,171925,.csv
backup_migrated\data_hub_full\04_MultiTimeframe\D1\2020\01\CADJPY.csv,155068,.csv
backup_migrated\data_hub_full\04_MultiTimeframe\D1\2020\01\CHFJPY.csv,157926,.csv
backup_migrated\data_hub_full\04_MultiTimeframe\D1\2020\01\CHFPLN.csv,168011,.csv
backup_migrated\data_hub_full\04_MultiTimeframe\D1\2020\01\CHFSGD.csv,172091,.csv
backup_migrated\data_hub_full\04_MultiTimeframe\D1\2020\01\CN50.csv,202934,.csv
backup_migrated\data_hub_full\04_MultiTimeframe\D1\2020\01\ETCUSD.csv,180199,.csv
backup_migrated\data_hub_full\04_MultiTimeframe\D1\2020\01\EURAUD.csv,172745,.csv
backup_migrated\data_hub_full\04_MultiTimeframe\D1\2020\01\EURCAD.csv,172334,.csv
backup_migrated\data_hub_full\04_MultiTimeframe\D1\2020\01\EURCHF.csv,172080,.csv
backup_migrated\data_hub_full\04_MultiTimeframe\D1\2020\01\EURCZK.csv,180287,.csv
backup_migrated\data_hub_full\04_MultiTimeframe\D1\2020\01\EURDKK.csv,171611,.csv
backup_migrated\data_hub_full\04_MultiTimeframe\D1\2020\01\EURGBP.csv,172092,.csv
backup_migrated\data_hub_full\04_MultiTimeframe\D1\2020\01\EURHUF.csv,158731,.csv
backup_migrated\data_hub_full\04_MultiTimeframe\D1\2020\01\EURJPY.csv,159546,.csv
backup_migrated\data_hub_full\04_MultiTimeframe\D1\2020\01\EURMXN.csv,176560,.csv
backup_migrated\data_hub_full\04_MultiTimeframe\D1\2020\01\EURNOK.csv,181074,.csv
backup_migrated\data_hub_full\04_MultiTimeframe\D1\2020\01\EURNZD.csv,172262,.csv
backup_migrated\data_hub_full\04_MultiTimeframe\D1\2020\01\EURPLN.csv,172092,.csv
backup_migrated\data_hub_full\04_MultiTimeframe\D1\2020\01\EURSEK.csv,181765,.csv
backup_migrated\data_hub_full\04_MultiTimeframe\D1\2020\01\EURSGD.csv,172997,.csv
backup_migrated\data_hub_full\04_MultiTimeframe\D1\2020\01\EURTRY.csv,174434,.csv
backup_migrated\data_hub_full\04_MultiTimeframe\D1\2020\01\EURUSD.csv,172154,.csv
backup_migrated\data_hub_full\04_MultiTimeframe\D1\2020\01\EURZAR.csv,176962,.csv
backup_migrated\data_hub_full\04_MultiTimeframe\D1\2020\01\EUSTX50-F.csv,204033,.csv
backup_migrated\data_hub_full\04_MultiTimeframe\D1\2020\01\EUSTX50.csv,199627,.csv
backup_migrated\data_hub_full\04_MultiTimeframe\D1\2020\01\FRA40-F.csv,200466,.csv
backup_migrated\data_hub_full\04_MultiTimeframe\D1\2020\01\FRA40.csv,196074,.csv
backup_migrated\data_hub_full\04_MultiTimeframe\D1\2020\01\GBPAUD.csv,172491,.csv
backup_migrated\data_hub_full\04_MultiTimeframe\D1\2020\01\GBPCAD.csv,171141,.csv
backup_migrated\data_hub_full\04_MultiTimeframe\D1\2020\01\GBPCHF.csv,172197,.csv
backup_migrated\data_hub_full\04_MultiTimeframe\D1\2020\01\GBPNZD.csv,173067,.csv
backup_migrated\data_hub_full\04_MultiTimeframe\D1\2020\01\GBPUSD.csv,172321,.csv
backup_migrated\data_hub_full\04_MultiTimeframe\D1\2020\01\GER40-F.csv,209433,.csv
backup_migrated\data_hub_full\04_MultiTimeframe\D1\2020\01\GER40.csv,205020,.csv
backup_migrated\data_hub_full\04_MultiTimeframe\D1\2020\01\HK50-F.csv,207467,.csv
backup_migrated\data_hub_full\04_MultiTimeframe\D1\2020\01\HK50.csv,203098,.csv
backup_migrated\data_hub_full\04_MultiTimeframe\D1\2020\01\JPN225-F.csv,211548,.csv
backup_migrated\data_hub_full\04_MultiTimeframe\D1\2020\01\JPN225.csv,207135,.csv
backup_migrated\data_hub_full\04_MultiTimeframe\D1\2020\01\LTCUSD.csv,184040,.csv
backup_migrated\data_hub_full\04_MultiTimeframe\D1\2020\01\MXNJPY.csv,138085,.csv
backup_migrated\data_hub_full\04_MultiTimeframe\D1\2020\01\NAS100-F.csv,212400,.csv
backup_migrated\data_hub_full\04_MultiTimeframe\D1\2020\01\NAS100.csv,207999,.csv
backup_migrated\data_hub_full\04_MultiTimeframe\D1\2020\01\NZDCHF.csv,171919,.csv
backup_migrated\data_hub_full\04_MultiTimeframe\D1\2020\01\NZDJPY.csv,149927,.csv
backup_migrated\data_hub_full\04_MultiTimeframe\D1\2020\01\NZDSGD.csv,170301,.csv
backup_migrated\data_hub_full\04_MultiTimeframe\D1\2020\01\NZDUSD.csv,171912,.csv
backup_migrated\data_hub_full\04_MultiTimeframe\D1\2020\01\SCI25.csv,185857,.csv
backup_migrated\data_hub_full\04_MultiTimeframe\D1\2020\01\SGDJPY.csv,154872,.csv
backup_migrated\data_hub_full\04_MultiTimeframe\D1\2020\01\SPA35.csv,198937,.csv
backup_migrated\data_hub_full\04_MultiTimeframe\D1\2020\01\TRXUSD.csv,160053,.csv
backup_migrated\data_hub_full\04_MultiTimeframe\D1\2020\01\UK100-F.csv,200634,.csv
backup_migrated\data_hub_full\04_MultiTimeframe\D1\2020\01\UK100.csv,196217,.csv
backup_migrated\data_hub_full\04_MultiTimeframe\D1\2020\01\US2000.csv,105682,.csv
backup_migrated\data_hub_full\04_MultiTimeframe\D1\2020\01\US30-F.csv,115311,.csv
backup_migrated\data_hub_full\04_MultiTimeframe\D1\2020\01\US30.csv,111088,.csv
backup_migrated\data_hub_full\04_MultiTimeframe\D1\2020\01\US500-F.csv,107894,.csv
backup_migrated\data_hub_full\04_MultiTimeframe\D1\2020\01\US500.csv,103496,.csv
backup_migrated\data_hub_full\04_MultiTimeframe\D1\2020\01\USDCAD.csv,172132,.csv
backup_migrated\data_hub_full\04_MultiTimeframe\D1\2020\01\USDCHF.csv,171986,.csv
backup_migrated\data_hub_full\04_MultiTimeframe\D1\2020\01\USDCNH.csv,173218,.csv
backup_migrated\data_hub_full\04_MultiTimeframe\D1\2020\01\USDCZK.csv,181193,.csv
backup_migrated\data_hub_full\04_MultiTimeframe\D1\2020\01\USDDKK.csv,171945,.csv
backup_migrated\data_hub_full\04_MultiTimeframe\D1\2020\01\USDHKD.csv,170668,.csv
backup_migrated\data_hub_full\04_MultiTimeframe\D1\2020\01\USDHUF.csv,158844,.csv
backup_migrated\data_hub_full\04_MultiTimeframe\D1\2020\01\USDILS.csv,171594,.csv
backup_migrated\data_hub_full\04_MultiTimeframe\D1\2020\01\USDJPY.csv,159471,.csv
backup_migrated\data_hub_full\04_MultiTimeframe\D1\2020\01\USDMXN.csv,181000,.csv
backup_migrated\data_hub_full\04_MultiTimeframe\D1\2020\01\USDNOK.csv,176905,.csv
backup_migrated\data_hub_full\04_MultiTimeframe\D1\2020\01\USDPLN.csv,172267,.csv
backup_migrated\data_hub_full\04_MultiTimeframe\D1\2020\01\USDRON.csv,171864,.csv
backup_migrated\data_hub_full\04_MultiTimeframe\D1\2020\01\USDSEK.csv,176200,.csv
backup_migrated\data_hub_full\04_MultiTimeframe\D1\2020\01\USDSGD.csv,171908,.csv
backup_migrated\data_hub_full\04_MultiTimeframe\D1\2020\01\USDTHB.csv,180015,.csv
backup_migrated\data_hub_full\04_MultiTimeframe\D1\2020\01\USDTRY.csv,178056,.csv
backup_migrated\data_hub_full\04_MultiTimeframe\D1\2020\01\USDX-F.csv,185076,.csv
backup_migrated\data_hub_full\04_MultiTimeframe\D1\2020\01\USDX.csv,180755,.csv
backup_migrated\data_hub_full\04_MultiTimeframe\D1\2020\01\USDZAR.csv,180911,.csv
backup_migrated\data_hub_full\04_MultiTimeframe\D1\2020\01\XAGUSD-F.csv,138915,.csv
backup_migrated\data_hub_full\04_MultiTimeframe\D1\2020\01\XAGUSD.csv,134589,.csv
backup_migrated\data_hub_full\04_MultiTimeframe\D1\2020\01\XAUUSD-F.csv,157303,.csv
backup_migrated\data_hub_full\04_MultiTimeframe\D1\2020\01\XAUUSD.csv,153141,.csv
backup_migrated\data_hub_full\04_MultiTimeframe\D1\2020\01\XPDUSD.csv,196436,.csv
backup_migrated\data_hub_full\04_MultiTimeframe\D1\2020\01\XPTUSD.csv,192978,.csv
backup_migrated\data_hub_full\04_MultiTimeframe\D1\2020\01\ZARJPY.csv,141403,.csv
backup_migrated\data_hub_full\04_MultiTimeframe\D1\2020\04\CA60.csv,123389,.csv
backup_migrated\data_hub_full\04_MultiTimeframe\D1\2020\05\EURX.csv,134877,.csv
backup_migrated\data_hub_full\04_MultiTimeframe\D1\2020\05\JPYX.csv,102032,.csv
backup_migrated\data_hub_full\04_MultiTimeframe\D1\2020\06\ETHAUD.csv,180570,.csv
backup_migrated\data_hub_full\04_MultiTimeframe\D1\2020\07\COMPUSD.csv,166792,.csv
backup_migrated\data_hub_full\04_MultiTimeframe\D1\2020\09\KSMUSD.csv,159376,.csv
backup_migrated\data_hub_full\04_MultiTimeframe\D1\2020\10\SWI20-F.csv,132091,.csv
backup_migrated\data_hub_full\04_MultiTimeframe\D1\2020\10\SWI20.csv,121082,.csv
backup_migrated\data_hub_full\04_MultiTimeframe\D1\2020\11\CHINAH.csv,126030,.csv
backup_migrated\data_hub_full\04_MultiTimeframe\D1\2020\11\NETH25.csv,112216,.csv
backup_migrated\data_hub_full\04_MultiTimeframe\D1\2021\01\AUDCAD.csv,149960,.csv
backup_migrated\data_hub_full\04_MultiTimeframe\D1\2021\01\AUDJPY.csv,132434,.csv
backup_migrated\data_hub_full\04_MultiTimeframe\D1\2021\01\GBPJPY.csv,139178,.csv
backup_migrated\data_hub_full\04_MultiTimeframe\D1\2021\01\LINKUSD.csv,147739,.csv
backup_migrated\data_hub_full\04_MultiTimeframe\D1\2021\01\NZDCAD.csv,149804,.csv
backup_migrated\data_hub_full\04_MultiTimeframe\D1\2021\02\DOTUSD.csv,139085,.csv
backup_migrated\data_hub_full\04_MultiTimeframe\D1\2021\03\XRPUSD.csv,136566,.csv
backup_migrated\data_hub_full\04_MultiTimeframe\D1\2021\05\XLMUSD.csv,119173,.csv
backup_migrated\data_hub_full\04_MultiTimeframe\D1\2021\06\BCHUSD.csv,132156,.csv
backup_migrated\data_hub_full\04_MultiTimeframe\D1\2021\06\DOGEUSD.csv,131564,.csv
backup_migrated\data_hub_full\04_MultiTimeframe\D1\2021\08\BNBUSD.csv,137647,.csv
backup_migrated\data_hub_full\04_MultiTimeframe\D1\2021\09\ADAUSD.csv,127975,.csv
backup_migrated\data_hub_full\04_MultiTimeframe\D1\2021\09\ATMUSD.csv,118278,.csv
backup_migrated\data_hub_full\04_MultiTimeframe\D1\2021\09\SHBUSD.csv,125586,.csv
backup_migrated\data_hub_full\04_MultiTimeframe\D1\2021\10\UNIUSD.csv,108143,.csv
backup_migrated\data_hub_full\04_MultiTimeframe\D1\2021\10\XTZUSD.csv,120940,.csv
backup_migrated\data_hub_full\04_MultiTimeframe\H1\2020\01\AUDCHF.csv,4529319,.csv
backup_migrated\data_hub_full\04_MultiTimeframe\H1\2020\01\AUDNZD.csv,4533467,.csv
backup_migrated\data_hub_full\04_MultiTimeframe\H1\2020\01\AUDPLN.csv,4765062,.csv
backup_migrated\data_hub_full\04_MultiTimeframe\H1\2020\01\AUDSGD.csv,4539097,.csv
backup_migrated\data_hub_full\04_MultiTimeframe\H1\2020\01\AUDUSD.csv,4532164,.csv
backup_migrated\data_hub_full\04_MultiTimeframe\H1\2020\01\AUS200.csv,2921972,.csv
backup_migrated\data_hub_full\04_MultiTimeframe\H1\2020\01\BTCAUD.csv,5408729,.csv
backup_migrated\data_hub_full\04_MultiTimeframe\H1\2020\01\CADCHF.csv,4526619,.csv
backup_migrated\data_hub_full\04_MultiTimeframe\H1\2020\01\CADJPY.csv,4126799,.csv
backup_migrated\data_hub_full\04_MultiTimeframe\H1\2020\01\CHFJPY.csv,4202178,.csv
backup_migrated\data_hub_full\04_MultiTimeframe\H1\2020\01\CHFPLN.csv,4469113,.csv
backup_migrated\data_hub_full\04_MultiTimeframe\H1\2020\01\CHFSGD.csv,4533545,.csv
backup_migrated\data_hub_full\04_MultiTimeframe\H1\2020\01\CN50.csv,5254716,.csv
backup_migrated\data_hub_full\04_MultiTimeframe\H1\2020\01\ETCUSD.csv,4665902,.csv
backup_migrated\data_hub_full\04_MultiTimeframe\H1\2020\01\EURAUD.csv,4540174,.csv
backup_migrated\data_hub_full\04_MultiTimeframe\H1\2020\01\EURCAD.csv,4536733,.csv
backup_migrated\data_hub_full\04_MultiTimeframe\H1\2020\01\EURCHF.csv,4529797,.csv
backup_migrated\data_hub_full\04_MultiTimeframe\H1\2020\01\EURCZK.csv,4716008,.csv
backup_migrated\data_hub_full\04_MultiTimeframe\H1\2020\01\EURDKK.csv,4506259,.csv
backup_migrated\data_hub_full\04_MultiTimeframe\H1\2020\01\EURGBP.csv,4531821,.csv
backup_migrated\data_hub_full\04_MultiTimeframe\H1\2020\01\EURHUF.csv,4191975,.csv
backup_migrated\data_hub_full\04_MultiTimeframe\H1\2020\01\EURJPY.csv,4225007,.csv
backup_migrated\data_hub_full\04_MultiTimeframe\H1\2020\01\EURMXN.csv,4671966,.csv
backup_migrated\data_hub_full\04_MultiTimeframe\H1\2020\01\EURNOK.csv,4735853,.csv
backup_migrated\data_hub_full\04_MultiTimeframe\H1\2020\01\EURNZD.csv,4536452,.csv
backup_migrated\data_hub_full\04_MultiTimeframe\H1\2020\01\EURPLN.csv,4522932,.csv
backup_migrated\data_hub_full\04_MultiTimeframe\H1\2020\01\EURSEK.csv,4754179,.csv
backup_migrated\data_hub_full\04_MultiTimeframe\H1\2020\01\EURSGD.csv,4544380,.csv
backup_migrated\data_hub_full\04_MultiTimeframe\H1\2020\01\EURTRY.csv,4593423,.csv
backup_migrated\data_hub_full\04_MultiTimeframe\H1\2020\01\EURUSD.csv,4533649,.csv
backup_migrated\data_hub_full\04_MultiTimeframe\H1\2020\01\EURZAR.csv,4680651,.csv
backup_migrated\data_hub_full\04_MultiTimeframe\H1\2020\01\EUSTX50-F.csv,5289674,.csv
backup_migrated\data_hub_full\04_MultiTimeframe\H1\2020\01\EUSTX50.csv,5183343,.csv
backup_migrated\data_hub_full\04_MultiTimeframe\H1\2020\01\FRA40-F.csv,5172339,.csv
backup_migrated\data_hub_full\04_MultiTimeframe\H1\2020\01\FRA40.csv,5067342,.csv
backup_migrated\data_hub_full\04_MultiTimeframe\H1\2020\01\GBPAUD.csv,4538658,.csv
backup_migrated\data_hub_full\04_MultiTimeframe\H1\2020\01\GBPCAD.csv,4517529,.csv
backup_migrated\data_hub_full\04_MultiTimeframe\H1\2020\01\GBPCHF.csv,4534854,.csv
backup_migrated\data_hub_full\04_MultiTimeframe\H1\2020\01\GBPNZD.csv,4543999,.csv
backup_migrated\data_hub_full\04_MultiTimeframe\H1\2020\01\GBPUSD.csv,4536214,.csv
backup_migrated\data_hub_full\04_MultiTimeframe\H1\2020\01\GER40-F.csv,5414954,.csv
backup_migrated\data_hub_full\04_MultiTimeframe\H1\2020\01\GER40.csv,5308377,.csv
backup_migrated\data_hub_full\04_MultiTimeframe\H1\2020\01\HK50-F.csv,5361307,.csv
backup_migrated\data_hub_full\04_MultiTimeframe\H1\2020\01\HK50.csv,5256007,.csv
backup_migrated\data_hub_full\04_MultiTimeframe\H1\2020\01\JPN225-F.csv,5464684,.csv
backup_migrated\data_hub_full\04_MultiTimeframe\H1\2020\01\JPN225.csv,5359388,.csv
backup_migrated\data_hub_full\04_MultiTimeframe\H1\2020\01\LTCUSD.csv,4794364,.csv
backup_migrated\data_hub_full\04_MultiTimeframe\H1\2020\01\MXNJPY.csv,3748656,.csv
backup_migrated\data_hub_full\04_MultiTimeframe\H1\2020\01\NAS100-F.csv,5475216,.csv
backup_migrated\data_hub_full\04_MultiTimeframe\H1\2020\01\NAS100.csv,5370809,.csv
backup_migrated\data_hub_full\04_MultiTimeframe\H1\2020\01\NZDCHF.csv,4528762,.csv
backup_migrated\data_hub_full\04_MultiTimeframe\H1\2020\01\NZDJPY.csv,4008189,.csv
backup_migrated\data_hub_full\04_MultiTimeframe\H1\2020\01\NZDSGD.csv,4500115,.csv
backup_migrated\data_hub_full\04_MultiTimeframe\H1\2020\01\NZDUSD.csv,4529254,.csv
backup_migrated\data_hub_full\04_MultiTimeframe\H1\2020\01\SCI25.csv,4858127,.csv
backup_migrated\data_hub_full\04_MultiTimeframe\H1\2020\01\SGDJPY.csv,4119558,.csv
backup_migrated\data_hub_full\04_MultiTimeframe\H1\2020\01\SPA35.csv,5149022,.csv
backup_migrated\data_hub_full\04_MultiTimeframe\H1\2020\01\TRXUSD.csv,4221418,.csv
backup_migrated\data_hub_full\04_MultiTimeframe\H1\2020\01\UK100-F.csv,5207585,.csv
backup_migrated\data_hub_full\04_MultiTimeframe\H1\2020\01\UK100.csv,5100773,.csv
backup_migrated\data_hub_full\04_MultiTimeframe\H1\2020\01\US2000.csv,2940081,.csv
backup_migrated\data_hub_full\04_MultiTimeframe\H1\2020\01\US30-F.csv,3166651,.csv
backup_migrated\data_hub_full\04_MultiTimeframe\H1\2020\01\US30.csv,3063967,.csv
backup_migrated\data_hub_full\04_MultiTimeframe\H1\2020\01\US500-F.csv,2990850,.csv
backup_migrated\data_hub_full\04_MultiTimeframe\H1\2020\01\US500.csv,2885877,.csv
backup_migrated\data_hub_full\04_MultiTimeframe\H1\2020\01\USDCAD.csv,4533790,.csv
backup_migrated\data_hub_full\04_MultiTimeframe\H1\2020\01\USDCHF.csv,4528338,.csv
backup_migrated\data_hub_full\04_MultiTimeframe\H1\2020\01\USDCNH.csv,4543654,.csv
backup_migrated\data_hub_full\04_MultiTimeframe\H1\2020\01\USDCZK.csv,4740073,.csv
backup_migrated\data_hub_full\04_MultiTimeframe\H1\2020\01\USDDKK.csv,4528376,.csv
backup_migrated\data_hub_full\04_MultiTimeframe\H1\2020\01\USDHKD.csv,4500600,.csv
backup_migrated\data_hub_full\04_MultiTimeframe\H1\2020\01\USDHUF.csv,4212016,.csv
backup_migrated\data_hub_full\04_MultiTimeframe\H1\2020\01\USDILS.csv,4489255,.csv
backup_migrated\data_hub_full\04_MultiTimeframe\H1\2020\01\USDJPY.csv,4224293,.csv
backup_migrated\data_hub_full\04_MultiTimeframe\H1\2020\01\USDMXN.csv,4738199,.csv
backup_migrated\data_hub_full\04_MultiTimeframe\H1\2020\01\USDNOK.csv,4648469,.csv
backup_migrated\data_hub_full\04_MultiTimeframe\H1\2020\01\USDPLN.csv,4529110,.csv
backup_migrated\data_hub_full\04_MultiTimeframe\H1\2020\01\USDRON.csv,4492891,.csv
backup_migrated\data_hub_full\04_MultiTimeframe\H1\2020\01\USDSEK.csv,4630572,.csv
backup_migrated\data_hub_full\04_MultiTimeframe\H1\2020\01\USDSGD.csv,4520392,.csv
backup_migrated\data_hub_full\04_MultiTimeframe\H1\2020\01\USDTHB.csv,4705333,.csv
backup_migrated\data_hub_full\04_MultiTimeframe\H1\2020\01\USDTRY.csv,4658617,.csv
backup_migrated\data_hub_full\04_MultiTimeframe\H1\2020\01\USDX-F.csv,4826139,.csv
backup_migrated\data_hub_full\04_MultiTimeframe\H1\2020\01\USDX.csv,4721433,.csv
backup_migrated\data_hub_full\04_MultiTimeframe\H1\2020\01\USDZAR.csv,4738595,.csv
backup_migrated\data_hub_full\04_MultiTimeframe\H1\2020\01\XAGUSD-F.csv,3731271,.csv
backup_migrated\data_hub_full\04_MultiTimeframe\H1\2020\01\XAGUSD.csv,3628082,.csv
backup_migrated\data_hub_full\04_MultiTimeframe\H1\2020\01\XAUUSD-F.csv,4167867,.csv
backup_migrated\data_hub_full\04_MultiTimeframe\H1\2020\01\XAUUSD.csv,4064217,.csv
backup_migrated\data_hub_full\04_MultiTimeframe\H1\2020\01\XPDUSD.csv,5103443,.csv
backup_migrated\data_hub_full\04_MultiTimeframe\H1\2020\01\XPTUSD.csv,5024627,.csv
backup_migrated\data_hub_full\04_MultiTimeframe\H1\2020\01\ZARJPY.csv,3786201,.csv
backup_migrated\data_hub_full\04_MultiTimeframe\H1\2020\04\CA60.csv,1080590,.csv
backup_migrated\data_hub_full\04_MultiTimeframe\H1\2020\05\EURX.csv,3422319,.csv
backup_migrated\data_hub_full\04_MultiTimeframe\H1\2020\05\JPYX.csv,2656784,.csv
backup_migrated\data_hub_full\04_MultiTimeframe\H1\2020\06\ETHAUD.csv,2965908,.csv
backup_migrated\data_hub_full\04_MultiTimeframe\H1\2020\07\COMPUSD.csv,3096040,.csv
backup_migrated\data_hub_full\04_MultiTimeframe\H1\2020\09\KSMUSD.csv,2419513,.csv
backup_migrated\data_hub_full\04_MultiTimeframe\H1\2020\10\SWI20-F.csv,1994586,.csv
backup_migrated\data_hub_full\04_MultiTimeframe\H1\2020\10\SWI20.csv,1840324,.csv
backup_migrated\data_hub_full\04_MultiTimeframe\H1\2020\11\CHINAH.csv,1899921,.csv
backup_migrated\data_hub_full\04_MultiTimeframe\H1\2020\11\NETH25.csv,1713643,.csv
backup_migrated\data_hub_full\04_MultiTimeframe\H1\2021\01\AUDCAD.csv,3857802,.csv
backup_migrated\data_hub_full\04_MultiTimeframe\H1\2021\01\AUDJPY.csv,3442903,.csv
backup_migrated\data_hub_full\04_MultiTimeframe\H1\2021\01\GBPJPY.csv,3594500,.csv
backup_migrated\data_hub_full\04_MultiTimeframe\H1\2021\01\LINKUSD.csv,3781855,.csv
backup_migrated\data_hub_full\04_MultiTimeframe\H1\2021\01\NZDCAD.csv,3852164,.csv
backup_migrated\data_hub_full\04_MultiTimeframe\H1\2021\02\DOTUSD.csv,3570059,.csv
backup_migrated\data_hub_full\04_MultiTimeframe\H1\2021\03\XRPUSD.csv,3510198,.csv
backup_migrated\data_hub_full\04_MultiTimeframe\H1\2021\05\XLMUSD.csv,3425919,.csv
backup_migrated\data_hub_full\04_MultiTimeframe\H1\2021\06\BCHUSD.csv,3730516,.csv
backup_migrated\data_hub_full\04_MultiTimeframe\H1\2021\06\DOGEUSD.csv,3715906,.csv
backup_migrated\data_hub_full\04_MultiTimeframe\H1\2021\08\BNBUSD.csv,3507778,.csv
backup_migrated\data_hub_full\04_MultiTimeframe\H1\2021\09\ADAUSD.csv,3361114,.csv
backup_migrated\data_hub_full\04_MultiTimeframe\H1\2021\09\ATMUSD.csv,3171459,.csv
backup_migrated\data_hub_full\04_MultiTimeframe\H1\2021\09\SHBUSD.csv,3347080,.csv
backup_migrated\data_hub_full\04_MultiTimeframe\H1\2021\10\UNIUSD.csv,3134495,.csv
backup_migrated\data_hub_full\04_MultiTimeframe\H1\2021\10\XTZUSD.csv,3425448,.csv
backup_migrated\data_hub_full\04_MultiTimeframe\H4\2020\01\AUDCHF.csv,1138902,.csv
backup_migrated\data_hub_full\04_MultiTimeframe\H4\2020\01\AUDNZD.csv,1139660,.csv
backup_migrated\data_hub_full\04_MultiTimeframe\H4\2020\01\AUDPLN.csv,1195456,.csv
backup_migrated\data_hub_full\04_MultiTimeframe\H4\2020\01\AUDSGD.csv,1143526,.csv
backup_migrated\data_hub_full\04_MultiTimeframe\H4\2020\01\AUDUSD.csv,1140219,.csv
backup_migrated\data_hub_full\04_MultiTimeframe\H4\2020\01\AUS200.csv,739710,.csv
backup_migrated\data_hub_full\04_MultiTimeframe\H4\2020\01\BTCAUD.csv,1360343,.csv
backup_migrated\data_hub_full\04_MultiTimeframe\H4\2020\01\CADCHF.csv,1138679,.csv
backup_migrated\data_hub_full\04_MultiTimeframe\H4\2020\01\CADJPY.csv,1039091,.csv
backup_migrated\data_hub_full\04_MultiTimeframe\H4\2020\01\CHFJPY.csv,1057358,.csv
backup_migrated\data_hub_full\04_MultiTimeframe\H4\2020\01\CHFPLN.csv,1120954,.csv
backup_migrated\data_hub_full\04_MultiTimeframe\H4\2020\01\CHFSGD.csv,1140229,.csv
backup_migrated\data_hub_full\04_MultiTimeframe\H4\2020\01\CN50.csv,1322362,.csv
backup_migrated\data_hub_full\04_MultiTimeframe\H4\2020\01\ETCUSD.csv,1174735,.csv
backup_migrated\data_hub_full\04_MultiTimeframe\H4\2020\01\EURAUD.csv,1144030,.csv
backup_migrated\data_hub_full\04_MultiTimeframe\H4\2020\01\EURCAD.csv,1142339,.csv
backup_migrated\data_hub_full\04_MultiTimeframe\H4\2020\01\EURCHF.csv,1139860,.csv
backup_migrated\data_hub_full\04_MultiTimeframe\H4\2020\01\EURCZK.csv,1187559,.csv
backup_migrated\data_hub_full\04_MultiTimeframe\H4\2020\01\EURDKK.csv,1135441,.csv
backup_migrated\data_hub_full\04_MultiTimeframe\H4\2020\01\EURGBP.csv,1140524,.csv
backup_migrated\data_hub_full\04_MultiTimeframe\H4\2020\01\EURHUF.csv,1055278,.csv
backup_migrated\data_hub_full\04_MultiTimeframe\H4\2020\01\EURJPY.csv,1065014,.csv
backup_migrated\data_hub_full\04_MultiTimeframe\H4\2020\01\EURMXN.csv,1171539,.csv
backup_migrated\data_hub_full\04_MultiTimeframe\H4\2020\01\EURNOK.csv,1192478,.csv
backup_migrated\data_hub_full\04_MultiTimeframe\H4\2020\01\EURNZD.csv,1142482,.csv
backup_migrated\data_hub_full\04_MultiTimeframe\H4\2020\01\EURPLN.csv,1138231,.csv
backup_migrated\data_hub_full\04_MultiTimeframe\H4\2020\01\EURSEK.csv,1196964,.csv
backup_migrated\data_hub_full\04_MultiTimeframe\H4\2020\01\EURSGD.csv,1144611,.csv
backup_migrated\data_hub_full\04_MultiTimeframe\H4\2020\01\EURTRY.csv,1154998,.csv
backup_migrated\data_hub_full\04_MultiTimeframe\H4\2020\01\EURUSD.csv,1141262,.csv
backup_migrated\data_hub_full\04_MultiTimeframe\H4\2020\01\EURZAR.csv,1174186,.csv
backup_migrated\data_hub_full\04_MultiTimeframe\H4\2020\01\EUSTX50-F.csv,1331380,.csv
backup_migrated\data_hub_full\04_MultiTimeframe\H4\2020\01\EUSTX50.csv,1305051,.csv
backup_migrated\data_hub_full\04_MultiTimeframe\H4\2020\01\FRA40-F.csv,1300089,.csv
backup_migrated\data_hub_full\04_MultiTimeframe\H4\2020\01\FRA40.csv,1273848,.csv
backup_migrated\data_hub_full\04_MultiTimeframe\H4\2020\01\GBPAUD.csv,1143385,.csv
backup_migrated\data_hub_full\04_MultiTimeframe\H4\2020\01\GBPCAD.csv,1136622,.csv
backup_migrated\data_hub_full\04_MultiTimeframe\H4\2020\01\GBPCHF.csv,1141969,.csv
backup_migrated\data_hub_full\04_MultiTimeframe\H4\2020\01\GBPNZD.csv,1144913,.csv
backup_migrated\data_hub_full\04_MultiTimeframe\H4\2020\01\GBPUSD.csv,1142165,.csv
backup_migrated\data_hub_full\04_MultiTimeframe\H4\2020\01\GER40-F.csv,1362977,.csv
backup_migrated\data_hub_full\04_MultiTimeframe\H4\2020\01\GER40.csv,1336758,.csv
backup_migrated\data_hub_full\04_MultiTimeframe\H4\2020\01\HK50-F.csv,1350996,.csv
backup_migrated\data_hub_full\04_MultiTimeframe\H4\2020\01\HK50.csv,1324573,.csv
backup_migrated\data_hub_full\04_MultiTimeframe\H4\2020\01\JPN225-F.csv,1374597,.csv
backup_migrated\data_hub_full\04_MultiTimeframe\H4\2020\01\JPN225.csv,1348204,.csv
backup_migrated\data_hub_full\04_MultiTimeframe\H4\2020\01\LTCUSD.csv,1208801,.csv
backup_migrated\data_hub_full\04_MultiTimeframe\H4\2020\01\MXNJPY.csv,940785,.csv
backup_migrated\data_hub_full\04_MultiTimeframe\H4\2020\01\NAS100-F.csv,1378187,.csv
backup_migrated\data_hub_full\04_MultiTimeframe\H4\2020\01\NAS100.csv,1351834,.csv
backup_migrated\data_hub_full\04_MultiTimeframe\H4\2020\01\NZDCHF.csv,1138173,.csv
backup_migrated\data_hub_full\04_MultiTimeframe\H4\2020\01\NZDJPY.csv,1008850,.csv
backup_migrated\data_hub_full\04_MultiTimeframe\H4\2020\01\NZDSGD.csv,1131412,.csv
backup_migrated\data_hub_full\04_MultiTimeframe\H4\2020\01\NZDUSD.csv,1138616,.csv
backup_migrated\data_hub_full\04_MultiTimeframe\H4\2020\01\SCI25.csv,1221836,.csv
backup_migrated\data_hub_full\04_MultiTimeframe\H4\2020\01\SGDJPY.csv,1037951,.csv
backup_migrated\data_hub_full\04_MultiTimeframe\H4\2020\01\SPA35.csv,1295197,.csv
backup_migrated\data_hub_full\04_MultiTimeframe\H4\2020\01\TRXUSD.csv,1064256,.csv
backup_migrated\data_hub_full\04_MultiTimeframe\H4\2020\01\UK100-F.csv,1310375,.csv
backup_migrated\data_hub_full\04_MultiTimeframe\H4\2020\01\UK100.csv,1284074,.csv
backup_migrated\data_hub_full\04_MultiTimeframe\H4\2020\01\US2000.csv,743290,.csv
backup_migrated\data_hub_full\04_MultiTimeframe\H4\2020\01\US30-F.csv,799377,.csv
backup_migrated\data_hub_full\04_MultiTimeframe\H4\2020\01\US30.csv,773483,.csv
backup_migrated\data_hub_full\04_MultiTimeframe\H4\2020\01\US500-F.csv,755886,.csv
backup_migrated\data_hub_full\04_MultiTimeframe\H4\2020\01\US500.csv,729687,.csv
backup_migrated\data_hub_full\04_MultiTimeframe\H4\2020\01\USDCAD.csv,1140810,.csv
backup_migrated\data_hub_full\04_MultiTimeframe\H4\2020\01\USDCHF.csv,1139529,.csv
backup_migrated\data_hub_full\04_MultiTimeframe\H4\2020\01\USDCNH.csv,1145324,.csv
backup_migrated\data_hub_full\04_MultiTimeframe\H4\2020\01\USDCZK.csv,1193845,.csv
backup_migrated\data_hub_full\04_MultiTimeframe\H4\2020\01\USDDKK.csv,1138601,.csv
backup_migrated\data_hub_full\04_MultiTimeframe\H4\2020\01\USDHKD.csv,1133369,.csv
backup_migrated\data_hub_full\04_MultiTimeframe\H4\2020\01\USDHUF.csv,1061871,.csv
backup_migrated\data_hub_full\04_MultiTimeframe\H4\2020\01\USDILS.csv,1129238,.csv
backup_migrated\data_hub_full\04_MultiTimeframe\H4\2020\01\USDJPY.csv,1064946,.csv
backup_migrated\data_hub_full\04_MultiTimeframe\H4\2020\01\USDMXN.csv,1192309,.csv
backup_migrated\data_hub_full\04_MultiTimeframe\H4\2020\01\USDNOK.csv,1169243,.csv
backup_migrated\data_hub_full\04_MultiTimeframe\H4\2020\01\USDPLN.csv,1140739,.csv
backup_migrated\data_hub_full\04_MultiTimeframe\H4\2020\01\USDRON.csv,1130188,.csv
backup_migrated\data_hub_full\04_MultiTimeframe\H4\2020\01\USDSEK.csv,1164516,.csv
backup_migrated\data_hub_full\04_MultiTimeframe\H4\2020\01\USDSGD.csv,1137663,.csv
backup_migrated\data_hub_full\04_MultiTimeframe\H4\2020\01\USDTHB.csv,1186781,.csv
backup_migrated\data_hub_full\04_MultiTimeframe\H4\2020\01\USDTRY.csv,1173141,.csv
backup_migrated\data_hub_full\04_MultiTimeframe\H4\2020\01\USDX-F.csv,1216081,.csv
backup_migrated\data_hub_full\04_MultiTimeframe\H4\2020\01\USDX.csv,1190084,.csv
backup_migrated\data_hub_full\04_MultiTimeframe\H4\2020\01\USDZAR.csv,1192207,.csv
backup_migrated\data_hub_full\04_MultiTimeframe\H4\2020\01\XAGUSD-F.csv,941071,.csv
backup_migrated\data_hub_full\04_MultiTimeframe\H4\2020\01\XAGUSD.csv,914761,.csv
backup_migrated\data_hub_full\04_MultiTimeframe\H4\2020\01\XAUUSD-F.csv,1050895,.csv
backup_migrated\data_hub_full\04_MultiTimeframe\H4\2020\01\XAUUSD.csv,1025415,.csv
backup_migrated\data_hub_full\04_MultiTimeframe\H4\2020\01\XPDUSD.csv,1284619,.csv
backup_migrated\data_hub_full\04_MultiTimeframe\H4\2020\01\XPTUSD.csv,1264373,.csv
backup_migrated\data_hub_full\04_MultiTimeframe\H4\2020\01\ZARJPY.csv,955064,.csv
backup_migrated\data_hub_full\04_MultiTimeframe\H4\2020\04\CA60.csv,272684,.csv
backup_migrated\data_hub_full\04_MultiTimeframe\H4\2020\05\EURX.csv,885048,.csv
backup_migrated\data_hub_full\04_MultiTimeframe\H4\2020\05\JPYX.csv,688891,.csv
backup_migrated\data_hub_full\04_MultiTimeframe\H4\2020\06\ETHAUD.csv,826086,.csv
backup_migrated\data_hub_full\04_MultiTimeframe\H4\2020\07\COMPUSD.csv,859407,.csv
backup_migrated\data_hub_full\04_MultiTimeframe\H4\2020\09\KSMUSD.csv,676112,.csv
backup_migrated\data_hub_full\04_MultiTimeframe\H4\2020\10\SWI20-F.csv,572272,.csv
backup_migrated\data_hub_full\04_MultiTimeframe\H4\2020\10\SWI20.csv,528304,.csv
backup_migrated\data_hub_full\04_MultiTimeframe\H4\2020\11\CHINAH.csv,545292,.csv
backup_migrated\data_hub_full\04_MultiTimeframe\H4\2020\11\NETH25.csv,491704,.csv
backup_migrated\data_hub_full\04_MultiTimeframe\H4\2021\01\AUDCAD.csv,991394,.csv
backup_migrated\data_hub_full\04_MultiTimeframe\H4\2021\01\AUDJPY.csv,885795,.csv
backup_migrated\data_hub_full\04_MultiTimeframe\H4\2021\01\GBPJPY.csv,924879,.csv
backup_migrated\data_hub_full\04_MultiTimeframe\H4\2021\01\LINKUSD.csv,974429,.csv
backup_migrated\data_hub_full\04_MultiTimeframe\H4\2021\01\NZDCAD.csv,988437,.csv
backup_migrated\data_hub_full\04_MultiTimeframe\H4\2021\02\DOTUSD.csv,920052,.csv
backup_migrated\data_hub_full\04_MultiTimeframe\H4\2021\03\XRPUSD.csv,905042,.csv
backup_migrated\data_hub_full\04_MultiTimeframe\H4\2021\05\XLMUSD.csv,863863,.csv
backup_migrated\data_hub_full\04_MultiTimeframe\H4\2021\06\BCHUSD.csv,940775,.csv
backup_migrated\data_hub_full\04_MultiTimeframe\H4\2021\06\DOGEUSD.csv,937335,.csv
backup_migrated\data_hub_full\04_MultiTimeframe\H4\2021\08\BNBUSD.csv,903386,.csv
backup_migrated\data_hub_full\04_MultiTimeframe\H4\2021\09\ADAUSD.csv,847221,.csv
backup_migrated\data_hub_full\04_MultiTimeframe\H4\2021\09\ATMUSD.csv,795348,.csv
backup_migrated\data_hub_full\04_MultiTimeframe\H4\2021\09\SHBUSD.csv,839264,.csv
backup_migrated\data_hub_full\04_MultiTimeframe\H4\2021\10\UNIUSD.csv,788771,.csv
backup_migrated\data_hub_full\04_MultiTimeframe\H4\2021\10\XTZUSD.csv,863579,.csv
backup_migrated\data_hub_full\04_MultiTimeframe\M15\2020\01\AUDCHF.csv,17994334,.csv
backup_migrated\data_hub_full\04_MultiTimeframe\M15\2020\01\AUDNZD.csv,17998885,.csv
backup_migrated\data_hub_full\04_MultiTimeframe\M15\2020\01\AUDPLN.csv,19008829,.csv
backup_migrated\data_hub_full\04_MultiTimeframe\M15\2020\01\AUDSGD.csv,18048944,.csv
backup_migrated\data_hub_full\04_MultiTimeframe\M15\2020\01\AUDUSD.csv,18007900,.csv
backup_migrated\data_hub_full\04_MultiTimeframe\M15\2020\01\AUS200.csv,11589648,.csv
backup_migrated\data_hub_full\04_MultiTimeframe\M15\2020\01\BTCAUD.csv,21478723,.csv
backup_migrated\data_hub_full\04_MultiTimeframe\M15\2020\01\CADCHF.csv,17990919,.csv
backup_migrated\data_hub_full\04_MultiTimeframe\M15\2020\01\CADJPY.csv,16389196,.csv
backup_migrated\data_hub_full\04_MultiTimeframe\M15\2020\01\CHFJPY.csv,16709422,.csv
backup_migrated\data_hub_full\04_MultiTimeframe\M15\2020\01\CHFPLN.csv,17832071,.csv
backup_migrated\data_hub_full\04_MultiTimeframe\M15\2020\01\CHFSGD.csv,17997624,.csv
backup_migrated\data_hub_full\04_MultiTimeframe\M15\2020\01\CN50.csv,20903755,.csv
backup_migrated\data_hub_full\04_MultiTimeframe\M15\2020\01\ETCUSD.csv,18565521,.csv
backup_migrated\data_hub_full\04_MultiTimeframe\M15\2020\01\EURAUD.csv,18059108,.csv
backup_migrated\data_hub_full\04_MultiTimeframe\M15\2020\01\EURCAD.csv,18035394,.csv
backup_migrated\data_hub_full\04_MultiTimeframe\M15\2020\01\EURCHF.csv,18001510,.csv
backup_migrated\data_hub_full\04_MultiTimeframe\M15\2020\01\EURCZK.csv,18753773,.csv
backup_migrated\data_hub_full\04_MultiTimeframe\M15\2020\01\EURDKK.csv,17909778,.csv
backup_migrated\data_hub_full\04_MultiTimeframe\M15\2020\01\EURGBP.csv,18010121,.csv
backup_migrated\data_hub_full\04_MultiTimeframe\M15\2020\01\EURHUF.csv,16660924,.csv
backup_migrated\data_hub_full\04_MultiTimeframe\M15\2020\01\EURJPY.csv,16800955,.csv
backup_migrated\data_hub_full\04_MultiTimeframe\M15\2020\01\EURMXN.csv,18643228,.csv
backup_migrated\data_hub_full\04_MultiTimeframe\M15\2020\01\EURNOK.csv,18830088,.csv
backup_migrated\data_hub_full\04_MultiTimeframe\M15\2020\01\EURNZD.csv,18034203,.csv
backup_migrated\data_hub_full\04_MultiTimeframe\M15\2020\01\EURPLN.csv,17968213,.csv
backup_migrated\data_hub_full\04_MultiTimeframe\M15\2020\01\EURSEK.csv,18897785,.csv
backup_migrated\data_hub_full\04_MultiTimeframe\M15\2020\01\EURSGD.csv,18063483,.csv
backup_migrated\data_hub_full\04_MultiTimeframe\M15\2020\01\EURTRY.csv,18300922,.csv
backup_migrated\data_hub_full\04_MultiTimeframe\M15\2020\01\EURUSD.csv,18019040,.csv
backup_migrated\data_hub_full\04_MultiTimeframe\M15\2020\01\EURZAR.csv,18683280,.csv
backup_migrated\data_hub_full\04_MultiTimeframe\M15\2020\01\EUSTX50-F.csv,21044136,.csv
backup_migrated\data_hub_full\04_MultiTimeframe\M15\2020\01\EUSTX50.csv,20623329,.csv
backup_migrated\data_hub_full\04_MultiTimeframe\M15\2020\01\FRA40-F.csv,20607884,.csv
backup_migrated\data_hub_full\04_MultiTimeframe\M15\2020\01\FRA40.csv,20188125,.csv
backup_migrated\data_hub_full\04_MultiTimeframe\M15\2020\01\GBPAUD.csv,18048418,.csv
backup_migrated\data_hub_full\04_MultiTimeframe\M15\2020\01\GBPCAD.csv,17974048,.csv
backup_migrated\data_hub_full\04_MultiTimeframe\M15\2020\01\GBPCHF.csv,18027766,.csv
backup_migrated\data_hub_full\04_MultiTimeframe\M15\2020\01\GBPNZD.csv,18072074,.csv
backup_migrated\data_hub_full\04_MultiTimeframe\M15\2020\01\GBPUSD.csv,18031943,.csv
backup_migrated\data_hub_full\04_MultiTimeframe\M15\2020\01\GER40-F.csv,21544094,.csv
backup_migrated\data_hub_full\04_MultiTimeframe\M15\2020\01\GER40.csv,21122840,.csv
backup_migrated\data_hub_full\04_MultiTimeframe\M15\2020\01\HK50-F.csv,21346739,.csv
backup_migrated\data_hub_full\04_MultiTimeframe\M15\2020\01\HK50.csv,20927091,.csv
backup_migrated\data_hub_full\04_MultiTimeframe\M15\2020\01\JPN225-F.csv,21742889,.csv
backup_migrated\data_hub_full\04_MultiTimeframe\M15\2020\01\JPN225.csv,21321961,.csv
backup_migrated\data_hub_full\04_MultiTimeframe\M15\2020\01\LTCUSD.csv,19023942,.csv
backup_migrated\data_hub_full\04_MultiTimeframe\M15\2020\01\MXNJPY.csv,14935868,.csv
backup_migrated\data_hub_full\04_MultiTimeframe\M15\2020\01\NAS100-F.csv,21793338,.csv
backup_migrated\data_hub_full\04_MultiTimeframe\M15\2020\01\NAS100.csv,21373117,.csv
backup_migrated\data_hub_full\04_MultiTimeframe\M15\2020\01\NZDCHF.csv,17989677,.csv
backup_migrated\data_hub_full\04_MultiTimeframe\M15\2020\01\NZDJPY.csv,15903924,.csv
backup_migrated\data_hub_full\04_MultiTimeframe\M15\2020\01\NZDSGD.csv,17913647,.csv
backup_migrated\data_hub_full\04_MultiTimeframe\M15\2020\01\NZDUSD.csv,17991159,.csv
backup_migrated\data_hub_full\04_MultiTimeframe\M15\2020\01\SCI25.csv,19303734,.csv
backup_migrated\data_hub_full\04_MultiTimeframe\M15\2020\01\SGDJPY.csv,16363569,.csv
backup_migrated\data_hub_full\04_MultiTimeframe\M15\2020\01\SPA35.csv,20501317,.csv
backup_migrated\data_hub_full\04_MultiTimeframe\M15\2020\01\TRXUSD.csv,16737158,.csv
backup_migrated\data_hub_full\04_MultiTimeframe\M15\2020\01\UK100-F.csv,20720983,.csv
backup_migrated\data_hub_full\04_MultiTimeframe\M15\2020\01\UK100.csv,20295332,.csv
backup_migrated\data_hub_full\04_MultiTimeframe\M15\2020\01\US2000.csv,11666540,.csv
backup_migrated\data_hub_full\04_MultiTimeframe\M15\2020\01\US30-F.csv,12566205,.csv
backup_migrated\data_hub_full\04_MultiTimeframe\M15\2020\01\US30.csv,12151495,.csv
backup_migrated\data_hub_full\04_MultiTimeframe\M15\2020\01\US500-F.csv,11853577,.csv
backup_migrated\data_hub_full\04_MultiTimeframe\M15\2020\01\US500.csv,11435220,.csv
backup_migrated\data_hub_full\04_MultiTimeframe\M15\2020\01\USDCAD.csv,18015003,.csv
backup_migrated\data_hub_full\04_MultiTimeframe\M15\2020\01\USDCHF.csv,17996654,.csv
backup_migrated\data_hub_full\04_MultiTimeframe\M15\2020\01\USDCNH.csv,18074958,.csv
backup_migrated\data_hub_full\04_MultiTimeframe\M15\2020\01\USDCZK.csv,18848296,.csv
backup_migrated\data_hub_full\04_MultiTimeframe\M15\2020\01\USDDKK.csv,17989956,.csv
backup_migrated\data_hub_full\04_MultiTimeframe\M15\2020\01\USDHKD.csv,17872879,.csv
backup_migrated\data_hub_full\04_MultiTimeframe\M15\2020\01\USDHUF.csv,16734986,.csv
backup_migrated\data_hub_full\04_MultiTimeframe\M15\2020\01\USDILS.csv,17866129,.csv
backup_migrated\data_hub_full\04_MultiTimeframe\M15\2020\01\USDJPY.csv,16797236,.csv
backup_migrated\data_hub_full\04_MultiTimeframe\M15\2020\01\USDMXN.csv,18841503,.csv
backup_migrated\data_hub_full\04_MultiTimeframe\M15\2020\01\USDNOK.csv,18459460,.csv
backup_migrated\data_hub_full\04_MultiTimeframe\M15\2020\01\USDPLN.csv,18004260,.csv
backup_migrated\data_hub_full\04_MultiTimeframe\M15\2020\01\USDRON.csv,17883794,.csv
backup_migrated\data_hub_full\04_MultiTimeframe\M15\2020\01\USDSEK.csv,18391457,.csv
backup_migrated\data_hub_full\04_MultiTimeframe\M15\2020\01\USDSGD.csv,17975824,.csv
backup_migrated\data_hub_full\04_MultiTimeframe\M15\2020\01\USDTHB.csv,18728428,.csv
backup_migrated\data_hub_full\04_MultiTimeframe\M15\2020\01\USDTRY.csv,18514076,.csv
backup_migrated\data_hub_full\04_MultiTimeframe\M15\2020\01\USDX-F.csv,19209559,.csv
backup_migrated\data_hub_full\04_MultiTimeframe\M15\2020\01\USDX.csv,18790921,.csv
backup_migrated\data_hub_full\04_MultiTimeframe\M15\2020\01\USDZAR.csv,18835546,.csv
backup_migrated\data_hub_full\04_MultiTimeframe\M15\2020\01\XAGUSD-F.csv,14821460,.csv
backup_migrated\data_hub_full\04_MultiTimeframe\M15\2020\01\XAGUSD.csv,14406509,.csv
backup_migrated\data_hub_full\04_MultiTimeframe\M15\2020\01\XAUUSD-F.csv,16568342,.csv
backup_migrated\data_hub_full\04_MultiTimeframe\M15\2020\01\XAUUSD.csv,16164173,.csv
backup_migrated\data_hub_full\04_MultiTimeframe\M15\2020\01\XPDUSD.csv,20303470,.csv
backup_migrated\data_hub_full\04_MultiTimeframe\M15\2020\01\XPTUSD.csv,19985649,.csv
backup_migrated\data_hub_full\04_MultiTimeframe\M15\2020\01\ZARJPY.csv,15038084,.csv
backup_migrated\data_hub_full\04_MultiTimeframe\M15\2020\04\CA60.csv,3625985,.csv
backup_migrated\data_hub_full\04_MultiTimeframe\M15\2020\05\EURX.csv,13519746,.csv
backup_migrated\data_hub_full\04_MultiTimeframe\M15\2020\05\JPYX.csv,10476661,.csv
backup_migrated\data_hub_full\04_MultiTimeframe\M15\2020\06\ETHAUD.csv,9545679,.csv
backup_migrated\data_hub_full\04_MultiTimeframe\M15\2020\07\COMPUSD.csv,9188127,.csv
backup_migrated\data_hub_full\04_MultiTimeframe\M15\2020\09\KSMUSD.csv,8388584,.csv
backup_migrated\data_hub_full\04_MultiTimeframe\M15\2020\10\SWI20-F.csv,7864788,.csv
backup_migrated\data_hub_full\04_MultiTimeframe\M15\2020\10\SWI20.csv,7253816,.csv
backup_migrated\data_hub_full\04_MultiTimeframe\M15\2020\11\CHINAH.csv,7498659,.csv
backup_migrated\data_hub_full\04_MultiTimeframe\M15\2020\11\NETH25.csv,6742840,.csv
backup_migrated\data_hub_full\04_MultiTimeframe\M15\2021\01\AUDCAD.csv,15316224,.csv
backup_migrated\data_hub_full\04_MultiTimeframe\M15\2021\01\AUDJPY.csv,13670898,.csv
backup_migrated\data_hub_full\04_MultiTimeframe\M15\2021\01\GBPJPY.csv,14285432,.csv
backup_migrated\data_hub_full\04_MultiTimeframe\M15\2021\01\LINKUSD.csv,14991115,.csv
backup_migrated\data_hub_full\04_MultiTimeframe\M15\2021\01\NZDCAD.csv,15290411,.csv
backup_migrated\data_hub_full\04_MultiTimeframe\M15\2021\02\DOTUSD.csv,14150041,.csv
backup_migrated\data_hub_full\04_MultiTimeframe\M15\2021\03\XRPUSD.csv,13920643,.csv
backup_migrated\data_hub_full\04_MultiTimeframe\M15\2021\05\XLMUSD.csv,13581449,.csv
backup_migrated\data_hub_full\04_MultiTimeframe\M15\2021\06\BCHUSD.csv,14803459,.csv
backup_migrated\data_hub_full\04_MultiTimeframe\M15\2021\06\DOGEUSD.csv,14749023,.csv
backup_migrated\data_hub_full\04_MultiTimeframe\M15\2021\08\BNBUSD.csv,13909954,.csv
backup_migrated\data_hub_full\04_MultiTimeframe\M15\2021\09\ADAUSD.csv,13360215,.csv
backup_migrated\data_hub_full\04_MultiTimeframe\M15\2021\09\ATMUSD.csv,12647723,.csv
backup_migrated\data_hub_full\04_MultiTimeframe\M15\2021\09\SHBUSD.csv,13347772,.csv
backup_migrated\data_hub_full\04_MultiTimeframe\M15\2021\10\UNIUSD.csv,12496478,.csv
backup_migrated\data_hub_full\04_MultiTimeframe\M15\2021\10\XTZUSD.csv,13609726,.csv
backup_migrated\data_hub_full\04_MultiTimeframe\M15\2021\11\MATICUSD.csv,10747546,.csv
backup_migrated\data_hub_full\04_MultiTimeframe\M30\2020\01\AUDCHF.csv,9024755,.csv
backup_migrated\data_hub_full\04_MultiTimeframe\M30\2020\01\AUDNZD.csv,9033127,.csv
backup_migrated\data_hub_full\04_MultiTimeframe\M30\2020\01\AUDPLN.csv,9517093,.csv
backup_migrated\data_hub_full\04_MultiTimeframe\M30\2020\01\AUDSGD.csv,9053747,.csv
backup_migrated\data_hub_full\04_MultiTimeframe\M30\2020\01\AUDUSD.csv,9033361,.csv
backup_migrated\data_hub_full\04_MultiTimeframe\M30\2020\01\AUS200.csv,5819193,.csv
backup_migrated\data_hub_full\04_MultiTimeframe\M30\2020\01\BTCAUD.csv,10775505,.csv
backup_migrated\data_hub_full\04_MultiTimeframe\M30\2020\01\CADCHF.csv,9021467,.csv
backup_migrated\data_hub_full\04_MultiTimeframe\M30\2020\01\CADJPY.csv,8225959,.csv
backup_migrated\data_hub_full\04_MultiTimeframe\M30\2020\01\CHFJPY.csv,8381912,.csv
backup_migrated\data_hub_full\04_MultiTimeframe\M30\2020\01\CHFPLN.csv,8927781,.csv
backup_migrated\data_hub_full\04_MultiTimeframe\M30\2020\01\CHFSGD.csv,9035455,.csv
backup_migrated\data_hub_full\04_MultiTimeframe\M30\2020\01\CN50.csv,10479168,.csv
backup_migrated\data_hub_full\04_MultiTimeframe\M30\2020\01\ETCUSD.csv,9305505,.csv
backup_migrated\data_hub_full\04_MultiTimeframe\M30\2020\01\EURAUD.csv,9059743,.csv
backup_migrated\data_hub_full\04_MultiTimeframe\M30\2020\01\EURCAD.csv,9048685,.csv
backup_migrated\data_hub_full\04_MultiTimeframe\M30\2020\01\EURCHF.csv,9029752,.csv
backup_migrated\data_hub_full\04_MultiTimeframe\M30\2020\01\EURCZK.csv,9402814,.csv
backup_migrated\data_hub_full\04_MultiTimeframe\M30\2020\01\EURDKK.csv,8984490,.csv
backup_migrated\data_hub_full\04_MultiTimeframe\M30\2020\01\EURGBP.csv,9035383,.csv
backup_migrated\data_hub_full\04_MultiTimeframe\M30\2020\01\EURHUF.csv,8356124,.csv
backup_migrated\data_hub_full\04_MultiTimeframe\M30\2020\01\EURJPY.csv,8428566,.csv
backup_migrated\data_hub_full\04_MultiTimeframe\M30\2020\01\EURMXN.csv,9330768,.csv
backup_migrated\data_hub_full\04_MultiTimeframe\M30\2020\01\EURNOK.csv,9442918,.csv
backup_migrated\data_hub_full\04_MultiTimeframe\M30\2020\01\EURNZD.csv,9050906,.csv
backup_migrated\data_hub_full\04_MultiTimeframe\M30\2020\01\EURPLN.csv,9012356,.csv
backup_migrated\data_hub_full\04_MultiTimeframe\M30\2020\01\EURSEK.csv,9478368,.csv
backup_migrated\data_hub_full\04_MultiTimeframe\M30\2020\01\EURSGD.csv,9064670,.csv
backup_migrated\data_hub_full\04_MultiTimeframe\M30\2020\01\EURTRY.csv,9169422,.csv
backup_migrated\data_hub_full\04_MultiTimeframe\M30\2020\01\EURUSD.csv,9039950,.csv
backup_migrated\data_hub_full\04_MultiTimeframe\M30\2020\01\EURZAR.csv,9351574,.csv
backup_migrated\data_hub_full\04_MultiTimeframe\M30\2020\01\EUSTX50-F.csv,10551275,.csv
backup_migrated\data_hub_full\04_MultiTimeframe\M30\2020\01\EUSTX50.csv,10340579,.csv
backup_migrated\data_hub_full\04_MultiTimeframe\M30\2020\01\FRA40-F.csv,10323290,.csv
backup_migrated\data_hub_full\04_MultiTimeframe\M30\2020\01\FRA40.csv,10113759,.csv
backup_migrated\data_hub_full\04_MultiTimeframe\M30\2020\01\GBPAUD.csv,9056012,.csv
backup_migrated\data_hub_full\04_MultiTimeframe\M30\2020\01\GBPCAD.csv,9014258,.csv
backup_migrated\data_hub_full\04_MultiTimeframe\M30\2020\01\GBPCHF.csv,9044606,.csv
backup_migrated\data_hub_full\04_MultiTimeframe\M30\2020\01\GBPNZD.csv,9065187,.csv
backup_migrated\data_hub_full\04_MultiTimeframe\M30\2020\01\GBPUSD.csv,9047495,.csv
backup_migrated\data_hub_full\04_MultiTimeframe\M30\2020\01\GER40-F.csv,10803573,.csv
backup_migrated\data_hub_full\04_MultiTimeframe\M30\2020\01\GER40.csv,10592522,.csv
backup_migrated\data_hub_full\04_MultiTimeframe\M30\2020\01\HK50-F.csv,10699033,.csv
backup_migrated\data_hub_full\04_MultiTimeframe\M30\2020\01\HK50.csv,10489170,.csv
backup_migrated\data_hub_full\04_MultiTimeframe\M30\2020\01\JPN225-F.csv,10896433,.csv
backup_migrated\data_hub_full\04_MultiTimeframe\M30\2020\01\JPN225.csv,10685810,.csv
backup_migrated\data_hub_full\04_MultiTimeframe\M30\2020\01\LTCUSD.csv,9552353,.csv
backup_migrated\data_hub_full\04_MultiTimeframe\M30\2020\01\MXNJPY.csv,7482209,.csv
backup_migrated\data_hub_full\04_MultiTimeframe\M30\2020\01\NAS100-F.csv,10924475,.csv
backup_migrated\data_hub_full\04_MultiTimeframe\M30\2020\01\NAS100.csv,10714350,.csv
backup_migrated\data_hub_full\04_MultiTimeframe\M30\2020\01\NZDCHF.csv,9019939,.csv
backup_migrated\data_hub_full\04_MultiTimeframe\M30\2020\01\NZDJPY.csv,7987191,.csv
backup_migrated\data_hub_full\04_MultiTimeframe\M30\2020\01\NZDSGD.csv,8980045,.csv
backup_migrated\data_hub_full\04_MultiTimeframe\M30\2020\01\NZDUSD.csv,9023365,.csv
backup_migrated\data_hub_full\04_MultiTimeframe\M30\2020\01\SCI25.csv,9678953,.csv
backup_migrated\data_hub_full\04_MultiTimeframe\M30\2020\01\SGDJPY.csv,8214101,.csv
backup_migrated\data_hub_full\04_MultiTimeframe\M30\2020\01\SPA35.csv,10270772,.csv
backup_migrated\data_hub_full\04_MultiTimeframe\M30\2020\01\TRXUSD.csv,8397214,.csv
backup_migrated\data_hub_full\04_MultiTimeframe\M30\2020\01\UK100-F.csv,10386171,.csv
backup_migrated\data_hub_full\04_MultiTimeframe\M30\2020\01\UK100.csv,10174175,.csv
backup_migrated\data_hub_full\04_MultiTimeframe\M30\2020\01\US2000.csv,5858066,.csv
backup_migrated\data_hub_full\04_MultiTimeframe\M30\2020\01\US30-F.csv,6305851,.csv
backup_migrated\data_hub_full\04_MultiTimeframe\M30\2020\01\US30.csv,6099766,.csv
backup_migrated\data_hub_full\04_MultiTimeframe\M30\2020\01\US500-F.csv,5952971,.csv
backup_migrated\data_hub_full\04_MultiTimeframe\M30\2020\01\US500.csv,5743399,.csv
backup_migrated\data_hub_full\04_MultiTimeframe\M30\2020\01\USDCAD.csv,9038180,.csv
backup_migrated\data_hub_full\04_MultiTimeframe\M30\2020\01\USDCHF.csv,9026668,.csv
backup_migrated\data_hub_full\04_MultiTimeframe\M30\2020\01\USDCNH.csv,9063653,.csv
backup_migrated\data_hub_full\04_MultiTimeframe\M30\2020\01\USDCZK.csv,9454950,.csv
backup_migrated\data_hub_full\04_MultiTimeframe\M30\2020\01\USDDKK.csv,9022021,.csv
backup_migrated\data_hub_full\04_MultiTimeframe\M30\2020\01\USDHKD.csv,8976507,.csv
backup_migrated\data_hub_full\04_MultiTimeframe\M30\2020\01\USDHUF.csv,8397331,.csv
backup_migrated\data_hub_full\04_MultiTimeframe\M30\2020\01\USDILS.csv,8953263,.csv
backup_migrated\data_hub_full\04_MultiTimeframe\M30\2020\01\USDJPY.csv,8427287,.csv
backup_migrated\data_hub_full\04_MultiTimeframe\M30\2020\01\USDMXN.csv,9447148,.csv
backup_migrated\data_hub_full\04_MultiTimeframe\M30\2020\01\USDNOK.csv,9266717,.csv
backup_migrated\data_hub_full\04_MultiTimeframe\M30\2020\01\USDPLN.csv,9032389,.csv
backup_migrated\data_hub_full\04_MultiTimeframe\M30\2020\01\USDRON.csv,8962014,.csv
backup_migrated\data_hub_full\04_MultiTimeframe\M30\2020\01\USDSEK.csv,9226920,.csv
backup_migrated\data_hub_full\04_MultiTimeframe\M30\2020\01\USDSGD.csv,9010553,.csv
backup_migrated\data_hub_full\04_MultiTimeframe\M30\2020\01\USDTHB.csv,9388621,.csv
backup_migrated\data_hub_full\04_MultiTimeframe\M30\2020\01\USDTRY.csv,9287132,.csv
backup_migrated\data_hub_full\04_MultiTimeframe\M30\2020\01\USDX-F.csv,9628344,.csv
backup_migrated\data_hub_full\04_MultiTimeframe\M30\2020\01\USDX.csv,9419978,.csv
backup_migrated\data_hub_full\04_MultiTimeframe\M30\2020\01\USDZAR.csv,9446589,.csv
backup_migrated\data_hub_full\04_MultiTimeframe\M30\2020\01\XAGUSD-F.csv,7436043,.csv
backup_migrated\data_hub_full\04_MultiTimeframe\M30\2020\01\XAGUSD.csv,7226910,.csv
backup_migrated\data_hub_full\04_MultiTimeframe\M30\2020\01\XAUUSD-F.csv,8310998,.csv
backup_migrated\data_hub_full\04_MultiTimeframe\M30\2020\01\XAUUSD.csv,8106153,.csv
backup_migrated\data_hub_full\04_MultiTimeframe\M30\2020\01\XPDUSD.csv,10179291,.csv
backup_migrated\data_hub_full\04_MultiTimeframe\M30\2020\01\XPTUSD.csv,10019101,.csv
backup_migrated\data_hub_full\04_MultiTimeframe\M30\2020\01\ZARJPY.csv,7546737,.csv
backup_migrated\data_hub_full\04_MultiTimeframe\M30\2020\04\CA60.csv,1882962,.csv
backup_migrated\data_hub_full\04_MultiTimeframe\M30\2020\05\EURX.csv,6802862,.csv
backup_migrated\data_hub_full\04_MultiTimeframe\M30\2020\05\JPYX.csv,5280788,.csv
backup_migrated\data_hub_full\04_MultiTimeframe\M30\2020\06\ETHAUD.csv,5168676,.csv
backup_migrated\data_hub_full\04_MultiTimeframe\M30\2020\07\COMPUSD.csv,5134642,.csv
backup_migrated\data_hub_full\04_MultiTimeframe\M30\2020\09\KSMUSD.csv,4414486,.csv
backup_migrated\data_hub_full\04_MultiTimeframe\M30\2020\10\SWI20-F.csv,3971476,.csv
backup_migrated\data_hub_full\04_MultiTimeframe\M30\2020\10\SWI20.csv,3663459,.csv
backup_migrated\data_hub_full\04_MultiTimeframe\M30\2020\11\CHINAH.csv,3785845,.csv
backup_migrated\data_hub_full\04_MultiTimeframe\M30\2020\11\NETH25.csv,3408304,.csv
backup_migrated\data_hub_full\04_MultiTimeframe\M30\2021\01\AUDCAD.csv,7691792,.csv
backup_migrated\data_hub_full\04_MultiTimeframe\M30\2021\01\AUDJPY.csv,6863704,.csv
backup_migrated\data_hub_full\04_MultiTimeframe\M30\2021\01\GBPJPY.csv,7167172,.csv
backup_migrated\data_hub_full\04_MultiTimeframe\M30\2021\01\LINKUSD.csv,7532554,.csv
backup_migrated\data_hub_full\04_MultiTimeframe\M30\2021\01\NZDCAD.csv,7669625,.csv
backup_migrated\data_hub_full\04_MultiTimeframe\M30\2021\02\DOTUSD.csv,7105390,.csv
backup_migrated\data_hub_full\04_MultiTimeframe\M30\2021\03\XRPUSD.csv,6994020,.csv
backup_migrated\data_hub_full\04_MultiTimeframe\M30\2021\05\XLMUSD.csv,6822235,.csv
backup_migrated\data_hub_full\04_MultiTimeframe\M30\2021\06\BCHUSD.csv,7435472,.csv
backup_migrated\data_hub_full\04_MultiTimeframe\M30\2021\06\DOGEUSD.csv,7405638,.csv
backup_migrated\data_hub_full\04_MultiTimeframe\M30\2021\08\BNBUSD.csv,6985574,.csv
backup_migrated\data_hub_full\04_MultiTimeframe\M30\2021\09\ADAUSD.csv,6699470,.csv
backup_migrated\data_hub_full\04_MultiTimeframe\M30\2021\09\ATMUSD.csv,6332180,.csv
backup_migrated\data_hub_full\04_MultiTimeframe\M30\2021\09\SHBUSD.csv,6683281,.csv
backup_migrated\data_hub_full\04_MultiTimeframe\M30\2021\10\UNIUSD.csv,6257821,.csv
backup_migrated\data_hub_full\04_MultiTimeframe\M30\2021\10\XTZUSD.csv,6828242,.csv
backup_migrated\data_hub_full\04_MultiTimeframe\M5\2020\01\AUDCHF.csv,54043426,.csv
backup_migrated\data_hub_full\04_MultiTimeframe\M5\2020\01\AUDNZD.csv,54084177,.csv
backup_migrated\data_hub_full\04_MultiTimeframe\M5\2020\01\AUDPLN.csv,56862887,.csv
backup_migrated\data_hub_full\04_MultiTimeframe\M5\2020\01\AUDSGD.csv,53946234,.csv
backup_migrated\data_hub_full\04_MultiTimeframe\M5\2020\01\AUDUSD.csv,53719576,.csv
backup_migrated\data_hub_full\04_MultiTimeframe\M5\2020\01\AUS200.csv,35808342,.csv
backup_migrated\data_hub_full\04_MultiTimeframe\M5\2020\01\BTCAUD.csv,63796906,.csv
backup_migrated\data_hub_full\04_MultiTimeframe\M5\2020\01\CADCHF.csv,53954988,.csv
backup_migrated\data_hub_full\04_MultiTimeframe\M5\2020\01\CADJPY.csv,49399047,.csv
backup_migrated\data_hub_full\04_MultiTimeframe\M5\2020\01\CHFJPY.csv,50063095,.csv
backup_migrated\data_hub_full\04_MultiTimeframe\M5\2020\01\CHFPLN.csv,53363087,.csv
backup_migrated\data_hub_full\04_MultiTimeframe\M5\2020\01\CHFSGD.csv,53843704,.csv
backup_migrated\data_hub_full\04_MultiTimeframe\M5\2020\01\CN50.csv,62836586,.csv
backup_migrated\data_hub_full\04_MultiTimeframe\M5\2020\01\ETCUSD.csv,54591747,.csv
backup_migrated\data_hub_full\04_MultiTimeframe\M5\2020\01\EURAUD.csv,54131953,.csv
backup_migrated\data_hub_full\04_MultiTimeframe\M5\2020\01\EURCAD.csv,54066429,.csv
backup_migrated\data_hub_full\04_MultiTimeframe\M5\2020\01\EURCHF.csv,53723564,.csv
backup_migrated\data_hub_full\04_MultiTimeframe\M5\2020\01\EURCZK.csv,56372023,.csv
backup_migrated\data_hub_full\04_MultiTimeframe\M5\2020\01\EURDKK.csv,53483872,.csv
backup_migrated\data_hub_full\04_MultiTimeframe\M5\2020\01\EURGBP.csv,53728298,.csv
backup_migrated\data_hub_full\04_MultiTimeframe\M5\2020\01\EURHUF.csv,49994004,.csv
backup_migrated\data_hub_full\04_MultiTimeframe\M5\2020\01\EURJPY.csv,50437090,.csv
backup_migrated\data_hub_full\04_MultiTimeframe\M5\2020\01\EURMXN.csv,55786832,.csv
backup_migrated\data_hub_full\04_MultiTimeframe\M5\2020\01\EURNOK.csv,56451453,.csv
backup_migrated\data_hub_full\04_MultiTimeframe\M5\2020\01\EURNZD.csv,54131039,.csv
backup_migrated\data_hub_full\04_MultiTimeframe\M5\2020\01\EURPLN.csv,53832794,.csv
backup_migrated\data_hub_full\04_MultiTimeframe\M5\2020\01\EURSEK.csv,56652465,.csv
backup_migrated\data_hub_full\04_MultiTimeframe\M5\2020\01\EURSGD.csv,54012056,.csv
backup_migrated\data_hub_full\04_MultiTimeframe\M5\2020\01\EURTRY.csv,53661203,.csv
backup_migrated\data_hub_full\04_MultiTimeframe\M5\2020\01\EURUSD.csv,53728418,.csv
backup_migrated\data_hub_full\04_MultiTimeframe\M5\2020\01\EURZAR.csv,55899819,.csv
backup_migrated\data_hub_full\04_MultiTimeframe\M5\2020\01\EUSTX50-F.csv,62992426,.csv
backup_migrated\data_hub_full\04_MultiTimeframe\M5\2020\01\EUSTX50.csv,61666323,.csv
backup_migrated\data_hub_full\04_MultiTimeframe\M5\2020\01\FRA40-F.csv,60463768,.csv
backup_migrated\data_hub_full\04_MultiTimeframe\M5\2020\01\FRA40.csv,59217034,.csv
backup_migrated\data_hub_full\04_MultiTimeframe\M5\2020\01\GBPAUD.csv,54062938,.csv
backup_migrated\data_hub_full\04_MultiTimeframe\M5\2020\01\GBPCAD.csv,53391564,.csv
backup_migrated\data_hub_full\04_MultiTimeframe\M5\2020\01\GBPCHF.csv,54025369,.csv
backup_migrated\data_hub_full\04_MultiTimeframe\M5\2020\01\GBPNZD.csv,54010178,.csv
backup_migrated\data_hub_full\04_MultiTimeframe\M5\2020\01\GBPUSD.csv,53788382,.csv
backup_migrated\data_hub_full\04_MultiTimeframe\M5\2020\01\GER40-F.csv,64265831,.csv
backup_migrated\data_hub_full\04_MultiTimeframe\M5\2020\01\GER40.csv,62874746,.csv
backup_migrated\data_hub_full\04_MultiTimeframe\M5\2020\01\HK50-F.csv,63640832,.csv
backup_migrated\data_hub_full\04_MultiTimeframe\M5\2020\01\HK50.csv,62273860,.csv
backup_migrated\data_hub_full\04_MultiTimeframe\M5\2020\01\JPN225-F.csv,65298373,.csv
backup_migrated\data_hub_full\04_MultiTimeframe\M5\2020\01\JPN225.csv,63886358,.csv
backup_migrated\data_hub_full\04_MultiTimeframe\M5\2020\01\LTCUSD.csv,57810023,.csv
backup_migrated\data_hub_full\04_MultiTimeframe\M5\2020\01\MXNJPY.csv,45042840,.csv
backup_migrated\data_hub_full\04_MultiTimeframe\M5\2020\01\NAS100-F.csv,64978122,.csv
backup_migrated\data_hub_full\04_MultiTimeframe\M5\2020\01\NAS100.csv,64004958,.csv
backup_migrated\data_hub_full\04_MultiTimeframe\M5\2020\01\NZDCHF.csv,53970703,.csv
backup_migrated\data_hub_full\04_MultiTimeframe\M5\2020\01\NZDJPY.csv,47943076,.csv
backup_migrated\data_hub_full\04_MultiTimeframe\M5\2020\01\NZDSGD.csv,53507708,.csv
backup_migrated\data_hub_full\04_MultiTimeframe\M5\2020\01\NZDUSD.csv,53704122,.csv
backup_migrated\data_hub_full\04_MultiTimeframe\M5\2020\01\SCI25.csv,57133467,.csv
backup_migrated\data_hub_full\04_MultiTimeframe\M5\2020\01\SGDJPY.csv,49573630,.csv
backup_migrated\data_hub_full\04_MultiTimeframe\M5\2020\01\SPA35.csv,60874967,.csv
backup_migrated\data_hub_full\04_MultiTimeframe\M5\2020\01\TRXUSD.csv,47511440,.csv
backup_migrated\data_hub_full\04_MultiTimeframe\M5\2020\01\UK100-F.csv,62073542,.csv
backup_migrated\data_hub_full\04_MultiTimeframe\M5\2020\01\UK100.csv,60710157,.csv
backup_migrated\data_hub_full\04_MultiTimeframe\M5\2020\01\US2000.csv,35746415,.csv
backup_migrated\data_hub_full\04_MultiTimeframe\M5\2020\01\US30-F.csv,38882462,.csv
backup_migrated\data_hub_full\04_MultiTimeframe\M5\2020\01\US30.csv,37651148,.csv
backup_migrated\data_hub_full\04_MultiTimeframe\M5\2020\01\US500-F.csv,36443047,.csv
backup_migrated\data_hub_full\04_MultiTimeframe\M5\2020\01\US500.csv,35045344,.csv
backup_migrated\data_hub_full\04_MultiTimeframe\M5\2020\01\USDCAD.csv,53774633,.csv
backup_migrated\data_hub_full\04_MultiTimeframe\M5\2020\01\USDCHF.csv,53680704,.csv
backup_migrated\data_hub_full\04_MultiTimeframe\M5\2020\01\USDCNH.csv,54001796,.csv
backup_migrated\data_hub_full\04_MultiTimeframe\M5\2020\01\USDCZK.csv,56426590,.csv
backup_migrated\data_hub_full\04_MultiTimeframe\M5\2020\01\USDDKK.csv,54152788,.csv
backup_migrated\data_hub_full\04_MultiTimeframe\M5\2020\01\USDHKD.csv,53642497,.csv
backup_migrated\data_hub_full\04_MultiTimeframe\M5\2020\01\USDHUF.csv,50423425,.csv
backup_migrated\data_hub_full\04_MultiTimeframe\M5\2020\01\USDILS.csv,52559416,.csv
backup_migrated\data_hub_full\04_MultiTimeframe\M5\2020\01\USDJPY.csv,50392970,.csv
backup_migrated\data_hub_full\04_MultiTimeframe\M5\2020\01\USDMXN.csv,57040765,.csv
backup_migrated\data_hub_full\04_MultiTimeframe\M5\2020\01\USDNOK.csv,55980694,.csv
backup_migrated\data_hub_full\04_MultiTimeframe\M5\2020\01\USDPLN.csv,53918297,.csv
backup_migrated\data_hub_full\04_MultiTimeframe\M5\2020\01\USDRON.csv,52466099,.csv
backup_migrated\data_hub_full\04_MultiTimeframe\M5\2020\01\USDSEK.csv,55750778,.csv
backup_migrated\data_hub_full\04_MultiTimeframe\M5\2020\01\USDSGD.csv,53927275,.csv
backup_migrated\data_hub_full\04_MultiTimeframe\M5\2020\01\USDTHB.csv,55688506,.csv
backup_migrated\data_hub_full\04_MultiTimeframe\M5\2020\01\USDTRY.csv,55474106,.csv
backup_migrated\data_hub_full\04_MultiTimeframe\M5\2020\01\USDX-F.csv,57238727,.csv
backup_migrated\data_hub_full\04_MultiTimeframe\M5\2020\01\USDX.csv,56013431,.csv
backup_migrated\data_hub_full\04_MultiTimeframe\M5\2020\01\USDZAR.csv,57156382,.csv
backup_migrated\data_hub_full\04_MultiTimeframe\M5\2020\01\XAGUSD-F.csv,44887990,.csv
backup_migrated\data_hub_full\04_MultiTimeframe\M5\2020\01\XAGUSD.csv,43686310,.csv
backup_migrated\data_hub_full\04_MultiTimeframe\M5\2020\01\XAUUSD-F.csv,50027654,.csv
backup_migrated\data_hub_full\04_MultiTimeframe\M5\2020\01\XAUUSD.csv,49200905,.csv
backup_migrated\data_hub_full\04_MultiTimeframe\M5\2020\01\XPDUSD.csv,61388290,.csv
backup_migrated\data_hub_full\04_MultiTimeframe\M5\2020\01\XPTUSD.csv,60274422,.csv
backup_migrated\data_hub_full\04_MultiTimeframe\M5\2020\01\ZARJPY.csv,45129247,.csv
backup_migrated\data_hub_full\04_MultiTimeframe\M5\2020\04\CA60.csv,10422091,.csv
backup_migrated\data_hub_full\04_MultiTimeframe\M5\2020\05\EURX.csv,41558190,.csv
backup_migrated\data_hub_full\04_MultiTimeframe\M5\2020\05\JPYX.csv,30767784,.csv
backup_migrated\data_hub_full\04_MultiTimeframe\M5\2020\06\ETHAUD.csv,26445032,.csv
backup_migrated\data_hub_full\04_MultiTimeframe\M5\2020\07\COMPUSD.csv,24708824,.csv
backup_migrated\data_hub_full\04_MultiTimeframe\M5\2020\09\KSMUSD.csv,23591257,.csv
backup_migrated\data_hub_full\04_MultiTimeframe\M5\2020\10\SWI20-F.csv,24240675,.csv
backup_migrated\data_hub_full\04_MultiTimeframe\M5\2020\10\SWI20.csv,21114174,.csv
backup_migrated\data_hub_full\04_MultiTimeframe\M5\2020\11\CHINAH.csv,22710051,.csv
backup_migrated\data_hub_full\04_MultiTimeframe\M5\2020\11\NETH25.csv,19385664,.csv
backup_migrated\data_hub_full\04_MultiTimeframe\M5\2021\01\AUDCAD.csv,45803218,.csv
backup_migrated\data_hub_full\04_MultiTimeframe\M5\2021\01\AUDJPY.csv,40909120,.csv
backup_migrated\data_hub_full\04_MultiTimeframe\M5\2021\01\GBPJPY.csv,42838707,.csv
backup_migrated\data_hub_full\04_MultiTimeframe\M5\2021\01\LINKUSD.csv,42777105,.csv
backup_migrated\data_hub_full\04_MultiTimeframe\M5\2021\01\NZDCAD.csv,45752424,.csv
backup_migrated\data_hub_full\04_MultiTimeframe\M5\2021\02\DOTUSD.csv,40573013,.csv
backup_migrated\data_hub_full\04_MultiTimeframe\M5\2021\03\XRPUSD.csv,39904264,.csv
backup_migrated\data_hub_full\04_MultiTimeframe\M5\2021\05\XLMUSD.csv,38444678,.csv
backup_migrated\data_hub_full\04_MultiTimeframe\M5\2021\06\BCHUSD.csv,42239215,.csv
backup_migrated\data_hub_full\04_MultiTimeframe\M5\2021\06\DOGEUSD.csv,45676637,.csv
backup_migrated\data_hub_full\04_MultiTimeframe\M5\2021\08\BNBUSD.csv,40236390,.csv
backup_migrated\data_hub_full\04_MultiTimeframe\M5\2021\09\ADAUSD.csv,40868661,.csv
backup_migrated\data_hub_full\04_MultiTimeframe\M5\2021\09\ATMUSD.csv,36121600,.csv
backup_migrated\data_hub_full\04_MultiTimeframe\M5\2021\09\SHBUSD.csv,40817295,.csv
backup_migrated\data_hub_full\04_MultiTimeframe\M5\2021\10\UNIUSD.csv,35537875,.csv
backup_migrated\data_hub_full\04_MultiTimeframe\M5\2021\10\XTZUSD.csv,41880583,.csv
backup_migrated\data_hub_full\04_MultiTimeframe\M5\2021\11\MATICUSD.csv,40723866,.csv
backup_migrated\data_hub_full\FUSION\ADAUSD_FUSION.parquet,28793364,.parquet
backup_migrated\data_hub_full\FUSION\ATMUSD_FUSION.parquet,38193030,.parquet
backup_migrated\data_hub_full\FUSION\AUDCAD_FUSION.parquet,33628667,.parquet
backup_migrated\data_hub_full\FUSION\AUDCHF_FUSION.parquet,39125495,.parquet
backup_migrated\data_hub_full\FUSION\AUDJPY_FUSION.parquet,34967174,.parquet
backup_migrated\data_hub_full\FUSION\AUDNZD_FUSION.parquet,38313342,.parquet
backup_migrated\data_hub_full\FUSION\AUDPLN_FUSION.parquet,14915397,.parquet
backup_migrated\data_hub_full\FUSION\AUDSGD_FUSION.parquet,39714316,.parquet
backup_migrated\data_hub_full\FUSION\AUDUSD_FUSION.parquet,39287006,.parquet
backup_migrated\data_hub_full\FUSION\AUS200_FUSION.parquet,32879411,.parquet
backup_migrated\data_hub_full\FUSION\BCHUSD_FUSION.parquet,35451349,.parquet
backup_migrated\data_hub_full\FUSION\BNBUSD_FUSION.parquet,39758113,.parquet
backup_migrated\data_hub_full\FUSION\BTCAUD_FUSION.parquet,36068041,.parquet
backup_migrated\data_hub_full\FUSION\CA60_FUSION.parquet,10851466,.parquet
backup_migrated\data_hub_full\FUSION\CADCHF_FUSION.parquet,38952077,.parquet
backup_migrated\data_hub_full\FUSION\CADJPY_FUSION.parquet,40456409,.parquet
backup_migrated\data_hub_full\FUSION\CHFJPY_FUSION.parquet,35301092,.parquet
backup_migrated\data_hub_full\FUSION\CHFPLN_FUSION.parquet,15754434,.parquet
backup_migrated\data_hub_full\FUSION\CHFSGD_FUSION.parquet,39444324,.parquet
backup_migrated\data_hub_full\FUSION\CHINAH_FUSION.parquet,16412509,.parquet
backup_migrated\data_hub_full\FUSION\CN50_FUSION.parquet,39567297,.parquet
backup_migrated\data_hub_full\FUSION\COMPUSD_FUSION.parquet,26334307,.parquet
backup_migrated\data_hub_full\FUSION\DOGEUSD_FUSION.parquet,33126563,.parquet
backup_migrated\data_hub_full\FUSION\DOTUSD_FUSION.parquet,33718154,.parquet
backup_migrated\data_hub_full\FUSION\ETCUSD_FUSION.parquet,31764426,.parquet
backup_migrated\data_hub_full\FUSION\ETHAUD_FUSION.parquet,28872417,.parquet
backup_migrated\data_hub_full\FUSION\EURAUD_FUSION.parquet,40795458,.parquet
backup_migrated\data_hub_full\FUSION\EURCAD_FUSION.parquet,40293248,.parquet
backup_migrated\data_hub_full\FUSION\EURCHF_FUSION.parquet,38807554,.parquet
backup_migrated\data_hub_full\FUSION\EURCZK_FUSION.parquet,38445143,.parquet
backup_migrated\data_hub_full\FUSION\EURDKK_FUSION.parquet,34677163,.parquet
backup_migrated\data_hub_full\FUSION\EURGBP_FUSION.parquet,38067993,.parquet
backup_migrated\data_hub_full\FUSION\EURHUF_FUSION.parquet,38684271,.parquet
backup_migrated\data_hub_full\FUSION\EURJPY_FUSION.parquet,41456280,.parquet
backup_migrated\data_hub_full\FUSION\EURMXN_FUSION.parquet,16406461,.parquet
backup_migrated\data_hub_full\FUSION\EURNOK_FUSION.parquet,44568944,.parquet
backup_migrated\data_hub_full\FUSION\EURNZD_FUSION.parquet,41053649,.parquet
backup_migrated\data_hub_full\FUSION\EURPLN_FUSION.parquet,41867866,.parquet
backup_migrated\data_hub_full\FUSION\EURSEK_FUSION.parquet,44414211,.parquet
backup_migrated\data_hub_full\FUSION\EURSGD_FUSION.parquet,39901516,.parquet
backup_migrated\data_hub_full\FUSION\EURTRY_FUSION.parquet,29111352,.parquet
backup_migrated\data_hub_full\FUSION\EURUSD_FUSION.parquet,39712715,.parquet
backup_migrated\data_hub_full\FUSION\EURX_FUSION.parquet,26197627,.parquet
backup_migrated\data_hub_full\FUSION\EURZAR_FUSION.parquet,16427794,.parquet
backup_migrated\data_hub_full\FUSION\EUSTX50-F_FUSION.parquet,37396646,.parquet
backup_migrated\data_hub_full\FUSION\EUSTX50_FUSION.parquet,37416387,.parquet
backup_migrated\data_hub_full\FUSION\FRA40-F_FUSION.parquet,30899496,.parquet
backup_migrated\data_hub_full\FUSION\FRA40_FUSION.parquet,31098470,.parquet
backup_migrated\data_hub_full\FUSION\GBPAUD_FUSION.parquet,41173012,.parquet
backup_migrated\data_hub_full\FUSION\GBPCAD_FUSION.parquet,34208345,.parquet
backup_migrated\data_hub_full\FUSION\GBPCHF_FUSION.parquet,39890438,.parquet
backup_migrated\data_hub_full\FUSION\GBPJPY_FUSION.parquet,36360855,.parquet
backup_migrated\data_hub_full\FUSION\GBPNZD_FUSION.parquet,41380566,.parquet
backup_migrated\data_hub_full\FUSION\GBPUSD_FUSION.parquet,40247405,.parquet
backup_migrated\data_hub_full\FUSION\GER40-F_FUSION.parquet,40924488,.parquet
backup_migrated\data_hub_full\FUSION\GER40_FUSION.parquet,40981042,.parquet
backup_migrated\data_hub_full\FUSION\HK50-F_FUSION.parquet,39090251,.parquet
backup_migrated\data_hub_full\FUSION\HK50_FUSION.parquet,39492189,.parquet
backup_migrated\data_hub_full\FUSION\JPN225-F_FUSION.parquet,39630410,.parquet
backup_migrated\data_hub_full\FUSION\JPN225_FUSION.parquet,41129563,.parquet
backup_migrated\data_hub_full\FUSION\JPYX_FUSION.parquet,27521316,.parquet
backup_migrated\data_hub_full\FUSION\KSMUSD_FUSION.parquet,26736875,.parquet
backup_migrated\data_hub_full\FUSION\LINKUSD_FUSION.parquet,35799383,.parquet
backup_migrated\data_hub_full\FUSION\LTCUSD_FUSION.parquet,39782705,.parquet
backup_migrated\data_hub_full\FUSION\MATICUSD_FUSION.parquet,5706309,.parquet
backup_migrated\data_hub_full\FUSION\modelos\EURUSD\features.json,99,.json
backup_migrated\data_hub_full\FUSION\modelos\EURUSD\features_omnis.json,380,.json
backup_migrated\data_hub_full\FUSION\modelos\EURUSD\super_brain.pkl,5387037,.pkl
backup_migrated\data_hub_full\FUSION\MXNJPY_FUSION.parquet,17819756,.parquet
backup_migrated\data_hub_full\FUSION\NAS100-F_FUSION.parquet,42816057,.parquet
backup_migrated\data_hub_full\FUSION\NAS100_FUSION.parquet,42903346,.parquet
backup_migrated\data_hub_full\FUSION\NETH25_FUSION.parquet,19090701,.parquet
backup_migrated\data_hub_full\FUSION\NZDCAD_FUSION.parquet,33687055,.parquet
backup_migrated\data_hub_full\FUSION\NZDCHF_FUSION.parquet,39163580,.parquet
backup_migrated\data_hub_full\FUSION\NZDJPY_FUSION.parquet,39963231,.parquet
backup_migrated\data_hub_full\FUSION\NZDSGD_FUSION.parquet,31787771,.parquet
backup_migrated\data_hub_full\FUSION\NZDUSD_FUSION.parquet,39192035,.parquet
backup_migrated\data_hub_full\FUSION\SCI25_FUSION.parquet,31108205,.parquet
backup_migrated\data_hub_full\FUSION\SGDJPY_FUSION.parquet,40275665,.parquet
backup_migrated\data_hub_full\FUSION\SHBUSD_FUSION.parquet,29307462,.parquet
backup_migrated\data_hub_full\FUSION\SPA35_FUSION.parquet,35788610,.parquet
backup_migrated\data_hub_full\FUSION\SWI20-F_FUSION.parquet,18467135,.parquet
backup_migrated\data_hub_full\FUSION\SWI20_FUSION.parquet,18926314,.parquet
backup_migrated\data_hub_full\FUSION\TRXUSD_FUSION.parquet,47853106,.parquet
backup_migrated\data_hub_full\FUSION\UK100-F_FUSION.parquet,39208346,.parquet
backup_migrated\data_hub_full\FUSION\UK100_FUSION.parquet,38799670,.parquet
backup_migrated\data_hub_full\FUSION\UNIUSD_FUSION.parquet,34134692,.parquet
backup_migrated\data_hub_full\FUSION\US2000_FUSION.parquet,31752913,.parquet
backup_migrated\data_hub_full\FUSION\US30-F_FUSION.parquet,39487040,.parquet
backup_migrated\data_hub_full\FUSION\US30_FUSION.parquet,39525720,.parquet
backup_migrated\data_hub_full\FUSION\US500-F_FUSION.parquet,33216743,.parquet
backup_migrated\data_hub_full\FUSION\US500_FUSION.parquet,33199644,.parquet
backup_migrated\data_hub_full\FUSION\USDCAD_FUSION.parquet,39703983,.parquet
backup_migrated\data_hub_full\FUSION\USDCHF_FUSION.parquet,39328027,.parquet
backup_migrated\data_hub_full\FUSION\USDCNH_FUSION.parquet,42904529,.parquet
backup_migrated\data_hub_full\FUSION\USDCZK_FUSION.parquet,41376089,.parquet
backup_migrated\data_hub_full\FUSION\USDDKK_FUSION.parquet,43332336,.parquet
backup_migrated\data_hub_full\FUSION\USDHKD_FUSION.parquet,36520158,.parquet
backup_migrated\data_hub_full\FUSION\USDHUF_FUSION.parquet,42149772,.parquet
backup_migrated\data_hub_full\FUSION\USDILS_FUSION.parquet,35537392,.parquet
backup_migrated\data_hub_full\FUSION\USDJPY_FUSION.parquet,40922054,.parquet
backup_migrated\data_hub_full\FUSION\USDMXN_FUSION.parquet,41962646,.parquet
backup_migrated\data_hub_full\FUSION\USDNOK_FUSION.parquet,44281723,.parquet
backup_migrated\data_hub_full\FUSION\USDPLN_FUSION.parquet,43134871,.parquet
backup_migrated\data_hub_full\FUSION\USDRON_FUSION.parquet,34234839,.parquet
backup_migrated\data_hub_full\FUSION\USDSEK_FUSION.parquet,44278008,.parquet
backup_migrated\data_hub_full\FUSION\USDSGD_FUSION.parquet,38749373,.parquet
backup_migrated\data_hub_full\FUSION\USDTHB_FUSION.parquet,37178482,.parquet
backup_migrated\data_hub_full\FUSION\USDTRY_FUSION.parquet,44366486,.parquet
backup_migrated\data_hub_full\FUSION\USDX-F_FUSION.parquet,36507817,.parquet
backup_migrated\data_hub_full\FUSION\USDX_FUSION.parquet,36791263,.parquet
backup_migrated\data_hub_full\FUSION\USDZAR_FUSION.parquet,45220409,.parquet
backup_migrated\data_hub_full\FUSION\XAGUSD-F_FUSION.parquet,33425111,.parquet
backup_migrated\data_hub_full\FUSION\XAGUSD_FUSION.parquet,33243002,.parquet
backup_migrated\data_hub_full\FUSION\XAUUSD-F_FUSION.parquet,41612095,.parquet
backup_migrated\data_hub_full\FUSION\XAUUSD_FUSION.parquet,42272795,.parquet
backup_migrated\data_hub_full\FUSION\XLMUSD_FUSION.parquet,40224037,.parquet
backup_migrated\data_hub_full\FUSION\XPDUSD_FUSION.parquet,43172915,.parquet
backup_migrated\data_hub_full\FUSION\XPTUSD_FUSION.parquet,41308506,.parquet
backup_migrated\data_hub_full\FUSION\XRPUSD_FUSION.parquet,40215157,.parquet
backup_migrated\data_hub_full\FUSION\XTZUSD_FUSION.parquet,22226179,.parquet
backup_migrated\data_hub_full\FUSION\ZARJPY_FUSION.parquet,34974074,.parquet
backup_migrated\data_hub_full\SUPER_MATRIZ_GENESIS.parquet,3315920712,.parquet
backup_migrated\omnis_copia_data\historical\audjpy\AUDJPY_H1.csv,934166,.csv
backup_migrated\omnis_copia_data\historical\audjpy\AUDJPY_H4.csv,175327,.csv
backup_migrated\omnis_copia_data\historical\audjpy\AUDJPY_M15.csv,2745429,.csv
backup_migrated\omnis_copia_data\historical\audjpy\AUDJPY_M30.csv,1380303,.csv
backup_migrated\omnis_copia_data\historical\audjpy\AUDJPY_M5.csv,5923336,.csv
backup_migrated\omnis_copia_data\historical\audusd\AUDUSD_H1.csv,713137,.csv
backup_migrated\omnis_copia_data\historical\audusd\AUDUSD_H4.csv,180286,.csv
backup_migrated\omnis_copia_data\historical\audusd\AUDUSD_M15.csv,2820436,.csv
backup_migrated\omnis_copia_data\historical\audusd\AUDUSD_M30.csv,1420918,.csv
backup_migrated\omnis_copia_data\historical\audusd\AUDUSD_M5.csv,6181440,.csv
backup_migrated\omnis_copia_data\historical\btcusd\BTCUSD_H1.csv,1084817,.csv
backup_migrated\omnis_copia_data\historical\btcusd\BTCUSD_H4.csv,1175107,.csv
backup_migrated\omnis_copia_data\historical\btcusd\BTCUSD_M15.csv,5261194,.csv
backup_migrated\omnis_copia_data\historical\btcusd\BTCUSD_M30.csv,2148242,.csv
backup_migrated\omnis_copia_data\historical\btcusd\BTCUSD_M5.csv,7055351,.csv
backup_migrated\omnis_copia_data\historical\ethusd\ETHUSD_H1.csv,884128,.csv
backup_migrated\omnis_copia_data\historical\ethusd\ETHUSD_H4.csv,864638,.csv
backup_migrated\omnis_copia_data\historical\ethusd\ETHUSD_M15.csv,3516104,.csv
backup_migrated\omnis_copia_data\historical\ethusd\ETHUSD_M30.csv,1759558,.csv
backup_migrated\omnis_copia_data\historical\ethusd\ETHUSD_M5.csv,6147479,.csv
backup_migrated\omnis_copia_data\historical\eurcad\ETHUSD_H1.csv,1527142,.csv
backup_migrated\omnis_copia_data\historical\eurcad\EURCAD_H4.csv,182189,.csv
backup_migrated\omnis_copia_data\historical\eurcad\EURCAD_M15.csv,3116341,.csv
backup_migrated\omnis_copia_data\historical\eurcad\EURCAD_M30.csv,1695311,.csv
backup_migrated\omnis_copia_data\historical\eurcad\EURCAD_M5.csv,6202742,.csv
backup_migrated\omnis_copia_data\historical\eurchf\EURCHF_H1.csv,974260,.csv
backup_migrated\omnis_copia_data\historical\eurchf\EURCHF_H4.csv,437030,.csv
backup_migrated\omnis_copia_data\historical\eurchf\EURCHF_M15.csv,3097146,.csv
backup_migrated\omnis_copia_data\historical\eurchf\EURCHF_M30.csv,1686413,.csv
backup_migrated\omnis_copia_data\historical\eurchf\EURCHF_M5.csv,6190709,.csv
backup_migrated\omnis_copia_data\historical\eurgbp\EURGBP_H1.csv,974766,.csv
backup_migrated\omnis_copia_data\historical\eurgbp\EURGBP_H4.csv,438362,.csv
backup_migrated\omnis_copia_data\historical\eurgbp\EURGBP_M15.csv,3093188,.csv
backup_migrated\omnis_copia_data\historical\eurgbp\EURGBP_M30.csv,1684406,.csv
backup_migrated\omnis_copia_data\historical\eurgbp\EURGBP_M5.csv,6179900,.csv
backup_migrated\omnis_copia_data\historical\eurjpy\EURJPY_H1.csv,2113690,.csv
backup_migrated\omnis_copia_data\historical\eurjpy\EURJPY_H4.csv,1576363,.csv
backup_migrated\omnis_copia_data\historical\eurjpy\EURJPY_M15.csv,4253332,.csv
backup_migrated\omnis_copia_data\historical\eurjpy\EURJPY_M30.csv,2828248,.csv
backup_migrated\omnis_copia_data\historical\eurjpy\EURJPY_M5.csv,6210312,.csv
backup_migrated\omnis_copia_data\historical\eurusd\EURUSD_H1.csv,6331610,.csv
backup_migrated\omnis_copia_data\historical\eurusd\EURUSD_H4.csv,2986034,.csv
backup_migrated\omnis_copia_data\historical\eurusd\EURUSD_M15.csv,6164579,.csv
backup_migrated\omnis_copia_data\historical\eurusd\EURUSD_M30.csv,6176712,.csv
backup_migrated\omnis_copia_data\historical\eurusd\EURUSD_M5.csv,6203808,.csv
backup_migrated\omnis_copia_data\historical\gbpjpy\GBPJPY_H1.csv,981055,.csv
backup_migrated\omnis_copia_data\historical\gbpjpy\GBPJPY_H4.csv,441993,.csv
backup_migrated\omnis_copia_data\historical\gbpjpy\GBPJPY_M15.csv,3127753,.csv
backup_migrated\omnis_copia_data\historical\gbpjpy\GBPJPY_M30.csv,1697126,.csv
backup_migrated\omnis_copia_data\historical\gbpjpy\GBPJPY_M5.csv,6164239,.csv
backup_migrated\omnis_copia_data\historical\gbpusd\GBPUSD_H1.csv,971273,.csv
backup_migrated\omnis_copia_data\historical\gbpusd\GBPUSD_H4.csv,438655,.csv
backup_migrated\omnis_copia_data\historical\gbpusd\GBPUSD_M15.csv,3084913,.csv
backup_migrated\omnis_copia_data\historical\gbpusd\GBPUSD_M30.csv,1680147,.csv
backup_migrated\omnis_copia_data\historical\gbpusd\GBPUSD_M5.csv,6185795,.csv
backup_migrated\omnis_copia_data\historical\gold\GOLD_H1.csv,923667,.csv
backup_migrated\omnis_copia_data\historical\gold\GOLD_H4.csv,417325,.csv
backup_migrated\omnis_copia_data\historical\gold\GOLD_M15.csv,2961738,.csv
backup_migrated\omnis_copia_data\historical\gold\GOLD_M30.csv,1603864,.csv
backup_migrated\omnis_copia_data\historical\gold\GOLD_M5.csv,6226709,.csv
backup_migrated\omnis_copia_data\historical\nzdusd\NZDUSD_H1.csv,972518,.csv
backup_migrated\omnis_copia_data\historical\nzdusd\NZDUSD_H4.csv,436806,.csv
backup_migrated\omnis_copia_data\historical\nzdusd\NZDUSD_M15.csv,3085915,.csv
backup_migrated\omnis_copia_data\historical\nzdusd\NZDUSD_M30.csv,1679675,.csv
backup_migrated\omnis_copia_data\historical\nzdusd\NZDUSD_M5.csv,6176282,.csv
backup_migrated\omnis_copia_data\historical\usdcad\USDCAD_H1.csv,970053,.csv
backup_migrated\omnis_copia_data\historical\usdcad\USDCAD_H4.csv,437088,.csv
backup_migrated\omnis_copia_data\historical\usdcad\USDCAD_M15.csv,3077257,.csv
backup_migrated\omnis_copia_data\historical\usdcad\USDCAD_M30.csv,1676850,.csv
backup_migrated\omnis_copia_data\historical\usdcad\USDCAD_M5.csv,6180702,.csv
backup_migrated\omnis_copia_data\historical\usdchf\USDCHF_H1.csv,969512,.csv
backup_migrated\omnis_copia_data\historical\usdchf\USDCHF_H4.csv,436403,.csv
backup_migrated\omnis_copia_data\historical\usdchf\USDCHF_M15.csv,3074874,.csv
backup_migrated\omnis_copia_data\historical\usdchf\USDCHF_M30.csv,1674898,.csv
backup_migrated\omnis_copia_data\historical\usdchf\USDCHF_M5.csv,6178040,.csv
backup_migrated\omnis_copia_data\historical\usdjpy\USDJPY_H1.csv,965688,.csv
backup_migrated\omnis_copia_data\historical\usdjpy\USDJPY_H4.csv,433604,.csv
backup_migrated\omnis_copia_data\historical\usdjpy\USDJPY_M15.csv,3082366,.csv
backup_migrated\omnis_copia_data\historical\usdjpy\USDJPY_M30.csv,1674508,.csv
backup_migrated\omnis_copia_data\historical\usdjpy\USDJPY_M5.csv,6175527,.csv
backup_migrated\omnis_copia_data\prepared\EURUSD_M15_10k.csv,659371,.csv
backup_migrated\omnis_copia_data\prepared\prepared_20260312_000013\AUDJPY_H1_prepared.csv,927509,.csv
backup_migrated\omnis_copia_data\prepared\prepared_20260312_000013\AUDJPY_H4_prepared.csv,174054,.csv
backup_migrated\omnis_copia_data\prepared\prepared_20260312_000013\AUDJPY_M15_prepared.csv,2725341,.csv
backup_migrated\omnis_copia_data\prepared\prepared_20260312_000013\AUDJPY_M30_prepared.csv,1370384,.csv
backup_migrated\omnis_copia_data\prepared\prepared_20260312_000013\AUDJPY_M5_prepared.csv,5879609,.csv
backup_migrated\omnis_copia_data\prepared\prepared_20260312_000013\AUDUSD_H1_prepared.csv,707934,.csv
backup_migrated\omnis_copia_data\prepared\prepared_20260312_000013\AUDUSD_H4_prepared.csv,196045,.csv
backup_migrated\omnis_copia_data\prepared\prepared_20260312_000013\AUDUSD_M15_prepared.csv,2799847,.csv
backup_migrated\omnis_copia_data\prepared\prepared_20260312_000013\AUDUSD_M30_prepared.csv,1410582,.csv
backup_migrated\omnis_copia_data\prepared\prepared_20260312_000013\AUDUSD_M5_prepared.csv,6135894,.csv
backup_migrated\omnis_copia_data\prepared\prepared_20260312_000013\BTCUSD_H1_prepared.csv,1079549,.csv
backup_migrated\omnis_copia_data\prepared\prepared_20260312_000013\BTCUSD_H4_prepared.csv,1137429,.csv
backup_migrated\omnis_copia_data\prepared\prepared_20260312_000013\BTCUSD_M15_prepared.csv,5201836,.csv
backup_migrated\omnis_copia_data\prepared\prepared_20260312_000013\BTCUSD_M30_prepared.csv,2139198,.csv
backup_migrated\omnis_copia_data\prepared\prepared_20260312_000013\BTCUSD_M5_prepared.csv,7023835,.csv
backup_migrated\omnis_copia_data\prepared\prepared_20260312_000013\ETHUSD_H1_prepared.csv,877299,.csv
backup_migrated\omnis_copia_data\prepared\prepared_20260312_000013\ETHUSD_H4_prepared.csv,846720,.csv
backup_migrated\omnis_copia_data\prepared\prepared_20260312_000013\ETHUSD_M15_prepared.csv,3489084,.csv
backup_migrated\omnis_copia_data\prepared\prepared_20260312_000013\ETHUSD_M30_prepared.csv,1746137,.csv
backup_migrated\omnis_copia_data\prepared\prepared_20260312_000013\ETHUSD_M5_prepared.csv,6119855,.csv
backup_migrated\omnis_copia_data\prepared\prepared_20260312_000013\EURCAD_H1_prepared.csv,1504103,.csv
backup_migrated\omnis_copia_data\prepared\prepared_20260312_000013\EURCAD_H4_prepared.csv,180972,.csv
backup_migrated\omnis_copia_data\prepared\prepared_20260312_000013\EURCAD_M15_prepared.csv,3094177,.csv
backup_migrated\omnis_copia_data\prepared\prepared_20260312_000013\EURCAD_M30_prepared.csv,1683400,.csv
backup_migrated\omnis_copia_data\prepared\prepared_20260312_000013\EURCAD_M5_prepared.csv,6158536,.csv
backup_migrated\omnis_copia_data\prepared\prepared_20260312_000013\EURCHF_H1_prepared.csv,967274,.csv
backup_migrated\omnis_copia_data\prepared\prepared_20260312_000013\EURCHF_H4_prepared.csv,433938,.csv
backup_migrated\omnis_copia_data\prepared\prepared_20260312_000013\EURCHF_M15_prepared.csv,3074696,.csv
backup_migrated\omnis_copia_data\prepared\prepared_20260312_000013\EURCHF_M30_prepared.csv,1674386,.csv
backup_migrated\omnis_copia_data\prepared\prepared_20260312_000013\EURCHF_M5_prepared.csv,6145778,.csv
backup_migrated\omnis_copia_data\prepared\prepared_20260312_000013\EURGBP_H1_prepared.csv,967713,.csv
backup_migrated\omnis_copia_data\prepared\prepared_20260312_000013\EURGBP_H4_prepared.csv,435245,.csv
backup_migrated\omnis_copia_data\prepared\prepared_20260312_000013\EURGBP_M15_prepared.csv,3070742,.csv
backup_migrated\omnis_copia_data\prepared\prepared_20260312_000013\EURGBP_M30_prepared.csv,1672151,.csv
backup_migrated\omnis_copia_data\prepared\prepared_20260312_000013\EURGBP_M5_prepared.csv,6135079,.csv
backup_migrated\omnis_copia_data\prepared\prepared_20260312_000013\EURJPY_H1_prepared.csv,2098826,.csv
backup_migrated\omnis_copia_data\prepared\prepared_20260312_000013\EURJPY_H4_prepared.csv,1565392,.csv
backup_migrated\omnis_copia_data\prepared\prepared_20260312_000013\EURJPY_M15_prepared.csv,4223429,.csv
backup_migrated\omnis_copia_data\prepared\prepared_20260312_000013\EURJPY_M30_prepared.csv,2808547,.csv
backup_migrated\omnis_copia_data\prepared\prepared_20260312_000013\EURJPY_M5_prepared.csv,6166086,.csv
backup_migrated\omnis_copia_data\prepared\prepared_20260312_000013\EURUSD_H1_prepared.csv,6285408,.csv
backup_migrated\omnis_copia_data\prepared\prepared_20260312_000013\EURUSD_H4_prepared.csv,2881208,.csv
backup_migrated\omnis_copia_data\prepared\prepared_20260312_000013\EURUSD_M15_prepared.csv,6120627,.csv
backup_migrated\omnis_copia_data\prepared\prepared_20260312_000013\EURUSD_M30_prepared.csv,6132298,.csv
backup_migrated\omnis_copia_data\prepared\prepared_20260312_000013\EURUSD_M5_prepared.csv,6159513,.csv
backup_migrated\omnis_copia_data\prepared\prepared_20260312_000013\GBPJPY_H1_prepared.csv,974253,.csv
backup_migrated\omnis_copia_data\prepared\prepared_20260312_000013\GBPJPY_H4_prepared.csv,438938,.csv
backup_migrated\omnis_copia_data\prepared\prepared_20260312_000013\GBPJPY_M15_prepared.csv,3105974,.csv
backup_migrated\omnis_copia_data\prepared\prepared_20260312_000013\GBPJPY_M30_prepared.csv,1685357,.csv
backup_migrated\omnis_copia_data\prepared\prepared_20260312_000013\GBPJPY_M5_prepared.csv,6119623,.csv
backup_migrated\omnis_copia_data\prepared\prepared_20260312_000013\GBPUSD_H1_prepared.csv,964089,.csv
backup_migrated\omnis_copia_data\prepared\prepared_20260312_000013\GBPUSD_H4_prepared.csv,435483,.csv
backup_migrated\omnis_copia_data\prepared\prepared_20260312_000013\GBPUSD_M15_prepared.csv,3061936,.csv
backup_migrated\omnis_copia_data\prepared\prepared_20260312_000013\GBPUSD_M30_prepared.csv,1667792,.csv
backup_migrated\omnis_copia_data\prepared\prepared_20260312_000013\GBPUSD_M5_prepared.csv,6139865,.csv
backup_migrated\omnis_copia_data\prepared\prepared_20260312_000013\GOLD_H1_prepared.csv,917398,.csv
backup_migrated\omnis_copia_data\prepared\prepared_20260312_000013\GOLD_H4_prepared.csv,414228,.csv
backup_migrated\omnis_copia_data\prepared\prepared_20260312_000013\GOLD_M15_prepared.csv,2942402,.csv
backup_migrated\omnis_copia_data\prepared\prepared_20260312_000013\GOLD_M30_prepared.csv,1593268,.csv
backup_migrated\omnis_copia_data\prepared\prepared_20260312_000013\GOLD_M5_prepared.csv,6186528,.csv
backup_migrated\omnis_copia_data\prepared\prepared_20260312_000013\NZDUSD_H1_prepared.csv,965367,.csv
backup_migrated\omnis_copia_data\prepared\prepared_20260312_000013\NZDUSD_H4_prepared.csv,433527,.csv
backup_migrated\omnis_copia_data\prepared\prepared_20260312_000013\NZDUSD_M15_prepared.csv,3062865,.csv
backup_migrated\omnis_copia_data\prepared\prepared_20260312_000013\NZDUSD_M30_prepared.csv,1667196,.csv
backup_migrated\omnis_copia_data\prepared\prepared_20260312_000013\NZDUSD_M5_prepared.csv,6130424,.csv
backup_migrated\omnis_copia_data\prepared\prepared_20260312_000013\preparation_log.json,24275,.json
backup_migrated\omnis_copia_data\prepared\prepared_20260312_000013\USDCAD_H1_prepared.csv,963097,.csv
backup_migrated\omnis_copia_data\prepared\prepared_20260312_000013\USDCAD_H4_prepared.csv,433995,.csv
backup_migrated\omnis_copia_data\prepared\prepared_20260312_000013\USDCAD_M15_prepared.csv,3055162,.csv
backup_migrated\omnis_copia_data\prepared\prepared_20260312_000013\USDCAD_M30_prepared.csv,1664858,.csv
backup_migrated\omnis_copia_data\prepared\prepared_20260312_000013\USDCAD_M5_prepared.csv,6136422,.csv
backup_migrated\omnis_copia_data\prepared\prepared_20260312_000013\USDCHF_H1_prepared.csv,962811,.csv
backup_migrated\omnis_copia_data\prepared\prepared_20260312_000013\USDCHF_H4_prepared.csv,433361,.csv
backup_migrated\omnis_copia_data\prepared\prepared_20260312_000013\USDCHF_M15_prepared.csv,3052889,.csv
backup_migrated\omnis_copia_data\prepared\prepared_20260312_000013\USDCHF_M30_prepared.csv,1663139,.csv
backup_migrated\omnis_copia_data\prepared\prepared_20260312_000013\USDCHF_M5_prepared.csv,6133634,.csv
backup_migrated\omnis_copia_data\prepared\prepared_20260312_000013\USDJPY_H1_prepared.csv,959057,.csv
backup_migrated\omnis_copia_data\prepared\prepared_20260312_000013\USDJPY_H4_prepared.csv,430660,.csv
backup_migrated\omnis_copia_data\prepared\prepared_20260312_000013\USDJPY_M15_prepared.csv,3060911,.csv
backup_migrated\omnis_copia_data\prepared\prepared_20260312_000013\USDJPY_M30_prepared.csv,1662911,.csv
backup_migrated\omnis_copia_data\prepared\prepared_20260312_000013\USDJPY_M5_prepared.csv,6132087,.csv
backup_migrated\omnis_v1_data\historical\audjpy\AUDJPY_H4.csv,175327,.csv
backup_migrated\omnis_v1_data\historical\audjpy\AUDJPY_M1.csv,6136781,.csv
backup_migrated\omnis_v1_data\historical\audjpy\AUDJPY_M15.csv,2745429,.csv
backup_migrated\omnis_v1_data\historical\audjpy\AUDJPY_M30.csv,1380303,.csv
backup_migrated\omnis_v1_data\historical\audjpy\AUDJPY_M5.csv,5923336,.csv
backup_migrated\omnis_v1_data\historical\audusd\AUDUSD_D1.csv,247399,.csv
backup_migrated\omnis_v1_data\historical\audusd\AUDUSD_H1.csv,713137,.csv
backup_migrated\omnis_v1_data\historical\audusd\AUDUSD_H4.csv,180286,.csv
backup_migrated\omnis_v1_data\historical\audusd\AUDUSD_M1.csv,6083837,.csv
backup_migrated\omnis_v1_data\historical\audusd\AUDUSD_M15.csv,2820436,.csv
backup_migrated\omnis_v1_data\historical\audusd\AUDUSD_M30.csv,1420918,.csv
backup_migrated\omnis_v1_data\historical\audusd\AUDUSD_M5.csv,6181440,.csv
backup_migrated\omnis_v1_data\historical\btcusd\BTCUSD_D1.csv,261485,.csv
backup_migrated\omnis_v1_data\historical\btcusd\BTCUSD_H1.csv,1084817,.csv
backup_migrated\omnis_v1_data\historical\btcusd\BTCUSD_H4.csv,1175107,.csv
backup_migrated\omnis_v1_data\historical\btcusd\BTCUSD_M1.csv,6796016,.csv
backup_migrated\omnis_v1_data\historical\btcusd\BTCUSD_M15.csv,5261194,.csv
backup_migrated\omnis_v1_data\historical\btcusd\BTCUSD_M30.csv,2148242,.csv
backup_migrated\omnis_v1_data\historical\btcusd\BTCUSD_M5.csv,7055351,.csv
backup_migrated\omnis_v1_data\historical\ethusd\ETHUSD_D1.csv,122944,.csv
backup_migrated\omnis_v1_data\historical\ethusd\ETHUSD_H1.csv,884128,.csv
backup_migrated\omnis_v1_data\historical\ethusd\ETHUSD_H4.csv,864638,.csv
backup_migrated\omnis_v1_data\historical\ethusd\ETHUSD_M1.csv,6376822,.csv
backup_migrated\omnis_v1_data\historical\ethusd\ETHUSD_M15.csv,3516104,.csv
backup_migrated\omnis_v1_data\historical\ethusd\ETHUSD_M30.csv,1759558,.csv
backup_migrated\omnis_v1_data\historical\ethusd\ETHUSD_M5.csv,6147479,.csv
backup_migrated\omnis_v1_data\historical\eurcad\EURCAD_D1.csv,250604,.csv
backup_migrated\omnis_v1_data\historical\eurcad\EURCAD_H4.csv,182189,.csv
backup_migrated\omnis_v1_data\historical\eurcad\EURCAD_M1.csv,6121006,.csv
backup_migrated\omnis_v1_data\historical\eurcad\EURCAD_M15.csv,3116341,.csv
backup_migrated\omnis_v1_data\historical\eurcad\EURCAD_M30.csv,1695311,.csv
backup_migrated\omnis_v1_data\historical\eurcad\EURCAD_M5.csv,6202742,.csv
backup_migrated\omnis_v1_data\historical\eurchf\EURCHF_D1.csv,246669,.csv
backup_migrated\omnis_v1_data\historical\eurchf\EURCHF_H1.csv,974260,.csv
backup_migrated\omnis_v1_data\historical\eurchf\EURCHF_H4.csv,437030,.csv
backup_migrated\omnis_v1_data\historical\eurchf\EURCHF_M1.csv,6098854,.csv
backup_migrated\omnis_v1_data\historical\eurchf\EURCHF_M15.csv,3097146,.csv
backup_migrated\omnis_v1_data\historical\eurchf\EURCHF_M30.csv,1686413,.csv
backup_migrated\omnis_v1_data\historical\eurchf\EURCHF_M5.csv,6190709,.csv
backup_migrated\omnis_v1_data\historical\eurgbp\EURGBP_D1.csv,248017,.csv
backup_migrated\omnis_v1_data\historical\eurgbp\EURGBP_H1.csv,974766,.csv
backup_migrated\omnis_v1_data\historical\eurgbp\EURGBP_H4.csv,438362,.csv
backup_migrated\omnis_v1_data\historical\eurgbp\EURGBP_M1.csv,6097612,.csv
backup_migrated\omnis_v1_data\historical\eurgbp\EURGBP_M15.csv,3093188,.csv
backup_migrated\omnis_v1_data\historical\eurgbp\EURGBP_M30.csv,1684406,.csv
backup_migrated\omnis_v1_data\historical\eurgbp\EURGBP_M5.csv,6179900,.csv
backup_migrated\omnis_v1_data\historical\eurjpy\EURJPY_D1.csv,229651,.csv
backup_migrated\omnis_v1_data\historical\eurjpy\EURJPY_H1.csv,2113690,.csv
backup_migrated\omnis_v1_data\historical\eurjpy\EURJPY_H4.csv,1576363,.csv
backup_migrated\omnis_v1_data\historical\eurjpy\EURJPY_M1.csv,6139743,.csv
backup_migrated\omnis_v1_data\historical\eurjpy\EURJPY_M15.csv,4253332,.csv
backup_migrated\omnis_v1_data\historical\eurjpy\EURJPY_M30.csv,2828248,.csv
backup_migrated\omnis_v1_data\historical\eurjpy\EURJPY_M5.csv,6210312,.csv
backup_migrated\omnis_v1_data\historical\eurusd\EURUSD_D1.csv,649613,.csv
backup_migrated\omnis_v1_data\historical\eurusd\EURUSD_H1.csv,6331610,.csv
backup_migrated\omnis_v1_data\historical\eurusd\EURUSD_H12.csv,1205390,.csv
backup_migrated\omnis_v1_data\historical\eurusd\EURUSD_H2.csv,5625918,.csv
backup_migrated\omnis_v1_data\historical\eurusd\EURUSD_H3.csv,3870619,.csv
backup_migrated\omnis_v1_data\historical\eurusd\EURUSD_H4.csv,2986034,.csv
backup_migrated\omnis_v1_data\historical\eurusd\EURUSD_H6.csv,2099354,.csv
backup_migrated\omnis_v1_data\historical\eurusd\EURUSD_H8.csv,1652602,.csv
backup_migrated\omnis_v1_data\historical\eurusd\EURUSD_M1.csv,6085847,.csv
backup_migrated\omnis_v1_data\historical\eurusd\EURUSD_M10.csv,6159364,.csv
backup_migrated\omnis_v1_data\historical\eurusd\EURUSD_M12.csv,6159013,.csv
backup_migrated\omnis_v1_data\historical\eurusd\EURUSD_M15.csv,6164579,.csv
backup_migrated\omnis_v1_data\historical\eurusd\EURUSD_M2.csv,6125200,.csv
backup_migrated\omnis_v1_data\historical\eurusd\EURUSD_M20.csv,6168649,.csv
backup_migrated\omnis_v1_data\historical\eurusd\EURUSD_M3.csv,6152950,.csv
backup_migrated\omnis_v1_data\historical\eurusd\EURUSD_M30.csv,6176712,.csv
backup_migrated\omnis_v1_data\historical\eurusd\EURUSD_M4.csv,6172169,.csv
backup_migrated\omnis_v1_data\historical\eurusd\EURUSD_M5.csv,6203808,.csv
backup_migrated\omnis_v1_data\historical\eurusd\EURUSD_M6.csv,6179605,.csv
backup_migrated\omnis_v1_data\historical\eurusd\EURUSD_MN1.csv,31129,.csv
backup_migrated\omnis_v1_data\historical\eurusd\EURUSD_W1.csv,132802,.csv
backup_migrated\omnis_v1_data\historical\gbpjpy\GBPJPY_D1.csv,250621,.csv
backup_migrated\omnis_v1_data\historical\gbpjpy\GBPJPY_H1.csv,981055,.csv
backup_migrated\omnis_v1_data\historical\gbpjpy\GBPJPY_H4.csv,441993,.csv
backup_migrated\omnis_v1_data\historical\gbpjpy\GBPJPY_M1.csv,6164239,.csv
backup_migrated\omnis_v1_data\historical\gbpjpy\GBPJPY_M15.csv,3127753,.csv
backup_migrated\omnis_v1_data\historical\gbpjpy\GBPJPY_M30.csv,1697126,.csv
backup_migrated\omnis_v1_data\historical\gbpjpy\GBPJPY_M5.csv,6164239,.csv
backup_migrated\omnis_v1_data\historical\gbpusd\GBPUSD_D1.csv,248902,.csv
backup_migrated\omnis_v1_data\historical\gbpusd\GBPUSD_H1.csv,971273,.csv
backup_migrated\omnis_v1_data\historical\gbpusd\GBPUSD_H4.csv,438655,.csv
backup_migrated\omnis_v1_data\historical\gbpusd\GBPUSD_M1.csv,6120290,.csv
backup_migrated\omnis_v1_data\historical\gbpusd\GBPUSD_M15.csv,3084913,.csv
backup_migrated\omnis_v1_data\historical\gbpusd\GBPUSD_M30.csv,1680147,.csv
backup_migrated\omnis_v1_data\historical\gbpusd\GBPUSD_M5.csv,6185795,.csv
backup_migrated\omnis_v1_data\historical\gold\GOLD_D1.csv,228709,.csv
backup_migrated\omnis_v1_data\historical\gold\GOLD_H1.csv,923667,.csv
backup_migrated\omnis_v1_data\historical\gold\GOLD_H4.csv,417325,.csv
backup_migrated\omnis_v1_data\historical\gold\GOLD_M1.csv,6172128,.csv
backup_migrated\omnis_v1_data\historical\gold\GOLD_M15.csv,2961738,.csv
backup_migrated\omnis_v1_data\historical\gold\GOLD_M30.csv,1603864,.csv
backup_migrated\omnis_v1_data\historical\gold\GOLD_M5.csv,6226709,.csv
backup_migrated\omnis_v1_data\historical\nzdusd\NZDUSD_D1.csv,247088,.csv
backup_migrated\omnis_v1_data\historical\nzdusd\NZDUSD_H1.csv,972518,.csv
backup_migrated\omnis_v1_data\historical\nzdusd\NZDUSD_H4.csv,436806,.csv
backup_migrated\omnis_v1_data\historical\nzdusd\NZDUSD_M1.csv,6095012,.csv
backup_migrated\omnis_v1_data\historical\nzdusd\NZDUSD_M15.csv,3085915,.csv
backup_migrated\omnis_v1_data\historical\nzdusd\NZDUSD_M30.csv,1679675,.csv
backup_migrated\omnis_v1_data\historical\nzdusd\NZDUSD_M5.csv,6176282,.csv
backup_migrated\omnis_v1_data\historical\usdcad\USDCAD_D1.csv,247584,.csv
backup_migrated\omnis_v1_data\historical\usdcad\USDCAD_H1.csv,970053,.csv
backup_migrated\omnis_v1_data\historical\usdcad\USDCAD_H4.csv,437088,.csv
backup_migrated\omnis_v1_data\historical\usdcad\USDCAD_M1.csv,6082319,.csv
backup_migrated\omnis_v1_data\historical\usdcad\USDCAD_M15.csv,3077257,.csv
backup_migrated\omnis_v1_data\historical\usdcad\USDCAD_M30.csv,1676850,.csv
backup_migrated\omnis_v1_data\historical\usdcad\USDCAD_M5.csv,6180702,.csv
backup_migrated\omnis_v1_data\historical\usdchf\USDCHF_D1.csv,247043,.csv
backup_migrated\omnis_v1_data\historical\usdchf\USDCHF_H1.csv,969512,.csv
backup_migrated\omnis_v1_data\historical\usdchf\USDCHF_H4.csv,436403,.csv
backup_migrated\omnis_v1_data\historical\usdchf\USDCHF_M1.csv,6104362,.csv
backup_migrated\omnis_v1_data\historical\usdchf\USDCHF_M15.csv,3074874,.csv
backup_migrated\omnis_v1_data\historical\usdchf\USDCHF_M30.csv,1674898,.csv
backup_migrated\omnis_v1_data\historical\usdchf\USDCHF_M5.csv,6178040,.csv
backup_migrated\omnis_v1_data\historical\usdjpy\USDJPY_D1.csv,243780,.csv
backup_migrated\omnis_v1_data\historical\usdjpy\USDJPY_H1.csv,965688,.csv
backup_migrated\omnis_v1_data\historical\usdjpy\USDJPY_H4.csv,433604,.csv
backup_migrated\omnis_v1_data\historical\usdjpy\USDJPY_M1.csv,6096539,.csv
backup_migrated\omnis_v1_data\historical\usdjpy\USDJPY_M15.csv,3082366,.csv
backup_migrated\omnis_v1_data\historical\usdjpy\USDJPY_M30.csv,1674508,.csv
backup_migrated\omnis_v1_data\historical\usdjpy\USDJPY_M5.csv,6175527,.csv
forex_m5_eurusd\csv\M5\eurusd.csv,23424079,.csv
forex_m5_eurusd\qlib_data_m5\calendars\5min.txt,6705762,.txt
forex_m5_eurusd\qlib_data_m5\features\eurusd\close.5min.bin,1277292,.bin
forex_m5_eurusd\qlib_data_m5\features\eurusd\decimals.5min.bin,1277292,.bin
forex_m5_eurusd\qlib_data_m5\features\eurusd\high.5min.bin,1277292,.bin
forex_m5_eurusd\qlib_data_m5\features\eurusd\low.5min.bin,1277292,.bin
forex_m5_eurusd\qlib_data_m5\features\eurusd\open.5min.bin,1277292,.bin
forex_m5_eurusd\qlib_data_m5\features\eurusd\point_value.5min.bin,1277292,.bin
forex_m5_eurusd\qlib_data_m5\features\eurusd\spread.5min.bin,1277292,.bin
forex_m5_eurusd\qlib_data_m5\features\eurusd\volume.5min.bin,1277292,.bin
forex_m5_eurusd\qlib_data_m5\instruments\all.txt,48,.txt
genesis_alpha\qlib_data\day\calendars\day.txt,15828,.txt
genesis_alpha\qlib_data\day\features\audjpy\close.day.bin,5280,.bin
genesis_alpha\qlib_data\day\features\audjpy\high.day.bin,5280,.bin
genesis_alpha\qlib_data\day\features\audjpy\low.day.bin,5280,.bin
genesis_alpha\qlib_data\day\features\audjpy\open.day.bin,5280,.bin
genesis_alpha\qlib_data\day\features\audjpy\volume.day.bin,5280,.bin
genesis_alpha\qlib_data\day\features\audusd\close.day.bin,5280,.bin
genesis_alpha\qlib_data\day\features\audusd\high.day.bin,5280,.bin
genesis_alpha\qlib_data\day\features\audusd\low.day.bin,5280,.bin
genesis_alpha\qlib_data\day\features\audusd\open.day.bin,5280,.bin
genesis_alpha\qlib_data\day\features\audusd\volume.day.bin,5280,.bin
genesis_alpha\qlib_data\day\features\chfjpy\close.day.bin,5280,.bin
genesis_alpha\qlib_data\day\features\chfjpy\high.day.bin,5280,.bin
genesis_alpha\qlib_data\day\features\chfjpy\low.day.bin,5280,.bin
genesis_alpha\qlib_data\day\features\chfjpy\open.day.bin,5280,.bin
genesis_alpha\qlib_data\day\features\chfjpy\volume.day.bin,5280,.bin
genesis_alpha\qlib_data\day\features\euraud\close.day.bin,5280,.bin
genesis_alpha\qlib_data\day\features\euraud\high.day.bin,5280,.bin
genesis_alpha\qlib_data\day\features\euraud\low.day.bin,5280,.bin
genesis_alpha\qlib_data\day\features\euraud\open.day.bin,5280,.bin
genesis_alpha\qlib_data\day\features\euraud\volume.day.bin,5280,.bin
genesis_alpha\qlib_data\day\features\eurcad\close.day.bin,5280,.bin
genesis_alpha\qlib_data\day\features\eurcad\high.day.bin,5280,.bin
genesis_alpha\qlib_data\day\features\eurcad\low.day.bin,5280,.bin
genesis_alpha\qlib_data\day\features\eurcad\open.day.bin,5280,.bin
genesis_alpha\qlib_data\day\features\eurcad\volume.day.bin,5280,.bin
genesis_alpha\qlib_data\day\features\eurgbp\close.day.bin,5280,.bin
genesis_alpha\qlib_data\day\features\eurgbp\high.day.bin,5280,.bin
genesis_alpha\qlib_data\day\features\eurgbp\low.day.bin,5280,.bin
genesis_alpha\qlib_data\day\features\eurgbp\open.day.bin,5280,.bin
genesis_alpha\qlib_data\day\features\eurgbp\volume.day.bin,5280,.bin
genesis_alpha\qlib_data\day\features\eurjpy\close.day.bin,5280,.bin
genesis_alpha\qlib_data\day\features\eurjpy\high.day.bin,5280,.bin
genesis_alpha\qlib_data\day\features\eurjpy\low.day.bin,5280,.bin
genesis_alpha\qlib_data\day\features\eurjpy\open.day.bin,5280,.bin
genesis_alpha\qlib_data\day\features\eurjpy\volume.day.bin,5280,.bin
genesis_alpha\qlib_data\day\features\eurmxn\close.day.bin,5280,.bin
genesis_alpha\qlib_data\day\features\eurmxn\high.day.bin,5280,.bin
genesis_alpha\qlib_data\day\features\eurmxn\low.day.bin,5280,.bin
genesis_alpha\qlib_data\day\features\eurmxn\open.day.bin,5280,.bin
genesis_alpha\qlib_data\day\features\eurmxn\volume.day.bin,5280,.bin
genesis_alpha\qlib_data\day\features\eurnok\close.day.bin,5280,.bin
genesis_alpha\qlib_data\day\features\eurnok\high.day.bin,5280,.bin
genesis_alpha\qlib_data\day\features\eurnok\low.day.bin,5280,.bin
genesis_alpha\qlib_data\day\features\eurnok\open.day.bin,5280,.bin
genesis_alpha\qlib_data\day\features\eurnok\volume.day.bin,5280,.bin
genesis_alpha\qlib_data\day\features\eursek\close.day.bin,5280,.bin
genesis_alpha\qlib_data\day\features\eursek\high.day.bin,5280,.bin
genesis_alpha\qlib_data\day\features\eursek\low.day.bin,5280,.bin
genesis_alpha\qlib_data\day\features\eursek\open.day.bin,5280,.bin
genesis_alpha\qlib_data\day\features\eursek\volume.day.bin,5280,.bin
genesis_alpha\qlib_data\day\features\eurusd\close.day.bin,5280,.bin
genesis_alpha\qlib_data\day\features\eurusd\high.day.bin,5280,.bin
genesis_alpha\qlib_data\day\features\eurusd\low.day.bin,5280,.bin
genesis_alpha\qlib_data\day\features\eurusd\open.day.bin,5280,.bin
genesis_alpha\qlib_data\day\features\eurusd\volume.day.bin,5280,.bin
genesis_alpha\qlib_data\day\features\gbpjpy\close.day.bin,5280,.bin
genesis_alpha\qlib_data\day\features\gbpjpy\high.day.bin,5280,.bin
genesis_alpha\qlib_data\day\features\gbpjpy\low.day.bin,5280,.bin
genesis_alpha\qlib_data\day\features\gbpjpy\open.day.bin,5280,.bin
genesis_alpha\qlib_data\day\features\gbpjpy\volume.day.bin,5280,.bin
genesis_alpha\qlib_data\day\features\gbpusd\close.day.bin,5280,.bin
genesis_alpha\qlib_data\day\features\gbpusd\high.day.bin,5280,.bin
genesis_alpha\qlib_data\day\features\gbpusd\low.day.bin,5280,.bin
genesis_alpha\qlib_data\day\features\gbpusd\open.day.bin,5280,.bin
genesis_alpha\qlib_data\day\features\gbpusd\volume.day.bin,5280,.bin
genesis_alpha\qlib_data\day\features\nzdusd\close.day.bin,5280,.bin
genesis_alpha\qlib_data\day\features\nzdusd\high.day.bin,5280,.bin
genesis_alpha\qlib_data\day\features\nzdusd\low.day.bin,5280,.bin
genesis_alpha\qlib_data\day\features\nzdusd\open.day.bin,5280,.bin
genesis_alpha\qlib_data\day\features\nzdusd\volume.day.bin,5280,.bin
genesis_alpha\qlib_data\day\features\usdcad\close.day.bin,5280,.bin
genesis_alpha\qlib_data\day\features\usdcad\high.day.bin,5280,.bin
genesis_alpha\qlib_data\day\features\usdcad\low.day.bin,5280,.bin
genesis_alpha\qlib_data\day\features\usdcad\open.day.bin,5280,.bin
genesis_alpha\qlib_data\day\features\usdcad\volume.day.bin,5280,.bin
genesis_alpha\qlib_data\day\features\usdchf\close.day.bin,5280,.bin
genesis_alpha\qlib_data\day\features\usdchf\high.day.bin,5280,.bin
genesis_alpha\qlib_data\day\features\usdchf\low.day.bin,5280,.bin
genesis_alpha\qlib_data\day\features\usdchf\open.day.bin,5280,.bin
genesis_alpha\qlib_data\day\features\usdchf\volume.day.bin,5280,.bin
genesis_alpha\qlib_data\day\features\usdhkd\close.day.bin,5280,.bin
genesis_alpha\qlib_data\day\features\usdhkd\high.day.bin,5280,.bin
genesis_alpha\qlib_data\day\features\usdhkd\low.day.bin,5280,.bin
genesis_alpha\qlib_data\day\features\usdhkd\open.day.bin,5280,.bin
genesis_alpha\qlib_data\day\features\usdhkd\volume.day.bin,5280,.bin
genesis_alpha\qlib_data\day\features\usdjpy\close.day.bin,5280,.bin
genesis_alpha\qlib_data\day\features\usdjpy\high.day.bin,5280,.bin
genesis_alpha\qlib_data\day\features\usdjpy\low.day.bin,5280,.bin
genesis_alpha\qlib_data\day\features\usdjpy\open.day.bin,5280,.bin
genesis_alpha\qlib_data\day\features\usdjpy\volume.day.bin,5280,.bin
genesis_alpha\qlib_data\day\features\usdmxn\close.day.bin,5280,.bin
genesis_alpha\qlib_data\day\features\usdmxn\high.day.bin,5280,.bin
genesis_alpha\qlib_data\day\features\usdmxn\low.day.bin,5280,.bin
genesis_alpha\qlib_data\day\features\usdmxn\open.day.bin,5280,.bin
genesis_alpha\qlib_data\day\features\usdmxn\volume.day.bin,5280,.bin
genesis_alpha\qlib_data\day\features\usdnok\close.day.bin,5280,.bin
genesis_alpha\qlib_data\day\features\usdnok\high.day.bin,5280,.bin
genesis_alpha\qlib_data\day\features\usdnok\low.day.bin,5280,.bin
genesis_alpha\qlib_data\day\features\usdnok\open.day.bin,5280,.bin
genesis_alpha\qlib_data\day\features\usdnok\volume.day.bin,5280,.bin
genesis_alpha\qlib_data\day\features\usdpln\close.day.bin,5280,.bin
genesis_alpha\qlib_data\day\features\usdpln\high.day.bin,5280,.bin
genesis_alpha\qlib_data\day\features\usdpln\low.day.bin,5280,.bin
genesis_alpha\qlib_data\day\features\usdpln\open.day.bin,5280,.bin
genesis_alpha\qlib_data\day\features\usdpln\volume.day.bin,5280,.bin
genesis_alpha\qlib_data\day\features\usdsek\close.day.bin,5280,.bin
genesis_alpha\qlib_data\day\features\usdsek\high.day.bin,5280,.bin
genesis_alpha\qlib_data\day\features\usdsek\low.day.bin,5280,.bin
genesis_alpha\qlib_data\day\features\usdsek\open.day.bin,5280,.bin
genesis_alpha\qlib_data\day\features\usdsek\volume.day.bin,5280,.bin
genesis_alpha\qlib_data\day\features\usdsgd\close.day.bin,5280,.bin
genesis_alpha\qlib_data\day\features\usdsgd\high.day.bin,5280,.bin
genesis_alpha\qlib_data\day\features\usdsgd\low.day.bin,5280,.bin
genesis_alpha\qlib_data\day\features\usdsgd\open.day.bin,5280,.bin
genesis_alpha\qlib_data\day\features\usdsgd\volume.day.bin,5280,.bin
genesis_alpha\qlib_data\day\instruments\all.txt,690,.txt
genesis_alpha\qlib_data\FUSED\calendars\15min.txt,2205504,.txt
genesis_alpha\qlib_data\FUSED\features\audjpy\dist_ema_d1.15min.bin,420100,.bin
genesis_alpha\qlib_data\FUSED\features\audjpy\dist_ema_h1.15min.bin,420100,.bin
genesis_alpha\qlib_data\FUSED\features\audjpy\dist_ema_m15.15min.bin,420100,.bin
genesis_alpha\qlib_data\FUSED\features\audjpy\range_d1.15min.bin,420100,.bin
genesis_alpha\qlib_data\FUSED\features\audjpy\range_h1.15min.bin,420100,.bin
genesis_alpha\qlib_data\FUSED\features\audjpy\range_m15.15min.bin,420100,.bin
genesis_alpha\qlib_data\FUSED\features\audjpy\ret_d1.15min.bin,420100,.bin
genesis_alpha\qlib_data\FUSED\features\audjpy\ret_h1.15min.bin,420100,.bin
genesis_alpha\qlib_data\FUSED\features\audjpy\ret_m15.15min.bin,420100,.bin
genesis_alpha\qlib_data\FUSED\features\audjpy\rsi_d1.15min.bin,420100,.bin
genesis_alpha\qlib_data\FUSED\features\audjpy\rsi_h1.15min.bin,420100,.bin
genesis_alpha\qlib_data\FUSED\features\audjpy\rsi_m15.15min.bin,420100,.bin
genesis_alpha\qlib_data\FUSED\features\audjpy\trend_alignment.15min.bin,420100,.bin
genesis_alpha\qlib_data\FUSED\features\audusd\dist_ema_d1.15min.bin,420100,.bin
genesis_alpha\qlib_data\FUSED\features\audusd\dist_ema_h1.15min.bin,420100,.bin
genesis_alpha\qlib_data\FUSED\features\audusd\dist_ema_m15.15min.bin,420100,.bin
genesis_alpha\qlib_data\FUSED\features\audusd\range_d1.15min.bin,420100,.bin
genesis_alpha\qlib_data\FUSED\features\audusd\range_h1.15min.bin,420100,.bin
genesis_alpha\qlib_data\FUSED\features\audusd\range_m15.15min.bin,420100,.bin
genesis_alpha\qlib_data\FUSED\features\audusd\ret_d1.15min.bin,420100,.bin
genesis_alpha\qlib_data\FUSED\features\audusd\ret_h1.15min.bin,420100,.bin
genesis_alpha\qlib_data\FUSED\features\audusd\ret_m15.15min.bin,420100,.bin
genesis_alpha\qlib_data\FUSED\features\audusd\rsi_d1.15min.bin,420100,.bin
genesis_alpha\qlib_data\FUSED\features\audusd\rsi_h1.15min.bin,420100,.bin
genesis_alpha\qlib_data\FUSED\features\audusd\rsi_m15.15min.bin,420100,.bin
genesis_alpha\qlib_data\FUSED\features\audusd\trend_alignment.15min.bin,420100,.bin
genesis_alpha\qlib_data\FUSED\features\chfjpy\dist_ema_d1.15min.bin,420100,.bin
genesis_alpha\qlib_data\FUSED\features\chfjpy\dist_ema_h1.15min.bin,420100,.bin
genesis_alpha\qlib_data\FUSED\features\chfjpy\dist_ema_m15.15min.bin,420100,.bin
genesis_alpha\qlib_data\FUSED\features\chfjpy\range_d1.15min.bin,420100,.bin
genesis_alpha\qlib_data\FUSED\features\chfjpy\range_h1.15min.bin,420100,.bin
genesis_alpha\qlib_data\FUSED\features\chfjpy\range_m15.15min.bin,420100,.bin
genesis_alpha\qlib_data\FUSED\features\chfjpy\ret_d1.15min.bin,420100,.bin
genesis_alpha\qlib_data\FUSED\features\chfjpy\ret_h1.15min.bin,420100,.bin
genesis_alpha\qlib_data\FUSED\features\chfjpy\ret_m15.15min.bin,420100,.bin
genesis_alpha\qlib_data\FUSED\features\chfjpy\rsi_d1.15min.bin,420100,.bin
genesis_alpha\qlib_data\FUSED\features\chfjpy\rsi_h1.15min.bin,420100,.bin
genesis_alpha\qlib_data\FUSED\features\chfjpy\rsi_m15.15min.bin,420100,.bin
genesis_alpha\qlib_data\FUSED\features\chfjpy\trend_alignment.15min.bin,420100,.bin
genesis_alpha\qlib_data\FUSED\features\euraud\dist_ema_d1.15min.bin,420100,.bin
genesis_alpha\qlib_data\FUSED\features\euraud\dist_ema_h1.15min.bin,420100,.bin
genesis_alpha\qlib_data\FUSED\features\euraud\dist_ema_m15.15min.bin,420100,.bin
genesis_alpha\qlib_data\FUSED\features\euraud\range_d1.15min.bin,420100,.bin
genesis_alpha\qlib_data\FUSED\features\euraud\range_h1.15min.bin,420100,.bin
genesis_alpha\qlib_data\FUSED\features\euraud\range_m15.15min.bin,420100,.bin
genesis_alpha\qlib_data\FUSED\features\euraud\ret_d1.15min.bin,420100,.bin
genesis_alpha\qlib_data\FUSED\features\euraud\ret_h1.15min.bin,420100,.bin
genesis_alpha\qlib_data\FUSED\features\euraud\ret_m15.15min.bin,420100,.bin
genesis_alpha\qlib_data\FUSED\features\euraud\rsi_d1.15min.bin,420100,.bin
genesis_alpha\qlib_data\FUSED\features\euraud\rsi_h1.15min.bin,420100,.bin
genesis_alpha\qlib_data\FUSED\features\euraud\rsi_m15.15min.bin,420100,.bin
genesis_alpha\qlib_data\FUSED\features\euraud\trend_alignment.15min.bin,420100,.bin
genesis_alpha\qlib_data\FUSED\features\eurcad\dist_ema_d1.15min.bin,420100,.bin
genesis_alpha\qlib_data\FUSED\features\eurcad\dist_ema_h1.15min.bin,420100,.bin
genesis_alpha\qlib_data\FUSED\features\eurcad\dist_ema_m15.15min.bin,420100,.bin
genesis_alpha\qlib_data\FUSED\features\eurcad\range_d1.15min.bin,420100,.bin
genesis_alpha\qlib_data\FUSED\features\eurcad\range_h1.15min.bin,420100,.bin
genesis_alpha\qlib_data\FUSED\features\eurcad\range_m15.15min.bin,420100,.bin
genesis_alpha\qlib_data\FUSED\features\eurcad\ret_d1.15min.bin,420100,.bin
genesis_alpha\qlib_data\FUSED\features\eurcad\ret_h1.15min.bin,420100,.bin
genesis_alpha\qlib_data\FUSED\features\eurcad\ret_m15.15min.bin,420100,.bin
genesis_alpha\qlib_data\FUSED\features\eurcad\rsi_d1.15min.bin,420100,.bin
genesis_alpha\qlib_data\FUSED\features\eurcad\rsi_h1.15min.bin,420100,.bin
genesis_alpha\qlib_data\FUSED\features\eurcad\rsi_m15.15min.bin,420100,.bin
genesis_alpha\qlib_data\FUSED\features\eurcad\trend_alignment.15min.bin,420100,.bin
genesis_alpha\qlib_data\FUSED\features\eurgbp\dist_ema_d1.15min.bin,420100,.bin
genesis_alpha\qlib_data\FUSED\features\eurgbp\dist_ema_h1.15min.bin,420100,.bin
genesis_alpha\qlib_data\FUSED\features\eurgbp\dist_ema_m15.15min.bin,420100,.bin
genesis_alpha\qlib_data\FUSED\features\eurgbp\range_d1.15min.bin,420100,.bin
genesis_alpha\qlib_data\FUSED\features\eurgbp\range_h1.15min.bin,420100,.bin
genesis_alpha\qlib_data\FUSED\features\eurgbp\range_m15.15min.bin,420100,.bin
genesis_alpha\qlib_data\FUSED\features\eurgbp\ret_d1.15min.bin,420100,.bin
genesis_alpha\qlib_data\FUSED\features\eurgbp\ret_h1.15min.bin,420100,.bin
genesis_alpha\qlib_data\FUSED\features\eurgbp\ret_m15.15min.bin,420100,.bin
genesis_alpha\qlib_data\FUSED\features\eurgbp\rsi_d1.15min.bin,420100,.bin
genesis_alpha\qlib_data\FUSED\features\eurgbp\rsi_h1.15min.bin,420100,.bin
genesis_alpha\qlib_data\FUSED\features\eurgbp\rsi_m15.15min.bin,420100,.bin
genesis_alpha\qlib_data\FUSED\features\eurgbp\trend_alignment.15min.bin,420100,.bin
genesis_alpha\qlib_data\FUSED\features\eurjpy\dist_ema_d1.15min.bin,420092,.bin
genesis_alpha\qlib_data\FUSED\features\eurjpy\dist_ema_h1.15min.bin,420092,.bin
genesis_alpha\qlib_data\FUSED\features\eurjpy\dist_ema_m15.15min.bin,420092,.bin
genesis_alpha\qlib_data\FUSED\features\eurjpy\range_d1.15min.bin,420092,.bin
genesis_alpha\qlib_data\FUSED\features\eurjpy\range_h1.15min.bin,420092,.bin
genesis_alpha\qlib_data\FUSED\features\eurjpy\range_m15.15min.bin,420092,.bin
genesis_alpha\qlib_data\FUSED\features\eurjpy\ret_d1.15min.bin,420092,.bin
genesis_alpha\qlib_data\FUSED\features\eurjpy\ret_h1.15min.bin,420092,.bin
genesis_alpha\qlib_data\FUSED\features\eurjpy\ret_m15.15min.bin,420092,.bin
genesis_alpha\qlib_data\FUSED\features\eurjpy\rsi_d1.15min.bin,420092,.bin
genesis_alpha\qlib_data\FUSED\features\eurjpy\rsi_h1.15min.bin,420092,.bin
genesis_alpha\qlib_data\FUSED\features\eurjpy\rsi_m15.15min.bin,420092,.bin
genesis_alpha\qlib_data\FUSED\features\eurjpy\trend_alignment.15min.bin,420092,.bin
genesis_alpha\qlib_data\FUSED\features\eurmxn\dist_ema_d1.15min.bin,420100,.bin
genesis_alpha\qlib_data\FUSED\features\eurmxn\dist_ema_h1.15min.bin,420100,.bin
genesis_alpha\qlib_data\FUSED\features\eurmxn\dist_ema_m15.15min.bin,420100,.bin
genesis_alpha\qlib_data\FUSED\features\eurmxn\range_d1.15min.bin,420100,.bin
genesis_alpha\qlib_data\FUSED\features\eurmxn\range_h1.15min.bin,420100,.bin
genesis_alpha\qlib_data\FUSED\features\eurmxn\range_m15.15min.bin,420100,.bin
genesis_alpha\qlib_data\FUSED\features\eurmxn\ret_d1.15min.bin,420100,.bin
genesis_alpha\qlib_data\FUSED\features\eurmxn\ret_h1.15min.bin,420100,.bin
genesis_alpha\qlib_data\FUSED\features\eurmxn\ret_m15.15min.bin,420100,.bin
genesis_alpha\qlib_data\FUSED\features\eurmxn\rsi_d1.15min.bin,420100,.bin
genesis_alpha\qlib_data\FUSED\features\eurmxn\rsi_h1.15min.bin,420100,.bin
genesis_alpha\qlib_data\FUSED\features\eurmxn\rsi_m15.15min.bin,420100,.bin
genesis_alpha\qlib_data\FUSED\features\eurmxn\trend_alignment.15min.bin,420100,.bin
genesis_alpha\qlib_data\FUSED\features\eurnok\dist_ema_d1.15min.bin,420100,.bin
genesis_alpha\qlib_data\FUSED\features\eurnok\dist_ema_h1.15min.bin,420100,.bin
genesis_alpha\qlib_data\FUSED\features\eurnok\dist_ema_m15.15min.bin,420100,.bin
genesis_alpha\qlib_data\FUSED\features\eurnok\range_d1.15min.bin,420100,.bin
genesis_alpha\qlib_data\FUSED\features\eurnok\range_h1.15min.bin,420100,.bin
genesis_alpha\qlib_data\FUSED\features\eurnok\range_m15.15min.bin,420100,.bin
genesis_alpha\qlib_data\FUSED\features\eurnok\ret_d1.15min.bin,420100,.bin
genesis_alpha\qlib_data\FUSED\features\eurnok\ret_h1.15min.bin,420100,.bin
genesis_alpha\qlib_data\FUSED\features\eurnok\ret_m15.15min.bin,420100,.bin
genesis_alpha\qlib_data\FUSED\features\eurnok\rsi_d1.15min.bin,420100,.bin
genesis_alpha\qlib_data\FUSED\features\eurnok\rsi_h1.15min.bin,420100,.bin
genesis_alpha\qlib_data\FUSED\features\eurnok\rsi_m15.15min.bin,420100,.bin
genesis_alpha\qlib_data\FUSED\features\eurnok\trend_alignment.15min.bin,420100,.bin
genesis_alpha\qlib_data\FUSED\features\eursek\dist_ema_d1.15min.bin,420100,.bin
genesis_alpha\qlib_data\FUSED\features\eursek\dist_ema_h1.15min.bin,420100,.bin
genesis_alpha\qlib_data\FUSED\features\eursek\dist_ema_m15.15min.bin,420100,.bin
genesis_alpha\qlib_data\FUSED\features\eursek\range_d1.15min.bin,420100,.bin
genesis_alpha\qlib_data\FUSED\features\eursek\range_h1.15min.bin,420100,.bin
genesis_alpha\qlib_data\FUSED\features\eursek\range_m15.15min.bin,420100,.bin
genesis_alpha\qlib_data\FUSED\features\eursek\ret_d1.15min.bin,420100,.bin
genesis_alpha\qlib_data\FUSED\features\eursek\ret_h1.15min.bin,420100,.bin
genesis_alpha\qlib_data\FUSED\features\eursek\ret_m15.15min.bin,420100,.bin
genesis_alpha\qlib_data\FUSED\features\eursek\rsi_d1.15min.bin,420100,.bin
genesis_alpha\qlib_data\FUSED\features\eursek\rsi_h1.15min.bin,420100,.bin
genesis_alpha\qlib_data\FUSED\features\eursek\rsi_m15.15min.bin,420100,.bin
genesis_alpha\qlib_data\FUSED\features\eursek\trend_alignment.15min.bin,420100,.bin
genesis_alpha\qlib_data\FUSED\features\eurusd\dist_ema_d1.15min.bin,420100,.bin
genesis_alpha\qlib_data\FUSED\features\eurusd\dist_ema_h1.15min.bin,420100,.bin
genesis_alpha\qlib_data\FUSED\features\eurusd\dist_ema_m15.15min.bin,420100,.bin
genesis_alpha\qlib_data\FUSED\features\eurusd\range_d1.15min.bin,420100,.bin
genesis_alpha\qlib_data\FUSED\features\eurusd\range_h1.15min.bin,420100,.bin
genesis_alpha\qlib_data\FUSED\features\eurusd\range_m15.15min.bin,0,.bin
genesis_alpha\qlib_data\FUSED\features\eurusd\ret_d1.15min.bin,420100,.bin
genesis_alpha\qlib_data\FUSED\features\eurusd\ret_h1.15min.bin,0,.bin
genesis_alpha\qlib_data\FUSED\features\eurusd\ret_m15.15min.bin,420100,.bin
genesis_alpha\qlib_data\FUSED\features\eurusd\rsi_d1.15min.bin,420100,.bin
genesis_alpha\qlib_data\FUSED\features\eurusd\rsi_h1.15min.bin,0,.bin
genesis_alpha\qlib_data\FUSED\features\eurusd\rsi_m15.15min.bin,420100,.bin
genesis_alpha\qlib_data\FUSED\features\eurusd\trend_alignment.15min.bin,420100,.bin
genesis_alpha\qlib_data\FUSED\features\gbpjpy\dist_ema_d1.15min.bin,420100,.bin
genesis_alpha\qlib_data\FUSED\features\gbpjpy\dist_ema_h1.15min.bin,420100,.bin
genesis_alpha\qlib_data\FUSED\features\gbpjpy\dist_ema_m15.15min.bin,420100,.bin
genesis_alpha\qlib_data\FUSED\features\gbpjpy\range_d1.15min.bin,420100,.bin
genesis_alpha\qlib_data\FUSED\features\gbpjpy\range_h1.15min.bin,420100,.bin
genesis_alpha\qlib_data\FUSED\features\gbpjpy\range_m15.15min.bin,420100,.bin
genesis_alpha\qlib_data\FUSED\features\gbpjpy\ret_d1.15min.bin,420100,.bin
genesis_alpha\qlib_data\FUSED\features\gbpjpy\ret_h1.15min.bin,420100,.bin
genesis_alpha\qlib_data\FUSED\features\gbpjpy\ret_m15.15min.bin,420100,.bin
genesis_alpha\qlib_data\FUSED\features\gbpjpy\rsi_d1.15min.bin,420100,.bin
genesis_alpha\qlib_data\FUSED\features\gbpjpy\rsi_h1.15min.bin,420100,.bin
genesis_alpha\qlib_data\FUSED\features\gbpjpy\rsi_m15.15min.bin,420100,.bin
genesis_alpha\qlib_data\FUSED\features\gbpjpy\trend_alignment.15min.bin,420100,.bin
genesis_alpha\qlib_data\FUSED\features\gbpusd\dist_ema_d1.15min.bin,420100,.bin
genesis_alpha\qlib_data\FUSED\features\gbpusd\dist_ema_h1.15min.bin,420100,.bin
genesis_alpha\qlib_data\FUSED\features\gbpusd\dist_ema_m15.15min.bin,420100,.bin
genesis_alpha\qlib_data\FUSED\features\gbpusd\range_d1.15min.bin,420100,.bin
genesis_alpha\qlib_data\FUSED\features\gbpusd\range_h1.15min.bin,420100,.bin
genesis_alpha\qlib_data\FUSED\features\gbpusd\range_m15.15min.bin,420100,.bin
genesis_alpha\qlib_data\FUSED\features\gbpusd\ret_d1.15min.bin,420100,.bin
genesis_alpha\qlib_data\FUSED\features\gbpusd\ret_h1.15min.bin,420100,.bin
genesis_alpha\qlib_data\FUSED\features\gbpusd\ret_m15.15min.bin,420100,.bin
genesis_alpha\qlib_data\FUSED\features\gbpusd\rsi_d1.15min.bin,420100,.bin
genesis_alpha\qlib_data\FUSED\features\gbpusd\rsi_h1.15min.bin,420100,.bin
genesis_alpha\qlib_data\FUSED\features\gbpusd\rsi_m15.15min.bin,420100,.bin
genesis_alpha\qlib_data\FUSED\features\gbpusd\trend_alignment.15min.bin,420100,.bin
genesis_alpha\qlib_data\FUSED\features\nzdusd\dist_ema_d1.15min.bin,420096,.bin
genesis_alpha\qlib_data\FUSED\features\nzdusd\dist_ema_h1.15min.bin,420096,.bin
genesis_alpha\qlib_data\FUSED\features\nzdusd\dist_ema_m15.15min.bin,420096,.bin
genesis_alpha\qlib_data\FUSED\features\nzdusd\range_d1.15min.bin,420096,.bin
genesis_alpha\qlib_data\FUSED\features\nzdusd\range_h1.15min.bin,420096,.bin
genesis_alpha\qlib_data\FUSED\features\nzdusd\range_m15.15min.bin,420096,.bin
genesis_alpha\qlib_data\FUSED\features\nzdusd\ret_d1.15min.bin,420096,.bin
genesis_alpha\qlib_data\FUSED\features\nzdusd\ret_h1.15min.bin,420096,.bin
genesis_alpha\qlib_data\FUSED\features\nzdusd\ret_m15.15min.bin,420096,.bin
genesis_alpha\qlib_data\FUSED\features\nzdusd\rsi_d1.15min.bin,420096,.bin
genesis_alpha\qlib_data\FUSED\features\nzdusd\rsi_h1.15min.bin,420096,.bin
genesis_alpha\qlib_data\FUSED\features\nzdusd\rsi_m15.15min.bin,420096,.bin
genesis_alpha\qlib_data\FUSED\features\nzdusd\trend_alignment.15min.bin,420096,.bin
genesis_alpha\qlib_data\FUSED\features\usdcad\dist_ema_d1.15min.bin,420100,.bin
genesis_alpha\qlib_data\FUSED\features\usdcad\dist_ema_h1.15min.bin,420100,.bin
genesis_alpha\qlib_data\FUSED\features\usdcad\dist_ema_m15.15min.bin,420100,.bin
genesis_alpha\qlib_data\FUSED\features\usdcad\range_d1.15min.bin,0,.bin
genesis_alpha\qlib_data\FUSED\features\usdcad\range_h1.15min.bin,420100,.bin
genesis_alpha\qlib_data\FUSED\features\usdcad\range_m15.15min.bin,420100,.bin
genesis_alpha\qlib_data\FUSED\features\usdcad\ret_d1.15min.bin,420100,.bin
genesis_alpha\qlib_data\FUSED\features\usdcad\ret_h1.15min.bin,420100,.bin
genesis_alpha\qlib_data\FUSED\features\usdcad\ret_m15.15min.bin,420100,.bin
genesis_alpha\qlib_data\FUSED\features\usdcad\rsi_d1.15min.bin,420100,.bin
genesis_alpha\qlib_data\FUSED\features\usdcad\rsi_h1.15min.bin,420100,.bin
genesis_alpha\qlib_data\FUSED\features\usdcad\rsi_m15.15min.bin,420100,.bin
genesis_alpha\qlib_data\FUSED\features\usdcad\trend_alignment.15min.bin,420100,.bin
genesis_alpha\qlib_data\FUSED\features\usdchf\dist_ema_d1.15min.bin,420100,.bin
genesis_alpha\qlib_data\FUSED\features\usdchf\dist_ema_h1.15min.bin,420100,.bin
genesis_alpha\qlib_data\FUSED\features\usdchf\dist_ema_m15.15min.bin,420100,.bin
genesis_alpha\qlib_data\FUSED\features\usdchf\range_d1.15min.bin,420100,.bin
genesis_alpha\qlib_data\FUSED\features\usdchf\range_h1.15min.bin,420100,.bin
genesis_alpha\qlib_data\FUSED\features\usdchf\range_m15.15min.bin,420100,.bin
genesis_alpha\qlib_data\FUSED\features\usdchf\ret_d1.15min.bin,420100,.bin
genesis_alpha\qlib_data\FUSED\features\usdchf\ret_h1.15min.bin,420100,.bin
genesis_alpha\qlib_data\FUSED\features\usdchf\ret_m15.15min.bin,420100,.bin
genesis_alpha\qlib_data\FUSED\features\usdchf\rsi_d1.15min.bin,420100,.bin
genesis_alpha\qlib_data\FUSED\features\usdchf\rsi_h1.15min.bin,420100,.bin
genesis_alpha\qlib_data\FUSED\features\usdchf\rsi_m15.15min.bin,420100,.bin
genesis_alpha\qlib_data\FUSED\features\usdchf\trend_alignment.15min.bin,420100,.bin
genesis_alpha\qlib_data\FUSED\features\usdhkd\dist_ema_d1.15min.bin,420100,.bin
genesis_alpha\qlib_data\FUSED\features\usdhkd\dist_ema_h1.15min.bin,420100,.bin
genesis_alpha\qlib_data\FUSED\features\usdhkd\dist_ema_m15.15min.bin,420100,.bin
genesis_alpha\qlib_data\FUSED\features\usdhkd\range_d1.15min.bin,420100,.bin
genesis_alpha\qlib_data\FUSED\features\usdhkd\range_h1.15min.bin,420100,.bin
genesis_alpha\qlib_data\FUSED\features\usdhkd\range_m15.15min.bin,420100,.bin
genesis_alpha\qlib_data\FUSED\features\usdhkd\ret_d1.15min.bin,420100,.bin
genesis_alpha\qlib_data\FUSED\features\usdhkd\ret_h1.15min.bin,420100,.bin
genesis_alpha\qlib_data\FUSED\features\usdhkd\ret_m15.15min.bin,420100,.bin
genesis_alpha\qlib_data\FUSED\features\usdhkd\rsi_d1.15min.bin,420100,.bin
genesis_alpha\qlib_data\FUSED\features\usdhkd\rsi_h1.15min.bin,420100,.bin
genesis_alpha\qlib_data\FUSED\features\usdhkd\rsi_m15.15min.bin,420100,.bin
genesis_alpha\qlib_data\FUSED\features\usdhkd\trend_alignment.15min.bin,420100,.bin
genesis_alpha\qlib_data\FUSED\features\usdjpy\dist_ema_d1.15min.bin,420100,.bin
genesis_alpha\qlib_data\FUSED\features\usdjpy\dist_ema_h1.15min.bin,420100,.bin
genesis_alpha\qlib_data\FUSED\features\usdjpy\dist_ema_m15.15min.bin,420100,.bin
genesis_alpha\qlib_data\FUSED\features\usdjpy\range_d1.15min.bin,420100,.bin
genesis_alpha\qlib_data\FUSED\features\usdjpy\range_h1.15min.bin,420100,.bin
genesis_alpha\qlib_data\FUSED\features\usdjpy\range_m15.15min.bin,420100,.bin
genesis_alpha\qlib_data\FUSED\features\usdjpy\ret_d1.15min.bin,420100,.bin
genesis_alpha\qlib_data\FUSED\features\usdjpy\ret_h1.15min.bin,420100,.bin
genesis_alpha\qlib_data\FUSED\features\usdjpy\ret_m15.15min.bin,420100,.bin
genesis_alpha\qlib_data\FUSED\features\usdjpy\rsi_d1.15min.bin,420100,.bin
genesis_alpha\qlib_data\FUSED\features\usdjpy\rsi_h1.15min.bin,420100,.bin
genesis_alpha\qlib_data\FUSED\features\usdjpy\rsi_m15.15min.bin,420100,.bin
genesis_alpha\qlib_data\FUSED\features\usdjpy\trend_alignment.15min.bin,420100,.bin
genesis_alpha\qlib_data\FUSED\features\usdmxn\dist_ema_d1.15min.bin,420100,.bin
genesis_alpha\qlib_data\FUSED\features\usdmxn\dist_ema_h1.15min.bin,420100,.bin
genesis_alpha\qlib_data\FUSED\features\usdmxn\dist_ema_m15.15min.bin,420100,.bin
genesis_alpha\qlib_data\FUSED\features\usdmxn\range_d1.15min.bin,420100,.bin
genesis_alpha\qlib_data\FUSED\features\usdmxn\range_h1.15min.bin,420100,.bin
genesis_alpha\qlib_data\FUSED\features\usdmxn\range_m15.15min.bin,420100,.bin
genesis_alpha\qlib_data\FUSED\features\usdmxn\ret_d1.15min.bin,420100,.bin
genesis_alpha\qlib_data\FUSED\features\usdmxn\ret_h1.15min.bin,420100,.bin
genesis_alpha\qlib_data\FUSED\features\usdmxn\ret_m15.15min.bin,420100,.bin
genesis_alpha\qlib_data\FUSED\features\usdmxn\rsi_d1.15min.bin,420100,.bin
genesis_alpha\qlib_data\FUSED\features\usdmxn\rsi_h1.15min.bin,420100,.bin
genesis_alpha\qlib_data\FUSED\features\usdmxn\rsi_m15.15min.bin,420100,.bin
genesis_alpha\qlib_data\FUSED\features\usdmxn\trend_alignment.15min.bin,420100,.bin
genesis_alpha\qlib_data\FUSED\features\usdnok\dist_ema_d1.15min.bin,420100,.bin
genesis_alpha\qlib_data\FUSED\features\usdnok\dist_ema_h1.15min.bin,420100,.bin
genesis_alpha\qlib_data\FUSED\features\usdnok\dist_ema_m15.15min.bin,420100,.bin
genesis_alpha\qlib_data\FUSED\features\usdnok\range_d1.15min.bin,420100,.bin
genesis_alpha\qlib_data\FUSED\features\usdnok\range_h1.15min.bin,420100,.bin
genesis_alpha\qlib_data\FUSED\features\usdnok\range_m15.15min.bin,420100,.bin
genesis_alpha\qlib_data\FUSED\features\usdnok\ret_d1.15min.bin,420100,.bin
genesis_alpha\qlib_data\FUSED\features\usdnok\ret_h1.15min.bin,420100,.bin
genesis_alpha\qlib_data\FUSED\features\usdnok\ret_m15.15min.bin,420100,.bin
genesis_alpha\qlib_data\FUSED\features\usdnok\rsi_d1.15min.bin,420100,.bin
genesis_alpha\qlib_data\FUSED\features\usdnok\rsi_h1.15min.bin,420100,.bin
genesis_alpha\qlib_data\FUSED\features\usdnok\rsi_m15.15min.bin,420100,.bin
genesis_alpha\qlib_data\FUSED\features\usdnok\trend_alignment.15min.bin,420100,.bin
genesis_alpha\qlib_data\FUSED\features\usdpln\dist_ema_d1.15min.bin,420100,.bin
genesis_alpha\qlib_data\FUSED\features\usdpln\dist_ema_h1.15min.bin,420100,.bin
genesis_alpha\qlib_data\FUSED\features\usdpln\dist_ema_m15.15min.bin,420100,.bin
genesis_alpha\qlib_data\FUSED\features\usdpln\range_d1.15min.bin,420100,.bin
genesis_alpha\qlib_data\FUSED\features\usdpln\range_h1.15min.bin,420100,.bin
genesis_alpha\qlib_data\FUSED\features\usdpln\range_m15.15min.bin,420100,.bin
genesis_alpha\qlib_data\FUSED\features\usdpln\ret_d1.15min.bin,420100,.bin
genesis_alpha\qlib_data\FUSED\features\usdpln\ret_h1.15min.bin,420100,.bin
genesis_alpha\qlib_data\FUSED\features\usdpln\ret_m15.15min.bin,420100,.bin
genesis_alpha\qlib_data\FUSED\features\usdpln\rsi_d1.15min.bin,420100,.bin
genesis_alpha\qlib_data\FUSED\features\usdpln\rsi_h1.15min.bin,420100,.bin
genesis_alpha\qlib_data\FUSED\features\usdpln\rsi_m15.15min.bin,420100,.bin
genesis_alpha\qlib_data\FUSED\features\usdpln\trend_alignment.15min.bin,420100,.bin
genesis_alpha\qlib_data\FUSED\features\usdsek\dist_ema_d1.15min.bin,420100,.bin
genesis_alpha\qlib_data\FUSED\features\usdsek\dist_ema_h1.15min.bin,420100,.bin
genesis_alpha\qlib_data\FUSED\features\usdsek\dist_ema_m15.15min.bin,420100,.bin
genesis_alpha\qlib_data\FUSED\features\usdsek\range_d1.15min.bin,420100,.bin
genesis_alpha\qlib_data\FUSED\features\usdsek\range_h1.15min.bin,420100,.bin
genesis_alpha\qlib_data\FUSED\features\usdsek\range_m15.15min.bin,420100,.bin
genesis_alpha\qlib_data\FUSED\features\usdsek\ret_d1.15min.bin,420100,.bin
genesis_alpha\qlib_data\FUSED\features\usdsek\ret_h1.15min.bin,420100,.bin
genesis_alpha\qlib_data\FUSED\features\usdsek\ret_m15.15min.bin,420100,.bin
genesis_alpha\qlib_data\FUSED\features\usdsek\rsi_d1.15min.bin,420100,.bin
genesis_alpha\qlib_data\FUSED\features\usdsek\rsi_h1.15min.bin,420100,.bin
genesis_alpha\qlib_data\FUSED\features\usdsek\rsi_m15.15min.bin,420100,.bin
genesis_alpha\qlib_data\FUSED\features\usdsek\trend_alignment.15min.bin,420100,.bin
genesis_alpha\qlib_data\FUSED\features\usdsgd\dist_ema_d1.15min.bin,420100,.bin
genesis_alpha\qlib_data\FUSED\features\usdsgd\dist_ema_h1.15min.bin,420100,.bin
genesis_alpha\qlib_data\FUSED\features\usdsgd\dist_ema_m15.15min.bin,420100,.bin
genesis_alpha\qlib_data\FUSED\features\usdsgd\range_d1.15min.bin,420100,.bin
genesis_alpha\qlib_data\FUSED\features\usdsgd\range_h1.15min.bin,420100,.bin
genesis_alpha\qlib_data\FUSED\features\usdsgd\range_m15.15min.bin,420100,.bin
genesis_alpha\qlib_data\FUSED\features\usdsgd\ret_d1.15min.bin,420100,.bin
genesis_alpha\qlib_data\FUSED\features\usdsgd\ret_h1.15min.bin,420100,.bin
genesis_alpha\qlib_data\FUSED\features\usdsgd\ret_m15.15min.bin,420100,.bin
genesis_alpha\qlib_data\FUSED\features\usdsgd\rsi_d1.15min.bin,420100,.bin
genesis_alpha\qlib_data\FUSED\features\usdsgd\rsi_h1.15min.bin,420100,.bin
genesis_alpha\qlib_data\FUSED\features\usdsgd\rsi_m15.15min.bin,420100,.bin
genesis_alpha\qlib_data\FUSED\features\usdsgd\trend_alignment.15min.bin,420100,.bin
genesis_alpha\qlib_data\FUSED\instruments\all.txt,1104,.txt
genesis_alpha\qlib_data\h1\calendars\1H.txt,550872,.txt
genesis_alpha\qlib_data\h1\features\audjpy\close.1H.bin,104932,.bin
genesis_alpha\qlib_data\h1\features\audjpy\high.1H.bin,104932,.bin
genesis_alpha\qlib_data\h1\features\audjpy\low.1H.bin,104932,.bin
genesis_alpha\qlib_data\h1\features\audjpy\open.1H.bin,104932,.bin
genesis_alpha\qlib_data\h1\features\audjpy\volume.1H.bin,104932,.bin
genesis_alpha\qlib_data\h1\features\audusd\close.1H.bin,104932,.bin
genesis_alpha\qlib_data\h1\features\audusd\high.1H.bin,104932,.bin
genesis_alpha\qlib_data\h1\features\audusd\low.1H.bin,104932,.bin
genesis_alpha\qlib_data\h1\features\audusd\open.1H.bin,104932,.bin
genesis_alpha\qlib_data\h1\features\audusd\volume.1H.bin,104932,.bin
genesis_alpha\qlib_data\h1\features\chfjpy\close.1H.bin,104932,.bin
genesis_alpha\qlib_data\h1\features\chfjpy\high.1H.bin,104932,.bin
genesis_alpha\qlib_data\h1\features\chfjpy\low.1H.bin,104932,.bin
genesis_alpha\qlib_data\h1\features\chfjpy\open.1H.bin,104932,.bin
genesis_alpha\qlib_data\h1\features\chfjpy\volume.1H.bin,104932,.bin
genesis_alpha\qlib_data\h1\features\euraud\close.1H.bin,104932,.bin
genesis_alpha\qlib_data\h1\features\euraud\high.1H.bin,104932,.bin
genesis_alpha\qlib_data\h1\features\euraud\low.1H.bin,104932,.bin
genesis_alpha\qlib_data\h1\features\euraud\open.1H.bin,104932,.bin
genesis_alpha\qlib_data\h1\features\euraud\volume.1H.bin,104932,.bin
genesis_alpha\qlib_data\h1\features\eurcad\close.1H.bin,104932,.bin
genesis_alpha\qlib_data\h1\features\eurcad\high.1H.bin,104932,.bin
genesis_alpha\qlib_data\h1\features\eurcad\low.1H.bin,104932,.bin
genesis_alpha\qlib_data\h1\features\eurcad\open.1H.bin,104932,.bin
genesis_alpha\qlib_data\h1\features\eurcad\volume.1H.bin,104932,.bin
genesis_alpha\qlib_data\h1\features\eurgbp\close.1H.bin,104932,.bin
genesis_alpha\qlib_data\h1\features\eurgbp\high.1H.bin,104932,.bin
genesis_alpha\qlib_data\h1\features\eurgbp\low.1H.bin,104932,.bin
genesis_alpha\qlib_data\h1\features\eurgbp\open.1H.bin,104932,.bin
genesis_alpha\qlib_data\h1\features\eurgbp\volume.1H.bin,104932,.bin
genesis_alpha\qlib_data\h1\features\eurjpy\close.1H.bin,104932,.bin
genesis_alpha\qlib_data\h1\features\eurjpy\high.1H.bin,104932,.bin
genesis_alpha\qlib_data\h1\features\eurjpy\low.1H.bin,104932,.bin
genesis_alpha\qlib_data\h1\features\eurjpy\open.1H.bin,104932,.bin
genesis_alpha\qlib_data\h1\features\eurjpy\volume.1H.bin,104932,.bin
genesis_alpha\qlib_data\h1\features\eurmxn\close.1H.bin,104932,.bin
genesis_alpha\qlib_data\h1\features\eurmxn\high.1H.bin,104932,.bin
genesis_alpha\qlib_data\h1\features\eurmxn\low.1H.bin,104932,.bin
genesis_alpha\qlib_data\h1\features\eurmxn\open.1H.bin,104932,.bin
genesis_alpha\qlib_data\h1\features\eurmxn\volume.1H.bin,104932,.bin
genesis_alpha\qlib_data\h1\features\eurnok\close.1H.bin,104932,.bin
genesis_alpha\qlib_data\h1\features\eurnok\high.1H.bin,104932,.bin
genesis_alpha\qlib_data\h1\features\eurnok\low.1H.bin,104932,.bin
genesis_alpha\qlib_data\h1\features\eurnok\open.1H.bin,104932,.bin
genesis_alpha\qlib_data\h1\features\eurnok\volume.1H.bin,104932,.bin
genesis_alpha\qlib_data\h1\features\eursek\close.1H.bin,104932,.bin
genesis_alpha\qlib_data\h1\features\eursek\high.1H.bin,104932,.bin
genesis_alpha\qlib_data\h1\features\eursek\low.1H.bin,104932,.bin
genesis_alpha\qlib_data\h1\features\eursek\open.1H.bin,104932,.bin
genesis_alpha\qlib_data\h1\features\eursek\volume.1H.bin,104932,.bin
genesis_alpha\qlib_data\h1\features\eurusd\close.1H.bin,104932,.bin
genesis_alpha\qlib_data\h1\features\eurusd\high.1H.bin,104932,.bin
genesis_alpha\qlib_data\h1\features\eurusd\low.1H.bin,104932,.bin
genesis_alpha\qlib_data\h1\features\eurusd\open.1H.bin,104932,.bin
genesis_alpha\qlib_data\h1\features\eurusd\volume.1H.bin,104932,.bin
genesis_alpha\qlib_data\h1\features\gbpjpy\close.1H.bin,104932,.bin
genesis_alpha\qlib_data\h1\features\gbpjpy\high.1H.bin,104932,.bin
genesis_alpha\qlib_data\h1\features\gbpjpy\low.1H.bin,104932,.bin
genesis_alpha\qlib_data\h1\features\gbpjpy\open.1H.bin,104932,.bin
genesis_alpha\qlib_data\h1\features\gbpjpy\volume.1H.bin,104932,.bin
genesis_alpha\qlib_data\h1\features\gbpusd\close.1H.bin,104932,.bin
genesis_alpha\qlib_data\h1\features\gbpusd\high.1H.bin,104932,.bin
genesis_alpha\qlib_data\h1\features\gbpusd\low.1H.bin,104932,.bin
genesis_alpha\qlib_data\h1\features\gbpusd\open.1H.bin,104932,.bin
genesis_alpha\qlib_data\h1\features\gbpusd\volume.1H.bin,104932,.bin
genesis_alpha\qlib_data\h1\features\nzdusd\close.1H.bin,104932,.bin
genesis_alpha\qlib_data\h1\features\nzdusd\high.1H.bin,104932,.bin
genesis_alpha\qlib_data\h1\features\nzdusd\low.1H.bin,104932,.bin
genesis_alpha\qlib_data\h1\features\nzdusd\open.1H.bin,104932,.bin
genesis_alpha\qlib_data\h1\features\nzdusd\volume.1H.bin,104932,.bin
genesis_alpha\qlib_data\h1\features\usdcad\close.1H.bin,104932,.bin
genesis_alpha\qlib_data\h1\features\usdcad\high.1H.bin,104932,.bin
genesis_alpha\qlib_data\h1\features\usdcad\low.1H.bin,104932,.bin
genesis_alpha\qlib_data\h1\features\usdcad\open.1H.bin,104932,.bin
genesis_alpha\qlib_data\h1\features\usdcad\volume.1H.bin,104932,.bin
genesis_alpha\qlib_data\h1\features\usdchf\close.1H.bin,104932,.bin
genesis_alpha\qlib_data\h1\features\usdchf\high.1H.bin,104932,.bin
genesis_alpha\qlib_data\h1\features\usdchf\low.1H.bin,104932,.bin
genesis_alpha\qlib_data\h1\features\usdchf\open.1H.bin,104932,.bin
genesis_alpha\qlib_data\h1\features\usdchf\volume.1H.bin,104932,.bin
genesis_alpha\qlib_data\h1\features\usdhkd\close.1H.bin,104932,.bin
genesis_alpha\qlib_data\h1\features\usdhkd\high.1H.bin,104932,.bin
genesis_alpha\qlib_data\h1\features\usdhkd\low.1H.bin,104932,.bin
genesis_alpha\qlib_data\h1\features\usdhkd\open.1H.bin,104932,.bin
genesis_alpha\qlib_data\h1\features\usdhkd\volume.1H.bin,104932,.bin
genesis_alpha\qlib_data\h1\features\usdjpy\close.1H.bin,104932,.bin
genesis_alpha\qlib_data\h1\features\usdjpy\high.1H.bin,104932,.bin
genesis_alpha\qlib_data\h1\features\usdjpy\low.1H.bin,104932,.bin
genesis_alpha\qlib_data\h1\features\usdjpy\open.1H.bin,104932,.bin
genesis_alpha\qlib_data\h1\features\usdjpy\volume.1H.bin,104932,.bin
genesis_alpha\qlib_data\h1\features\usdmxn\close.1H.bin,104932,.bin
genesis_alpha\qlib_data\h1\features\usdmxn\high.1H.bin,104932,.bin
genesis_alpha\qlib_data\h1\features\usdmxn\low.1H.bin,104932,.bin
genesis_alpha\qlib_data\h1\features\usdmxn\open.1H.bin,104932,.bin
genesis_alpha\qlib_data\h1\features\usdmxn\volume.1H.bin,104932,.bin
genesis_alpha\qlib_data\h1\features\usdnok\close.1H.bin,104932,.bin
genesis_alpha\qlib_data\h1\features\usdnok\high.1H.bin,104932,.bin
genesis_alpha\qlib_data\h1\features\usdnok\low.1H.bin,104932,.bin
genesis_alpha\qlib_data\h1\features\usdnok\open.1H.bin,104932,.bin
genesis_alpha\qlib_data\h1\features\usdnok\volume.1H.bin,104932,.bin
genesis_alpha\qlib_data\h1\features\usdpln\close.1H.bin,104932,.bin
genesis_alpha\qlib_data\h1\features\usdpln\high.1H.bin,104932,.bin
genesis_alpha\qlib_data\h1\features\usdpln\low.1H.bin,104932,.bin
genesis_alpha\qlib_data\h1\features\usdpln\open.1H.bin,104932,.bin
genesis_alpha\qlib_data\h1\features\usdpln\volume.1H.bin,104932,.bin
genesis_alpha\qlib_data\h1\features\usdsek\close.1H.bin,104932,.bin
genesis_alpha\qlib_data\h1\features\usdsek\high.1H.bin,104932,.bin
genesis_alpha\qlib_data\h1\features\usdsek\low.1H.bin,104932,.bin
genesis_alpha\qlib_data\h1\features\usdsek\open.1H.bin,104932,.bin
genesis_alpha\qlib_data\h1\features\usdsek\volume.1H.bin,104932,.bin
genesis_alpha\qlib_data\h1\features\usdsgd\close.1H.bin,104932,.bin
genesis_alpha\qlib_data\h1\features\usdsgd\high.1H.bin,104932,.bin
genesis_alpha\qlib_data\h1\features\usdsgd\low.1H.bin,104932,.bin
genesis_alpha\qlib_data\h1\features\usdsgd\open.1H.bin,0,.bin
genesis_alpha\qlib_data\h1\features\usdsgd\volume.1H.bin,104932,.bin
genesis_alpha\qlib_data\h1\instruments\all.txt,1104,.txt
genesis_alpha\qlib_data\m15\calendars\15min.txt,2198637,.txt
genesis_alpha\qlib_data\m15\features\audjpy\close.15min.bin,418792,.bin
genesis_alpha\qlib_data\m15\features\audjpy\high.15min.bin,418792,.bin
genesis_alpha\qlib_data\m15\features\audjpy\low.15min.bin,418792,.bin
genesis_alpha\qlib_data\m15\features\audjpy\open.15min.bin,418792,.bin
genesis_alpha\qlib_data\m15\features\audjpy\volume.15min.bin,418792,.bin
genesis_alpha\qlib_data\m15\features\audusd\close.15min.bin,418792,.bin
genesis_alpha\qlib_data\m15\features\audusd\high.15min.bin,418792,.bin
genesis_alpha\qlib_data\m15\features\audusd\low.15min.bin,418792,.bin
genesis_alpha\qlib_data\m15\features\audusd\open.15min.bin,418792,.bin
genesis_alpha\qlib_data\m15\features\audusd\volume.15min.bin,418792,.bin
genesis_alpha\qlib_data\m15\features\chfjpy\close.15min.bin,418792,.bin
genesis_alpha\qlib_data\m15\features\chfjpy\high.15min.bin,418792,.bin
genesis_alpha\qlib_data\m15\features\chfjpy\low.15min.bin,418792,.bin
genesis_alpha\qlib_data\m15\features\chfjpy\open.15min.bin,418792,.bin
genesis_alpha\qlib_data\m15\features\chfjpy\volume.15min.bin,418792,.bin
genesis_alpha\qlib_data\m15\features\euraud\close.15min.bin,418792,.bin
genesis_alpha\qlib_data\m15\features\euraud\high.15min.bin,418792,.bin
genesis_alpha\qlib_data\m15\features\euraud\low.15min.bin,418792,.bin
genesis_alpha\qlib_data\m15\features\euraud\open.15min.bin,418792,.bin
genesis_alpha\qlib_data\m15\features\euraud\volume.15min.bin,418792,.bin
genesis_alpha\qlib_data\m15\features\eurcad\close.15min.bin,418792,.bin
genesis_alpha\qlib_data\m15\features\eurcad\high.15min.bin,418792,.bin
genesis_alpha\qlib_data\m15\features\eurcad\low.15min.bin,418792,.bin
genesis_alpha\qlib_data\m15\features\eurcad\open.15min.bin,418792,.bin
genesis_alpha\qlib_data\m15\features\eurcad\volume.15min.bin,418792,.bin
genesis_alpha\qlib_data\m15\features\eurgbp\close.15min.bin,418792,.bin
genesis_alpha\qlib_data\m15\features\eurgbp\high.15min.bin,418792,.bin
genesis_alpha\qlib_data\m15\features\eurgbp\low.15min.bin,418792,.bin
genesis_alpha\qlib_data\m15\features\eurgbp\open.15min.bin,418792,.bin
genesis_alpha\qlib_data\m15\features\eurgbp\volume.15min.bin,418792,.bin
genesis_alpha\qlib_data\m15\features\eurjpy\close.15min.bin,418792,.bin
genesis_alpha\qlib_data\m15\features\eurjpy\high.15min.bin,418792,.bin
genesis_alpha\qlib_data\m15\features\eurjpy\low.15min.bin,418792,.bin
genesis_alpha\qlib_data\m15\features\eurjpy\open.15min.bin,418792,.bin
genesis_alpha\qlib_data\m15\features\eurjpy\volume.15min.bin,418792,.bin
genesis_alpha\qlib_data\m15\features\eurmxn\close.15min.bin,418792,.bin
genesis_alpha\qlib_data\m15\features\eurmxn\high.15min.bin,418792,.bin
genesis_alpha\qlib_data\m15\features\eurmxn\low.15min.bin,418792,.bin
genesis_alpha\qlib_data\m15\features\eurmxn\open.15min.bin,418792,.bin
genesis_alpha\qlib_data\m15\features\eurmxn\volume.15min.bin,418792,.bin
genesis_alpha\qlib_data\m15\features\eurnok\close.15min.bin,418792,.bin
genesis_alpha\qlib_data\m15\features\eurnok\high.15min.bin,418792,.bin
genesis_alpha\qlib_data\m15\features\eurnok\low.15min.bin,418792,.bin
genesis_alpha\qlib_data\m15\features\eurnok\open.15min.bin,418792,.bin
genesis_alpha\qlib_data\m15\features\eurnok\volume.15min.bin,418792,.bin
genesis_alpha\qlib_data\m15\features\eursek\close.15min.bin,418792,.bin
genesis_alpha\qlib_data\m15\features\eursek\high.15min.bin,418792,.bin
genesis_alpha\qlib_data\m15\features\eursek\low.15min.bin,418792,.bin
genesis_alpha\qlib_data\m15\features\eursek\open.15min.bin,418792,.bin
genesis_alpha\qlib_data\m15\features\eursek\volume.15min.bin,418792,.bin
genesis_alpha\qlib_data\m15\features\eurusd\close.15min.bin,418792,.bin
genesis_alpha\qlib_data\m15\features\eurusd\high.15min.bin,418792,.bin
genesis_alpha\qlib_data\m15\features\eurusd\low.15min.bin,418792,.bin
genesis_alpha\qlib_data\m15\features\eurusd\open.15min.bin,418792,.bin
genesis_alpha\qlib_data\m15\features\eurusd\volume.15min.bin,418792,.bin
genesis_alpha\qlib_data\m15\features\gbpjpy\close.15min.bin,418792,.bin
genesis_alpha\qlib_data\m15\features\gbpjpy\high.15min.bin,418792,.bin
genesis_alpha\qlib_data\m15\features\gbpjpy\low.15min.bin,418792,.bin
genesis_alpha\qlib_data\m15\features\gbpjpy\open.15min.bin,418792,.bin
genesis_alpha\qlib_data\m15\features\gbpjpy\volume.15min.bin,418792,.bin
genesis_alpha\qlib_data\m15\features\gbpusd\close.15min.bin,418792,.bin
genesis_alpha\qlib_data\m15\features\gbpusd\high.15min.bin,418792,.bin
genesis_alpha\qlib_data\m15\features\gbpusd\low.15min.bin,418792,.bin
genesis_alpha\qlib_data\m15\features\gbpusd\open.15min.bin,418792,.bin
genesis_alpha\qlib_data\m15\features\gbpusd\volume.15min.bin,418792,.bin
genesis_alpha\qlib_data\m15\features\nzdusd\close.15min.bin,418792,.bin
genesis_alpha\qlib_data\m15\features\nzdusd\high.15min.bin,418792,.bin
genesis_alpha\qlib_data\m15\features\nzdusd\low.15min.bin,418792,.bin
genesis_alpha\qlib_data\m15\features\nzdusd\open.15min.bin,418792,.bin
genesis_alpha\qlib_data\m15\features\nzdusd\volume.15min.bin,418792,.bin
genesis_alpha\qlib_data\m15\features\usdcad\close.15min.bin,418792,.bin
genesis_alpha\qlib_data\m15\features\usdcad\high.15min.bin,418792,.bin
genesis_alpha\qlib_data\m15\features\usdcad\low.15min.bin,418792,.bin
genesis_alpha\qlib_data\m15\features\usdcad\open.15min.bin,418792,.bin
genesis_alpha\qlib_data\m15\features\usdcad\volume.15min.bin,418792,.bin
genesis_alpha\qlib_data\m15\features\usdchf\close.15min.bin,418792,.bin
genesis_alpha\qlib_data\m15\features\usdchf\high.15min.bin,418792,.bin
genesis_alpha\qlib_data\m15\features\usdchf\low.15min.bin,418792,.bin
genesis_alpha\qlib_data\m15\features\usdchf\open.15min.bin,418792,.bin
genesis_alpha\qlib_data\m15\features\usdchf\volume.15min.bin,418792,.bin
genesis_alpha\qlib_data\m15\features\usdhkd\close.15min.bin,418792,.bin
genesis_alpha\qlib_data\m15\features\usdhkd\high.15min.bin,418792,.bin
genesis_alpha\qlib_data\m15\features\usdhkd\low.15min.bin,418792,.bin
genesis_alpha\qlib_data\m15\features\usdhkd\open.15min.bin,418792,.bin
genesis_alpha\qlib_data\m15\features\usdhkd\volume.15min.bin,418792,.bin
genesis_alpha\qlib_data\m15\features\usdjpy\close.15min.bin,418792,.bin
genesis_alpha\qlib_data\m15\features\usdjpy\high.15min.bin,418792,.bin
genesis_alpha\qlib_data\m15\features\usdjpy\low.15min.bin,418792,.bin
genesis_alpha\qlib_data\m15\features\usdjpy\open.15min.bin,418792,.bin
genesis_alpha\qlib_data\m15\features\usdjpy\volume.15min.bin,418792,.bin
genesis_alpha\qlib_data\m15\features\usdmxn\close.15min.bin,418792,.bin
genesis_alpha\qlib_data\m15\features\usdmxn\high.15min.bin,418792,.bin
genesis_alpha\qlib_data\m15\features\usdmxn\low.15min.bin,418792,.bin
genesis_alpha\qlib_data\m15\features\usdmxn\open.15min.bin,418792,.bin
genesis_alpha\qlib_data\m15\features\usdmxn\volume.15min.bin,418792,.bin
genesis_alpha\qlib_data\m15\features\usdnok\close.15min.bin,418792,.bin
genesis_alpha\qlib_data\m15\features\usdnok\high.15min.bin,418792,.bin
genesis_alpha\qlib_data\m15\features\usdnok\low.15min.bin,418792,.bin
genesis_alpha\qlib_data\m15\features\usdnok\open.15min.bin,418792,.bin
genesis_alpha\qlib_data\m15\features\usdnok\volume.15min.bin,418792,.bin
genesis_alpha\qlib_data\m15\features\usdpln\close.15min.bin,418792,.bin
genesis_alpha\qlib_data\m15\features\usdpln\high.15min.bin,418792,.bin
genesis_alpha\qlib_data\m15\features\usdpln\low.15min.bin,418792,.bin
genesis_alpha\qlib_data\m15\features\usdpln\open.15min.bin,418792,.bin
genesis_alpha\qlib_data\m15\features\usdpln\volume.15min.bin,418792,.bin
genesis_alpha\qlib_data\m15\features\usdsek\close.15min.bin,418792,.bin
genesis_alpha\qlib_data\m15\features\usdsek\high.15min.bin,418792,.bin
genesis_alpha\qlib_data\m15\features\usdsek\low.15min.bin,418792,.bin
genesis_alpha\qlib_data\m15\features\usdsek\open.15min.bin,418792,.bin
genesis_alpha\qlib_data\m15\features\usdsek\volume.15min.bin,418792,.bin
genesis_alpha\qlib_data\m15\features\usdsgd\close.15min.bin,418792,.bin
genesis_alpha\qlib_data\m15\features\usdsgd\high.15min.bin,418792,.bin
genesis_alpha\qlib_data\m15\features\usdsgd\low.15min.bin,418792,.bin
genesis_alpha\qlib_data\m15\features\usdsgd\open.15min.bin,418792,.bin
genesis_alpha\qlib_data\m15\features\usdsgd\volume.15min.bin,418792,.bin
genesis_alpha\qlib_data\m15\instruments\all.txt,1104,.txt
nexus\qlib_data_novo\calendars\15min.txt,4421970,.txt
nexus\qlib_data_novo\features\eurusd\close.15min.bin,842284,.bin
nexus\qlib_data_novo\features\eurusd\high.15min.bin,842284,.bin
nexus\qlib_data_novo\features\eurusd\low.15min.bin,842284,.bin
nexus\qlib_data_novo\features\eurusd\open.15min.bin,842284,.bin
nexus\qlib_data_novo\features\eurusd\volume.15min.bin,842284,.bin
nexus\qlib_data_novo\instruments\all.txt,48,.txt
nexus\qlib_data_novo\instruments\eurusd.txt,47,.txt
nexus\raw\dados_summary.json,1106,.json
nexus\raw\EURUSD.csv,18019035,.csv
nexus\raw\EURUSD_FUSION.parquet,39712715,.parquet
nexus\raw\EURUSD_M15.parquet,12358663,.parquet
nexus\raw\EURUSD_test.csv,74459,.csv
nexus_backup\features\fusion\fusion_all.json,1981,.json
nexus_backup\features\fusion\fusion_d1.json,414,.json
nexus_backup\features\fusion\fusion_h1.json,414,.json
nexus_backup\features\fusion\fusion_h4.json,414,.json
nexus_backup\features\fusion\fusion_m15.json,416,.json
nexus_backup\features\fusion\fusion_m30.json,433,.json
nexus_backup\features\fusion\fusion_m5.json,432,.json
nexus_backup\features\mtf\direction_mtf.json,589,.json
nexus_backup\features\mtf\X_features_mtf.csv,1396634518,.csv
nexus_backup\raw\cripto\H1\btcusd.csv,973730,.csv
nexus_backup\raw\cripto\H1\BTCUSD_H1_prepared.csv,2501827,.csv
nexus_backup\raw\cripto\H1\ethusd.csv,809904,.csv
nexus_backup\raw\cripto\H1\ETHUSD_H1_prepared.csv,2235344,.csv
nexus_backup\raw\cripto\H4\BTCUSD_H4_prepared.csv,2724339,.csv
nexus_backup\raw\cripto\H4\ETHUSD_H4_prepared.csv,2229925,.csv
nexus_backup\raw\cripto\M15\BTCUSD_M15_prepared.csv,12318695,.csv
nexus_backup\raw\cripto\M15\ETHUSD_M15_prepared.csv,8962795,.csv
nexus_backup\raw\cripto\M30\BTCUSD_M30_prepared.csv,4988204,.csv
nexus_backup\raw\cripto\M30\ETHUSD_M30_prepared.csv,4478045,.csv
nexus_backup\raw\cripto\M5\BTCUSD_M5_prepared.csv,16414105,.csv
nexus_backup\raw\cripto\M5\ETHUSD_M5_prepared.csv,15511918,.csv
nexus_backup\raw\forex\D1\audjpy.csv,69376,.csv
nexus_backup\raw\forex\D1\audusd.csv,75831,.csv
nexus_backup\raw\forex\D1\chfjpy.csv,73861,.csv
nexus_backup\raw\forex\D1\euraud.csv,75752,.csv
nexus_backup\raw\forex\D1\eurcad.csv,77046,.csv
nexus_backup\raw\forex\D1\eurgbp.csv,72812,.csv
nexus_backup\raw\forex\D1\eurjpy.csv,74267,.csv
nexus_backup\raw\forex\D1\eurmxn.csv,79029,.csv
nexus_backup\raw\forex\D1\eurnok.csv,79533,.csv
nexus_backup\raw\forex\D1\eursek.csv,80063,.csv
nexus_backup\raw\forex\D1\eurusd.csv,75867,.csv
nexus_backup\raw\forex\D1\gbpjpy.csv,75855,.csv
nexus_backup\raw\forex\D1\gbpusd.csv,72490,.csv
nexus_backup\raw\forex\D1\nzdusd.csv,75874,.csv
nexus_backup\raw\forex\D1\usdcad.csv,72352,.csv
nexus_backup\raw\forex\D1\usdchf.csv,74886,.csv
nexus_backup\raw\forex\D1\usdhkd.csv,74938,.csv
nexus_backup\raw\forex\D1\usdjpy.csv,75664,.csv
nexus_backup\raw\forex\D1\usdmxn.csv,80837,.csv
nexus_backup\raw\forex\D1\usdnok.csv,76027,.csv
nexus_backup\raw\forex\D1\usdpln.csv,71100,.csv
nexus_backup\raw\forex\D1\usdsek.csv,78286,.csv
nexus_backup\raw\forex\D1\usdsgd.csv,74887,.csv
nexus_backup\raw\forex\H1\audjpy.csv,1614794,.csv
nexus_backup\raw\forex\H1\audjpy_h1_bruto_020122_290326.csv,1431163,.csv
nexus_backup\raw\forex\H1\AUDJPY_H1_prepared.csv,2378652,.csv
nexus_backup\raw\forex\H1\audusd.csv,1745186,.csv
nexus_backup\raw\forex\H1\audusd_h1_bruto_02012022.csv,1561555,.csv
nexus_backup\raw\forex\H1\AUDUSD_H1_prepared.csv,1798179,.csv
nexus_backup\raw\forex\H1\chfjpy.csv,1705532,.csv
nexus_backup\raw\forex\H1\chfjpy_h1_020122_290326.csv,1521901,.csv
nexus_backup\raw\forex\H1\euraud.csv,1745192,.csv
nexus_backup\raw\forex\H1\eurcad.csv,1773862,.csv
nexus_backup\raw\forex\H1\EURCHF_H1_prepared.csv,2438234,.csv
nexus_backup\raw\forex\H1\eurgbp.csv,1677293,.csv
nexus_backup\raw\forex\H1\EURGBP_H1_prepared.csv,2447047,.csv
nexus_backup\raw\forex\H1\eurjpy.csv,1710059,.csv
nexus_backup\raw\forex\H1\EURJPY_H1_prepared.csv,5294701,.csv
nexus_backup\raw\forex\H1\eurmxn.csv,1803475,.csv
nexus_backup\raw\forex\H1\eurnok.csv,1820300,.csv
nexus_backup\raw\forex\H1\eursek.csv,1829891,.csv
nexus_backup\raw\forex\H1\eurusd.csv,1746565,.csv
nexus_backup\raw\forex\H1\EURUSD_H1_prepared.csv,15955115,.csv
nexus_backup\raw\forex\H1\gbpjpy.csv,1746898,.csv
nexus_backup\raw\forex\H1\GBPJPY_H1_prepared.csv,2447632,.csv
nexus_backup\raw\forex\H1\gbpusd.csv,1677375,.csv
nexus_backup\raw\forex\H1\GBPUSD_H1_prepared.csv,2428507,.csv
nexus_backup\raw\forex\H1\nzdusd.csv,1745436,.csv
nexus_backup\raw\forex\H1\NZDUSD_H1_prepared.csv,2442800,.csv
nexus_backup\raw\forex\H1\usdcad.csv,1672005,.csv
nexus_backup\raw\forex\H1\USDCAD_H1_prepared.csv,2426485,.csv
nexus_backup\raw\forex\H1\usdchf.csv,1725383,.csv
nexus_backup\raw\forex\H1\USDCHF_H1_prepared.csv,2433561,.csv
nexus_backup\raw\forex\H1\usdhkd.csv,1725354,.csv
nexus_backup\raw\forex\H1\usdjpy.csv,1688882,.csv
nexus_backup\raw\forex\H1\USDJPY_H1_prepared.csv,2429733,.csv
nexus_backup\raw\forex\H1\usdmxn.csv,1850224,.csv
nexus_backup\raw\forex\H1\usdnok.csv,1802160,.csv
nexus_backup\raw\forex\H1\usdpln.csv,1702396,.csv
nexus_backup\raw\forex\H1\usdsek.csv,1795046,.csv
nexus_backup\raw\forex\H1\usdsgd.csv,1725600,.csv
nexus_backup\raw\forex\H4\AUDJPY_H4_prepared.csv,432226,.csv
nexus_backup\raw\forex\H4\AUDUSD_H4_prepared.csv,456763,.csv
nexus_backup\raw\forex\H4\EURCHF_H4_prepared.csv,1073716,.csv
nexus_backup\raw\forex\H4\EURGBP_H4_prepared.csv,1081605,.csv
nexus_backup\raw\forex\H4\EURJPY_H4_prepared.csv,3930718,.csv
nexus_backup\raw\forex\H4\EURUSD_H4_prepared.csv,7425405,.csv
nexus_backup\raw\forex\H4\GBPJPY_H4_prepared.csv,1082377,.csv
nexus_backup\raw\forex\H4\GBPUSD_H4_prepared.csv,1075996,.csv
nexus_backup\raw\forex\H4\NZDUSD_H4_prepared.csv,1078391,.csv
nexus_backup\raw\forex\H4\USDCAD_H4_prepared.csv,1074920,.csv
nexus_backup\raw\forex\H4\USDCHF_H4_prepared.csv,1076551,.csv
nexus_backup\raw\forex\H4\USDJPY_H4_prepared.csv,1072580,.csv
nexus_backup\raw\forex\M15\audjpy.csv,6446314,.csv
nexus_backup\raw\forex\M15\AUDJPY_M15_prepared.csv,7089087,.csv
nexus_backup\raw\forex\M15\AUDJPY_M5_prepared.csv,15413449,.csv
nexus_backup\raw\forex\M15\audusd.csv,6966467,.csv
nexus_backup\raw\forex\M15\AUDUSD_M15_prepared.csv,7204642,.csv
nexus_backup\raw\forex\M15\AUDUSD_M5_prepared.csv,15842445,.csv
nexus_backup\raw\forex\M15\chfjpy.csv,6808418,.csv
nexus_backup\raw\forex\M15\euraud.csv,6967500,.csv
nexus_backup\raw\forex\M15\eurcad.csv,7085527,.csv
nexus_backup\raw\forex\M15\EURCHF_M15_prepared.csv,7872377,.csv
nexus_backup\raw\forex\M15\eurgbp.csv,6688644,.csv
nexus_backup\raw\forex\M15\EURGBP_M15_prepared.csv,7885104,.csv
nexus_backup\raw\forex\M15\eurjpy.csv,6824277,.csv
nexus_backup\raw\forex\M15\EURJPY_M15_prepared.csv,10742891,.csv
nexus_backup\raw\forex\M15\eurmxn.csv,7192932,.csv
nexus_backup\raw\forex\M15\eurnok.csv,7266847,.csv
nexus_backup\raw\forex\M15\eursek.csv,7303503,.csv
nexus_backup\raw\forex\M15\eurusd.csv,6972327,.csv
nexus_backup\raw\forex\M15\EURUSD_M15_prepared.csv,15777714,.csv
nexus_backup\raw\forex\M15\gbpjpy.csv,6972431,.csv
nexus_backup\raw\forex\M15\GBPJPY_M15_prepared.csv,7899102,.csv
nexus_backup\raw\forex\M15\gbpusd.csv,6694079,.csv
nexus_backup\raw\forex\M15\GBPUSD_M15_prepared.csv,7822891,.csv
nexus_backup\raw\forex\M15\nzdusd.csv,6968811,.csv
nexus_backup\raw\forex\M15\NZDUSD_M15_prepared.csv,7872665,.csv
nexus_backup\raw\forex\M15\usdcad.csv,6669746,.csv
nexus_backup\raw\forex\M15\USDCAD_M15_prepared.csv,7815694,.csv
nexus_backup\raw\forex\M15\usdchf.csv,6886493,.csv
nexus_backup\raw\forex\M15\USDCHF_M15_prepared.csv,7838029,.csv
nexus_backup\raw\forex\M15\usdhkd.csv,6886449,.csv
nexus_backup\raw\forex\M15\usdjpy.csv,6740276,.csv
nexus_backup\raw\forex\M15\USDJPY_M15_prepared.csv,7848116,.csv
nexus_backup\raw\forex\M15\usdmxn.csv,7387285,.csv
nexus_backup\raw\forex\M15\usdnok.csv,7193346,.csv
nexus_backup\raw\forex\M15\usdpln.csv,6793697,.csv
nexus_backup\raw\forex\M15\usdsek.csv,7164485,.csv
nexus_backup\raw\forex\M15\usdsgd.csv,6886464,.csv
nexus_backup\raw\forex\M30\AUDJPY_M30_prepared.csv,3544240,.csv
nexus_backup\raw\forex\M30\AUDUSD_M30_prepared.csv,3605719,.csv
nexus_backup\raw\forex\M30\EURCHF_M30_prepared.csv,4255489,.csv
nexus_backup\raw\forex\M30\EURGBP_M30_prepared.csv,4264589,.csv
nexus_backup\raw\forex\M30\EURJPY_M30_prepared.csv,7112105,.csv
nexus_backup\raw\forex\M30\EURUSD_M30_prepared.csv,15789400,.csv
nexus_backup\raw\forex\M30\GBPJPY_M30_prepared.csv,4265492,.csv
nexus_backup\raw\forex\M30\GBPUSD_M30_prepared.csv,4230324,.csv
nexus_backup\raw\forex\M30\NZDUSD_M30_prepared.csv,4256241,.csv
nexus_backup\raw\forex\M30\USDCAD_M30_prepared.csv,4227060,.csv
nexus_backup\raw\forex\M30\USDCHF_M30_prepared.csv,4238751,.csv
nexus_backup\raw\forex\M30\USDJPY_M30_prepared.csv,4238924,.csv
nexus_backup\raw\forex\M5\EURCHF_M5_prepared.csv,15834632,.csv
nexus_backup\raw\forex\M5\EURGBP_M5_prepared.csv,15868893,.csv
nexus_backup\raw\forex\M5\EURJPY_M5_prepared.csv,15873313,.csv
nexus_backup\raw\forex\M5\EURUSD_M5_prepared.csv,15848383,.csv
nexus_backup\raw\forex\M5\GBPJPY_M5_prepared.csv,15776173,.csv
nexus_backup\raw\forex\M5\GBPUSD_M5_prepared.csv,15790853,.csv
nexus_backup\raw\forex\M5\NZDUSD_M5_prepared.csv,15844579,.csv
nexus_backup\raw\forex\M5\USDCAD_M5_prepared.csv,15784528,.csv
nexus_backup\raw\forex\M5\USDCHF_M5_prepared.csv,15838733,.csv
nexus_backup\raw\forex\M5\USDJPY_M5_prepared.csv,15842075,.csv
nexus_backup\raw\metais\D1\gold.csv,666189,.csv
nexus_backup\raw\metais\H1\GOLD_H1.csv,923667,.csv
nexus_backup\raw\metais\H1\GOLD_H1_prepared.csv,2275311,.csv
nexus_backup\raw\metais\H4\GOLD_H4.csv,417325,.csv
nexus_backup\raw\metais\H4\GOLD_H4_prepared.csv,1019047,.csv
nexus_backup\raw\metais\M15\GOLD_M15.csv,2961738,.csv
nexus_backup\raw\metais\M15\GOLD_M15_prepared.csv,7362908,.csv
nexus_backup\raw\metais\M30\GOLD_M30.csv,1603864,.csv
nexus_backup\raw\metais\M30\GOLD_M30_prepared.csv,3971065,.csv
nexus_backup\raw\metais\M5\GOLD_M5.csv,6226709,.csv
nexus_backup\raw\metais\M5\GOLD_M5_prepared.csv,15569776,.csv
omnis_backup\dados\dados_historicos\audjpy\AUDJPY_H4.csv,175327,.csv
omnis_backup\dados\dados_historicos\audjpy\AUDJPY_M1.csv,6136781,.csv
omnis_backup\dados\dados_historicos\audjpy\AUDJPY_M15.csv,2745429,.csv
omnis_backup\dados\dados_historicos\audjpy\AUDJPY_M30.csv,1380303,.csv
omnis_backup\dados\dados_historicos\audjpy\AUDJPY_M5.csv,5923336,.csv
omnis_backup\dados\dados_historicos\audusd\AUDUSD_D1.csv,247399,.csv
omnis_backup\dados\dados_historicos\audusd\AUDUSD_H1.csv,713137,.csv
omnis_backup\dados\dados_historicos\audusd\AUDUSD_H4.csv,180286,.csv
omnis_backup\dados\dados_historicos\audusd\AUDUSD_M1.csv,6083837,.csv
omnis_backup\dados\dados_historicos\audusd\AUDUSD_M15.csv,2820436,.csv
omnis_backup\dados\dados_historicos\audusd\AUDUSD_M30.csv,1420918,.csv
omnis_backup\dados\dados_historicos\audusd\AUDUSD_M5.csv,6181440,.csv
omnis_backup\dados\dados_historicos\btcusd\BTCUSD_D1.csv,261485,.csv
omnis_backup\dados\dados_historicos\btcusd\BTCUSD_H1.csv,1084817,.csv
omnis_backup\dados\dados_historicos\btcusd\BTCUSD_H4.csv,1175107,.csv
omnis_backup\dados\dados_historicos\btcusd\BTCUSD_M1.csv,6796016,.csv
omnis_backup\dados\dados_historicos\btcusd\BTCUSD_M15.csv,5261194,.csv
omnis_backup\dados\dados_historicos\btcusd\BTCUSD_M30.csv,2148242,.csv
omnis_backup\dados\dados_historicos\btcusd\BTCUSD_M5.csv,7055351,.csv
omnis_backup\dados\dados_historicos\ethusd\ETHUSD_D1.csv,122944,.csv
omnis_backup\dados\dados_historicos\ethusd\ETHUSD_H1.csv,884128,.csv
omnis_backup\dados\dados_historicos\ethusd\ETHUSD_H4.csv,864638,.csv
omnis_backup\dados\dados_historicos\ethusd\ETHUSD_M1.csv,6376822,.csv
omnis_backup\dados\dados_historicos\ethusd\ETHUSD_M15.csv,3516104,.csv
omnis_backup\dados\dados_historicos\ethusd\ETHUSD_M30.csv,1759558,.csv
omnis_backup\dados\dados_historicos\ethusd\ETHUSD_M5.csv,6147479,.csv
omnis_backup\dados\dados_historicos\eurcad\EURCAD_D1.csv,250604,.csv
omnis_backup\dados\dados_historicos\eurcad\EURCAD_H4.csv,182189,.csv
omnis_backup\dados\dados_historicos\eurcad\EURCAD_M1.csv,6121006,.csv
omnis_backup\dados\dados_historicos\eurcad\EURCAD_M15.csv,3116341,.csv
omnis_backup\dados\dados_historicos\eurcad\EURCAD_M30.csv,1695311,.csv
omnis_backup\dados\dados_historicos\eurcad\EURCAD_M5.csv,6202742,.csv
omnis_backup\dados\dados_historicos\eurchf\EURCHF_D1.csv,246669,.csv
omnis_backup\dados\dados_historicos\eurchf\EURCHF_H1.csv,974260,.csv
omnis_backup\dados\dados_historicos\eurchf\EURCHF_H4.csv,437030,.csv
omnis_backup\dados\dados_historicos\eurchf\EURCHF_M1.csv,6098854,.csv
omnis_backup\dados\dados_historicos\eurchf\EURCHF_M15.csv,3097146,.csv
omnis_backup\dados\dados_historicos\eurchf\EURCHF_M30.csv,1686413,.csv
omnis_backup\dados\dados_historicos\eurchf\EURCHF_M5.csv,6190709,.csv
omnis_backup\dados\dados_historicos\eurgbp\EURGBP_D1.csv,248017,.csv
omnis_backup\dados\dados_historicos\eurgbp\EURGBP_H1.csv,974766,.csv
omnis_backup\dados\dados_historicos\eurgbp\EURGBP_H4.csv,438362,.csv
omnis_backup\dados\dados_historicos\eurgbp\EURGBP_M1.csv,6097612,.csv
omnis_backup\dados\dados_historicos\eurgbp\EURGBP_M15.csv,3093188,.csv
omnis_backup\dados\dados_historicos\eurgbp\EURGBP_M30.csv,1684406,.csv
omnis_backup\dados\dados_historicos\eurgbp\EURGBP_M5.csv,6179900,.csv
omnis_backup\dados\dados_historicos\eurjpy\EURJPY_D1.csv,229651,.csv
omnis_backup\dados\dados_historicos\eurjpy\EURJPY_H1.csv,2113690,.csv
omnis_backup\dados\dados_historicos\eurjpy\EURJPY_H4.csv,1576363,.csv
omnis_backup\dados\dados_historicos\eurjpy\EURJPY_M1.csv,6139743,.csv
omnis_backup\dados\dados_historicos\eurjpy\EURJPY_M15.csv,4253332,.csv
omnis_backup\dados\dados_historicos\eurjpy\EURJPY_M30.csv,2828248,.csv
omnis_backup\dados\dados_historicos\eurjpy\EURJPY_M5.csv,6210312,.csv
omnis_backup\dados\dados_historicos\eurusd\EURUSD_D1.csv,649613,.csv
omnis_backup\dados\dados_historicos\eurusd\EURUSD_H1.csv,6331610,.csv
omnis_backup\dados\dados_historicos\eurusd\EURUSD_H12.csv,1205390,.csv
omnis_backup\dados\dados_historicos\eurusd\EURUSD_H2.csv,5625918,.csv
omnis_backup\dados\dados_historicos\eurusd\EURUSD_H3.csv,3870619,.csv
omnis_backup\dados\dados_historicos\eurusd\EURUSD_H4.csv,2986034,.csv
omnis_backup\dados\dados_historicos\eurusd\EURUSD_H6.csv,2099354,.csv
omnis_backup\dados\dados_historicos\eurusd\EURUSD_H8.csv,1652602,.csv
omnis_backup\dados\dados_historicos\eurusd\EURUSD_M1.csv,6085847,.csv
omnis_backup\dados\dados_historicos\eurusd\EURUSD_M10.csv,6159364,.csv
omnis_backup\dados\dados_historicos\eurusd\EURUSD_M12.csv,6159013,.csv
omnis_backup\dados\dados_historicos\eurusd\EURUSD_M15.csv,6164579,.csv
omnis_backup\dados\dados_historicos\eurusd\EURUSD_M2.csv,6125200,.csv
omnis_backup\dados\dados_historicos\eurusd\EURUSD_M20.csv,6168649,.csv
omnis_backup\dados\dados_historicos\eurusd\EURUSD_M3.csv,6152950,.csv
omnis_backup\dados\dados_historicos\eurusd\EURUSD_M30.csv,6176712,.csv
omnis_backup\dados\dados_historicos\eurusd\EURUSD_M4.csv,6172169,.csv
omnis_backup\dados\dados_historicos\eurusd\EURUSD_M5.csv,6203808,.csv
omnis_backup\dados\dados_historicos\eurusd\EURUSD_M6.csv,6179605,.csv
omnis_backup\dados\dados_historicos\eurusd\EURUSD_MN1.csv,31129,.csv
omnis_backup\dados\dados_historicos\eurusd\EURUSD_W1.csv,132802,.csv
omnis_backup\dados\dados_historicos\gbpjpy\GBPJPY_D1.csv,250621,.csv
omnis_backup\dados\dados_historicos\gbpjpy\GBPJPY_H1.csv,981055,.csv
omnis_backup\dados\dados_historicos\gbpjpy\GBPJPY_H4.csv,441993,.csv
omnis_backup\dados\dados_historicos\gbpjpy\GBPJPY_M1.csv,6164239,.csv
omnis_backup\dados\dados_historicos\gbpjpy\GBPJPY_M15.csv,3127753,.csv
omnis_backup\dados\dados_historicos\gbpjpy\GBPJPY_M30.csv,1697126,.csv
omnis_backup\dados\dados_historicos\gbpjpy\GBPJPY_M5.csv,6164239,.csv
omnis_backup\dados\dados_historicos\gbpusd\GBPUSD_D1.csv,248902,.csv
omnis_backup\dados\dados_historicos\gbpusd\GBPUSD_H1.csv,971273,.csv
omnis_backup\dados\dados_historicos\gbpusd\GBPUSD_H4.csv,438655,.csv
omnis_backup\dados\dados_historicos\gbpusd\GBPUSD_M1.csv,6120290,.csv
omnis_backup\dados\dados_historicos\gbpusd\GBPUSD_M15.csv,3084913,.csv
omnis_backup\dados\dados_historicos\gbpusd\GBPUSD_M30.csv,1680147,.csv
omnis_backup\dados\dados_historicos\gbpusd\GBPUSD_M5.csv,6185795,.csv
omnis_backup\dados\dados_historicos\gold\GOLD_D1.csv,228709,.csv
omnis_backup\dados\dados_historicos\gold\GOLD_H1.csv,923667,.csv
omnis_backup\dados\dados_historicos\gold\GOLD_H4.csv,417325,.csv
omnis_backup\dados\dados_historicos\gold\GOLD_M1.csv,6172128,.csv
omnis_backup\dados\dados_historicos\gold\GOLD_M15.csv,2961738,.csv
omnis_backup\dados\dados_historicos\gold\GOLD_M30.csv,1603864,.csv
omnis_backup\dados\dados_historicos\gold\GOLD_M5.csv,6226709,.csv
omnis_backup\dados\dados_historicos\nzdusd\NZDUSD_D1.csv,247088,.csv
omnis_backup\dados\dados_historicos\nzdusd\NZDUSD_H1.csv,972518,.csv
omnis_backup\dados\dados_historicos\nzdusd\NZDUSD_H4.csv,436806,.csv
omnis_backup\dados\dados_historicos\nzdusd\NZDUSD_M1.csv,6095012,.csv
omnis_backup\dados\dados_historicos\nzdusd\NZDUSD_M15.csv,3085915,.csv
omnis_backup\dados\dados_historicos\nzdusd\NZDUSD_M30.csv,1679675,.csv
omnis_backup\dados\dados_historicos\nzdusd\NZDUSD_M5.csv,6176282,.csv
omnis_backup\dados\dados_historicos\usdcad\USDCAD_D1.csv,247584,.csv
omnis_backup\dados\dados_historicos\usdcad\USDCAD_H1.csv,970053,.csv
omnis_backup\dados\dados_historicos\usdcad\USDCAD_H4.csv,437088,.csv
omnis_backup\dados\dados_historicos\usdcad\USDCAD_M1.csv,6082319,.csv
omnis_backup\dados\dados_historicos\usdcad\USDCAD_M15.csv,3077257,.csv
omnis_backup\dados\dados_historicos\usdcad\USDCAD_M30.csv,1676850,.csv
omnis_backup\dados\dados_historicos\usdcad\USDCAD_M5.csv,6180702,.csv
omnis_backup\dados\dados_historicos\usdchf\USDCHF_D1.csv,247043,.csv
omnis_backup\dados\dados_historicos\usdchf\USDCHF_H1.csv,969512,.csv
omnis_backup\dados\dados_historicos\usdchf\USDCHF_H4.csv,436403,.csv
omnis_backup\dados\dados_historicos\usdchf\USDCHF_M1.csv,6104362,.csv
omnis_backup\dados\dados_historicos\usdchf\USDCHF_M15.csv,3074874,.csv
omnis_backup\dados\dados_historicos\usdchf\USDCHF_M30.csv,1674898,.csv
omnis_backup\dados\dados_historicos\usdchf\USDCHF_M5.csv,6178040,.csv
omnis_backup\dados\dados_historicos\usdjpy\USDJPY_D1.csv,243780,.csv
omnis_backup\dados\dados_historicos\usdjpy\USDJPY_H1.csv,965688,.csv
omnis_backup\dados\dados_historicos\usdjpy\USDJPY_H4.csv,433604,.csv
omnis_backup\dados\dados_historicos\usdjpy\USDJPY_M1.csv,6096539,.csv
omnis_backup\dados\dados_historicos\usdjpy\USDJPY_M15.csv,3082366,.csv
omnis_backup\dados\dados_historicos\usdjpy\USDJPY_M30.csv,1674508,.csv
omnis_backup\dados\dados_historicos\usdjpy\USDJPY_M5.csv,6175527,.csv
omnis_legacy\DADOS\cripto\H1\btcusd.csv,973730,.csv
omnis_legacy\DADOS\cripto\H1\BTCUSD_H1_prepared.csv,2501827,.csv
omnis_legacy\DADOS\cripto\H1\ethusd.csv,809904,.csv
omnis_legacy\DADOS\cripto\H1\ETHUSD_H1_prepared.csv,2235344,.csv
omnis_legacy\DADOS\cripto\H4\BTCUSD_H4_prepared.csv,2724339,.csv
omnis_legacy\DADOS\cripto\H4\ETHUSD_H4_prepared.csv,2229925,.csv
omnis_legacy\DADOS\cripto\M15\BTCUSD_M15_prepared.csv,12318695,.csv
omnis_legacy\DADOS\cripto\M15\ETHUSD_M15_prepared.csv,8962795,.csv
omnis_legacy\DADOS\cripto\M30\BTCUSD_M30_prepared.csv,4988204,.csv
omnis_legacy\DADOS\cripto\M30\ETHUSD_M30_prepared.csv,4478045,.csv
omnis_legacy\DADOS\cripto\M5\BTCUSD_M5_prepared.csv,16414105,.csv
omnis_legacy\DADOS\cripto\M5\ETHUSD_M5_prepared.csv,15511918,.csv
omnis_legacy\DADOS\features\X_features_mtf.csv,1396634518,.csv
omnis_legacy\DADOS\forex\D1\audjpy.csv,69376,.csv
omnis_legacy\DADOS\forex\D1\audusd.csv,75831,.csv
omnis_legacy\DADOS\forex\D1\chfjpy.csv,73861,.csv
omnis_legacy\DADOS\forex\D1\euraud.csv,75752,.csv
omnis_legacy\DADOS\forex\D1\eurcad.csv,77046,.csv
omnis_legacy\DADOS\forex\D1\eurgbp.csv,72812,.csv
omnis_legacy\DADOS\forex\D1\eurjpy.csv,74267,.csv
omnis_legacy\DADOS\forex\D1\eurmxn.csv,79029,.csv
omnis_legacy\DADOS\forex\D1\eurnok.csv,79533,.csv
omnis_legacy\DADOS\forex\D1\eursek.csv,80063,.csv
omnis_legacy\DADOS\forex\D1\eurusd.csv,75867,.csv
omnis_legacy\DADOS\forex\D1\gbpjpy.csv,75855,.csv
omnis_legacy\DADOS\forex\D1\gbpusd.csv,72490,.csv
omnis_legacy\DADOS\forex\D1\nzdusd.csv,75874,.csv
omnis_legacy\DADOS\forex\D1\usdcad.csv,72352,.csv
omnis_legacy\DADOS\forex\D1\usdchf.csv,74886,.csv
omnis_legacy\DADOS\forex\D1\usdhkd.csv,74938,.csv
omnis_legacy\DADOS\forex\D1\usdjpy.csv,75664,.csv
omnis_legacy\DADOS\forex\D1\usdmxn.csv,80837,.csv
omnis_legacy\DADOS\forex\D1\usdnok.csv,76027,.csv
omnis_legacy\DADOS\forex\D1\usdpln.csv,71100,.csv
omnis_legacy\DADOS\forex\D1\usdsek.csv,78286,.csv
omnis_legacy\DADOS\forex\D1\usdsgd.csv,74887,.csv
omnis_legacy\DADOS\forex\H1\audjpy.csv,1614794,.csv
omnis_legacy\DADOS\forex\H1\audjpy_h1_bruto_020122_290326.csv,1431163,.csv
omnis_legacy\DADOS\forex\H1\AUDJPY_H1_prepared.csv,2378652,.csv
omnis_legacy\DADOS\forex\H1\audusd.csv,1745186,.csv
omnis_legacy\DADOS\forex\H1\audusd_h1_bruto_02012022.csv,1561555,.csv
omnis_legacy\DADOS\forex\H1\AUDUSD_H1_prepared.csv,1798179,.csv
omnis_legacy\DADOS\forex\H1\chfjpy.csv,1705532,.csv
omnis_legacy\DADOS\forex\H1\chfjpy_h1_020122_290326.csv,1521901,.csv
omnis_legacy\DADOS\forex\H1\euraud.csv,1745192,.csv
omnis_legacy\DADOS\forex\H1\eurcad.csv,1773862,.csv
omnis_legacy\DADOS\forex\H1\EURCHF_H1_prepared.csv,2438234,.csv
omnis_legacy\DADOS\forex\H1\eurgbp.csv,1677293,.csv
omnis_legacy\DADOS\forex\H1\EURGBP_H1_prepared.csv,2447047,.csv
omnis_legacy\DADOS\forex\H1\eurjpy.csv,1710059,.csv
omnis_legacy\DADOS\forex\H1\EURJPY_H1_prepared.csv,5294701,.csv
omnis_legacy\DADOS\forex\H1\eurmxn.csv,1803475,.csv
omnis_legacy\DADOS\forex\H1\eurnok.csv,1820300,.csv
omnis_legacy\DADOS\forex\H1\eursek.csv,1829891,.csv
omnis_legacy\DADOS\forex\H1\eurusd.csv,1746565,.csv
omnis_legacy\DADOS\forex\H1\EURUSD_H1_prepared.csv,15955115,.csv
omnis_legacy\DADOS\forex\H1\gbpjpy.csv,1746898,.csv
omnis_legacy\DADOS\forex\H1\GBPJPY_H1_prepared.csv,2447632,.csv
omnis_legacy\DADOS\forex\H1\gbpusd.csv,1677375,.csv
omnis_legacy\DADOS\forex\H1\GBPUSD_H1_prepared.csv,2428507,.csv
omnis_legacy\DADOS\forex\H1\nzdusd.csv,1745436,.csv
omnis_legacy\DADOS\forex\H1\NZDUSD_H1_prepared.csv,2442800,.csv
omnis_legacy\DADOS\forex\H1\usdcad.csv,1672005,.csv
omnis_legacy\DADOS\forex\H1\USDCAD_H1_prepared.csv,2426485,.csv
omnis_legacy\DADOS\forex\H1\usdchf.csv,1725383,.csv
omnis_legacy\DADOS\forex\H1\USDCHF_H1_prepared.csv,2433561,.csv
omnis_legacy\DADOS\forex\H1\usdhkd.csv,1725354,.csv
omnis_legacy\DADOS\forex\H1\usdjpy.csv,1688882,.csv
omnis_legacy\DADOS\forex\H1\USDJPY_H1_prepared.csv,2429733,.csv
omnis_legacy\DADOS\forex\H1\usdmxn.csv,1850224,.csv
omnis_legacy\DADOS\forex\H1\usdnok.csv,1802160,.csv
omnis_legacy\DADOS\forex\H1\usdpln.csv,1702396,.csv
omnis_legacy\DADOS\forex\H1\usdsek.csv,1795046,.csv
omnis_legacy\DADOS\forex\H1\usdsgd.csv,1725600,.csv
omnis_legacy\DADOS\forex\H4\AUDJPY_H4_prepared.csv,432226,.csv
omnis_legacy\DADOS\forex\H4\AUDUSD_H4_prepared.csv,456763,.csv
omnis_legacy\DADOS\forex\H4\EURCHF_H4_prepared.csv,1073716,.csv
omnis_legacy\DADOS\forex\H4\EURGBP_H4_prepared.csv,1081605,.csv
omnis_legacy\DADOS\forex\H4\EURJPY_H4_prepared.csv,3930718,.csv
omnis_legacy\DADOS\forex\H4\EURUSD_H4_prepared.csv,7425405,.csv
omnis_legacy\DADOS\forex\H4\GBPJPY_H4_prepared.csv,1082377,.csv
omnis_legacy\DADOS\forex\H4\GBPUSD_H4_prepared.csv,1075996,.csv
omnis_legacy\DADOS\forex\H4\NZDUSD_H4_prepared.csv,1078391,.csv
omnis_legacy\DADOS\forex\H4\USDCAD_H4_prepared.csv,1074920,.csv
omnis_legacy\DADOS\forex\H4\USDCHF_H4_prepared.csv,1076551,.csv
omnis_legacy\DADOS\forex\H4\USDJPY_H4_prepared.csv,1072580,.csv
omnis_legacy\DADOS\forex\M15\audjpy.csv,6446314,.csv
omnis_legacy\DADOS\forex\M15\AUDJPY_M15_prepared.csv,7089087,.csv
omnis_legacy\DADOS\forex\M15\AUDJPY_M5_prepared.csv,15413449,.csv
omnis_legacy\DADOS\forex\M15\audusd.csv,6966467,.csv
omnis_legacy\DADOS\forex\M15\AUDUSD_M15_prepared.csv,7204642,.csv
omnis_legacy\DADOS\forex\M15\AUDUSD_M5_prepared.csv,15842445,.csv
omnis_legacy\DADOS\forex\M15\chfjpy.csv,6808418,.csv
omnis_legacy\DADOS\forex\M15\euraud.csv,6967500,.csv
omnis_legacy\DADOS\forex\M15\eurcad.csv,7085527,.csv
omnis_legacy\DADOS\forex\M15\EURCHF_M15_prepared.csv,7872377,.csv
omnis_legacy\DADOS\forex\M15\eurgbp.csv,6688644,.csv
omnis_legacy\DADOS\forex\M15\EURGBP_M15_prepared.csv,7885104,.csv
omnis_legacy\DADOS\forex\M15\eurjpy.csv,6824277,.csv
omnis_legacy\DADOS\forex\M15\EURJPY_M15_prepared.csv,10742891,.csv
omnis_legacy\DADOS\forex\M15\eurmxn.csv,7192932,.csv
omnis_legacy\DADOS\forex\M15\eurnok.csv,7266847,.csv
omnis_legacy\DADOS\forex\M15\eursek.csv,7303503,.csv
omnis_legacy\DADOS\forex\M15\eurusd.csv,6972327,.csv
omnis_legacy\DADOS\forex\M15\EURUSD_M15_prepared.csv,15777714,.csv
omnis_legacy\DADOS\forex\M15\gbpjpy.csv,6972431,.csv
omnis_legacy\DADOS\forex\M15\GBPJPY_M15_prepared.csv,7899102,.csv
omnis_legacy\DADOS\forex\M15\gbpusd.csv,6694079,.csv
omnis_legacy\DADOS\forex\M15\GBPUSD_M15_prepared.csv,7822891,.csv
omnis_legacy\DADOS\forex\M15\nzdusd.csv,6968811,.csv
omnis_legacy\DADOS\forex\M15\NZDUSD_M15_prepared.csv,7872665,.csv
omnis_legacy\DADOS\forex\M15\usdcad.csv,6669746,.csv
omnis_legacy\DADOS\forex\M15\USDCAD_M15_prepared.csv,7815694,.csv
omnis_legacy\DADOS\forex\M15\usdchf.csv,6886493,.csv
omnis_legacy\DADOS\forex\M15\USDCHF_M15_prepared.csv,7838029,.csv
omnis_legacy\DADOS\forex\M15\usdhkd.csv,6886449,.csv
omnis_legacy\DADOS\forex\M15\usdjpy.csv,6740276,.csv
omnis_legacy\DADOS\forex\M15\USDJPY_M15_prepared.csv,7848116,.csv
omnis_legacy\DADOS\forex\M15\usdmxn.csv,7387285,.csv
omnis_legacy\DADOS\forex\M15\usdnok.csv,7193346,.csv
omnis_legacy\DADOS\forex\M15\usdpln.csv,6793697,.csv
omnis_legacy\DADOS\forex\M15\usdsek.csv,7164485,.csv
omnis_legacy\DADOS\forex\M15\usdsgd.csv,6886464,.csv
omnis_legacy\DADOS\forex\M30\AUDJPY_M30_prepared.csv,3544240,.csv
omnis_legacy\DADOS\forex\M30\AUDUSD_M30_prepared.csv,3605719,.csv
omnis_legacy\DADOS\forex\M30\EURCHF_M30_prepared.csv,4255489,.csv
omnis_legacy\DADOS\forex\M30\EURGBP_M30_prepared.csv,4264589,.csv
omnis_legacy\DADOS\forex\M30\EURJPY_M30_prepared.csv,7112105,.csv
omnis_legacy\DADOS\forex\M30\EURUSD_M30_prepared.csv,15789400,.csv
omnis_legacy\DADOS\forex\M30\GBPJPY_M30_prepared.csv,4265492,.csv
omnis_legacy\DADOS\forex\M30\GBPUSD_M30_prepared.csv,4230324,.csv
omnis_legacy\DADOS\forex\M30\NZDUSD_M30_prepared.csv,4256241,.csv
omnis_legacy\DADOS\forex\M30\USDCAD_M30_prepared.csv,4227060,.csv
omnis_legacy\DADOS\forex\M30\USDCHF_M30_prepared.csv,4238751,.csv
omnis_legacy\DADOS\forex\M30\USDJPY_M30_prepared.csv,4238924,.csv
omnis_legacy\DADOS\forex\M5\EURCHF_M5_prepared.csv,15834632,.csv
omnis_legacy\DADOS\forex\M5\EURGBP_M5_prepared.csv,15868893,.csv
omnis_legacy\DADOS\forex\M5\EURJPY_M5_prepared.csv,15873313,.csv
omnis_legacy\DADOS\forex\M5\EURUSD_M5_prepared.csv,15848383,.csv
omnis_legacy\DADOS\forex\M5\GBPJPY_M5_prepared.csv,15776173,.csv
omnis_legacy\DADOS\forex\M5\GBPUSD_M5_prepared.csv,15790853,.csv
omnis_legacy\DADOS\forex\M5\NZDUSD_M5_prepared.csv,15844579,.csv
omnis_legacy\DADOS\forex\M5\USDCAD_M5_prepared.csv,15784528,.csv
omnis_legacy\DADOS\forex\M5\USDCHF_M5_prepared.csv,15838733,.csv
omnis_legacy\DADOS\forex\M5\USDJPY_M5_prepared.csv,15842075,.csv
omnis_legacy\DADOS\metais\D1\gold.csv,666189,.csv
omnis_legacy\DADOS\metais\H1\GOLD_H1.csv,923667,.csv
omnis_legacy\DADOS\metais\H1\GOLD_H1_prepared.csv,2275311,.csv
omnis_legacy\DADOS\metais\H4\GOLD_H4.csv,417325,.csv
omnis_legacy\DADOS\metais\H4\GOLD_H4_prepared.csv,1019047,.csv
omnis_legacy\DADOS\metais\M15\GOLD_M15.csv,2961738,.csv
omnis_legacy\DADOS\metais\M15\GOLD_M15_prepared.csv,7362908,.csv
omnis_legacy\DADOS\metais\M30\GOLD_M30.csv,1603864,.csv
omnis_legacy\DADOS\metais\M30\GOLD_M30_prepared.csv,3971065,.csv
omnis_legacy\DADOS\metais\M5\GOLD_M5.csv,6226709,.csv
omnis_legacy\DADOS\metais\M5\GOLD_M5_prepared.csv,15569776,.csv
projeto_qlib_final\data\EURUSD.parquet,21976530,.parquet
projeto_qlib_final\data_qlib\calendars\5min.txt,9335571,.txt
projeto_qlib_final\data_qlib\features\adausd\close.5min.bin,1778208,.bin
projeto_qlib_final\data_qlib\features\adausd\decimals.5min.bin,1778208,.bin
projeto_qlib_final\data_qlib\features\adausd\high.5min.bin,1778208,.bin
projeto_qlib_final\data_qlib\features\adausd\low.5min.bin,1778208,.bin
projeto_qlib_final\data_qlib\features\adausd\open.5min.bin,1778208,.bin
projeto_qlib_final\data_qlib\features\adausd\point_value.5min.bin,1778208,.bin
projeto_qlib_final\data_qlib\features\adausd\volume.5min.bin,1778208,.bin
projeto_qlib_final\data_qlib\features\audcad\close.5min.bin,1778208,.bin
projeto_qlib_final\data_qlib\features\audcad\decimals.5min.bin,1778208,.bin
projeto_qlib_final\data_qlib\features\audcad\high.5min.bin,1778208,.bin
projeto_qlib_final\data_qlib\features\audcad\low.5min.bin,1778208,.bin
projeto_qlib_final\data_qlib\features\audcad\open.5min.bin,1778208,.bin
projeto_qlib_final\data_qlib\features\audcad\point_value.5min.bin,1778208,.bin
projeto_qlib_final\data_qlib\features\audcad\volume.5min.bin,1778208,.bin
projeto_qlib_final\data_qlib\features\audchf\close.5min.bin,1778208,.bin
projeto_qlib_final\data_qlib\features\audchf\decimals.5min.bin,1778208,.bin
projeto_qlib_final\data_qlib\features\audchf\high.5min.bin,1778208,.bin
projeto_qlib_final\data_qlib\features\audchf\low.5min.bin,1778208,.bin
projeto_qlib_final\data_qlib\features\audchf\open.5min.bin,1778208,.bin
projeto_qlib_final\data_qlib\features\audchf\point_value.5min.bin,1778208,.bin
projeto_qlib_final\data_qlib\features\audchf\volume.5min.bin,1778208,.bin
projeto_qlib_final\data_qlib\features\audjpy\close.5min.bin,1778208,.bin
projeto_qlib_final\data_qlib\features\audjpy\decimals.5min.bin,1778208,.bin
projeto_qlib_final\data_qlib\features\audjpy\high.5min.bin,1778208,.bin
projeto_qlib_final\data_qlib\features\audjpy\low.5min.bin,1778208,.bin
projeto_qlib_final\data_qlib\features\audjpy\open.5min.bin,1778208,.bin
projeto_qlib_final\data_qlib\features\audjpy\point_value.5min.bin,1778208,.bin
projeto_qlib_final\data_qlib\features\audjpy\volume.5min.bin,1778208,.bin
projeto_qlib_final\data_qlib\features\audnok\close.5min.bin,1778208,.bin
projeto_qlib_final\data_qlib\features\audnok\decimals.5min.bin,1778208,.bin
projeto_qlib_final\data_qlib\features\audnok\high.5min.bin,1778208,.bin
projeto_qlib_final\data_qlib\features\audnok\low.5min.bin,1778208,.bin
projeto_qlib_final\data_qlib\features\audnok\open.5min.bin,1778208,.bin
projeto_qlib_final\data_qlib\features\audnok\point_value.5min.bin,1778208,.bin
projeto_qlib_final\data_qlib\features\audnok\volume.5min.bin,1778208,.bin
projeto_qlib_final\data_qlib\features\audnzd\close.5min.bin,1778208,.bin
projeto_qlib_final\data_qlib\features\audnzd\decimals.5min.bin,1778208,.bin
projeto_qlib_final\data_qlib\features\audnzd\high.5min.bin,1778208,.bin
projeto_qlib_final\data_qlib\features\audnzd\low.5min.bin,1778208,.bin
projeto_qlib_final\data_qlib\features\audnzd\open.5min.bin,1778208,.bin
projeto_qlib_final\data_qlib\features\audnzd\point_value.5min.bin,1778208,.bin
projeto_qlib_final\data_qlib\features\audnzd\volume.5min.bin,1778208,.bin
projeto_qlib_final\data_qlib\features\audpln\close.5min.bin,1778208,.bin
projeto_qlib_final\data_qlib\features\audpln\decimals.5min.bin,1778208,.bin
projeto_qlib_final\data_qlib\features\audpln\high.5min.bin,1778208,.bin
projeto_qlib_final\data_qlib\features\audpln\low.5min.bin,1778208,.bin
projeto_qlib_final\data_qlib\features\audpln\open.5min.bin,1778208,.bin
projeto_qlib_final\data_qlib\features\audpln\point_value.5min.bin,1778208,.bin
projeto_qlib_final\data_qlib\features\audpln\volume.5min.bin,1778208,.bin
projeto_qlib_final\data_qlib\features\audsgd\close.5min.bin,1778208,.bin
projeto_qlib_final\data_qlib\features\audsgd\decimals.5min.bin,1778208,.bin
projeto_qlib_final\data_qlib\features\audsgd\high.5min.bin,1778208,.bin
projeto_qlib_final\data_qlib\features\audsgd\low.5min.bin,1778208,.bin
projeto_qlib_final\data_qlib\features\audsgd\open.5min.bin,1778208,.bin
projeto_qlib_final\data_qlib\features\audsgd\point_value.5min.bin,1778208,.bin
projeto_qlib_final\data_qlib\features\audsgd\volume.5min.bin,1778208,.bin
projeto_qlib_final\data_qlib\features\audusd\close.5min.bin,1778208,.bin
projeto_qlib_final\data_qlib\features\audusd\decimals.5min.bin,1778208,.bin
projeto_qlib_final\data_qlib\features\audusd\high.5min.bin,1778208,.bin
projeto_qlib_final\data_qlib\features\audusd\low.5min.bin,1778208,.bin
projeto_qlib_final\data_qlib\features\audusd\open.5min.bin,1778208,.bin
projeto_qlib_final\data_qlib\features\audusd\point_value.5min.bin,1778208,.bin
projeto_qlib_final\data_qlib\features\audusd\volume.5min.bin,1778208,.bin
projeto_qlib_final\data_qlib\features\aus_idx\close.5min.bin,1778208,.bin
projeto_qlib_final\data_qlib\features\aus_idx\decimals.5min.bin,1778208,.bin
projeto_qlib_final\data_qlib\features\aus_idx\high.5min.bin,1778208,.bin
projeto_qlib_final\data_qlib\features\aus_idx\low.5min.bin,1778208,.bin
projeto_qlib_final\data_qlib\features\aus_idx\open.5min.bin,1778208,.bin
projeto_qlib_final\data_qlib\features\aus_idx\point_value.5min.bin,1778208,.bin
projeto_qlib_final\data_qlib\features\aus_idx\volume.5min.bin,1778208,.bin
projeto_qlib_final\data_qlib\features\aveusd\close.5min.bin,1778208,.bin
projeto_qlib_final\data_qlib\features\aveusd\decimals.5min.bin,1778208,.bin
projeto_qlib_final\data_qlib\features\aveusd\high.5min.bin,1778208,.bin
projeto_qlib_final\data_qlib\features\aveusd\low.5min.bin,1778208,.bin
projeto_qlib_final\data_qlib\features\aveusd\open.5min.bin,1778208,.bin
projeto_qlib_final\data_qlib\features\aveusd\point_value.5min.bin,1778208,.bin
projeto_qlib_final\data_qlib\features\aveusd\volume.5min.bin,1778208,.bin
projeto_qlib_final\data_qlib\features\batusd\close.5min.bin,1778208,.bin
projeto_qlib_final\data_qlib\features\batusd\decimals.5min.bin,1778208,.bin
projeto_qlib_final\data_qlib\features\batusd\high.5min.bin,1778208,.bin
projeto_qlib_final\data_qlib\features\batusd\low.5min.bin,1778208,.bin
projeto_qlib_final\data_qlib\features\batusd\open.5min.bin,1778208,.bin
projeto_qlib_final\data_qlib\features\batusd\point_value.5min.bin,1778208,.bin
projeto_qlib_final\data_qlib\features\batusd\volume.5min.bin,1778208,.bin
projeto_qlib_final\data_qlib\features\bchusd\close.5min.bin,1778208,.bin
projeto_qlib_final\data_qlib\features\bchusd\decimals.5min.bin,1778208,.bin
projeto_qlib_final\data_qlib\features\bchusd\high.5min.bin,1778208,.bin
projeto_qlib_final\data_qlib\features\bchusd\low.5min.bin,1778208,.bin
projeto_qlib_final\data_qlib\features\bchusd\open.5min.bin,1778208,.bin
projeto_qlib_final\data_qlib\features\bchusd\point_value.5min.bin,1778208,.bin
projeto_qlib_final\data_qlib\features\bchusd\volume.5min.bin,1778208,.bin
projeto_qlib_final\data_qlib\features\cadchf\close.5min.bin,1778208,.bin
projeto_qlib_final\data_qlib\features\cadchf\decimals.5min.bin,1778208,.bin
projeto_qlib_final\data_qlib\features\cadchf\high.5min.bin,1778208,.bin
projeto_qlib_final\data_qlib\features\cadchf\low.5min.bin,1778208,.bin
projeto_qlib_final\data_qlib\features\cadchf\open.5min.bin,1778208,.bin
projeto_qlib_final\data_qlib\features\cadchf\point_value.5min.bin,1778208,.bin
projeto_qlib_final\data_qlib\features\cadchf\volume.5min.bin,1778208,.bin
projeto_qlib_final\data_qlib\features\cadjpy\close.5min.bin,1778208,.bin
projeto_qlib_final\data_qlib\features\cadjpy\decimals.5min.bin,1778208,.bin
projeto_qlib_final\data_qlib\features\cadjpy\high.5min.bin,1778208,.bin
projeto_qlib_final\data_qlib\features\cadjpy\low.5min.bin,1778208,.bin
projeto_qlib_final\data_qlib\features\cadjpy\open.5min.bin,1778208,.bin
projeto_qlib_final\data_qlib\features\cadjpy\point_value.5min.bin,1778208,.bin
projeto_qlib_final\data_qlib\features\cadjpy\volume.5min.bin,1778208,.bin
projeto_qlib_final\data_qlib\features\cadpln\close.5min.bin,1778208,.bin
projeto_qlib_final\data_qlib\features\cadpln\decimals.5min.bin,1778208,.bin
projeto_qlib_final\data_qlib\features\cadpln\high.5min.bin,1778208,.bin
projeto_qlib_final\data_qlib\features\cadpln\low.5min.bin,1778208,.bin
projeto_qlib_final\data_qlib\features\cadpln\open.5min.bin,1778208,.bin
projeto_qlib_final\data_qlib\features\cadpln\point_value.5min.bin,1778208,.bin
projeto_qlib_final\data_qlib\features\cadpln\volume.5min.bin,1778208,.bin
projeto_qlib_final\data_qlib\features\che_idx\close.5min.bin,1778208,.bin
projeto_qlib_final\data_qlib\features\che_idx\decimals.5min.bin,1778208,.bin
projeto_qlib_final\data_qlib\features\che_idx\high.5min.bin,1778208,.bin
projeto_qlib_final\data_qlib\features\che_idx\low.5min.bin,1778208,.bin
projeto_qlib_final\data_qlib\features\che_idx\open.5min.bin,1778208,.bin
projeto_qlib_final\data_qlib\features\che_idx\point_value.5min.bin,1778208,.bin
projeto_qlib_final\data_qlib\features\che_idx\volume.5min.bin,1778208,.bin
projeto_qlib_final\data_qlib\features\chfdkk\close.5min.bin,1778208,.bin
projeto_qlib_final\data_qlib\features\chfdkk\decimals.5min.bin,1778208,.bin
projeto_qlib_final\data_qlib\features\chfdkk\high.5min.bin,1778208,.bin
projeto_qlib_final\data_qlib\features\chfdkk\low.5min.bin,1778208,.bin
projeto_qlib_final\data_qlib\features\chfdkk\open.5min.bin,1778208,.bin
projeto_qlib_final\data_qlib\features\chfdkk\point_value.5min.bin,1778208,.bin
projeto_qlib_final\data_qlib\features\chfdkk\volume.5min.bin,1778208,.bin
projeto_qlib_final\data_qlib\features\chfpln\close.5min.bin,1778208,.bin
projeto_qlib_final\data_qlib\features\chfpln\decimals.5min.bin,1778208,.bin
projeto_qlib_final\data_qlib\features\chfpln\high.5min.bin,1778208,.bin
projeto_qlib_final\data_qlib\features\chfpln\low.5min.bin,1778208,.bin
projeto_qlib_final\data_qlib\features\chfpln\open.5min.bin,1778208,.bin
projeto_qlib_final\data_qlib\features\chfpln\point_value.5min.bin,1778208,.bin
projeto_qlib_final\data_qlib\features\chfpln\volume.5min.bin,1778208,.bin
projeto_qlib_final\data_qlib\features\chfsgd\close.5min.bin,1778208,.bin
projeto_qlib_final\data_qlib\features\chfsgd\decimals.5min.bin,1778208,.bin
projeto_qlib_final\data_qlib\features\chfsgd\high.5min.bin,1778208,.bin
projeto_qlib_final\data_qlib\features\chfsgd\low.5min.bin,1778208,.bin
projeto_qlib_final\data_qlib\features\chfsgd\open.5min.bin,1778208,.bin
projeto_qlib_final\data_qlib\features\chfsgd\point_value.5min.bin,1778208,.bin
projeto_qlib_final\data_qlib\features\chfsgd\volume.5min.bin,1778208,.bin
projeto_qlib_final\data_qlib\features\chi_idx\close.5min.bin,1778208,.bin
projeto_qlib_final\data_qlib\features\chi_idx\decimals.5min.bin,1778208,.bin
projeto_qlib_final\data_qlib\features\chi_idx\high.5min.bin,1778208,.bin
projeto_qlib_final\data_qlib\features\chi_idx\low.5min.bin,1778208,.bin
projeto_qlib_final\data_qlib\features\chi_idx\open.5min.bin,1778208,.bin
projeto_qlib_final\data_qlib\features\chi_idx\point_value.5min.bin,1778208,.bin
projeto_qlib_final\data_qlib\features\chi_idx\volume.5min.bin,1778208,.bin
projeto_qlib_final\data_qlib\features\cmpusd\close.5min.bin,1778208,.bin
projeto_qlib_final\data_qlib\features\cmpusd\decimals.5min.bin,1778208,.bin
projeto_qlib_final\data_qlib\features\cmpusd\high.5min.bin,1778208,.bin
projeto_qlib_final\data_qlib\features\cmpusd\low.5min.bin,1778208,.bin
projeto_qlib_final\data_qlib\features\cmpusd\open.5min.bin,1778208,.bin
projeto_qlib_final\data_qlib\features\cmpusd\point_value.5min.bin,1778208,.bin
projeto_qlib_final\data_qlib\features\cmpusd\volume.5min.bin,1778208,.bin
projeto_qlib_final\data_qlib\features\dollar_idx\close.5min.bin,1778208,.bin
projeto_qlib_final\data_qlib\features\dollar_idx\decimals.5min.bin,1778208,.bin
projeto_qlib_final\data_qlib\features\dollar_idx\high.5min.bin,1778208,.bin
projeto_qlib_final\data_qlib\features\dollar_idx\low.5min.bin,1778208,.bin
projeto_qlib_final\data_qlib\features\dollar_idx\open.5min.bin,1778208,.bin
projeto_qlib_final\data_qlib\features\dollar_idx\point_value.5min.bin,1778208,.bin
projeto_qlib_final\data_qlib\features\dollar_idx\volume.5min.bin,1778208,.bin
projeto_qlib_final\data_qlib\features\dshusd\close.5min.bin,1778208,.bin
projeto_qlib_final\data_qlib\features\dshusd\decimals.5min.bin,1778208,.bin
projeto_qlib_final\data_qlib\features\dshusd\high.5min.bin,1778208,.bin
projeto_qlib_final\data_qlib\features\dshusd\low.5min.bin,1778208,.bin
projeto_qlib_final\data_qlib\features\dshusd\open.5min.bin,1778208,.bin
projeto_qlib_final\data_qlib\features\dshusd\point_value.5min.bin,1778208,.bin
projeto_qlib_final\data_qlib\features\dshusd\volume.5min.bin,1778208,.bin
projeto_qlib_final\data_qlib\features\esp_idx\close.5min.bin,1778208,.bin
projeto_qlib_final\data_qlib\features\esp_idx\decimals.5min.bin,1778208,.bin
projeto_qlib_final\data_qlib\features\esp_idx\high.5min.bin,1778208,.bin
projeto_qlib_final\data_qlib\features\esp_idx\low.5min.bin,1778208,.bin
projeto_qlib_final\data_qlib\features\esp_idx\open.5min.bin,1778208,.bin
projeto_qlib_final\data_qlib\features\esp_idx\point_value.5min.bin,1778208,.bin
projeto_qlib_final\data_qlib\features\esp_idx\volume.5min.bin,1778208,.bin
projeto_qlib_final\data_qlib\features\euraud\close.5min.bin,1778208,.bin
projeto_qlib_final\data_qlib\features\euraud\decimals.5min.bin,1778208,.bin
projeto_qlib_final\data_qlib\features\euraud\high.5min.bin,1778208,.bin
projeto_qlib_final\data_qlib\features\euraud\low.5min.bin,1778208,.bin
projeto_qlib_final\data_qlib\features\euraud\open.5min.bin,1778208,.bin
projeto_qlib_final\data_qlib\features\euraud\point_value.5min.bin,1778208,.bin
projeto_qlib_final\data_qlib\features\euraud\volume.5min.bin,1778208,.bin
projeto_qlib_final\data_qlib\features\eurchf\close.5min.bin,1778208,.bin
projeto_qlib_final\data_qlib\features\eurchf\decimals.5min.bin,1778208,.bin
projeto_qlib_final\data_qlib\features\eurchf\high.5min.bin,1778208,.bin
projeto_qlib_final\data_qlib\features\eurchf\low.5min.bin,1778208,.bin
projeto_qlib_final\data_qlib\features\eurchf\open.5min.bin,1778208,.bin
projeto_qlib_final\data_qlib\features\eurchf\point_value.5min.bin,1778208,.bin
projeto_qlib_final\data_qlib\features\eurchf\volume.5min.bin,1778208,.bin
projeto_qlib_final\data_qlib\features\eurgbp\close.5min.bin,1778208,.bin
projeto_qlib_final\data_qlib\features\eurgbp\decimals.5min.bin,1778208,.bin
projeto_qlib_final\data_qlib\features\eurgbp\high.5min.bin,1778208,.bin
projeto_qlib_final\data_qlib\features\eurgbp\low.5min.bin,1778208,.bin
projeto_qlib_final\data_qlib\features\eurgbp\open.5min.bin,1778208,.bin
projeto_qlib_final\data_qlib\features\eurgbp\point_value.5min.bin,1778208,.bin
projeto_qlib_final\data_qlib\features\eurgbp\volume.5min.bin,1778208,.bin
projeto_qlib_final\data_qlib\features\eurhkd\close.5min.bin,1778208,.bin
projeto_qlib_final\data_qlib\features\eurhkd\decimals.5min.bin,1778208,.bin
projeto_qlib_final\data_qlib\features\eurhkd\high.5min.bin,1778208,.bin
projeto_qlib_final\data_qlib\features\eurhkd\low.5min.bin,1778208,.bin
projeto_qlib_final\data_qlib\features\eurhkd\open.5min.bin,1778208,.bin
projeto_qlib_final\data_qlib\features\eurhkd\point_value.5min.bin,1778208,.bin
projeto_qlib_final\data_qlib\features\eurhkd\volume.5min.bin,1778208,.bin
projeto_qlib_final\data_qlib\features\eurhuf\close.5min.bin,1778208,.bin
projeto_qlib_final\data_qlib\features\eurhuf\decimals.5min.bin,1778208,.bin
projeto_qlib_final\data_qlib\features\eurhuf\high.5min.bin,1778208,.bin
projeto_qlib_final\data_qlib\features\eurhuf\low.5min.bin,1778208,.bin
projeto_qlib_final\data_qlib\features\eurhuf\open.5min.bin,1778208,.bin
projeto_qlib_final\data_qlib\features\eurhuf\point_value.5min.bin,1778208,.bin
projeto_qlib_final\data_qlib\features\eurhuf\volume.5min.bin,1778208,.bin
projeto_qlib_final\data_qlib\features\eurjpy\close.5min.bin,1778208,.bin
projeto_qlib_final\data_qlib\features\eurjpy\decimals.5min.bin,1778208,.bin
projeto_qlib_final\data_qlib\features\eurjpy\high.5min.bin,1778208,.bin
projeto_qlib_final\data_qlib\features\eurjpy\low.5min.bin,1778208,.bin
projeto_qlib_final\data_qlib\features\eurjpy\open.5min.bin,1778208,.bin
projeto_qlib_final\data_qlib\features\eurjpy\point_value.5min.bin,1778208,.bin
projeto_qlib_final\data_qlib\features\eurjpy\volume.5min.bin,1778208,.bin
projeto_qlib_final\data_qlib\features\eurmxn\close.5min.bin,1778208,.bin
projeto_qlib_final\data_qlib\features\eurmxn\decimals.5min.bin,1778208,.bin
projeto_qlib_final\data_qlib\features\eurmxn\high.5min.bin,1778208,.bin
projeto_qlib_final\data_qlib\features\eurmxn\low.5min.bin,1778208,.bin
projeto_qlib_final\data_qlib\features\eurmxn\open.5min.bin,1778208,.bin
projeto_qlib_final\data_qlib\features\eurmxn\point_value.5min.bin,1778208,.bin
projeto_qlib_final\data_qlib\features\eurmxn\volume.5min.bin,1778208,.bin
projeto_qlib_final\data_qlib\features\eurnok\close.5min.bin,1778208,.bin
projeto_qlib_final\data_qlib\features\eurnok\decimals.5min.bin,1778208,.bin
projeto_qlib_final\data_qlib\features\eurnok\high.5min.bin,1778208,.bin
projeto_qlib_final\data_qlib\features\eurnok\low.5min.bin,1778208,.bin
projeto_qlib_final\data_qlib\features\eurnok\open.5min.bin,1778208,.bin
projeto_qlib_final\data_qlib\features\eurnok\point_value.5min.bin,1778208,.bin
projeto_qlib_final\data_qlib\features\eurnok\volume.5min.bin,1778208,.bin
projeto_qlib_final\data_qlib\features\eurnzd\close.5min.bin,1778208,.bin
projeto_qlib_final\data_qlib\features\eurnzd\decimals.5min.bin,1778208,.bin
projeto_qlib_final\data_qlib\features\eurnzd\high.5min.bin,1778208,.bin
projeto_qlib_final\data_qlib\features\eurnzd\low.5min.bin,1778208,.bin
projeto_qlib_final\data_qlib\features\eurnzd\open.5min.bin,1778208,.bin
projeto_qlib_final\data_qlib\features\eurnzd\point_value.5min.bin,1778208,.bin
projeto_qlib_final\data_qlib\features\eurnzd\volume.5min.bin,1778208,.bin
projeto_qlib_final\data_qlib\features\eurpln\close.5min.bin,1778208,.bin
projeto_qlib_final\data_qlib\features\eurpln\decimals.5min.bin,1778208,.bin
projeto_qlib_final\data_qlib\features\eurpln\high.5min.bin,1778208,.bin
projeto_qlib_final\data_qlib\features\eurpln\low.5min.bin,1778208,.bin
projeto_qlib_final\data_qlib\features\eurpln\open.5min.bin,1778208,.bin
projeto_qlib_final\data_qlib\features\eurpln\point_value.5min.bin,1778208,.bin
projeto_qlib_final\data_qlib\features\eurpln\volume.5min.bin,1778208,.bin
projeto_qlib_final\data_qlib\features\eursek\close.5min.bin,1778208,.bin
projeto_qlib_final\data_qlib\features\eursek\decimals.5min.bin,1778208,.bin
projeto_qlib_final\data_qlib\features\eursek\high.5min.bin,1778208,.bin
projeto_qlib_final\data_qlib\features\eursek\low.5min.bin,1778208,.bin
projeto_qlib_final\data_qlib\features\eursek\open.5min.bin,1778208,.bin
projeto_qlib_final\data_qlib\features\eursek\point_value.5min.bin,1778208,.bin
projeto_qlib_final\data_qlib\features\eursek\volume.5min.bin,1778208,.bin
projeto_qlib_final\data_qlib\features\eurtry\close.5min.bin,1778208,.bin
projeto_qlib_final\data_qlib\features\eurtry\decimals.5min.bin,1778208,.bin
projeto_qlib_final\data_qlib\features\eurtry\high.5min.bin,1778208,.bin
projeto_qlib_final\data_qlib\features\eurtry\low.5min.bin,1778208,.bin
projeto_qlib_final\data_qlib\features\eurtry\open.5min.bin,1778208,.bin
projeto_qlib_final\data_qlib\features\eurtry\point_value.5min.bin,1778208,.bin
projeto_qlib_final\data_qlib\features\eurtry\volume.5min.bin,1778208,.bin
projeto_qlib_final\data_qlib\features\eurusd\close.5min.bin,1778208,.bin
projeto_qlib_final\data_qlib\features\eurusd\close.bin,1778204,.bin
projeto_qlib_final\data_qlib\features\eurusd\decimals.5min.bin,1778208,.bin
projeto_qlib_final\data_qlib\features\eurusd\high.5min.bin,1778208,.bin
projeto_qlib_final\data_qlib\features\eurusd\high.bin,1778204,.bin
projeto_qlib_final\data_qlib\features\eurusd\low.5min.bin,1778208,.bin
projeto_qlib_final\data_qlib\features\eurusd\low.bin,1778204,.bin
projeto_qlib_final\data_qlib\features\eurusd\open.5min.bin,1778208,.bin
projeto_qlib_final\data_qlib\features\eurusd\open.bin,1778204,.bin
projeto_qlib_final\data_qlib\features\eurusd\point_value.5min.bin,1778208,.bin
projeto_qlib_final\data_qlib\features\eurusd\volume.5min.bin,1778208,.bin
projeto_qlib_final\data_qlib\features\eurusd\volume.bin,1778204,.bin
projeto_qlib_final\data_qlib\features\eurzar\close.5min.bin,1778208,.bin
projeto_qlib_final\data_qlib\features\eurzar\decimals.5min.bin,1778208,.bin
projeto_qlib_final\data_qlib\features\eurzar\high.5min.bin,1778208,.bin
projeto_qlib_final\data_qlib\features\eurzar\low.5min.bin,1778208,.bin
projeto_qlib_final\data_qlib\features\eurzar\open.5min.bin,1778208,.bin
projeto_qlib_final\data_qlib\features\eurzar\point_value.5min.bin,1778208,.bin
projeto_qlib_final\data_qlib\features\eurzar\volume.5min.bin,1778208,.bin
projeto_qlib_final\data_qlib\features\eus_idx\close.5min.bin,1778208,.bin
projeto_qlib_final\data_qlib\features\eus_idx\decimals.5min.bin,1778208,.bin
projeto_qlib_final\data_qlib\features\eus_idx\high.5min.bin,1778208,.bin
projeto_qlib_final\data_qlib\features\eus_idx\low.5min.bin,1778208,.bin
projeto_qlib_final\data_qlib\features\eus_idx\open.5min.bin,1778208,.bin
projeto_qlib_final\data_qlib\features\eus_idx\point_value.5min.bin,1778208,.bin
projeto_qlib_final\data_qlib\features\eus_idx\volume.5min.bin,1778208,.bin
projeto_qlib_final\data_qlib\features\fra_idx\close.5min.bin,1778208,.bin
projeto_qlib_final\data_qlib\features\fra_idx\decimals.5min.bin,1778208,.bin
projeto_qlib_final\data_qlib\features\fra_idx\high.5min.bin,1778208,.bin
projeto_qlib_final\data_qlib\features\fra_idx\low.5min.bin,1778208,.bin
projeto_qlib_final\data_qlib\features\fra_idx\open.5min.bin,1778208,.bin
projeto_qlib_final\data_qlib\features\fra_idx\point_value.5min.bin,1778208,.bin
projeto_qlib_final\data_qlib\features\fra_idx\volume.5min.bin,1778208,.bin
projeto_qlib_final\data_qlib\features\gbpaud\close.5min.bin,1778208,.bin
projeto_qlib_final\data_qlib\features\gbpaud\decimals.5min.bin,1778208,.bin
projeto_qlib_final\data_qlib\features\gbpaud\high.5min.bin,1778208,.bin
projeto_qlib_final\data_qlib\features\gbpaud\low.5min.bin,1778208,.bin
projeto_qlib_final\data_qlib\features\gbpaud\open.5min.bin,1778208,.bin
projeto_qlib_final\data_qlib\features\gbpaud\point_value.5min.bin,1778208,.bin
projeto_qlib_final\data_qlib\features\gbpaud\volume.5min.bin,1778208,.bin
projeto_qlib_final\data_qlib\features\gbpcad\close.5min.bin,1778208,.bin
projeto_qlib_final\data_qlib\features\gbpcad\decimals.5min.bin,1778208,.bin
projeto_qlib_final\data_qlib\features\gbpcad\high.5min.bin,1778208,.bin
projeto_qlib_final\data_qlib\features\gbpcad\low.5min.bin,1778208,.bin
projeto_qlib_final\data_qlib\features\gbpcad\open.5min.bin,1778208,.bin
projeto_qlib_final\data_qlib\features\gbpcad\point_value.5min.bin,1778208,.bin
projeto_qlib_final\data_qlib\features\gbpcad\volume.5min.bin,1778208,.bin
projeto_qlib_final\data_qlib\features\gbpchf\close.5min.bin,1778208,.bin
projeto_qlib_final\data_qlib\features\gbpchf\decimals.5min.bin,1778208,.bin
projeto_qlib_final\data_qlib\features\gbpchf\high.5min.bin,1778208,.bin
projeto_qlib_final\data_qlib\features\gbpchf\low.5min.bin,1778208,.bin
projeto_qlib_final\data_qlib\features\gbpchf\open.5min.bin,1778208,.bin
projeto_qlib_final\data_qlib\features\gbpchf\point_value.5min.bin,1778208,.bin
projeto_qlib_final\data_qlib\features\gbpchf\volume.5min.bin,1778208,.bin
projeto_qlib_final\data_qlib\features\gbpdkk\close.5min.bin,1778208,.bin
projeto_qlib_final\data_qlib\features\gbpdkk\decimals.5min.bin,1778208,.bin
projeto_qlib_final\data_qlib\features\gbpdkk\high.5min.bin,1778208,.bin
projeto_qlib_final\data_qlib\features\gbpdkk\low.5min.bin,1778208,.bin
projeto_qlib_final\data_qlib\features\gbpdkk\open.5min.bin,1778208,.bin
projeto_qlib_final\data_qlib\features\gbpdkk\point_value.5min.bin,1778208,.bin
projeto_qlib_final\data_qlib\features\gbpdkk\volume.5min.bin,1778208,.bin
projeto_qlib_final\data_qlib\features\gbpjpy\close.5min.bin,1778208,.bin
projeto_qlib_final\data_qlib\features\gbpjpy\decimals.5min.bin,1778208,.bin
projeto_qlib_final\data_qlib\features\gbpjpy\high.5min.bin,1778208,.bin
projeto_qlib_final\data_qlib\features\gbpjpy\low.5min.bin,1778208,.bin
projeto_qlib_final\data_qlib\features\gbpjpy\open.5min.bin,1778208,.bin
projeto_qlib_final\data_qlib\features\gbpjpy\point_value.5min.bin,1778208,.bin
projeto_qlib_final\data_qlib\features\gbpjpy\volume.5min.bin,1778208,.bin
projeto_qlib_final\data_qlib\features\gbpnzd\close.5min.bin,1778208,.bin
projeto_qlib_final\data_qlib\features\gbpnzd\decimals.5min.bin,1778208,.bin
projeto_qlib_final\data_qlib\features\gbpnzd\high.5min.bin,1778208,.bin
projeto_qlib_final\data_qlib\features\gbpnzd\low.5min.bin,1778208,.bin
projeto_qlib_final\data_qlib\features\gbpnzd\open.5min.bin,1778208,.bin
projeto_qlib_final\data_qlib\features\gbpnzd\point_value.5min.bin,1778208,.bin
projeto_qlib_final\data_qlib\features\gbpnzd\volume.5min.bin,1778208,.bin
projeto_qlib_final\data_qlib\features\gbppln\close.5min.bin,1778208,.bin
projeto_qlib_final\data_qlib\features\gbppln\decimals.5min.bin,1778208,.bin
projeto_qlib_final\data_qlib\features\gbppln\high.5min.bin,1778208,.bin
projeto_qlib_final\data_qlib\features\gbppln\low.5min.bin,1778208,.bin
projeto_qlib_final\data_qlib\features\gbppln\open.5min.bin,1778208,.bin
projeto_qlib_final\data_qlib\features\gbppln\point_value.5min.bin,1778208,.bin
projeto_qlib_final\data_qlib\features\gbppln\volume.5min.bin,1778208,.bin
projeto_qlib_final\data_qlib\features\gbpsgd\close.5min.bin,1778208,.bin
projeto_qlib_final\data_qlib\features\gbpsgd\decimals.5min.bin,1778208,.bin
projeto_qlib_final\data_qlib\features\gbpsgd\high.5min.bin,1778208,.bin
projeto_qlib_final\data_qlib\features\gbpsgd\low.5min.bin,1778208,.bin
projeto_qlib_final\data_qlib\features\gbpsgd\open.5min.bin,1778208,.bin
projeto_qlib_final\data_qlib\features\gbpsgd\point_value.5min.bin,1778208,.bin
projeto_qlib_final\data_qlib\features\gbpsgd\volume.5min.bin,1778208,.bin
projeto_qlib_final\data_qlib\features\gbpusd\close.5min.bin,1778208,.bin
projeto_qlib_final\data_qlib\features\gbpusd\decimals.5min.bin,1778208,.bin
projeto_qlib_final\data_qlib\features\gbpusd\high.5min.bin,1778208,.bin
projeto_qlib_final\data_qlib\features\gbpusd\low.5min.bin,1778208,.bin
projeto_qlib_final\data_qlib\features\gbpusd\open.5min.bin,1778208,.bin
projeto_qlib_final\data_qlib\features\gbpusd\point_value.5min.bin,1778208,.bin
projeto_qlib_final\data_qlib\features\gbpusd\volume.5min.bin,1778208,.bin
projeto_qlib_final\data_qlib\features\gbpzar\close.5min.bin,1778208,.bin
projeto_qlib_final\data_qlib\features\gbpzar\decimals.5min.bin,1778208,.bin
projeto_qlib_final\data_qlib\features\gbpzar\high.5min.bin,1778208,.bin
projeto_qlib_final\data_qlib\features\gbpzar\low.5min.bin,1778208,.bin
projeto_qlib_final\data_qlib\features\gbpzar\open.5min.bin,1778208,.bin
projeto_qlib_final\data_qlib\features\gbpzar\point_value.5min.bin,1778208,.bin
projeto_qlib_final\data_qlib\features\gbpzar\volume.5min.bin,1778208,.bin
projeto_qlib_final\data_qlib\features\gold\close.5min.bin,1778208,.bin
projeto_qlib_final\data_qlib\features\gold\decimals.5min.bin,1778208,.bin
projeto_qlib_final\data_qlib\features\gold\high.5min.bin,1778208,.bin
projeto_qlib_final\data_qlib\features\gold\low.5min.bin,1778208,.bin
projeto_qlib_final\data_qlib\features\gold\open.5min.bin,1778208,.bin
projeto_qlib_final\data_qlib\features\gold\point_value.5min.bin,1778208,.bin
projeto_qlib_final\data_qlib\features\gold\volume.5min.bin,1778208,.bin
projeto_qlib_final\data_qlib\features\hkdjpy\close.5min.bin,1778208,.bin
projeto_qlib_final\data_qlib\features\hkdjpy\decimals.5min.bin,1778208,.bin
projeto_qlib_final\data_qlib\features\hkdjpy\high.5min.bin,1778208,.bin
projeto_qlib_final\data_qlib\features\hkdjpy\low.5min.bin,1778208,.bin
projeto_qlib_final\data_qlib\features\hkdjpy\open.5min.bin,1778208,.bin
projeto_qlib_final\data_qlib\features\hkdjpy\point_value.5min.bin,1778208,.bin
projeto_qlib_final\data_qlib\features\hkdjpy\volume.5min.bin,1778208,.bin
projeto_qlib_final\data_qlib\features\hkg_idx\close.5min.bin,1778208,.bin
projeto_qlib_final\data_qlib\features\hkg_idx\decimals.5min.bin,1778208,.bin
projeto_qlib_final\data_qlib\features\hkg_idx\high.5min.bin,1778208,.bin
projeto_qlib_final\data_qlib\features\hkg_idx\low.5min.bin,1778208,.bin
projeto_qlib_final\data_qlib\features\hkg_idx\open.5min.bin,1778208,.bin
projeto_qlib_final\data_qlib\features\hkg_idx\point_value.5min.bin,1778208,.bin
projeto_qlib_final\data_qlib\features\hkg_idx\volume.5min.bin,1778208,.bin
projeto_qlib_final\data_qlib\features\jpn_idx\close.5min.bin,1778208,.bin
projeto_qlib_final\data_qlib\features\jpn_idx\decimals.5min.bin,1778208,.bin
projeto_qlib_final\data_qlib\features\jpn_idx\high.5min.bin,1778208,.bin
projeto_qlib_final\data_qlib\features\jpn_idx\low.5min.bin,1778208,.bin
projeto_qlib_final\data_qlib\features\jpn_idx\open.5min.bin,1778208,.bin
projeto_qlib_final\data_qlib\features\jpn_idx\point_value.5min.bin,1778208,.bin
projeto_qlib_final\data_qlib\features\jpn_idx\volume.5min.bin,1778208,.bin
projeto_qlib_final\data_qlib\features\lnkusd\close.5min.bin,1778208,.bin
projeto_qlib_final\data_qlib\features\lnkusd\decimals.5min.bin,1778208,.bin
projeto_qlib_final\data_qlib\features\lnkusd\high.5min.bin,1778208,.bin
projeto_qlib_final\data_qlib\features\lnkusd\low.5min.bin,1778208,.bin
projeto_qlib_final\data_qlib\features\lnkusd\open.5min.bin,1778208,.bin
projeto_qlib_final\data_qlib\features\lnkusd\point_value.5min.bin,1778208,.bin
projeto_qlib_final\data_qlib\features\lnkusd\volume.5min.bin,1778208,.bin
projeto_qlib_final\data_qlib\features\ltcusd\close.5min.bin,1778208,.bin
projeto_qlib_final\data_qlib\features\ltcusd\decimals.5min.bin,1778208,.bin
projeto_qlib_final\data_qlib\features\ltcusd\high.5min.bin,1778208,.bin
projeto_qlib_final\data_qlib\features\ltcusd\low.5min.bin,1778208,.bin
projeto_qlib_final\data_qlib\features\ltcusd\open.5min.bin,1778208,.bin
projeto_qlib_final\data_qlib\features\ltcusd\point_value.5min.bin,1778208,.bin
projeto_qlib_final\data_qlib\features\ltcusd\volume.5min.bin,1778208,.bin
projeto_qlib_final\data_qlib\features\mxnjpy\close.5min.bin,1778208,.bin
projeto_qlib_final\data_qlib\features\mxnjpy\decimals.5min.bin,1778208,.bin
projeto_qlib_final\data_qlib\features\mxnjpy\high.5min.bin,1778208,.bin
projeto_qlib_final\data_qlib\features\mxnjpy\low.5min.bin,1778208,.bin
projeto_qlib_final\data_qlib\features\mxnjpy\open.5min.bin,1778208,.bin
projeto_qlib_final\data_qlib\features\mxnjpy\point_value.5min.bin,1778208,.bin
projeto_qlib_final\data_qlib\features\mxnjpy\volume.5min.bin,1778208,.bin
projeto_qlib_final\data_qlib\features\nld_idx\close.5min.bin,1778208,.bin
projeto_qlib_final\data_qlib\features\nld_idx\decimals.5min.bin,1778208,.bin
projeto_qlib_final\data_qlib\features\nld_idx\high.5min.bin,1778208,.bin
projeto_qlib_final\data_qlib\features\nld_idx\low.5min.bin,1778208,.bin
projeto_qlib_final\data_qlib\features\nld_idx\open.5min.bin,1778208,.bin
projeto_qlib_final\data_qlib\features\nld_idx\point_value.5min.bin,1778208,.bin
projeto_qlib_final\data_qlib\features\nld_idx\volume.5min.bin,1778208,.bin
projeto_qlib_final\data_qlib\features\nzdcad\close.5min.bin,1778208,.bin
projeto_qlib_final\data_qlib\features\nzdcad\decimals.5min.bin,1778208,.bin
projeto_qlib_final\data_qlib\features\nzdcad\high.5min.bin,1778208,.bin
projeto_qlib_final\data_qlib\features\nzdcad\low.5min.bin,1778208,.bin
projeto_qlib_final\data_qlib\features\nzdcad\open.5min.bin,1778208,.bin
projeto_qlib_final\data_qlib\features\nzdcad\point_value.5min.bin,1778208,.bin
projeto_qlib_final\data_qlib\features\nzdcad\volume.5min.bin,1778208,.bin
projeto_qlib_final\data_qlib\features\nzdchf\close.5min.bin,1778208,.bin
projeto_qlib_final\data_qlib\features\nzdchf\decimals.5min.bin,1778208,.bin
projeto_qlib_final\data_qlib\features\nzdchf\high.5min.bin,1778208,.bin
projeto_qlib_final\data_qlib\features\nzdchf\low.5min.bin,1778208,.bin
projeto_qlib_final\data_qlib\features\nzdchf\open.5min.bin,1778208,.bin
projeto_qlib_final\data_qlib\features\nzdchf\point_value.5min.bin,1778208,.bin
projeto_qlib_final\data_qlib\features\nzdchf\volume.5min.bin,1778208,.bin
projeto_qlib_final\data_qlib\features\nzdjpy\close.5min.bin,1778208,.bin
projeto_qlib_final\data_qlib\features\nzdjpy\decimals.5min.bin,1778208,.bin
projeto_qlib_final\data_qlib\features\nzdjpy\high.5min.bin,1778208,.bin
projeto_qlib_final\data_qlib\features\nzdjpy\low.5min.bin,1778208,.bin
projeto_qlib_final\data_qlib\features\nzdjpy\open.5min.bin,1778208,.bin
projeto_qlib_final\data_qlib\features\nzdjpy\point_value.5min.bin,1778208,.bin
projeto_qlib_final\data_qlib\features\nzdjpy\volume.5min.bin,1778208,.bin
projeto_qlib_final\data_qlib\features\nzdpln\close.5min.bin,1778208,.bin
projeto_qlib_final\data_qlib\features\nzdpln\decimals.5min.bin,1778208,.bin
projeto_qlib_final\data_qlib\features\nzdpln\high.5min.bin,1778208,.bin
projeto_qlib_final\data_qlib\features\nzdpln\low.5min.bin,1778208,.bin
projeto_qlib_final\data_qlib\features\nzdpln\open.5min.bin,1778208,.bin
projeto_qlib_final\data_qlib\features\nzdpln\point_value.5min.bin,1778208,.bin
projeto_qlib_final\data_qlib\features\nzdpln\volume.5min.bin,1778208,.bin
projeto_qlib_final\data_qlib\features\nzdsgd\close.5min.bin,1778208,.bin
projeto_qlib_final\data_qlib\features\nzdsgd\decimals.5min.bin,1778208,.bin
projeto_qlib_final\data_qlib\features\nzdsgd\high.5min.bin,1778208,.bin
projeto_qlib_final\data_qlib\features\nzdsgd\low.5min.bin,1778208,.bin
projeto_qlib_final\data_qlib\features\nzdsgd\open.5min.bin,1778208,.bin
projeto_qlib_final\data_qlib\features\nzdsgd\point_value.5min.bin,1778208,.bin
projeto_qlib_final\data_qlib\features\nzdsgd\volume.5min.bin,1778208,.bin
projeto_qlib_final\data_qlib\features\nzdusd\close.5min.bin,1778208,.bin
projeto_qlib_final\data_qlib\features\nzdusd\decimals.5min.bin,1778208,.bin
projeto_qlib_final\data_qlib\features\nzdusd\high.5min.bin,1778208,.bin
projeto_qlib_final\data_qlib\features\nzdusd\low.5min.bin,1778208,.bin
projeto_qlib_final\data_qlib\features\nzdusd\open.5min.bin,1778208,.bin
projeto_qlib_final\data_qlib\features\nzdusd\point_value.5min.bin,1778208,.bin
projeto_qlib_final\data_qlib\features\nzdusd\volume.5min.bin,1778208,.bin
projeto_qlib_final\data_qlib\features\pln_idx\close.5min.bin,1778208,.bin
projeto_qlib_final\data_qlib\features\pln_idx\decimals.5min.bin,1778208,.bin
projeto_qlib_final\data_qlib\features\pln_idx\high.5min.bin,1778208,.bin
projeto_qlib_final\data_qlib\features\pln_idx\low.5min.bin,1778208,.bin
projeto_qlib_final\data_qlib\features\pln_idx\open.5min.bin,1778208,.bin
projeto_qlib_final\data_qlib\features\pln_idx\point_value.5min.bin,1778208,.bin
projeto_qlib_final\data_qlib\features\pln_idx\volume.5min.bin,1778208,.bin
projeto_qlib_final\data_qlib\features\plndkk\close.5min.bin,1778208,.bin
projeto_qlib_final\data_qlib\features\plndkk\decimals.5min.bin,1778208,.bin
projeto_qlib_final\data_qlib\features\plndkk\high.5min.bin,1778208,.bin
projeto_qlib_final\data_qlib\features\plndkk\low.5min.bin,1778208,.bin
projeto_qlib_final\data_qlib\features\plndkk\open.5min.bin,1778208,.bin
projeto_qlib_final\data_qlib\features\plndkk\point_value.5min.bin,1778208,.bin
projeto_qlib_final\data_qlib\features\plndkk\volume.5min.bin,1778208,.bin
projeto_qlib_final\data_qlib\features\sekjpy\close.5min.bin,1778208,.bin
projeto_qlib_final\data_qlib\features\sekjpy\decimals.5min.bin,1778208,.bin
projeto_qlib_final\data_qlib\features\sekjpy\high.5min.bin,1778208,.bin
projeto_qlib_final\data_qlib\features\sekjpy\low.5min.bin,1778208,.bin
projeto_qlib_final\data_qlib\features\sekjpy\open.5min.bin,1778208,.bin
projeto_qlib_final\data_qlib\features\sekjpy\point_value.5min.bin,1778208,.bin
projeto_qlib_final\data_qlib\features\sekjpy\volume.5min.bin,1778208,.bin
projeto_qlib_final\data_qlib\features\sgdjpy\close.5min.bin,1778208,.bin
projeto_qlib_final\data_qlib\features\sgdjpy\decimals.5min.bin,1778208,.bin
projeto_qlib_final\data_qlib\features\sgdjpy\high.5min.bin,1778208,.bin
projeto_qlib_final\data_qlib\features\sgdjpy\low.5min.bin,1778208,.bin
projeto_qlib_final\data_qlib\features\sgdjpy\open.5min.bin,1778208,.bin
projeto_qlib_final\data_qlib\features\sgdjpy\point_value.5min.bin,1778208,.bin
projeto_qlib_final\data_qlib\features\sgdjpy\volume.5min.bin,1778208,.bin
projeto_qlib_final\data_qlib\features\trxusd\close.5min.bin,1778208,.bin
projeto_qlib_final\data_qlib\features\trxusd\decimals.5min.bin,1778208,.bin
projeto_qlib_final\data_qlib\features\trxusd\high.5min.bin,1778208,.bin
projeto_qlib_final\data_qlib\features\trxusd\low.5min.bin,1778208,.bin
projeto_qlib_final\data_qlib\features\trxusd\open.5min.bin,1778208,.bin
projeto_qlib_final\data_qlib\features\trxusd\point_value.5min.bin,1778208,.bin
projeto_qlib_final\data_qlib\features\trxusd\volume.5min.bin,1778208,.bin
projeto_qlib_final\data_qlib\features\tryjpy\close.5min.bin,1778208,.bin
projeto_qlib_final\data_qlib\features\tryjpy\decimals.5min.bin,1778208,.bin
projeto_qlib_final\data_qlib\features\tryjpy\high.5min.bin,1778208,.bin
projeto_qlib_final\data_qlib\features\tryjpy\low.5min.bin,1778208,.bin
projeto_qlib_final\data_qlib\features\tryjpy\open.5min.bin,1778208,.bin
projeto_qlib_final\data_qlib\features\tryjpy\point_value.5min.bin,1778208,.bin
projeto_qlib_final\data_qlib\features\tryjpy\volume.5min.bin,1778208,.bin
projeto_qlib_final\data_qlib\features\uniusd\close.5min.bin,1778208,.bin
projeto_qlib_final\data_qlib\features\uniusd\decimals.5min.bin,1778208,.bin
projeto_qlib_final\data_qlib\features\uniusd\high.5min.bin,1778208,.bin
projeto_qlib_final\data_qlib\features\uniusd\low.5min.bin,1778208,.bin
projeto_qlib_final\data_qlib\features\uniusd\open.5min.bin,1778208,.bin
projeto_qlib_final\data_qlib\features\uniusd\point_value.5min.bin,1778208,.bin
projeto_qlib_final\data_qlib\features\uniusd\volume.5min.bin,1778208,.bin
projeto_qlib_final\data_qlib\features\usa30_idx\close.5min.bin,1778208,.bin
projeto_qlib_final\data_qlib\features\usa30_idx\decimals.5min.bin,1778208,.bin
projeto_qlib_final\data_qlib\features\usa30_idx\high.5min.bin,1778208,.bin
projeto_qlib_final\data_qlib\features\usa30_idx\low.5min.bin,1778208,.bin
projeto_qlib_final\data_qlib\features\usa30_idx\open.5min.bin,1778208,.bin
projeto_qlib_final\data_qlib\features\usa30_idx\point_value.5min.bin,1778208,.bin
projeto_qlib_final\data_qlib\features\usa30_idx\volume.5min.bin,1778208,.bin
projeto_qlib_final\data_qlib\features\usa500_idx\close.5min.bin,1778208,.bin
projeto_qlib_final\data_qlib\features\usa500_idx\decimals.5min.bin,1778208,.bin
projeto_qlib_final\data_qlib\features\usa500_idx\high.5min.bin,1778208,.bin
projeto_qlib_final\data_qlib\features\usa500_idx\low.5min.bin,1778208,.bin
projeto_qlib_final\data_qlib\features\usa500_idx\open.5min.bin,1778208,.bin
projeto_qlib_final\data_qlib\features\usa500_idx\point_value.5min.bin,1778208,.bin
projeto_qlib_final\data_qlib\features\usa500_idx\volume.5min.bin,1778208,.bin
projeto_qlib_final\data_qlib\features\usatech_idx\close.5min.bin,1778208,.bin
projeto_qlib_final\data_qlib\features\usatech_idx\decimals.5min.bin,1778208,.bin
projeto_qlib_final\data_qlib\features\usatech_idx\high.5min.bin,1778208,.bin
projeto_qlib_final\data_qlib\features\usatech_idx\low.5min.bin,1778208,.bin
projeto_qlib_final\data_qlib\features\usatech_idx\open.5min.bin,1778208,.bin
projeto_qlib_final\data_qlib\features\usatech_idx\point_value.5min.bin,1778208,.bin
projeto_qlib_final\data_qlib\features\usatech_idx\volume.5min.bin,1778208,.bin
projeto_qlib_final\data_qlib\features\usdcad\close.5min.bin,1778208,.bin
projeto_qlib_final\data_qlib\features\usdcad\decimals.5min.bin,1778208,.bin
projeto_qlib_final\data_qlib\features\usdcad\high.5min.bin,1778208,.bin
projeto_qlib_final\data_qlib\features\usdcad\low.5min.bin,1778208,.bin
projeto_qlib_final\data_qlib\features\usdcad\open.5min.bin,1778208,.bin
projeto_qlib_final\data_qlib\features\usdcad\point_value.5min.bin,1778208,.bin
projeto_qlib_final\data_qlib\features\usdcad\volume.5min.bin,1778208,.bin
projeto_qlib_final\data_qlib\features\usdchf\close.5min.bin,1778208,.bin
projeto_qlib_final\data_qlib\features\usdchf\decimals.5min.bin,1778208,.bin
projeto_qlib_final\data_qlib\features\usdchf\high.5min.bin,1778208,.bin
projeto_qlib_final\data_qlib\features\usdchf\low.5min.bin,1778208,.bin
projeto_qlib_final\data_qlib\features\usdchf\open.5min.bin,1778208,.bin
projeto_qlib_final\data_qlib\features\usdchf\point_value.5min.bin,1778208,.bin
projeto_qlib_final\data_qlib\features\usdchf\volume.5min.bin,1778208,.bin
projeto_qlib_final\data_qlib\features\usdcnh\close.5min.bin,1778208,.bin
projeto_qlib_final\data_qlib\features\usdcnh\decimals.5min.bin,1778208,.bin
projeto_qlib_final\data_qlib\features\usdcnh\high.5min.bin,1778208,.bin
projeto_qlib_final\data_qlib\features\usdcnh\low.5min.bin,1778208,.bin
projeto_qlib_final\data_qlib\features\usdcnh\open.5min.bin,1778208,.bin
projeto_qlib_final\data_qlib\features\usdcnh\point_value.5min.bin,1778208,.bin
projeto_qlib_final\data_qlib\features\usdcnh\volume.5min.bin,1778208,.bin
projeto_qlib_final\data_qlib\features\usdczk\close.5min.bin,1778208,.bin
projeto_qlib_final\data_qlib\features\usdczk\decimals.5min.bin,1778208,.bin
projeto_qlib_final\data_qlib\features\usdczk\high.5min.bin,1778208,.bin
projeto_qlib_final\data_qlib\features\usdczk\low.5min.bin,1778208,.bin
projeto_qlib_final\data_qlib\features\usdczk\open.5min.bin,1778208,.bin
projeto_qlib_final\data_qlib\features\usdczk\point_value.5min.bin,1778208,.bin
projeto_qlib_final\data_qlib\features\usdczk\volume.5min.bin,1778208,.bin
projeto_qlib_final\data_qlib\features\usddkk\close.5min.bin,1778208,.bin
projeto_qlib_final\data_qlib\features\usddkk\decimals.5min.bin,1778208,.bin
projeto_qlib_final\data_qlib\features\usddkk\high.5min.bin,1778208,.bin
projeto_qlib_final\data_qlib\features\usddkk\low.5min.bin,1778208,.bin
projeto_qlib_final\data_qlib\features\usddkk\open.5min.bin,1778208,.bin
projeto_qlib_final\data_qlib\features\usddkk\point_value.5min.bin,1778208,.bin
projeto_qlib_final\data_qlib\features\usddkk\volume.5min.bin,1778208,.bin
projeto_qlib_final\data_qlib\features\usdhkd\close.5min.bin,1778208,.bin
projeto_qlib_final\data_qlib\features\usdhkd\decimals.5min.bin,1778208,.bin
projeto_qlib_final\data_qlib\features\usdhkd\high.5min.bin,1778208,.bin
projeto_qlib_final\data_qlib\features\usdhkd\low.5min.bin,1778208,.bin
projeto_qlib_final\data_qlib\features\usdhkd\open.5min.bin,1778208,.bin
projeto_qlib_final\data_qlib\features\usdhkd\point_value.5min.bin,1778208,.bin
projeto_qlib_final\data_qlib\features\usdhkd\volume.5min.bin,1778208,.bin
projeto_qlib_final\data_qlib\features\usdhuf\close.5min.bin,1778208,.bin
projeto_qlib_final\data_qlib\features\usdhuf\decimals.5min.bin,1778208,.bin
projeto_qlib_final\data_qlib\features\usdhuf\high.5min.bin,1778208,.bin
projeto_qlib_final\data_qlib\features\usdhuf\low.5min.bin,1778208,.bin
projeto_qlib_final\data_qlib\features\usdhuf\open.5min.bin,1778208,.bin
projeto_qlib_final\data_qlib\features\usdhuf\point_value.5min.bin,1778208,.bin
projeto_qlib_final\data_qlib\features\usdhuf\volume.5min.bin,1778208,.bin
projeto_qlib_final\data_qlib\features\usdils\close.5min.bin,1778208,.bin
projeto_qlib_final\data_qlib\features\usdils\decimals.5min.bin,1778208,.bin
projeto_qlib_final\data_qlib\features\usdils\high.5min.bin,1778208,.bin
projeto_qlib_final\data_qlib\features\usdils\low.5min.bin,1778208,.bin
projeto_qlib_final\data_qlib\features\usdils\open.5min.bin,1778208,.bin
projeto_qlib_final\data_qlib\features\usdils\point_value.5min.bin,1778208,.bin
projeto_qlib_final\data_qlib\features\usdils\volume.5min.bin,1778208,.bin
projeto_qlib_final\data_qlib\features\usdnok\close.5min.bin,1778208,.bin
projeto_qlib_final\data_qlib\features\usdnok\decimals.5min.bin,1778208,.bin
projeto_qlib_final\data_qlib\features\usdnok\high.5min.bin,1778208,.bin
projeto_qlib_final\data_qlib\features\usdnok\low.5min.bin,1778208,.bin
projeto_qlib_final\data_qlib\features\usdnok\open.5min.bin,1778208,.bin
projeto_qlib_final\data_qlib\features\usdnok\point_value.5min.bin,1778208,.bin
projeto_qlib_final\data_qlib\features\usdnok\volume.5min.bin,1778208,.bin
projeto_qlib_final\data_qlib\features\usdpln\close.5min.bin,1778208,.bin
projeto_qlib_final\data_qlib\features\usdpln\decimals.5min.bin,1778208,.bin
projeto_qlib_final\data_qlib\features\usdpln\high.5min.bin,1778208,.bin
projeto_qlib_final\data_qlib\features\usdpln\low.5min.bin,1778208,.bin
projeto_qlib_final\data_qlib\features\usdpln\open.5min.bin,1778208,.bin
projeto_qlib_final\data_qlib\features\usdpln\point_value.5min.bin,1778208,.bin
projeto_qlib_final\data_qlib\features\usdpln\volume.5min.bin,1778208,.bin
projeto_qlib_final\data_qlib\features\usdron\close.5min.bin,1778208,.bin
projeto_qlib_final\data_qlib\features\usdron\decimals.5min.bin,1778208,.bin
projeto_qlib_final\data_qlib\features\usdron\high.5min.bin,1778208,.bin
projeto_qlib_final\data_qlib\features\usdron\low.5min.bin,1778208,.bin
projeto_qlib_final\data_qlib\features\usdron\open.5min.bin,1778208,.bin
projeto_qlib_final\data_qlib\features\usdron\point_value.5min.bin,1778208,.bin
projeto_qlib_final\data_qlib\features\usdron\volume.5min.bin,1778208,.bin
projeto_qlib_final\data_qlib\features\usdsek\close.5min.bin,1778208,.bin
projeto_qlib_final\data_qlib\features\usdsek\decimals.5min.bin,1778208,.bin
projeto_qlib_final\data_qlib\features\usdsek\high.5min.bin,1778208,.bin
projeto_qlib_final\data_qlib\features\usdsek\low.5min.bin,1778208,.bin
projeto_qlib_final\data_qlib\features\usdsek\open.5min.bin,1778208,.bin
projeto_qlib_final\data_qlib\features\usdsek\point_value.5min.bin,1778208,.bin
projeto_qlib_final\data_qlib\features\usdsek\volume.5min.bin,1778208,.bin
projeto_qlib_final\data_qlib\features\usdsgd\close.5min.bin,1778208,.bin
projeto_qlib_final\data_qlib\features\usdsgd\decimals.5min.bin,1778208,.bin
projeto_qlib_final\data_qlib\features\usdsgd\high.5min.bin,1778208,.bin
projeto_qlib_final\data_qlib\features\usdsgd\low.5min.bin,1778208,.bin
projeto_qlib_final\data_qlib\features\usdsgd\open.5min.bin,1778208,.bin
projeto_qlib_final\data_qlib\features\usdsgd\point_value.5min.bin,1778208,.bin
projeto_qlib_final\data_qlib\features\usdsgd\volume.5min.bin,1778208,.bin
projeto_qlib_final\data_qlib\features\usdthb\close.5min.bin,1778208,.bin
projeto_qlib_final\data_qlib\features\usdthb\decimals.5min.bin,1778208,.bin
projeto_qlib_final\data_qlib\features\usdthb\high.5min.bin,1778208,.bin
projeto_qlib_final\data_qlib\features\usdthb\low.5min.bin,1778208,.bin
projeto_qlib_final\data_qlib\features\usdthb\open.5min.bin,1778208,.bin
projeto_qlib_final\data_qlib\features\usdthb\point_value.5min.bin,1778208,.bin
projeto_qlib_final\data_qlib\features\usdthb\volume.5min.bin,1778208,.bin
projeto_qlib_final\data_qlib\features\usdtry\close.5min.bin,1778208,.bin
projeto_qlib_final\data_qlib\features\usdtry\decimals.5min.bin,1778208,.bin
projeto_qlib_final\data_qlib\features\usdtry\high.5min.bin,1778208,.bin
projeto_qlib_final\data_qlib\features\usdtry\low.5min.bin,1778208,.bin
projeto_qlib_final\data_qlib\features\usdtry\open.5min.bin,1778208,.bin
projeto_qlib_final\data_qlib\features\usdtry\point_value.5min.bin,1778208,.bin
projeto_qlib_final\data_qlib\features\usdtry\volume.5min.bin,1778208,.bin
projeto_qlib_final\data_qlib\features\usdzar\close.5min.bin,1778208,.bin
projeto_qlib_final\data_qlib\features\usdzar\decimals.5min.bin,1778208,.bin
projeto_qlib_final\data_qlib\features\usdzar\high.5min.bin,1778208,.bin
projeto_qlib_final\data_qlib\features\usdzar\low.5min.bin,1778208,.bin
projeto_qlib_final\data_qlib\features\usdzar\open.5min.bin,1778208,.bin
projeto_qlib_final\data_qlib\features\usdzar\point_value.5min.bin,1778208,.bin
projeto_qlib_final\data_qlib\features\usdzar\volume.5min.bin,1778208,.bin
projeto_qlib_final\data_qlib\features\ussc2000_idx\close.5min.bin,1778208,.bin
projeto_qlib_final\data_qlib\features\ussc2000_idx\decimals.5min.bin,1778208,.bin
projeto_qlib_final\data_qlib\features\ussc2000_idx\high.5min.bin,1778208,.bin
projeto_qlib_final\data_qlib\features\ussc2000_idx\low.5min.bin,1778208,.bin
projeto_qlib_final\data_qlib\features\ussc2000_idx\open.5min.bin,1778208,.bin
projeto_qlib_final\data_qlib\features\ussc2000_idx\point_value.5min.bin,1778208,.bin
projeto_qlib_final\data_qlib\features\ussc2000_idx\volume.5min.bin,1778208,.bin
projeto_qlib_final\data_qlib\features\xageur\close.5min.bin,1778208,.bin
projeto_qlib_final\data_qlib\features\xageur\decimals.5min.bin,1778208,.bin
projeto_qlib_final\data_qlib\features\xageur\high.5min.bin,1778208,.bin
projeto_qlib_final\data_qlib\features\xageur\low.5min.bin,1778208,.bin
projeto_qlib_final\data_qlib\features\xageur\open.5min.bin,1778208,.bin
projeto_qlib_final\data_qlib\features\xageur\point_value.5min.bin,1778208,.bin
projeto_qlib_final\data_qlib\features\xageur\volume.5min.bin,1778208,.bin
projeto_qlib_final\data_qlib\features\xaggbp\close.5min.bin,1778208,.bin
projeto_qlib_final\data_qlib\features\xaggbp\decimals.5min.bin,1778208,.bin
projeto_qlib_final\data_qlib\features\xaggbp\high.5min.bin,1778208,.bin
projeto_qlib_final\data_qlib\features\xaggbp\low.5min.bin,1778208,.bin
projeto_qlib_final\data_qlib\features\xaggbp\open.5min.bin,1778208,.bin
projeto_qlib_final\data_qlib\features\xaggbp\point_value.5min.bin,1778208,.bin
projeto_qlib_final\data_qlib\features\xaggbp\volume.5min.bin,1778208,.bin
projeto_qlib_final\data_qlib\features\xaghkd\close.5min.bin,1778208,.bin
projeto_qlib_final\data_qlib\features\xaghkd\decimals.5min.bin,1778208,.bin
projeto_qlib_final\data_qlib\features\xaghkd\high.5min.bin,1778208,.bin
projeto_qlib_final\data_qlib\features\xaghkd\low.5min.bin,1778208,.bin
projeto_qlib_final\data_qlib\features\xaghkd\open.5min.bin,1778208,.bin
projeto_qlib_final\data_qlib\features\xaghkd\point_value.5min.bin,1778208,.bin
projeto_qlib_final\data_qlib\features\xaghkd\volume.5min.bin,1778208,.bin
projeto_qlib_final\data_qlib\features\xagsek\close.5min.bin,1778208,.bin
projeto_qlib_final\data_qlib\features\xagsek\decimals.5min.bin,1778208,.bin
projeto_qlib_final\data_qlib\features\xagsek\high.5min.bin,1778208,.bin
projeto_qlib_final\data_qlib\features\xagsek\low.5min.bin,1778208,.bin
projeto_qlib_final\data_qlib\features\xagsek\open.5min.bin,1778208,.bin
projeto_qlib_final\data_qlib\features\xagsek\point_value.5min.bin,1778208,.bin
projeto_qlib_final\data_qlib\features\xagsek\volume.5min.bin,1778208,.bin
projeto_qlib_final\data_qlib\features\xauusd\close.5min.bin,1778208,.bin
projeto_qlib_final\data_qlib\features\xauusd\decimals.5min.bin,1778208,.bin
projeto_qlib_final\data_qlib\features\xauusd\high.5min.bin,1778208,.bin
projeto_qlib_final\data_qlib\features\xauusd\low.5min.bin,1778208,.bin
projeto_qlib_final\data_qlib\features\xauusd\open.5min.bin,1778208,.bin
projeto_qlib_final\data_qlib\features\xauusd\point_value.5min.bin,1778208,.bin
projeto_qlib_final\data_qlib\features\xauusd\volume.5min.bin,1778208,.bin
projeto_qlib_final\data_qlib\features\xlmusd\close.5min.bin,1778208,.bin
projeto_qlib_final\data_qlib\features\xlmusd\decimals.5min.bin,1778208,.bin
projeto_qlib_final\data_qlib\features\xlmusd\high.5min.bin,1778208,.bin
projeto_qlib_final\data_qlib\features\xlmusd\low.5min.bin,1778208,.bin
projeto_qlib_final\data_qlib\features\xlmusd\open.5min.bin,1778208,.bin
projeto_qlib_final\data_qlib\features\xlmusd\point_value.5min.bin,1778208,.bin
projeto_qlib_final\data_qlib\features\xlmusd\volume.5min.bin,1778208,.bin
projeto_qlib_final\data_qlib\features\zarjpy\close.5min.bin,1778208,.bin
projeto_qlib_final\data_qlib\features\zarjpy\decimals.5min.bin,1778208,.bin
projeto_qlib_final\data_qlib\features\zarjpy\high.5min.bin,1778208,.bin
projeto_qlib_final\data_qlib\features\zarjpy\low.5min.bin,1778208,.bin
projeto_qlib_final\data_qlib\features\zarjpy\open.5min.bin,1778208,.bin
projeto_qlib_final\data_qlib\features\zarjpy\point_value.5min.bin,1778208,.bin
projeto_qlib_final\data_qlib\features\zarjpy\volume.5min.bin,1778208,.bin
projeto_qlib_final\data_qlib\instruments\all.txt,4782,.txt
