relative_path,size_bytes,extension
build_models\genesis_global_model.pkl,2185308,.pkl
build_models\genesis_model_meta.pkl,936,.pkl
build_models\genesis_scaler.pkl,1743,.pkl
build_models\models_pkl\model_SHARD_CRYPTO_M15.pkl,20837516,.pkl
build_models\models_pkl\model_SHARD_CRYPTO_M30.pkl,21310108,.pkl
build_models\models_pkl\model_SHARD_CRYPTO_M5.pkl,3459036,.pkl
build_models\models_pkl\model_SHARD_EXOTICS_WORLD_M15.pkl,2330140,.pkl
build_models\models_pkl\model_SHARD_EXOTICS_WORLD_M30.pkl,22468508,.pkl
build_models\models_pkl\model_SHARD_EXOTICS_WORLD_M5.pkl,2147836,.pkl
build_models\models_pkl\model_SHARD_FOREX_CROSSES_M15.pkl,2597548,.pkl
build_models\models_pkl\model_SHARD_FOREX_CROSSES_M30.pkl,22653116,.pkl
build_models\models_pkl\model_SHARD_FOREX_CROSSES_M5.pkl,2324140,.pkl
build_models\models_pkl\model_SHARD_FOREX_MAJORS_M15.pkl,1790716,.pkl
build_models\models_pkl\model_SHARD_FOREX_MAJORS_M30.pkl,21328764,.pkl
build_models\models_pkl\model_SHARD_FOREX_MAJORS_M5.pkl,21545276,.pkl
build_models\models_pkl\model_SHARD_INDEXES_M15.pkl,1775724,.pkl
build_models\models_pkl\model_SHARD_INDEXES_M30.pkl,2094252,.pkl
build_models\models_pkl\model_SHARD_INDEXES_M5.pkl,1398380,.pkl
build_models\models_pkl\model_SHARD_METALS_ELITE_M15.pkl,2568476,.pkl
build_models\models_pkl\model_SHARD_METALS_ELITE_M30.pkl,3708204,.pkl
build_models\models_pkl\model_SHARD_METALS_ELITE_M5.pkl,2225004,.pkl
build_models\models_pkl\model_SHARD_OTHERS_M15.pkl,2923084,.pkl
build_models\models_pkl\model_SHARD_OTHERS_M30.pkl,21323324,.pkl
build_models\models_pkl\model_SHARD_OTHERS_M5.pkl,21464588,.pkl
data_hub\ADAUSD_features.json,4204,.json
data_hub\ADAUSD_meta.json,3223,.json
data_hub\ADAUSD_model.pkl,4434,.pkl
data_hub\ADAUSD_qlib_model.pkl,74400,.pkl
data_hub\ATMUSD_features.json,4241,.json
data_hub\ATMUSD_meta.json,3218,.json
data_hub\ATMUSD_model.pkl,4744,.pkl
data_hub\ATMUSD_qlib_model.pkl,2614,.pkl
data_hub\AUDCAD_features.json,4230,.json
data_hub\AUDCAD_meta.json,3253,.json
data_hub\AUDCAD_model.pkl,4434,.pkl
data_hub\AUDCAD_qlib_model.pkl,74400,.pkl
data_hub\AUDCHF_features.json,4224,.json
data_hub\AUDCHF_meta.json,3245,.json
data_hub\AUDCHF_model.pkl,4434,.pkl
data_hub\AUDCHF_qlib_model.pkl,528,.pkl
data_hub\AUDJPY_features.json,4257,.json
data_hub\AUDJPY_meta.json,3232,.json
data_hub\AUDJPY_model.pkl,4434,.pkl
data_hub\AUDJPY_qlib_model.pkl,32227,.pkl
data_hub\AUDNZD_features.json,4220,.json
data_hub\AUDNZD_meta.json,3266,.json
data_hub\AUDNZD_model.pkl,4434,.pkl
data_hub\AUDNZD_qlib_model.pkl,32227,.pkl
data_hub\AUDPLN_features.json,4229,.json
data_hub\AUDPLN_meta.json,3202,.json
data_hub\AUDPLN_model.pkl,4434,.pkl
data_hub\AUDPLN_qlib_model.pkl,37826,.pkl
data_hub\AUDSGD_features.json,4227,.json
data_hub\AUDSGD_meta.json,3241,.json
data_hub\AUDSGD_model.pkl,4434,.pkl
data_hub\AUDSGD_qlib_model.pkl,32227,.pkl
data_hub\AUDUSD_features.json,4225,.json
data_hub\AUDUSD_meta.json,3246,.json
data_hub\AUDUSD_model.pkl,4434,.pkl
data_hub\AUDUSD_qlib_model.pkl,37826,.pkl
data_hub\AUS200_features.json,4347,.json
data_hub\AUS200_meta.json,3233,.json
data_hub\AUS200_model.pkl,4744,.pkl
data_hub\AUS200_qlib_model.pkl,1408,.pkl
data_hub\BCHUSD_features.json,4276,.json
data_hub\BCHUSD_meta.json,3219,.json
data_hub\BCHUSD_model.pkl,4744,.pkl
data_hub\BCHUSD_qlib_model.pkl,723,.pkl
data_hub\BNBUSD_features.json,4291,.json
data_hub\BNBUSD_meta.json,3236,.json
data_hub\BNBUSD_model.pkl,4744,.pkl
data_hub\BNBUSD_qlib_model.pkl,701,.pkl
data_hub\BTCAUD_features.json,4314,.json
data_hub\BTCAUD_meta.json,3243,.json
data_hub\BTCAUD_model.pkl,1137251,.pkl
data_hub\BTCAUD_qlib_model.pkl,37826,.pkl
data_hub\CA60_features.json,4331,.json
data_hub\CA60_meta.json,3233,.json
data_hub\CA60_model.pkl,4744,.pkl
data_hub\CA60_qlib_model.pkl,701,.pkl
data_hub\CADCHF_features.json,4230,.json
data_hub\CADCHF_meta.json,3250,.json
data_hub\CADCHF_model.pkl,4434,.pkl
data_hub\CADCHF_qlib_model.pkl,32227,.pkl
data_hub\CADJPY_features.json,4287,.json
data_hub\CADJPY_meta.json,3245,.json
data_hub\CADJPY_model.pkl,4434,.pkl
data_hub\CADJPY_qlib_model.pkl,32227,.pkl
data_hub\CHFJPY_features.json,4297,.json
data_hub\CHFJPY_meta.json,3241,.json
data_hub\CHFJPY_model.pkl,4434,.pkl
data_hub\CHFJPY_qlib_model.pkl,32227,.pkl
data_hub\CHFPLN_features.json,3529,.json
data_hub\CHFPLN_model.pkl,817,.pkl
data_hub\CHFPLN_qlib_model.pkl,528,.pkl
data_hub\CHFSGD_features.json,4219,.json
data_hub\CHFSGD_meta.json,3256,.json
data_hub\CHFSGD_model.pkl,4434,.pkl
data_hub\CHFSGD_qlib_model.pkl,32227,.pkl
data_hub\CHINAH_features.json,4348,.json
data_hub\CHINAH_meta.json,3231,.json
data_hub\CHINAH_model.pkl,4434,.pkl
data_hub\CHINAH_qlib_model.pkl,528,.pkl
data_hub\CN50_features.json,4360,.json
data_hub\CN50_meta.json,3232,.json
data_hub\CN50_model.pkl,4434,.pkl
data_hub\CN50_qlib_model.pkl,528,.pkl
data_hub\COMPUSD_features.json,4254,.json
data_hub\COMPUSD_meta.json,3212,.json
data_hub\COMPUSD_model.pkl,4744,.pkl
data_hub\COMPUSD_qlib_model.pkl,683482,.pkl
data_hub\DOGEUSD_features.json,4195,.json
data_hub\DOGEUSD_meta.json,3231,.json
data_hub\DOGEUSD_model.pkl,4434,.pkl
data_hub\DOGEUSD_qlib_model.pkl,551,.pkl
data_hub\DOTUSD_features.json,4243,.json
data_hub\DOTUSD_meta.json,3210,.json
data_hub\DOTUSD_model.pkl,4744,.pkl
data_hub\DOTUSD_qlib_model.pkl,242894,.pkl
data_hub\ETCUSD_features.json,4258,.json
data_hub\ETCUSD_meta.json,3212,.json
data_hub\ETCUSD_model.pkl,4434,.pkl
data_hub\ETCUSD_qlib_model.pkl,37826,.pkl
data_hub\ETHAUD_features.json,4305,.json
data_hub\ETHAUD_meta.json,3210,.json
data_hub\ETHAUD_model.pkl,4744,.pkl
data_hub\ETHAUD_qlib_model.pkl,735907,.pkl
data_hub\EURAUD_features.json,4220,.json
data_hub\EURAUD_meta.json,3244,.json
data_hub\EURAUD_model.pkl,4434,.pkl
data_hub\EURAUD_qlib_model.pkl,528,.pkl
data_hub\EURCAD_features.json,4224,.json
data_hub\EURCAD_meta.json,3250,.json
data_hub\EURCAD_model.pkl,4434,.pkl
data_hub\EURCAD_qlib_model.pkl,32227,.pkl
data_hub\EURCHF_features.json,4229,.json
data_hub\EURCHF_meta.json,3257,.json
data_hub\EURCHF_model.pkl,4434,.pkl
data_hub\EURCHF_qlib_model.pkl,37826,.pkl
data_hub\EURCZK_features.json,4271,.json
data_hub\EURCZK_meta.json,3260,.json
data_hub\EURCZK_model.pkl,4434,.pkl
data_hub\EURCZK_qlib_model.pkl,32227,.pkl
data_hub\EURDKK_features.json,4254,.json
data_hub\EURDKK_meta.json,3284,.json
data_hub\EURDKK_model.pkl,4434,.pkl
data_hub\EURDKK_qlib_model.pkl,32227,.pkl
data_hub\EURGBP_features.json,4220,.json
data_hub\EURGBP_meta.json,3259,.json
data_hub\EURGBP_model.pkl,4434,.pkl
data_hub\EURGBP_qlib_model.pkl,528,.pkl
data_hub\EURHUF_features.json,4313,.json
data_hub\EURHUF_meta.json,3253,.json
data_hub\EURHUF_model.pkl,4434,.pkl
data_hub\EURHUF_qlib_model.pkl,32227,.pkl
data_hub\EURJPY_features.json,4292,.json
data_hub\EURJPY_meta.json,3233,.json
data_hub\EURJPY_model.pkl,4434,.pkl
data_hub\EURJPY_qlib_model.pkl,32227,.pkl
data_hub\EURMXN_features.json,3530,.json
data_hub\EURMXN_model.pkl,817,.pkl
data_hub\EURMXN_qlib_model.pkl,528,.pkl
data_hub\EURNOK_features.json,4248,.json
data_hub\EURNOK_meta.json,3238,.json
data_hub\EURNOK_model.pkl,4434,.pkl
data_hub\EURNOK_qlib_model.pkl,32227,.pkl
data_hub\EURNZD_features.json,4219,.json
data_hub\EURNZD_meta.json,3248,.json
data_hub\EURNZD_model.pkl,4434,.pkl
data_hub\EURNZD_qlib_model.pkl,32227,.pkl
data_hub\EURPLN_features.json,4229,.json
data_hub\EURPLN_meta.json,3248,.json
data_hub\EURPLN_model.pkl,4434,.pkl
data_hub\EURPLN_qlib_model.pkl,37826,.pkl
data_hub\EURSEK_features.json,4256,.json
data_hub\EURSEK_meta.json,3248,.json
data_hub\EURSEK_model.pkl,4434,.pkl
data_hub\EURSEK_qlib_model.pkl,32227,.pkl
data_hub\EURSGD_features.json,4227,.json
data_hub\EURSGD_meta.json,3258,.json
data_hub\EURSGD_model.pkl,4434,.pkl
data_hub\EURSGD_qlib_model.pkl,32227,.pkl
data_hub\EURTRY_features.json,4256,.json
data_hub\EURTRY_model.pkl,817,.pkl
data_hub\EURTRY_qlib_model.pkl,528,.pkl
data_hub\EURUSD_features.json,4221,.json
data_hub\EURUSD_model.pkl,39969,.pkl
data_hub\EURUSD_qlib_model.pkl,32227,.pkl
data_hub\EURX_features.json,4310,.json
data_hub\EURX_model.pkl,39969,.pkl
data_hub\EURX_qlib_model.pkl,32227,.pkl
data_hub\EURZAR_features.json,3530,.json
data_hub\EURZAR_model.pkl,817,.pkl
data_hub\EURZAR_qlib_model.pkl,528,.pkl
data_hub\EUSTX50-F_features.json,4330,.json
data_hub\EUSTX50-F_model.pkl,39969,.pkl
data_hub\EUSTX50-F_qlib_model.pkl,32227,.pkl
data_hub\EUSTX50_features.json,4322,.json
data_hub\EUSTX50_model.pkl,39969,.pkl
data_hub\EUSTX50_qlib_model.pkl,32227,.pkl
data_hub\FRA40-F_features.json,4364,.json
data_hub\FRA40-F_model.pkl,817,.pkl
data_hub\FRA40-F_qlib_model.pkl,528,.pkl
data_hub\FRA40_features.json,4335,.json
data_hub\FRA40_model.pkl,817,.pkl
data_hub\FRA40_qlib_model.pkl,528,.pkl
data_hub\GBPAUD_features.json,4220,.json
data_hub\GBPAUD_model.pkl,42408,.pkl
data_hub\GBPAUD_qlib_model.pkl,37826,.pkl
data_hub\GBPCAD_features.json,4214,.json
data_hub\GBPCAD_model.pkl,39969,.pkl
data_hub\GBPCAD_qlib_model.pkl,32227,.pkl
data_hub\GBPCHF_features.json,4223,.json
data_hub\GBPCHF_model.pkl,817,.pkl
data_hub\GBPCHF_qlib_model.pkl,528,.pkl
data_hub\GBPJPY_features.json,4296,.json
data_hub\GBPJPY_model.pkl,817,.pkl
data_hub\GBPJPY_qlib_model.pkl,528,.pkl
data_hub\GBPNZD_features.json,4224,.json
data_hub\GBPNZD_model.pkl,817,.pkl
data_hub\GBPNZD_qlib_model.pkl,528,.pkl
data_hub\GBPUSD_features.json,4224,.json
data_hub\GBPUSD_model.pkl,39969,.pkl
data_hub\GBPUSD_qlib_model.pkl,32227,.pkl
data_hub\GER40-F_features.json,4352,.json
data_hub\GER40-F_model.pkl,39969,.pkl
data_hub\GER40-F_qlib_model.pkl,32227,.pkl
data_hub\GER40_features.json,4339,.json
data_hub\GER40_model.pkl,39969,.pkl
data_hub\GER40_qlib_model.pkl,32227,.pkl
data_hub\HK50-F_features.json,4344,.json
data_hub\HK50-F_model.pkl,39969,.pkl
data_hub\HK50-F_qlib_model.pkl,32227,.pkl
data_hub\HK50_features.json,4346,.json
data_hub\HK50_model.pkl,39969,.pkl
data_hub\HK50_qlib_model.pkl,32227,.pkl
data_hub\JPN225-F_features.json,4326,.json
data_hub\JPN225-F_model.pkl,39969,.pkl
data_hub\JPN225-F_qlib_model.pkl,32227,.pkl
data_hub\JPN225_features.json,4343,.json
data_hub\JPN225_model.pkl,39969,.pkl
data_hub\JPN225_qlib_model.pkl,32227,.pkl
data_hub\JPYX_features.json,4320,.json
data_hub\JPYX_model.pkl,1001,.pkl
data_hub\JPYX_qlib_model.pkl,701,.pkl
data_hub\KSMUSD_features.json,4243,.json
data_hub\KSMUSD_model.pkl,699889,.pkl
data_hub\KSMUSD_qlib_model.pkl,692842,.pkl
data_hub\LINKUSD_features.json,4246,.json
data_hub\LINKUSD_model.pkl,1001,.pkl
data_hub\LINKUSD_qlib_model.pkl,701,.pkl
data_hub\LTCUSD_features.json,4281,.json
data_hub\LTCUSD_model.pkl,42408,.pkl
data_hub\LTCUSD_qlib_model.pkl,37826,.pkl
data_hub\MATICUSD_features.json,3643,.json
data_hub\MATICUSD_model.pkl,817,.pkl
data_hub\MATICUSD_qlib_model.pkl,528,.pkl
data_hub\MXNJPY_features.json,4238,.json
data_hub\MXNJPY_model.pkl,42408,.pkl
data_hub\MXNJPY_qlib_model.pkl,37826,.pkl
data_hub\NAS100-F_features.json,4332,.json
data_hub\NAS100-F_model.pkl,39969,.pkl
data_hub\NAS100-F_qlib_model.pkl,32227,.pkl
data_hub\NAS100_features.json,4341,.json
data_hub\NAS100_model.pkl,39969,.pkl
data_hub\NAS100_qlib_model.pkl,32227,.pkl
data_hub\NETH25_features.json,4329,.json
data_hub\NETH25_model.pkl,1001,.pkl
data_hub\NETH25_qlib_model.pkl,701,.pkl
data_hub\NZDCAD_features.json,4215,.json
data_hub\NZDCAD_model.pkl,817,.pkl
data_hub\NZDCAD_qlib_model.pkl,528,.pkl
data_hub\NZDCHF_features.json,4219,.json
data_hub\NZDCHF_model.pkl,39969,.pkl
data_hub\NZDCHF_qlib_model.pkl,32227,.pkl
data_hub\NZDJPY_features.json,4273,.json
data_hub\NZDJPY_model.pkl,817,.pkl
data_hub\NZDJPY_qlib_model.pkl,528,.pkl
data_hub\NZDSGD_features.json,4234,.json
data_hub\NZDSGD_model.pkl,42408,.pkl
data_hub\NZDSGD_qlib_model.pkl,37826,.pkl
data_hub\NZDUSD_features.json,4227,.json
data_hub\NZDUSD_model.pkl,817,.pkl
data_hub\NZDUSD_qlib_model.pkl,528,.pkl
data_hub\qlib_summary.json,551458,.json
data_hub\SCI25_features.json,4314,.json
data_hub\SCI25_model.pkl,817,.pkl
data_hub\SCI25_qlib_model.pkl,528,.pkl
data_hub\SGDJPY_features.json,4269,.json
data_hub\SGDJPY_model.pkl,39969,.pkl
data_hub\SGDJPY_qlib_model.pkl,32227,.pkl
data_hub\SHBUSD_features.json,4208,.json
data_hub\SHBUSD_model.pkl,39969,.pkl
data_hub\SHBUSD_qlib_model.pkl,32227,.pkl
data_hub\SPA35_features.json,4345,.json
data_hub\SPA35_model.pkl,39969,.pkl
data_hub\SPA35_qlib_model.pkl,32227,.pkl
data_hub\summary_all.json,59779,.json
data_hub\SWI20-F_features.json,4338,.json
data_hub\SWI20-F_model.pkl,817,.pkl
data_hub\SWI20-F_qlib_model.pkl,528,.pkl
data_hub\SWI20_features.json,4347,.json
data_hub\SWI20_model.pkl,1001,.pkl
data_hub\SWI20_qlib_model.pkl,701,.pkl
data_hub\TRXUSD_features.json,4188,.json
data_hub\TRXUSD_model.pkl,894433,.pkl
data_hub\TRXUSD_qlib_model.pkl,887404,.pkl
data_hub\UK100-F_features.json,4351,.json
data_hub\UK100-F_model.pkl,39969,.pkl
data_hub\UK100-F_qlib_model.pkl,32227,.pkl
data_hub\UK100_features.json,4344,.json
data_hub\UK100_model.pkl,39969,.pkl
data_hub\UK100_qlib_model.pkl,32227,.pkl
data_hub\UNIUSD_features.json,4212,.json
data_hub\UNIUSD_model.pkl,855713,.pkl
data_hub\UNIUSD_qlib_model.pkl,848682,.pkl
data_hub\US2000_features.json,4325,.json
data_hub\US2000_model.pkl,1697,.pkl
data_hub\US30-F_features.json,4358,.json
data_hub\US30_features.json,4352,.json
data_hub\US500-F_features.json,4324,.json
data_hub\US500_features.json,4323,.json
data_hub\USDCAD_features.json,4222,.json
data_hub\USDCHF_features.json,4227,.json
data_hub\USDCNH_features.json,4235,.json
data_hub\USDCZK_features.json,4250,.json
data_hub\USDDKK_features.json,4228,.json
data_hub\USDHKD_features.json,4249,.json
data_hub\USDHUF_features.json,4314,.json
data_hub\USDILS_features.json,4248,.json
data_hub\USDJPY_features.json,4265,.json
data_hub\USDMXN_features.json,4244,.json
data_hub\USDNOK_features.json,4251,.json
data_hub\USDPLN_features.json,4233,.json
data_hub\USDRON_features.json,4228,.json
data_hub\USDSEK_features.json,4245,.json
data_hub\USDSGD_features.json,4216,.json
data_hub\USDTHB_features.json,4278,.json
data_hub\USDTRY_features.json,4244,.json
data_hub\USDX-F_features.json,4266,.json
data_hub\USDX_features.json,4263,.json
data_hub\USDZAR_features.json,4250,.json
data_hub\XAGUSD-F_features.json,4269,.json
data_hub\XAGUSD_features.json,4272,.json
data_hub\XAUUSD-F_features.json,4345,.json
data_hub\XAUUSD_features.json,4333,.json
data_hub\XLMUSD_features.json,4180,.json
data_hub\XPDUSD_features.json,4354,.json
data_hub\XPTUSD_features.json,4328,.json
data_hub\XRPUSD_features.json,4212,.json
data_hub\XTZUSD_features.json,4231,.json
data_hub\ZARJPY_features.json,4247,.json
feature_store\modelo_genesis_v1.pkl,268118,.pkl
fusion_ensemble\AUDCAD_M5_ensemble_walkforward_config.candidates.csv,4147,.csv
fusion_ensemble\AUDCAD_M5_ensemble_walkforward_config.json,6711,.json
fusion_ensemble\AUDCHF_M5_ensemble_walkforward_config.candidates.csv,4152,.csv
fusion_ensemble\AUDCHF_M5_ensemble_walkforward_config.json,6716,.json
fusion_ensemble\AUDJPY_M5_ensemble_walkforward_config.candidates.csv,4402,.csv
fusion_ensemble\AUDJPY_M5_ensemble_walkforward_config.json,6966,.json
fusion_ensemble\AUDNZD_M5_ensemble_walkforward_config.candidates.csv,4151,.csv
fusion_ensemble\AUDNZD_M5_ensemble_walkforward_config.json,6715,.json
fusion_ensemble\AUDUSD_M5_ensemble_walkforward_config.candidates.csv,4184,.csv
fusion_ensemble\AUDUSD_M5_ensemble_walkforward_config.json,6748,.json
fusion_ensemble\CADCHF_M5_ensemble_walkforward_config.candidates.csv,4147,.csv
fusion_ensemble\CADCHF_M5_ensemble_walkforward_config.json,6711,.json
fusion_ensemble\CHFJPY_M5_ensemble_walkforward_config.candidates.csv,4423,.csv
fusion_ensemble\CHFJPY_M5_ensemble_walkforward_config.json,6987,.json
fusion_ensemble\ensemble_config.candidates.csv,4131,.csv
fusion_ensemble\ensemble_config.json,6535,.json
fusion_ensemble\ensemble_walkforward_config.candidates.csv,4202,.csv
fusion_ensemble\ensemble_walkforward_config.json,6766,.json
fusion_ensemble\EURAUD_M5_ensemble_walkforward_config.candidates.csv,4176,.csv
fusion_ensemble\EURAUD_M5_ensemble_walkforward_config.json,6740,.json
fusion_ensemble\EURCAD_M5_ensemble_walkforward_config.candidates.csv,4184,.csv
fusion_ensemble\EURCAD_M5_ensemble_walkforward_config.json,6748,.json
fusion_ensemble\EURCHF_M5_ensemble_walkforward_config.candidates.csv,4196,.csv
fusion_ensemble\EURCHF_M5_ensemble_walkforward_config.json,6760,.json
fusion_ensemble\EURGBP_M5_ensemble_walkforward_config.candidates.csv,4154,.csv
fusion_ensemble\EURGBP_M5_ensemble_walkforward_config.json,6718,.json
fusion_ensemble\EURJPY_M5_ensemble_walkforward_config.candidates.csv,4448,.csv
fusion_ensemble\EURJPY_M5_ensemble_walkforward_config.json,7012,.json
fusion_ensemble\EURNZD_M5_ensemble_walkforward_config.candidates.csv,4149,.csv
fusion_ensemble\EURNZD_M5_ensemble_walkforward_config.json,6713,.json
fusion_ensemble\EURUSD_M5_ensemble_walkforward_config.candidates.csv,4173,.csv
fusion_ensemble\EURUSD_M5_ensemble_walkforward_config.json,6737,.json
fusion_ensemble\GBPAUD_M5_ensemble_walkforward_config.candidates.csv,4152,.csv
fusion_ensemble\GBPAUD_M5_ensemble_walkforward_config.json,6716,.json
fusion_ensemble\GBPCHF_M5_ensemble_walkforward_config.candidates.csv,4150,.csv
fusion_ensemble\GBPCHF_M5_ensemble_walkforward_config.json,6714,.json
fusion_ensemble\GBPJPY_M5_ensemble_walkforward_config.candidates.csv,4440,.csv
fusion_ensemble\GBPJPY_M5_ensemble_walkforward_config.json,7004,.json
fusion_ensemble\GBPUSD_M5_ensemble_walkforward_config.candidates.csv,4168,.csv
fusion_ensemble\GBPUSD_M5_ensemble_walkforward_config.json,6732,.json
fusion_ensemble\NZDCAD_M5_ensemble_walkforward_config.candidates.csv,4147,.csv
fusion_ensemble\NZDCAD_M5_ensemble_walkforward_config.json,6711,.json
fusion_ensemble\NZDUSD_M5_ensemble_walkforward_config.candidates.csv,4156,.csv
fusion_ensemble\NZDUSD_M5_ensemble_walkforward_config.json,6720,.json
fusion_ensemble\USDCAD_M5_ensemble_walkforward_config.candidates.csv,4195,.csv
fusion_ensemble\USDCAD_M5_ensemble_walkforward_config.json,6759,.json
fusion_ensemble\USDCHF_M5_ensemble_walkforward_config.candidates.csv,4171,.csv
fusion_ensemble\USDCHF_M5_ensemble_walkforward_config.json,6735,.json
fusion_ensemble\USDJPY_M5_ensemble_walkforward_config.candidates.csv,4445,.csv
fusion_ensemble\USDJPY_M5_ensemble_walkforward_config.json,7009,.json
fusion_experts\AUDCAD\M5\candles\candles_metadata.json,1842,.json
fusion_experts\AUDCAD\M5\candles\model.pkl,5265276,.pkl
fusion_experts\AUDCAD\M5\orderflow\model.pkl,5300780,.pkl
fusion_experts\AUDCAD\M5\orderflow\orderflow_metadata.json,1580,.json
fusion_experts\AUDCAD\M5\pullback\model.pkl,5227052,.pkl
fusion_experts\AUDCAD\M5\pullback\pullback_metadata.json,1352,.json
fusion_experts\AUDCAD\M5\quant\model.pkl,5268684,.pkl
fusion_experts\AUDCAD\M5\quant\quant_metadata.json,1204,.json
fusion_experts\AUDCAD\M5\reversal\model.pkl,1759124,.pkl
fusion_experts\AUDCAD\M5\reversal\reversal_metadata.json,1495,.json
fusion_experts\AUDCAD\M5\risk\model.pkl,1775988,.pkl
fusion_experts\AUDCAD\M5\risk\risk_metadata.json,1788,.json
fusion_experts\AUDCAD\M5\sr\model.pkl,5272284,.pkl
fusion_experts\AUDCAD\M5\sr\sr_metadata.json,1633,.json
fusion_experts\AUDCAD\M5\training_report.json,10193,.json
fusion_experts\AUDCAD\M5\trend\model.pkl,5287436,.pkl
fusion_experts\AUDCAD\M5\trend\trend_metadata.json,1705,.json
fusion_experts\AUDCAD\M5\volatility\model.pkl,5334316,.pkl
fusion_experts\AUDCAD\M5\volatility\volatility_metadata.json,1280,.json
fusion_experts\AUDCHF\M5\candles\candles_metadata.json,1842,.json
fusion_experts\AUDCHF\M5\candles\model.pkl,5283948,.pkl
fusion_experts\AUDCHF\M5\orderflow\model.pkl,5308012,.pkl
fusion_experts\AUDCHF\M5\orderflow\orderflow_metadata.json,1581,.json
fusion_experts\AUDCHF\M5\pullback\model.pkl,5247580,.pkl
fusion_experts\AUDCHF\M5\pullback\pullback_metadata.json,1353,.json
fusion_experts\AUDCHF\M5\quant\model.pkl,5285916,.pkl
fusion_experts\AUDCHF\M5\quant\quant_metadata.json,1205,.json
fusion_experts\AUDCHF\M5\reversal\model.pkl,1760308,.pkl
fusion_experts\AUDCHF\M5\reversal\reversal_metadata.json,1496,.json
fusion_experts\AUDCHF\M5\risk\model.pkl,1777044,.pkl
fusion_experts\AUDCHF\M5\risk\risk_metadata.json,1788,.json
fusion_experts\AUDCHF\M5\sr\model.pkl,5283244,.pkl
fusion_experts\AUDCHF\M5\sr\sr_metadata.json,1632,.json
fusion_experts\AUDCHF\M5\training_report.json,10196,.json
fusion_experts\AUDCHF\M5\trend\model.pkl,5301900,.pkl
fusion_experts\AUDCHF\M5\trend\trend_metadata.json,1704,.json
fusion_experts\AUDCHF\M5\volatility\model.pkl,5302524,.pkl
fusion_experts\AUDCHF\M5\volatility\volatility_metadata.json,1281,.json
fusion_experts\AUDJPY\M5\candles\candles_metadata.json,1841,.json
fusion_experts\AUDJPY\M5\candles\model.pkl,5264700,.pkl
fusion_experts\AUDJPY\M5\orderflow\model.pkl,5298220,.pkl
fusion_experts\AUDJPY\M5\orderflow\orderflow_metadata.json,1580,.json
fusion_experts\AUDJPY\M5\pullback\model.pkl,5196124,.pkl
fusion_experts\AUDJPY\M5\pullback\pullback_metadata.json,1354,.json
fusion_experts\AUDJPY\M5\quant\model.pkl,5242252,.pkl
fusion_experts\AUDJPY\M5\quant\quant_metadata.json,1204,.json
fusion_experts\AUDJPY\M5\reversal\model.pkl,1746884,.pkl
fusion_experts\AUDJPY\M5\reversal\reversal_metadata.json,1496,.json
fusion_experts\AUDJPY\M5\risk\model.pkl,1788868,.pkl
fusion_experts\AUDJPY\M5\risk\risk_metadata.json,1788,.json
fusion_experts\AUDJPY\M5\sr\model.pkl,5247964,.pkl
fusion_experts\AUDJPY\M5\sr\sr_metadata.json,1633,.json
fusion_experts\AUDJPY\M5\training_report.json,10197,.json
fusion_experts\AUDJPY\M5\trend\model.pkl,5263628,.pkl
fusion_experts\AUDJPY\M5\trend\trend_metadata.json,1706,.json
fusion_experts\AUDJPY\M5\volatility\model.pkl,5291900,.pkl
fusion_experts\AUDJPY\M5\volatility\volatility_metadata.json,1281,.json
fusion_experts\AUDNZD\M5\candles\candles_metadata.json,1841,.json
fusion_experts\AUDNZD\M5\candles\model.pkl,5270236,.pkl
fusion_experts\AUDNZD\M5\orderflow\model.pkl,5302780,.pkl
fusion_experts\AUDNZD\M5\orderflow\orderflow_metadata.json,1581,.json
fusion_experts\AUDNZD\M5\pullback\model.pkl,5214156,.pkl
fusion_experts\AUDNZD\M5\pullback\pullback_metadata.json,1354,.json
fusion_experts\AUDNZD\M5\quant\model.pkl,5277852,.pkl
fusion_experts\AUDNZD\M5\quant\quant_metadata.json,1203,.json
fusion_experts\AUDNZD\M5\reversal\model.pkl,1760884,.pkl
fusion_experts\AUDNZD\M5\reversal\reversal_metadata.json,1495,.json
fusion_experts\AUDNZD\M5\risk\model.pkl,1788388,.pkl
fusion_experts\AUDNZD\M5\risk\risk_metadata.json,1788,.json
fusion_experts\AUDNZD\M5\sr\model.pkl,5259516,.pkl
fusion_experts\AUDNZD\M5\sr\sr_metadata.json,1632,.json
fusion_experts\AUDNZD\M5\training_report.json,10195,.json
fusion_experts\AUDNZD\M5\trend\model.pkl,5265596,.pkl
fusion_experts\AUDNZD\M5\trend\trend_metadata.json,1706,.json
fusion_experts\AUDNZD\M5\volatility\model.pkl,5380572,.pkl
fusion_experts\AUDNZD\M5\volatility\volatility_metadata.json,1281,.json
fusion_experts\AUDUSD\M5\candles\candles_metadata.json,1842,.json
fusion_experts\AUDUSD\M5\candles\model.pkl,5279804,.pkl
fusion_experts\AUDUSD\M5\orderflow\model.pkl,5313084,.pkl
fusion_experts\AUDUSD\M5\orderflow\orderflow_metadata.json,1581,.json
fusion_experts\AUDUSD\M5\pullback\model.pkl,5241468,.pkl
fusion_experts\AUDUSD\M5\pullback\pullback_metadata.json,1353,.json
fusion_experts\AUDUSD\M5\quant\model.pkl,5289660,.pkl
fusion_experts\AUDUSD\M5\quant\quant_metadata.json,1204,.json
fusion_experts\AUDUSD\M5\reversal\model.pkl,1762164,.pkl
fusion_experts\AUDUSD\M5\reversal\reversal_metadata.json,1496,.json
fusion_experts\AUDUSD\M5\risk\model.pkl,1777652,.pkl
fusion_experts\AUDUSD\M5\risk\risk_metadata.json,1787,.json
fusion_experts\AUDUSD\M5\sr\model.pkl,5277004,.pkl
fusion_experts\AUDUSD\M5\sr\sr_metadata.json,1633,.json
fusion_experts\AUDUSD\M5\training_report.json,10196,.json
fusion_experts\AUDUSD\M5\trend\model.pkl,5300876,.pkl
fusion_experts\AUDUSD\M5\trend\trend_metadata.json,1705,.json
fusion_experts\AUDUSD\M5\volatility\model.pkl,5312444,.pkl
fusion_experts\AUDUSD\M5\volatility\volatility_metadata.json,1281,.json
fusion_experts\CADCHF\M5\candles\candles_metadata.json,1841,.json
fusion_experts\CADCHF\M5\candles\model.pkl,5283132,.pkl
fusion_experts\CADCHF\M5\orderflow\model.pkl,5308284,.pkl
fusion_experts\CADCHF\M5\orderflow\orderflow_metadata.json,1580,.json
fusion_experts\CADCHF\M5\pullback\model.pkl,5236588,.pkl
fusion_experts\CADCHF\M5\pullback\pullback_metadata.json,1353,.json
fusion_experts\CADCHF\M5\quant\model.pkl,5290412,.pkl
fusion_experts\CADCHF\M5\quant\quant_metadata.json,1204,.json
fusion_experts\CADCHF\M5\reversal\model.pkl,1762356,.pkl
fusion_experts\CADCHF\M5\reversal\reversal_metadata.json,1496,.json
fusion_experts\CADCHF\M5\risk\model.pkl,1784852,.pkl
fusion_experts\CADCHF\M5\risk\risk_metadata.json,1788,.json
fusion_experts\CADCHF\M5\sr\model.pkl,5283196,.pkl
fusion_experts\CADCHF\M5\sr\sr_metadata.json,1632,.json
fusion_experts\CADCHF\M5\training_report.json,10194,.json
fusion_experts\CADCHF\M5\trend\model.pkl,5302076,.pkl
fusion_experts\CADCHF\M5\trend\trend_metadata.json,1705,.json
fusion_experts\CADCHF\M5\volatility\model.pkl,5320044,.pkl
fusion_experts\CADCHF\M5\volatility\volatility_metadata.json,1281,.json
fusion_experts\CHFJPY\M5\candles\candles_metadata.json,1841,.json
fusion_experts\CHFJPY\M5\candles\model.pkl,5275276,.pkl
fusion_experts\CHFJPY\M5\orderflow\model.pkl,5298604,.pkl
fusion_experts\CHFJPY\M5\orderflow\orderflow_metadata.json,1581,.json
fusion_experts\CHFJPY\M5\pullback\model.pkl,5216524,.pkl
fusion_experts\CHFJPY\M5\pullback\pullback_metadata.json,1353,.json
fusion_experts\CHFJPY\M5\quant\model.pkl,5239452,.pkl
fusion_experts\CHFJPY\M5\quant\quant_metadata.json,1203,.json
fusion_experts\CHFJPY\M5\reversal\model.pkl,1748884,.pkl
fusion_experts\CHFJPY\M5\reversal\reversal_metadata.json,1496,.json
fusion_experts\CHFJPY\M5\risk\model.pkl,1785060,.pkl
fusion_experts\CHFJPY\M5\risk\risk_metadata.json,1788,.json
fusion_experts\CHFJPY\M5\sr\model.pkl,5242332,.pkl
fusion_experts\CHFJPY\M5\sr\sr_metadata.json,1631,.json
fusion_experts\CHFJPY\M5\training_report.json,7114,.json
fusion_experts\CHFJPY\M5\trend\model.pkl,5260476,.pkl
fusion_experts\CHFJPY\M5\trend\trend_metadata.json,1705,.json
fusion_experts\CHFJPY\M5\volatility\model.pkl,5302764,.pkl
fusion_experts\CHFJPY\M5\volatility\volatility_metadata.json,1281,.json
fusion_experts\EURAUD\M5\candles\candles_metadata.json,1842,.json
fusion_experts\EURAUD\M5\candles\model.pkl,5274220,.pkl
fusion_experts\EURAUD\M5\orderflow\model.pkl,5301148,.pkl
fusion_experts\EURAUD\M5\orderflow\orderflow_metadata.json,1581,.json
fusion_experts\EURAUD\M5\pullback\model.pkl,5219868,.pkl
fusion_experts\EURAUD\M5\pullback\pullback_metadata.json,1354,.json
fusion_experts\EURAUD\M5\quant\model.pkl,5279516,.pkl
fusion_experts\EURAUD\M5\quant\quant_metadata.json,1204,.json
fusion_experts\EURAUD\M5\reversal\model.pkl,1759412,.pkl
fusion_experts\EURAUD\M5\reversal\reversal_metadata.json,1496,.json
fusion_experts\EURAUD\M5\risk\model.pkl,1775860,.pkl
fusion_experts\EURAUD\M5\risk\risk_metadata.json,1787,.json
fusion_experts\EURAUD\M5\sr\model.pkl,5264588,.pkl
fusion_experts\EURAUD\M5\sr\sr_metadata.json,1633,.json
fusion_experts\EURAUD\M5\training_report.json,10197,.json
fusion_experts\EURAUD\M5\trend\model.pkl,5283260,.pkl
fusion_experts\EURAUD\M5\trend\trend_metadata.json,1705,.json
fusion_experts\EURAUD\M5\volatility\model.pkl,5313612,.pkl
fusion_experts\EURAUD\M5\volatility\volatility_metadata.json,1281,.json
fusion_experts\EURCAD\M5\candles\candles_metadata.json,1840,.json
fusion_experts\EURCAD\M5\candles\model.pkl,5273308,.pkl
fusion_experts\EURCAD\M5\orderflow\model.pkl,5307484,.pkl
fusion_experts\EURCAD\M5\orderflow\orderflow_metadata.json,1581,.json
fusion_experts\EURCAD\M5\pullback\model.pkl,5211420,.pkl
fusion_experts\EURCAD\M5\pullback\pullback_metadata.json,1354,.json
fusion_experts\EURCAD\M5\quant\model.pkl,5268204,.pkl
fusion_experts\EURCAD\M5\quant\quant_metadata.json,1203,.json
fusion_experts\EURCAD\M5\reversal\model.pkl,1753476,.pkl
fusion_experts\EURCAD\M5\reversal\reversal_metadata.json,1495,.json
fusion_experts\EURCAD\M5\risk\model.pkl,1788564,.pkl
fusion_experts\EURCAD\M5\risk\risk_metadata.json,1788,.json
fusion_experts\EURCAD\M5\sr\model.pkl,5264140,.pkl
fusion_experts\EURCAD\M5\sr\sr_metadata.json,1632,.json
fusion_experts\EURCAD\M5\training_report.json,10192,.json
fusion_experts\EURCAD\M5\trend\model.pkl,5284060,.pkl
fusion_experts\EURCAD\M5\trend\trend_metadata.json,1706,.json
fusion_experts\EURCAD\M5\volatility\model.pkl,5335804,.pkl
fusion_experts\EURCAD\M5\volatility\volatility_metadata.json,1279,.json
fusion_experts\EURCHF\M5\candles\candles_metadata.json,1840,.json
fusion_experts\EURCHF\M5\candles\model.pkl,5272476,.pkl
fusion_experts\EURCHF\M5\orderflow\model.pkl,5311036,.pkl
fusion_experts\EURCHF\M5\orderflow\orderflow_metadata.json,1581,.json
fusion_experts\EURCHF\M5\pullback\model.pkl,5233148,.pkl
fusion_experts\EURCHF\M5\pullback\pullback_metadata.json,1353,.json
fusion_experts\EURCHF\M5\quant\model.pkl,5284572,.pkl
fusion_experts\EURCHF\M5\quant\quant_metadata.json,1203,.json
fusion_experts\EURCHF\M5\reversal\model.pkl,1763604,.pkl
fusion_experts\EURCHF\M5\reversal\reversal_metadata.json,1496,.json
fusion_experts\EURCHF\M5\risk\model.pkl,1788356,.pkl
fusion_experts\EURCHF\M5\risk\risk_metadata.json,1788,.json
fusion_experts\EURCHF\M5\sr\model.pkl,5284156,.pkl
fusion_experts\EURCHF\M5\sr\sr_metadata.json,1633,.json
fusion_experts\EURCHF\M5\training_report.json,9848,.json
fusion_experts\EURCHF\M5\trend\model.pkl,5285516,.pkl
fusion_experts\EURCHF\M5\trend\trend_metadata.json,1706,.json
fusion_experts\EURCHF\M5\volatility\model.pkl,5337548,.pkl
fusion_experts\EURCHF\M5\volatility\volatility_metadata.json,1279,.json
fusion_experts\EURGBP\M5\candles\candles_metadata.json,1842,.json
fusion_experts\EURGBP\M5\candles\model.pkl,5278140,.pkl
fusion_experts\EURGBP\M5\orderflow\model.pkl,5311068,.pkl
fusion_experts\EURGBP\M5\orderflow\orderflow_metadata.json,1581,.json
fusion_experts\EURGBP\M5\pullback\model.pkl,5237724,.pkl
fusion_experts\EURGBP\M5\pullback\pullback_metadata.json,1353,.json
fusion_experts\EURGBP\M5\quant\model.pkl,5287676,.pkl
fusion_experts\EURGBP\M5\quant\quant_metadata.json,1204,.json
fusion_experts\EURGBP\M5\reversal\model.pkl,1763828,.pkl
fusion_experts\EURGBP\M5\reversal\reversal_metadata.json,1495,.json
fusion_experts\EURGBP\M5\risk\model.pkl,1779924,.pkl
fusion_experts\EURGBP\M5\risk\risk_metadata.json,1788,.json
fusion_experts\EURGBP\M5\sr\model.pkl,5286076,.pkl
fusion_experts\EURGBP\M5\sr\sr_metadata.json,1633,.json
fusion_experts\EURGBP\M5\training_report.json,10195,.json
fusion_experts\EURGBP\M5\trend\model.pkl,5294204,.pkl
fusion_experts\EURGBP\M5\trend\trend_metadata.json,1706,.json
fusion_experts\EURGBP\M5\volatility\model.pkl,5334300,.pkl
fusion_experts\EURGBP\M5\volatility\volatility_metadata.json,1279,.json
fusion_experts\EURJPY\M5\candles\candles_metadata.json,1842,.json
fusion_experts\EURJPY\M5\candles\model.pkl,5280892,.pkl
fusion_experts\EURJPY\M5\orderflow\model.pkl,5308524,.pkl
fusion_experts\EURJPY\M5\orderflow\orderflow_metadata.json,1580,.json
fusion_experts\EURJPY\M5\pullback\model.pkl,5220316,.pkl
fusion_experts\EURJPY\M5\pullback\pullback_metadata.json,1353,.json
fusion_experts\EURJPY\M5\quant\model.pkl,5248652,.pkl
fusion_experts\EURJPY\M5\quant\quant_metadata.json,1204,.json
fusion_experts\EURJPY\M5\reversal\model.pkl,1751972,.pkl
fusion_experts\EURJPY\M5\reversal\reversal_metadata.json,1496,.json
fusion_experts\EURJPY\M5\risk\model.pkl,1786452,.pkl
fusion_experts\EURJPY\M5\risk\risk_metadata.json,1788,.json
fusion_experts\EURJPY\M5\sr\model.pkl,5267404,.pkl
fusion_experts\EURJPY\M5\sr\sr_metadata.json,1631,.json
fusion_experts\EURJPY\M5\training_report.json,9273,.json
fusion_experts\EURJPY\M5\trend\model.pkl,5268652,.pkl
fusion_experts\EURJPY\M5\trend\trend_metadata.json,1706,.json
fusion_experts\EURJPY\M5\volatility\model.pkl,5302572,.pkl
fusion_experts\EURJPY\M5\volatility\volatility_metadata.json,1280,.json
fusion_experts\EURNZD\M5\candles\candles_metadata.json,1841,.json
fusion_experts\EURNZD\M5\candles\model.pkl,5279644,.pkl
fusion_experts\EURNZD\M5\orderflow\model.pkl,5298716,.pkl
fusion_experts\EURNZD\M5\orderflow\orderflow_metadata.json,1581,.json
fusion_experts\EURNZD\M5\pullback\model.pkl,5223228,.pkl
fusion_experts\EURNZD\M5\pullback\pullback_metadata.json,1353,.json
fusion_experts\EURNZD\M5\quant\model.pkl,5271516,.pkl
fusion_experts\EURNZD\M5\quant\quant_metadata.json,1204,.json
fusion_experts\EURNZD\M5\reversal\model.pkl,1759076,.pkl
fusion_experts\EURNZD\M5\reversal\reversal_metadata.json,1495,.json
fusion_experts\EURNZD\M5\risk\model.pkl,1776596,.pkl
fusion_experts\EURNZD\M5\risk\risk_metadata.json,1788,.json
fusion_experts\EURNZD\M5\sr\model.pkl,5253228,.pkl
fusion_experts\EURNZD\M5\sr\sr_metadata.json,1632,.json
fusion_experts\EURNZD\M5\training_report.json,10195,.json
fusion_experts\EURNZD\M5\trend\model.pkl,5282732,.pkl
fusion_experts\EURNZD\M5\trend\trend_metadata.json,1706,.json
fusion_experts\EURNZD\M5\volatility\model.pkl,5297212,.pkl
fusion_experts\EURNZD\M5\volatility\volatility_metadata.json,1281,.json
fusion_experts\EURUSD\M5\candles\candles_metadata.json,1840,.json
fusion_experts\EURUSD\M5\candles\model.pkl,5224492,.pkl
fusion_experts\EURUSD\M5\dry_run_report.json,4236,.json
fusion_experts\EURUSD\M5\orderflow\model.pkl,5235180,.pkl
fusion_experts\EURUSD\M5\orderflow\orderflow_metadata.json,1580,.json
fusion_experts\EURUSD\M5\pullback\model.pkl,5170492,.pkl
fusion_experts\EURUSD\M5\pullback\pullback_metadata.json,1353,.json
fusion_experts\EURUSD\M5\quant\model.pkl,5217084,.pkl
fusion_experts\EURUSD\M5\quant\quant_metadata.json,1200,.json
fusion_experts\EURUSD\M5\reversal\model.pkl,1742996,.pkl
fusion_experts\EURUSD\M5\reversal\reversal_metadata.json,1495,.json
fusion_experts\EURUSD\M5\risk\model.pkl,1770868,.pkl
fusion_experts\EURUSD\M5\risk\risk_metadata.json,1787,.json
fusion_experts\EURUSD\M5\sr\model.pkl,5173372,.pkl
fusion_experts\EURUSD\M5\sr\sr_metadata.json,1631,.json
fusion_experts\EURUSD\M5\training_report.json,5537,.json
fusion_experts\EURUSD\M5\trend\model.pkl,5235388,.pkl
fusion_experts\EURUSD\M5\trend\trend_metadata.json,1705,.json
fusion_experts\EURUSD\M5\volatility\model.pkl,5289228,.pkl
fusion_experts\EURUSD\M5\volatility\volatility_metadata.json,1279,.json
fusion_experts\GBPAUD\M5\candles\candles_metadata.json,1840,.json
fusion_experts\GBPAUD\M5\candles\model.pkl,5278540,.pkl
fusion_experts\GBPAUD\M5\orderflow\model.pkl,5304380,.pkl
fusion_experts\GBPAUD\M5\orderflow\orderflow_metadata.json,1581,.json
fusion_experts\GBPAUD\M5\pullback\model.pkl,5211324,.pkl
fusion_experts\GBPAUD\M5\pullback\pullback_metadata.json,1353,.json
fusion_experts\GBPAUD\M5\quant\model.pkl,5269852,.pkl
fusion_experts\GBPAUD\M5\quant\quant_metadata.json,1205,.json
fusion_experts\GBPAUD\M5\reversal\model.pkl,1760532,.pkl
fusion_experts\GBPAUD\M5\reversal\reversal_metadata.json,1495,.json
fusion_experts\GBPAUD\M5\risk\model.pkl,1778436,.pkl
fusion_experts\GBPAUD\M5\risk\risk_metadata.json,1788,.json
fusion_experts\GBPAUD\M5\sr\model.pkl,5259916,.pkl
fusion_experts\GBPAUD\M5\sr\sr_metadata.json,1633,.json
fusion_experts\GBPAUD\M5\training_report.json,10194,.json
fusion_experts\GBPAUD\M5\trend\model.pkl,5284476,.pkl
fusion_experts\GBPAUD\M5\trend\trend_metadata.json,1706,.json
fusion_experts\GBPAUD\M5\volatility\model.pkl,5292380,.pkl
fusion_experts\GBPAUD\M5\volatility\volatility_metadata.json,1279,.json
fusion_experts\GBPCHF\M5\candles\candles_metadata.json,1840,.json
fusion_experts\GBPCHF\M5\candles\model.pkl,5279180,.pkl
fusion_experts\GBPCHF\M5\orderflow\model.pkl,5305324,.pkl
fusion_experts\GBPCHF\M5\orderflow\orderflow_metadata.json,1581,.json
fusion_experts\GBPCHF\M5\pullback\model.pkl,5209100,.pkl
fusion_experts\GBPCHF\M5\pullback\pullback_metadata.json,1354,.json
fusion_experts\GBPCHF\M5\quant\model.pkl,5280444,.pkl
fusion_experts\GBPCHF\M5\quant\quant_metadata.json,1203,.json
fusion_experts\GBPCHF\M5\reversal\model.pkl,1763540,.pkl
fusion_experts\GBPCHF\M5\reversal\reversal_metadata.json,1496,.json
fusion_experts\GBPCHF\M5\risk\model.pkl,1778836,.pkl
fusion_experts\GBPCHF\M5\risk\risk_metadata.json,1788,.json
fusion_experts\GBPCHF\M5\sr\model.pkl,5259532,.pkl
fusion_experts\GBPCHF\M5\sr\sr_metadata.json,1632,.json
fusion_experts\GBPCHF\M5\training_report.json,10195,.json
fusion_experts\GBPCHF\M5\trend\model.pkl,5289500,.pkl
fusion_experts\GBPCHF\M5\trend\trend_metadata.json,1706,.json
fusion_experts\GBPCHF\M5\volatility\model.pkl,5300108,.pkl
fusion_experts\GBPCHF\M5\volatility\volatility_metadata.json,1281,.json
fusion_experts\GBPJPY\M5\candles\candles_metadata.json,1840,.json
fusion_experts\GBPJPY\M5\candles\model.pkl,5277084,.pkl
fusion_experts\GBPJPY\M5\orderflow\model.pkl,5299548,.pkl
fusion_experts\GBPJPY\M5\orderflow\orderflow_metadata.json,1580,.json
fusion_experts\GBPJPY\M5\pullback\model.pkl,5202524,.pkl
fusion_experts\GBPJPY\M5\pullback\pullback_metadata.json,1353,.json
fusion_experts\GBPJPY\M5\quant\model.pkl,5234940,.pkl
fusion_experts\GBPJPY\M5\quant\quant_metadata.json,1204,.json
fusion_experts\GBPJPY\M5\reversal\model.pkl,1748292,.pkl
fusion_experts\GBPJPY\M5\reversal\reversal_metadata.json,1495,.json
fusion_experts\GBPJPY\M5\risk\model.pkl,1790004,.pkl
fusion_experts\GBPJPY\M5\risk\risk_metadata.json,1788,.json
fusion_experts\GBPJPY\M5\sr\model.pkl,5245596,.pkl
fusion_experts\GBPJPY\M5\sr\sr_metadata.json,1633,.json
fusion_experts\GBPJPY\M5\training_report.json,10192,.json
fusion_experts\GBPJPY\M5\trend\model.pkl,5263548,.pkl
fusion_experts\GBPJPY\M5\trend\trend_metadata.json,1705,.json
fusion_experts\GBPJPY\M5\volatility\model.pkl,5288220,.pkl
fusion_experts\GBPJPY\M5\volatility\volatility_metadata.json,1280,.json
fusion_experts\GBPUSD\M5\candles\candles_metadata.json,1841,.json
fusion_experts\GBPUSD\M5\candles\model.pkl,5284844,.pkl
fusion_experts\GBPUSD\M5\orderflow\model.pkl,5306556,.pkl
fusion_experts\GBPUSD\M5\orderflow\orderflow_metadata.json,1579,.json
fusion_experts\GBPUSD\M5\pullback\model.pkl,5217308,.pkl
fusion_experts\GBPUSD\M5\pullback\pullback_metadata.json,1353,.json
fusion_experts\GBPUSD\M5\quant\model.pkl,5259084,.pkl
fusion_experts\GBPUSD\M5\quant\quant_metadata.json,1203,.json
fusion_experts\GBPUSD\M5\reversal\model.pkl,1763252,.pkl
fusion_experts\GBPUSD\M5\reversal\reversal_metadata.json,1496,.json
fusion_experts\GBPUSD\M5\risk\model.pkl,1785412,.pkl
fusion_experts\GBPUSD\M5\risk\risk_metadata.json,1788,.json
fusion_experts\GBPUSD\M5\sr\model.pkl,5260924,.pkl
fusion_experts\GBPUSD\M5\sr\sr_metadata.json,1631,.json
fusion_experts\GBPUSD\M5\training_report.json,6453,.json
fusion_experts\GBPUSD\M5\trend\model.pkl,5292444,.pkl
fusion_experts\GBPUSD\M5\trend\trend_metadata.json,1706,.json
fusion_experts\GBPUSD\M5\volatility\model.pkl,5313292,.pkl
fusion_experts\GBPUSD\M5\volatility\volatility_metadata.json,1280,.json
fusion_experts\NZDCAD\M5\candles\candles_metadata.json,1841,.json
fusion_experts\NZDCAD\M5\candles\model.pkl,5275788,.pkl
fusion_experts\NZDCAD\M5\orderflow\model.pkl,5300236,.pkl
fusion_experts\NZDCAD\M5\orderflow\orderflow_metadata.json,1580,.json
fusion_experts\NZDCAD\M5\pullback\model.pkl,5227884,.pkl
fusion_experts\NZDCAD\M5\pullback\pullback_metadata.json,1352,.json
fusion_experts\NZDCAD\M5\quant\model.pkl,5266716,.pkl
fusion_experts\NZDCAD\M5\quant\quant_metadata.json,1205,.json
fusion_experts\NZDCAD\M5\reversal\model.pkl,1758484,.pkl
fusion_experts\NZDCAD\M5\reversal\reversal_metadata.json,1495,.json
fusion_experts\NZDCAD\M5\risk\model.pkl,1771700,.pkl
fusion_experts\NZDCAD\M5\risk\risk_metadata.json,1788,.json
fusion_experts\NZDCAD\M5\sr\model.pkl,5271612,.pkl
fusion_experts\NZDCAD\M5\sr\sr_metadata.json,1633,.json
fusion_experts\NZDCAD\M5\training_report.json,10195,.json
fusion_experts\NZDCAD\M5\trend\model.pkl,5283212,.pkl
fusion_experts\NZDCAD\M5\trend\trend_metadata.json,1706,.json
fusion_experts\NZDCAD\M5\volatility\model.pkl,5353436,.pkl
fusion_experts\NZDCAD\M5\volatility\volatility_metadata.json,1281,.json
fusion_experts\NZDUSD\M5\candles\candles_metadata.json,1840,.json
fusion_experts\NZDUSD\M5\candles\model.pkl,5284572,.pkl
fusion_experts\NZDUSD\M5\orderflow\model.pkl,5308204,.pkl
fusion_experts\NZDUSD\M5\orderflow\orderflow_metadata.json,1580,.json
fusion_experts\NZDUSD\M5\pullback\model.pkl,5231980,.pkl
fusion_experts\NZDUSD\M5\pullback\pullback_metadata.json,1352,.json
fusion_experts\NZDUSD\M5\quant\model.pkl,5282428,.pkl
fusion_experts\NZDUSD\M5\quant\quant_metadata.json,1205,.json
fusion_experts\NZDUSD\M5\reversal\model.pkl,1760036,.pkl
fusion_experts\NZDUSD\M5\reversal\reversal_metadata.json,1496,.json
fusion_experts\NZDUSD\M5\risk\model.pkl,1776612,.pkl
fusion_experts\NZDUSD\M5\risk\risk_metadata.json,1788,.json
fusion_experts\NZDUSD\M5\sr\model.pkl,5286684,.pkl
fusion_experts\NZDUSD\M5\sr\sr_metadata.json,1632,.json
fusion_experts\NZDUSD\M5\training_report.json,10192,.json
fusion_experts\NZDUSD\M5\trend\model.pkl,5296972,.pkl
fusion_experts\NZDUSD\M5\trend\trend_metadata.json,1705,.json
fusion_experts\NZDUSD\M5\volatility\model.pkl,5315164,.pkl
fusion_experts\NZDUSD\M5\volatility\volatility_metadata.json,1280,.json
fusion_experts\USDCAD\M5\candles\candles_metadata.json,1841,.json
fusion_experts\USDCAD\M5\candles\model.pkl,5276188,.pkl
fusion_experts\USDCAD\M5\orderflow\model.pkl,5307452,.pkl
fusion_experts\USDCAD\M5\orderflow\orderflow_metadata.json,1581,.json
fusion_experts\USDCAD\M5\pullback\model.pkl,5204444,.pkl
fusion_experts\USDCAD\M5\pullback\pullback_metadata.json,1352,.json
fusion_experts\USDCAD\M5\quant\model.pkl,5278076,.pkl
fusion_experts\USDCAD\M5\quant\quant_metadata.json,1203,.json
fusion_experts\USDCAD\M5\reversal\model.pkl,1763076,.pkl
fusion_experts\USDCAD\M5\reversal\reversal_metadata.json,1496,.json
fusion_experts\USDCAD\M5\risk\model.pkl,1780484,.pkl
fusion_experts\USDCAD\M5\risk\risk_metadata.json,1788,.json
fusion_experts\USDCAD\M5\sr\model.pkl,5264332,.pkl
fusion_experts\USDCAD\M5\sr\sr_metadata.json,1632,.json
fusion_experts\USDCAD\M5\training_report.json,10192,.json
fusion_experts\USDCAD\M5\trend\model.pkl,5279644,.pkl
fusion_experts\USDCAD\M5\trend\trend_metadata.json,1705,.json
fusion_experts\USDCAD\M5\volatility\model.pkl,5330684,.pkl
fusion_experts\USDCAD\M5\volatility\volatility_metadata.json,1280,.json
fusion_experts\USDCHF\M5\candles\candles_metadata.json,1841,.json
fusion_experts\USDCHF\M5\candles\model.pkl,5284236,.pkl
fusion_experts\USDCHF\M5\orderflow\model.pkl,5312988,.pkl
fusion_experts\USDCHF\M5\orderflow\orderflow_metadata.json,1581,.json
fusion_experts\USDCHF\M5\pullback\model.pkl,5230508,.pkl
fusion_experts\USDCHF\M5\pullback\pullback_metadata.json,1354,.json
fusion_experts\USDCHF\M5\quant\model.pkl,5285196,.pkl
fusion_experts\USDCHF\M5\quant\quant_metadata.json,1203,.json
fusion_experts\USDCHF\M5\reversal\model.pkl,1762564,.pkl
fusion_experts\USDCHF\M5\reversal\reversal_metadata.json,1496,.json
fusion_experts\USDCHF\M5\risk\model.pkl,1780500,.pkl
fusion_experts\USDCHF\M5\risk\risk_metadata.json,1787,.json
fusion_experts\USDCHF\M5\sr\model.pkl,5283468,.pkl
fusion_experts\USDCHF\M5\sr\sr_metadata.json,1632,.json
fusion_experts\USDCHF\M5\training_report.json,9272,.json
fusion_experts\USDCHF\M5\trend\model.pkl,5300908,.pkl
fusion_experts\USDCHF\M5\trend\trend_metadata.json,1705,.json
fusion_experts\USDCHF\M5\volatility\model.pkl,5332492,.pkl
fusion_experts\USDCHF\M5\volatility\volatility_metadata.json,1280,.json
fusion_experts\USDJPY\M5\candles\candles_metadata.json,1841,.json
fusion_experts\USDJPY\M5\candles\model.pkl,5279260,.pkl
fusion_experts\USDJPY\M5\orderflow\model.pkl,5308236,.pkl
fusion_experts\USDJPY\M5\orderflow\orderflow_metadata.json,1581,.json
fusion_experts\USDJPY\M5\pullback\model.pkl,5218380,.pkl
fusion_experts\USDJPY\M5\pullback\pullback_metadata.json,1353,.json
fusion_experts\USDJPY\M5\quant\model.pkl,5243964,.pkl
fusion_experts\USDJPY\M5\quant\quant_metadata.json,1203,.json
fusion_experts\USDJPY\M5\reversal\model.pkl,1751812,.pkl
fusion_experts\USDJPY\M5\reversal\reversal_metadata.json,1496,.json
fusion_experts\USDJPY\M5\risk\model.pkl,1790180,.pkl
fusion_experts\USDJPY\M5\risk\risk_metadata.json,1788,.json
fusion_experts\USDJPY\M5\sr\model.pkl,5261356,.pkl
fusion_experts\USDJPY\M5\sr\sr_metadata.json,1632,.json
fusion_experts\USDJPY\M5\training_report.json,10194,.json
fusion_experts\USDJPY\M5\trend\model.pkl,5268252,.pkl
fusion_experts\USDJPY\M5\trend\trend_metadata.json,1705,.json
fusion_experts\USDJPY\M5\volatility\model.pkl,5308988,.pkl
fusion_experts\USDJPY\M5\volatility\volatility_metadata.json,1281,.json
fusion_single\EURUSD\M5\dry_run_report.json,971,.json
fusion_single\EURUSD\M5\meta.json,4398,.json
fusion_single\EURUSD\M5\model.pkl,5219628,.pkl
fusion_single\EURUSD\M5\scaler.pkl,7839,.pkl
fusion_single\models_index.csv,252,.csv
fusion_walkforward\AUDCAD\M5\candles\candles_metadata.json,1822,.json
fusion_walkforward\AUDCAD\M5\candles\model.pkl,5271532,.pkl
fusion_walkforward\AUDCAD\M5\orderflow\model.pkl,5300684,.pkl
fusion_walkforward\AUDCAD\M5\orderflow\orderflow_metadata.json,1566,.json
fusion_walkforward\AUDCAD\M5\pullback\model.pkl,5233292,.pkl
fusion_walkforward\AUDCAD\M5\pullback\pullback_metadata.json,1338,.json
fusion_walkforward\AUDCAD\M5\quant\model.pkl,5281500,.pkl
fusion_walkforward\AUDCAD\M5\quant\quant_metadata.json,1194,.json
fusion_walkforward\AUDCAD\M5\reversal\model.pkl,1759652,.pkl
fusion_walkforward\AUDCAD\M5\reversal\reversal_metadata.json,1482,.json
fusion_walkforward\AUDCAD\M5\risk\model.pkl,1772676,.pkl
fusion_walkforward\AUDCAD\M5\risk\risk_metadata.json,1778,.json
fusion_walkforward\AUDCAD\M5\sr\model.pkl,5276076,.pkl
fusion_walkforward\AUDCAD\M5\sr\sr_metadata.json,1609,.json
fusion_walkforward\AUDCAD\M5\trend\model.pkl,5283644,.pkl
fusion_walkforward\AUDCAD\M5\trend\trend_metadata.json,1694,.json
fusion_walkforward\AUDCAD\M5\volatility\model.pkl,5365372,.pkl
fusion_walkforward\AUDCAD\M5\volatility\volatility_metadata.json,1265,.json
fusion_walkforward\AUDCHF\M5\candles\candles_metadata.json,1821,.json
fusion_walkforward\AUDCHF\M5\candles\model.pkl,5278316,.pkl
fusion_walkforward\AUDCHF\M5\orderflow\model.pkl,5308188,.pkl
fusion_walkforward\AUDCHF\M5\orderflow\orderflow_metadata.json,1565,.json
fusion_walkforward\AUDCHF\M5\pullback\model.pkl,5234876,.pkl
fusion_walkforward\AUDCHF\M5\pullback\pullback_metadata.json,1340,.json
fusion_walkforward\AUDCHF\M5\quant\model.pkl,5284076,.pkl
fusion_walkforward\AUDCHF\M5\quant\quant_metadata.json,1194,.json
fusion_walkforward\AUDCHF\M5\reversal\model.pkl,1760436,.pkl
fusion_walkforward\AUDCHF\M5\reversal\reversal_metadata.json,1482,.json
fusion_walkforward\AUDCHF\M5\risk\model.pkl,1783348,.pkl
fusion_walkforward\AUDCHF\M5\risk\risk_metadata.json,1748,.json
fusion_walkforward\AUDCHF\M5\sr\model.pkl,5276220,.pkl
fusion_walkforward\AUDCHF\M5\sr\sr_metadata.json,1607,.json
fusion_walkforward\AUDCHF\M5\trend\model.pkl,5297996,.pkl
fusion_walkforward\AUDCHF\M5\trend\trend_metadata.json,1693,.json
fusion_walkforward\AUDCHF\M5\volatility\model.pkl,5294060,.pkl
fusion_walkforward\AUDCHF\M5\volatility\volatility_metadata.json,1265,.json
fusion_walkforward\AUDJPY\M5\candles\candles_metadata.json,1820,.json
fusion_walkforward\AUDJPY\M5\candles\model.pkl,5285004,.pkl
fusion_walkforward\AUDJPY\M5\orderflow\model.pkl,5298236,.pkl
fusion_walkforward\AUDJPY\M5\orderflow\orderflow_metadata.json,1566,.json
fusion_walkforward\AUDJPY\M5\pullback\model.pkl,5200556,.pkl
fusion_walkforward\AUDJPY\M5\pullback\pullback_metadata.json,1339,.json
fusion_walkforward\AUDJPY\M5\quant\model.pkl,5240252,.pkl
fusion_walkforward\AUDJPY\M5\quant\quant_metadata.json,1192,.json
fusion_walkforward\AUDJPY\M5\reversal\model.pkl,1747348,.pkl
fusion_walkforward\AUDJPY\M5\reversal\reversal_metadata.json,1482,.json
fusion_walkforward\AUDJPY\M5\risk\model.pkl,1789124,.pkl
fusion_walkforward\AUDJPY\M5\risk\risk_metadata.json,1777,.json
fusion_walkforward\AUDJPY\M5\sr\model.pkl,5241788,.pkl
fusion_walkforward\AUDJPY\M5\sr\sr_metadata.json,1609,.json
fusion_walkforward\AUDJPY\M5\trend\model.pkl,5262748,.pkl
fusion_walkforward\AUDJPY\M5\trend\trend_metadata.json,1695,.json
fusion_walkforward\AUDJPY\M5\volatility\model.pkl,5288524,.pkl
fusion_walkforward\AUDJPY\M5\volatility\volatility_metadata.json,1265,.json
fusion_walkforward\AUDNZD\M5\candles\candles_metadata.json,1822,.json
fusion_walkforward\AUDNZD\M5\candles\model.pkl,5269324,.pkl
fusion_walkforward\AUDNZD\M5\orderflow\model.pkl,5301100,.pkl
fusion_walkforward\AUDNZD\M5\orderflow\orderflow_metadata.json,1565,.json
fusion_walkforward\AUDNZD\M5\pullback\model.pkl,5213212,.pkl
fusion_walkforward\AUDNZD\M5\pullback\pullback_metadata.json,1339,.json
fusion_walkforward\AUDNZD\M5\quant\model.pkl,5273900,.pkl
fusion_walkforward\AUDNZD\M5\quant\quant_metadata.json,1193,.json
fusion_walkforward\AUDNZD\M5\reversal\model.pkl,1761268,.pkl
fusion_walkforward\AUDNZD\M5\reversal\reversal_metadata.json,1481,.json
fusion_walkforward\AUDNZD\M5\risk\model.pkl,1789284,.pkl
fusion_walkforward\AUDNZD\M5\risk\risk_metadata.json,1779,.json
fusion_walkforward\AUDNZD\M5\sr\model.pkl,5256556,.pkl
fusion_walkforward\AUDNZD\M5\sr\sr_metadata.json,1608,.json
fusion_walkforward\AUDNZD\M5\trend\model.pkl,5267964,.pkl
fusion_walkforward\AUDNZD\M5\trend\trend_metadata.json,1694,.json
fusion_walkforward\AUDNZD\M5\volatility\model.pkl,5377068,.pkl
fusion_walkforward\AUDNZD\M5\volatility\volatility_metadata.json,1264,.json
fusion_walkforward\AUDUSD\M5\candles\candles_metadata.json,1821,.json
fusion_walkforward\AUDUSD\M5\candles\model.pkl,5294108,.pkl
fusion_walkforward\AUDUSD\M5\orderflow\model.pkl,5315452,.pkl
fusion_walkforward\AUDUSD\M5\orderflow\orderflow_metadata.json,1566,.json
fusion_walkforward\AUDUSD\M5\pullback\model.pkl,5239132,.pkl
fusion_walkforward\AUDUSD\M5\pullback\pullback_metadata.json,1339,.json
fusion_walkforward\AUDUSD\M5\quant\model.pkl,5292972,.pkl
fusion_walkforward\AUDUSD\M5\quant\quant_metadata.json,1193,.json
fusion_walkforward\AUDUSD\M5\reversal\model.pkl,1760500,.pkl
fusion_walkforward\AUDUSD\M5\reversal\reversal_metadata.json,1480,.json
fusion_walkforward\AUDUSD\M5\risk\model.pkl,1778740,.pkl
fusion_walkforward\AUDUSD\M5\risk\risk_metadata.json,1748,.json
fusion_walkforward\AUDUSD\M5\sr\model.pkl,5272796,.pkl
fusion_walkforward\AUDUSD\M5\sr\sr_metadata.json,1608,.json
fusion_walkforward\AUDUSD\M5\trend\model.pkl,5298124,.pkl
fusion_walkforward\AUDUSD\M5\trend\trend_metadata.json,1695,.json
fusion_walkforward\AUDUSD\M5\volatility\model.pkl,5312700,.pkl
fusion_walkforward\AUDUSD\M5\volatility\volatility_metadata.json,1264,.json
fusion_walkforward\CADCHF\M5\candles\candles_metadata.json,1820,.json
fusion_walkforward\CADCHF\M5\candles\model.pkl,5278028,.pkl
fusion_walkforward\CADCHF\M5\orderflow\model.pkl,5307100,.pkl
fusion_walkforward\CADCHF\M5\orderflow\orderflow_metadata.json,1566,.json
fusion_walkforward\CADCHF\M5\pullback\model.pkl,5238028,.pkl
fusion_walkforward\CADCHF\M5\pullback\pullback_metadata.json,1340,.json
fusion_walkforward\CADCHF\M5\quant\model.pkl,5289340,.pkl
fusion_walkforward\CADCHF\M5\quant\quant_metadata.json,1191,.json
fusion_walkforward\CADCHF\M5\reversal\model.pkl,1762804,.pkl
fusion_walkforward\CADCHF\M5\reversal\reversal_metadata.json,1482,.json
fusion_walkforward\CADCHF\M5\risk\model.pkl,1786516,.pkl
fusion_walkforward\CADCHF\M5\risk\risk_metadata.json,1748,.json
fusion_walkforward\CADCHF\M5\sr\model.pkl,5277324,.pkl
fusion_walkforward\CADCHF\M5\sr\sr_metadata.json,1608,.json
fusion_walkforward\CADCHF\M5\trend\model.pkl,5296620,.pkl
fusion_walkforward\CADCHF\M5\trend\trend_metadata.json,1695,.json
fusion_walkforward\CADCHF\M5\volatility\model.pkl,5322332,.pkl
fusion_walkforward\CADCHF\M5\volatility\volatility_metadata.json,1264,.json
fusion_walkforward\CHFJPY\M5\candles\candles_metadata.json,1822,.json
fusion_walkforward\CHFJPY\M5\candles\model.pkl,5270540,.pkl
fusion_walkforward\CHFJPY\M5\orderflow\model.pkl,5296908,.pkl
fusion_walkforward\CHFJPY\M5\orderflow\orderflow_metadata.json,1566,.json
fusion_walkforward\CHFJPY\M5\pullback\model.pkl,5216060,.pkl
fusion_walkforward\CHFJPY\M5\pullback\pullback_metadata.json,1339,.json
fusion_walkforward\CHFJPY\M5\quant\model.pkl,5237692,.pkl
fusion_walkforward\CHFJPY\M5\quant\quant_metadata.json,1193,.json
fusion_walkforward\CHFJPY\M5\reversal\model.pkl,1748484,.pkl
fusion_walkforward\CHFJPY\M5\reversal\reversal_metadata.json,1482,.json
fusion_walkforward\CHFJPY\M5\risk\model.pkl,1788596,.pkl
fusion_walkforward\CHFJPY\M5\risk\risk_metadata.json,1778,.json
fusion_walkforward\CHFJPY\M5\sr\model.pkl,5247132,.pkl
fusion_walkforward\CHFJPY\M5\sr\sr_metadata.json,1609,.json
fusion_walkforward\CHFJPY\M5\trend\model.pkl,5256140,.pkl
fusion_walkforward\CHFJPY\M5\trend\trend_metadata.json,1695,.json
fusion_walkforward\CHFJPY\M5\volatility\model.pkl,5306956,.pkl
fusion_walkforward\CHFJPY\M5\volatility\volatility_metadata.json,1264,.json
fusion_walkforward\EURAUD\M5\candles\candles_metadata.json,1819,.json
fusion_walkforward\EURAUD\M5\candles\model.pkl,5283628,.pkl
fusion_walkforward\EURAUD\M5\orderflow\model.pkl,5300796,.pkl
fusion_walkforward\EURAUD\M5\orderflow\orderflow_metadata.json,1566,.json
fusion_walkforward\EURAUD\M5\pullback\model.pkl,5206204,.pkl
fusion_walkforward\EURAUD\M5\pullback\pullback_metadata.json,1340,.json
fusion_walkforward\EURAUD\M5\quant\model.pkl,5277740,.pkl
fusion_walkforward\EURAUD\M5\quant\quant_metadata.json,1193,.json
fusion_walkforward\EURAUD\M5\reversal\model.pkl,1759284,.pkl
fusion_walkforward\EURAUD\M5\reversal\reversal_metadata.json,1481,.json
fusion_walkforward\EURAUD\M5\risk\model.pkl,1777268,.pkl
fusion_walkforward\EURAUD\M5\risk\risk_metadata.json,1748,.json
fusion_walkforward\EURAUD\M5\sr\model.pkl,5243612,.pkl
fusion_walkforward\EURAUD\M5\sr\sr_metadata.json,1607,.json
fusion_walkforward\EURAUD\M5\trend\model.pkl,5280972,.pkl
fusion_walkforward\EURAUD\M5\trend\trend_metadata.json,1694,.json
fusion_walkforward\EURAUD\M5\volatility\model.pkl,5288876,.pkl
fusion_walkforward\EURAUD\M5\volatility\volatility_metadata.json,1264,.json
fusion_walkforward\EURCAD\M5\candles\candles_metadata.json,1820,.json
fusion_walkforward\EURCAD\M5\candles\model.pkl,5272156,.pkl
fusion_walkforward\EURCAD\M5\orderflow\model.pkl,5305820,.pkl
fusion_walkforward\EURCAD\M5\orderflow\orderflow_metadata.json,1566,.json
fusion_walkforward\EURCAD\M5\pullback\model.pkl,5204060,.pkl
fusion_walkforward\EURCAD\M5\pullback\pullback_metadata.json,1339,.json
fusion_walkforward\EURCAD\M5\quant\model.pkl,5268524,.pkl
fusion_walkforward\EURCAD\M5\quant\quant_metadata.json,1192,.json
fusion_walkforward\EURCAD\M5\reversal\model.pkl,1760740,.pkl
fusion_walkforward\EURCAD\M5\reversal\reversal_metadata.json,1482,.json
fusion_walkforward\EURCAD\M5\risk\model.pkl,1783044,.pkl
fusion_walkforward\EURCAD\M5\risk\risk_metadata.json,1778,.json
fusion_walkforward\EURCAD\M5\sr\model.pkl,5260412,.pkl
fusion_walkforward\EURCAD\M5\sr\sr_metadata.json,1608,.json
fusion_walkforward\EURCAD\M5\trend\model.pkl,5281804,.pkl
fusion_walkforward\EURCAD\M5\trend\trend_metadata.json,1694,.json
fusion_walkforward\EURCAD\M5\volatility\model.pkl,5338300,.pkl
fusion_walkforward\EURCAD\M5\volatility\volatility_metadata.json,1264,.json
fusion_walkforward\EURCHF\M5\candles\candles_metadata.json,1822,.json
fusion_walkforward\EURCHF\M5\candles\model.pkl,5271132,.pkl
fusion_walkforward\EURCHF\M5\orderflow\model.pkl,5311212,.pkl
fusion_walkforward\EURCHF\M5\orderflow\orderflow_metadata.json,1566,.json
fusion_walkforward\EURCHF\M5\pullback\model.pkl,5230252,.pkl
fusion_walkforward\EURCHF\M5\pullback\pullback_metadata.json,1340,.json
fusion_walkforward\EURCHF\M5\quant\model.pkl,5281948,.pkl
fusion_walkforward\EURCHF\M5\quant\quant_metadata.json,1192,.json
fusion_walkforward\EURCHF\M5\reversal\model.pkl,1764052,.pkl
fusion_walkforward\EURCHF\M5\reversal\reversal_metadata.json,1481,.json
fusion_walkforward\EURCHF\M5\risk\model.pkl,1789700,.pkl
fusion_walkforward\EURCHF\M5\risk\risk_metadata.json,1748,.json
fusion_walkforward\EURCHF\M5\sr\model.pkl,5271276,.pkl
fusion_walkforward\EURCHF\M5\sr\sr_metadata.json,1608,.json
fusion_walkforward\EURCHF\M5\trend\model.pkl,5282924,.pkl
fusion_walkforward\EURCHF\M5\trend\trend_metadata.json,1694,.json
fusion_walkforward\EURCHF\M5\volatility\model.pkl,5340684,.pkl
fusion_walkforward\EURCHF\M5\volatility\volatility_metadata.json,1265,.json
fusion_walkforward\EURGBP\M5\candles\candles_metadata.json,1822,.json
fusion_walkforward\EURGBP\M5\candles\model.pkl,5270556,.pkl
fusion_walkforward\EURGBP\M5\orderflow\model.pkl,5311596,.pkl
fusion_walkforward\EURGBP\M5\orderflow\orderflow_metadata.json,1566,.json
fusion_walkforward\EURGBP\M5\pullback\model.pkl,5228780,.pkl
fusion_walkforward\EURGBP\M5\pullback\pullback_metadata.json,1339,.json
fusion_walkforward\EURGBP\M5\quant\model.pkl,5294428,.pkl
fusion_walkforward\EURGBP\M5\quant\quant_metadata.json,1192,.json
fusion_walkforward\EURGBP\M5\reversal\model.pkl,1761188,.pkl
fusion_walkforward\EURGBP\M5\reversal\reversal_metadata.json,1482,.json
fusion_walkforward\EURGBP\M5\risk\model.pkl,1778596,.pkl
fusion_walkforward\EURGBP\M5\risk\risk_metadata.json,1748,.json
fusion_walkforward\EURGBP\M5\sr\model.pkl,5284172,.pkl
fusion_walkforward\EURGBP\M5\sr\sr_metadata.json,1609,.json
fusion_walkforward\EURGBP\M5\trend\model.pkl,5292236,.pkl
fusion_walkforward\EURGBP\M5\trend\trend_metadata.json,1694,.json
fusion_walkforward\EURGBP\M5\volatility\model.pkl,5323148,.pkl
fusion_walkforward\EURGBP\M5\volatility\volatility_metadata.json,1264,.json
fusion_walkforward\EURJPY\M5\candles\candles_metadata.json,1822,.json
fusion_walkforward\EURJPY\M5\candles\model.pkl,5268988,.pkl
fusion_walkforward\EURJPY\M5\orderflow\model.pkl,5306940,.pkl
fusion_walkforward\EURJPY\M5\orderflow\orderflow_metadata.json,1566,.json
fusion_walkforward\EURJPY\M5\pullback\model.pkl,5207964,.pkl
fusion_walkforward\EURJPY\M5\pullback\pullback_metadata.json,1340,.json
fusion_walkforward\EURJPY\M5\quant\model.pkl,5233036,.pkl
fusion_walkforward\EURJPY\M5\quant\quant_metadata.json,1193,.json
fusion_walkforward\EURJPY\M5\reversal\model.pkl,1751412,.pkl
fusion_walkforward\EURJPY\M5\reversal\reversal_metadata.json,1481,.json
fusion_walkforward\EURJPY\M5\risk\model.pkl,1787508,.pkl
fusion_walkforward\EURJPY\M5\risk\risk_metadata.json,1778,.json
fusion_walkforward\EURJPY\M5\sr\model.pkl,5254700,.pkl
fusion_walkforward\EURJPY\M5\sr\sr_metadata.json,1608,.json
fusion_walkforward\EURJPY\M5\trend\model.pkl,5266204,.pkl
fusion_walkforward\EURJPY\M5\trend\trend_metadata.json,1694,.json
fusion_walkforward\EURJPY\M5\volatility\model.pkl,5298940,.pkl
fusion_walkforward\EURJPY\M5\volatility\volatility_metadata.json,1264,.json
fusion_walkforward\EURNZD\M5\candles\candles_metadata.json,1820,.json
fusion_walkforward\EURNZD\M5\candles\model.pkl,5276908,.pkl
fusion_walkforward\EURNZD\M5\orderflow\model.pkl,5295612,.pkl
fusion_walkforward\EURNZD\M5\orderflow\orderflow_metadata.json,1566,.json
fusion_walkforward\EURNZD\M5\pullback\model.pkl,5204972,.pkl
fusion_walkforward\EURNZD\M5\pullback\pullback_metadata.json,1339,.json
fusion_walkforward\EURNZD\M5\quant\model.pkl,5268236,.pkl
fusion_walkforward\EURNZD\M5\quant\quant_metadata.json,1193,.json
fusion_walkforward\EURNZD\M5\reversal\model.pkl,1759972,.pkl
fusion_walkforward\EURNZD\M5\reversal\reversal_metadata.json,1482,.json
fusion_walkforward\EURNZD\M5\risk\model.pkl,1778724,.pkl
fusion_walkforward\EURNZD\M5\risk\risk_metadata.json,1778,.json
fusion_walkforward\EURNZD\M5\sr\model.pkl,5252780,.pkl
fusion_walkforward\EURNZD\M5\sr\sr_metadata.json,1609,.json
fusion_walkforward\EURNZD\M5\trend\model.pkl,5277948,.pkl
fusion_walkforward\EURNZD\M5\trend\trend_metadata.json,1693,.json
fusion_walkforward\EURNZD\M5\volatility\model.pkl,5289308,.pkl
fusion_walkforward\EURNZD\M5\volatility\volatility_metadata.json,1265,.json
fusion_walkforward\EURUSD\M5\candles\candles_metadata.json,1821,.json
fusion_walkforward\EURUSD\M5\candles\model.pkl,5222764,.pkl
fusion_walkforward\EURUSD\M5\orderflow\model.pkl,5236876,.pkl
fusion_walkforward\EURUSD\M5\orderflow\orderflow_metadata.json,1565,.json
fusion_walkforward\EURUSD\M5\pullback\model.pkl,5147676,.pkl
fusion_walkforward\EURUSD\M5\pullback\pullback_metadata.json,1337,.json
fusion_walkforward\EURUSD\M5\quant\model.pkl,5223420,.pkl
fusion_walkforward\EURUSD\M5\quant\quant_metadata.json,1191,.json
fusion_walkforward\EURUSD\M5\reversal\model.pkl,1746324,.pkl
fusion_walkforward\EURUSD\M5\reversal\reversal_metadata.json,1480,.json
fusion_walkforward\EURUSD\M5\risk\model.pkl,1771284,.pkl
fusion_walkforward\EURUSD\M5\risk\risk_metadata.json,1777,.json
fusion_walkforward\EURUSD\M5\sr\model.pkl,5200652,.pkl
fusion_walkforward\EURUSD\M5\sr\sr_metadata.json,1607,.json
fusion_walkforward\EURUSD\M5\trend\model.pkl,5233884,.pkl
fusion_walkforward\EURUSD\M5\trend\trend_metadata.json,1694,.json
fusion_walkforward\EURUSD\M5\volatility\model.pkl,5280300,.pkl
fusion_walkforward\EURUSD\M5\volatility\volatility_metadata.json,1263,.json
fusion_walkforward\GBPAUD\M5\candles\candles_metadata.json,1820,.json
fusion_walkforward\GBPAUD\M5\candles\model.pkl,5278540,.pkl
fusion_walkforward\GBPAUD\M5\orderflow\model.pkl,5299292,.pkl
fusion_walkforward\GBPAUD\M5\orderflow\orderflow_metadata.json,1566,.json
fusion_walkforward\GBPAUD\M5\pullback\model.pkl,5200652,.pkl
fusion_walkforward\GBPAUD\M5\pullback\pullback_metadata.json,1339,.json
fusion_walkforward\GBPAUD\M5\quant\model.pkl,5263580,.pkl
fusion_walkforward\GBPAUD\M5\quant\quant_metadata.json,1192,.json
fusion_walkforward\GBPAUD\M5\reversal\model.pkl,1761236,.pkl
fusion_walkforward\GBPAUD\M5\reversal\reversal_metadata.json,1482,.json
fusion_walkforward\GBPAUD\M5\risk\model.pkl,1776596,.pkl
fusion_walkforward\GBPAUD\M5\risk\risk_metadata.json,1778,.json
fusion_walkforward\GBPAUD\M5\sr\model.pkl,5258108,.pkl
fusion_walkforward\GBPAUD\M5\sr\sr_metadata.json,1608,.json
fusion_walkforward\GBPAUD\M5\trend\model.pkl,5279340,.pkl
fusion_walkforward\GBPAUD\M5\trend\trend_metadata.json,1695,.json
fusion_walkforward\GBPAUD\M5\volatility\model.pkl,5276780,.pkl
fusion_walkforward\GBPAUD\M5\volatility\volatility_metadata.json,1264,.json
fusion_walkforward\GBPCHF\M5\candles\candles_metadata.json,1820,.json
fusion_walkforward\GBPCHF\M5\candles\model.pkl,5273116,.pkl
fusion_walkforward\GBPCHF\M5\orderflow\model.pkl,5303884,.pkl
fusion_walkforward\GBPCHF\M5\orderflow\orderflow_metadata.json,1566,.json
fusion_walkforward\GBPCHF\M5\pullback\model.pkl,5202156,.pkl
fusion_walkforward\GBPCHF\M5\pullback\pullback_metadata.json,1339,.json
fusion_walkforward\GBPCHF\M5\quant\model.pkl,5276044,.pkl
fusion_walkforward\GBPCHF\M5\quant\quant_metadata.json,1194,.json
fusion_walkforward\GBPCHF\M5\reversal\model.pkl,1762420,.pkl
fusion_walkforward\GBPCHF\M5\reversal\reversal_metadata.json,1482,.json
fusion_walkforward\GBPCHF\M5\risk\model.pkl,1780420,.pkl
fusion_walkforward\GBPCHF\M5\risk\risk_metadata.json,1748,.json
fusion_walkforward\GBPCHF\M5\sr\model.pkl,5260828,.pkl
fusion_walkforward\GBPCHF\M5\sr\sr_metadata.json,1607,.json
fusion_walkforward\GBPCHF\M5\trend\model.pkl,5285740,.pkl
fusion_walkforward\GBPCHF\M5\trend\trend_metadata.json,1695,.json
fusion_walkforward\GBPCHF\M5\volatility\model.pkl,5298428,.pkl
fusion_walkforward\GBPCHF\M5\volatility\volatility_metadata.json,1265,.json
fusion_walkforward\GBPJPY\M5\candles\candles_metadata.json,1822,.json
fusion_walkforward\GBPJPY\M5\candles\model.pkl,5277084,.pkl
fusion_walkforward\GBPJPY\M5\orderflow\model.pkl,5299452,.pkl
fusion_walkforward\GBPJPY\M5\orderflow\orderflow_metadata.json,1566,.json
fusion_walkforward\GBPJPY\M5\pullback\model.pkl,5208300,.pkl
fusion_walkforward\GBPJPY\M5\pullback\pullback_metadata.json,1340,.json
fusion_walkforward\GBPJPY\M5\quant\model.pkl,5240860,.pkl
fusion_walkforward\GBPJPY\M5\quant\quant_metadata.json,1191,.json
fusion_walkforward\GBPJPY\M5\reversal\model.pkl,1747188,.pkl
fusion_walkforward\GBPJPY\M5\reversal\reversal_metadata.json,1482,.json
fusion_walkforward\GBPJPY\M5\risk\model.pkl,1790100,.pkl
fusion_walkforward\GBPJPY\M5\risk\risk_metadata.json,1778,.json
fusion_walkforward\GBPJPY\M5\sr\model.pkl,5252844,.pkl
fusion_walkforward\GBPJPY\M5\sr\sr_metadata.json,1608,.json
fusion_walkforward\GBPJPY\M5\trend\model.pkl,5259644,.pkl
fusion_walkforward\GBPJPY\M5\trend\trend_metadata.json,1695,.json
fusion_walkforward\GBPJPY\M5\volatility\model.pkl,5292828,.pkl
fusion_walkforward\GBPJPY\M5\volatility\volatility_metadata.json,1264,.json
fusion_walkforward\GBPUSD\M5\candles\candles_metadata.json,1821,.json
fusion_walkforward\GBPUSD\M5\candles\model.pkl,5276268,.pkl
fusion_walkforward\GBPUSD\M5\orderflow\model.pkl,5306732,.pkl
fusion_walkforward\GBPUSD\M5\orderflow\orderflow_metadata.json,1566,.json
fusion_walkforward\GBPUSD\M5\pullback\model.pkl,5211676,.pkl
fusion_walkforward\GBPUSD\M5\pullback\pullback_metadata.json,1339,.json
fusion_walkforward\GBPUSD\M5\quant\model.pkl,5265868,.pkl
fusion_walkforward\GBPUSD\M5\quant\quant_metadata.json,1190,.json
fusion_walkforward\GBPUSD\M5\reversal\model.pkl,1761556,.pkl
fusion_walkforward\GBPUSD\M5\reversal\reversal_metadata.json,1482,.json
fusion_walkforward\GBPUSD\M5\risk\model.pkl,1786436,.pkl
fusion_walkforward\GBPUSD\M5\risk\risk_metadata.json,1778,.json
fusion_walkforward\GBPUSD\M5\sr\model.pkl,5260108,.pkl
fusion_walkforward\GBPUSD\M5\sr\sr_metadata.json,1608,.json
fusion_walkforward\GBPUSD\M5\trend\model.pkl,5288380,.pkl
fusion_walkforward\GBPUSD\M5\trend\trend_metadata.json,1694,.json
fusion_walkforward\GBPUSD\M5\volatility\model.pkl,5291180,.pkl
fusion_walkforward\GBPUSD\M5\volatility\volatility_metadata.json,1265,.json
fusion_walkforward\NZDCAD\M5\candles\candles_metadata.json,1822,.json
fusion_walkforward\NZDCAD\M5\candles\model.pkl,5277100,.pkl
fusion_walkforward\NZDCAD\M5\orderflow\model.pkl,5298588,.pkl
fusion_walkforward\NZDCAD\M5\orderflow\orderflow_metadata.json,1566,.json
fusion_walkforward\NZDCAD\M5\pullback\model.pkl,5231260,.pkl
fusion_walkforward\NZDCAD\M5\pullback\pullback_metadata.json,1340,.json
fusion_walkforward\NZDCAD\M5\quant\model.pkl,5263340,.pkl
fusion_walkforward\NZDCAD\M5\quant\quant_metadata.json,1194,.json
fusion_walkforward\NZDCAD\M5\reversal\model.pkl,1759396,.pkl
fusion_walkforward\NZDCAD\M5\reversal\reversal_metadata.json,1482,.json
fusion_walkforward\NZDCAD\M5\risk\model.pkl,1774292,.pkl
fusion_walkforward\NZDCAD\M5\risk\risk_metadata.json,1748,.json
fusion_walkforward\NZDCAD\M5\sr\model.pkl,5266332,.pkl
fusion_walkforward\NZDCAD\M5\sr\sr_metadata.json,1608,.json
fusion_walkforward\NZDCAD\M5\trend\model.pkl,5280636,.pkl
fusion_walkforward\NZDCAD\M5\trend\trend_metadata.json,1694,.json
fusion_walkforward\NZDCAD\M5\volatility\model.pkl,5365180,.pkl
fusion_walkforward\NZDCAD\M5\volatility\volatility_metadata.json,1264,.json
fusion_walkforward\NZDUSD\M5\candles\candles_metadata.json,1822,.json
fusion_walkforward\NZDUSD\M5\candles\model.pkl,5286700,.pkl
fusion_walkforward\NZDUSD\M5\orderflow\model.pkl,5308780,.pkl
fusion_walkforward\NZDUSD\M5\orderflow\orderflow_metadata.json,1566,.json
fusion_walkforward\NZDUSD\M5\pullback\model.pkl,5242540,.pkl
fusion_walkforward\NZDUSD\M5\pullback\pullback_metadata.json,1340,.json
fusion_walkforward\NZDUSD\M5\quant\model.pkl,5269356,.pkl
fusion_walkforward\NZDUSD\M5\quant\quant_metadata.json,1192,.json
fusion_walkforward\NZDUSD\M5\reversal\model.pkl,1758804,.pkl
fusion_walkforward\NZDUSD\M5\reversal\reversal_metadata.json,1481,.json
fusion_walkforward\NZDUSD\M5\risk\model.pkl,1778804,.pkl
fusion_walkforward\NZDUSD\M5\risk\risk_metadata.json,1748,.json
fusion_walkforward\NZDUSD\M5\sr\model.pkl,5275420,.pkl
fusion_walkforward\NZDUSD\M5\sr\sr_metadata.json,1608,.json
fusion_walkforward\NZDUSD\M5\trend\model.pkl,5297004,.pkl
fusion_walkforward\NZDUSD\M5\trend\trend_metadata.json,1695,.json
fusion_walkforward\NZDUSD\M5\volatility\model.pkl,5325356,.pkl
fusion_walkforward\NZDUSD\M5\volatility\volatility_metadata.json,1264,.json
fusion_walkforward\USDCAD\M5\candles\candles_metadata.json,1822,.json
fusion_walkforward\USDCAD\M5\candles\model.pkl,5274796,.pkl
fusion_walkforward\USDCAD\M5\orderflow\model.pkl,5304748,.pkl
fusion_walkforward\USDCAD\M5\orderflow\orderflow_metadata.json,1566,.json
fusion_walkforward\USDCAD\M5\pullback\model.pkl,5212108,.pkl
fusion_walkforward\USDCAD\M5\pullback\pullback_metadata.json,1340,.json
fusion_walkforward\USDCAD\M5\quant\model.pkl,5275580,.pkl
fusion_walkforward\USDCAD\M5\quant\quant_metadata.json,1194,.json
fusion_walkforward\USDCAD\M5\reversal\model.pkl,1762820,.pkl
fusion_walkforward\USDCAD\M5\reversal\reversal_metadata.json,1482,.json
fusion_walkforward\USDCAD\M5\risk\model.pkl,1777140,.pkl
fusion_walkforward\USDCAD\M5\risk\risk_metadata.json,1778,.json
fusion_walkforward\USDCAD\M5\sr\model.pkl,5259724,.pkl
fusion_walkforward\USDCAD\M5\sr\sr_metadata.json,1607,.json
fusion_walkforward\USDCAD\M5\trend\model.pkl,5279388,.pkl
fusion_walkforward\USDCAD\M5\trend\trend_metadata.json,1694,.json
fusion_walkforward\USDCAD\M5\volatility\model.pkl,5330972,.pkl
fusion_walkforward\USDCAD\M5\volatility\volatility_metadata.json,1263,.json
fusion_walkforward\USDCHF\M5\candles\candles_metadata.json,1820,.json
fusion_walkforward\USDCHF\M5\candles\model.pkl,5287628,.pkl
fusion_walkforward\USDCHF\M5\orderflow\model.pkl,5311548,.pkl
fusion_walkforward\USDCHF\M5\orderflow\orderflow_metadata.json,1566,.json
fusion_walkforward\USDCHF\M5\pullback\model.pkl,5224124,.pkl
fusion_walkforward\USDCHF\M5\pullback\pullback_metadata.json,1339,.json
fusion_walkforward\USDCHF\M5\quant\model.pkl,5283292,.pkl
fusion_walkforward\USDCHF\M5\quant\quant_metadata.json,1192,.json
fusion_walkforward\USDCHF\M5\reversal\model.pkl,1763572,.pkl
fusion_walkforward\USDCHF\M5\reversal\reversal_metadata.json,1482,.json
fusion_walkforward\USDCHF\M5\risk\model.pkl,1780244,.pkl
fusion_walkforward\USDCHF\M5\risk\risk_metadata.json,1748,.json
fusion_walkforward\USDCHF\M5\sr\model.pkl,5281212,.pkl
fusion_walkforward\USDCHF\M5\sr\sr_metadata.json,1609,.json
fusion_walkforward\USDCHF\M5\trend\model.pkl,5295324,.pkl
fusion_walkforward\USDCHF\M5\trend\trend_metadata.json,1694,.json
fusion_walkforward\USDCHF\M5\volatility\model.pkl,5330380,.pkl
fusion_walkforward\USDCHF\M5\volatility\volatility_metadata.json,1264,.json
fusion_walkforward\USDJPY\M5\candles\candles_metadata.json,1821,.json
fusion_walkforward\USDJPY\M5\candles\model.pkl,5282940,.pkl
fusion_walkforward\USDJPY\M5\orderflow\model.pkl,5306972,.pkl
fusion_walkforward\USDJPY\M5\orderflow\orderflow_metadata.json,1566,.json
fusion_walkforward\USDJPY\M5\pullback\model.pkl,5214828,.pkl
fusion_walkforward\USDJPY\M5\pullback\pullback_metadata.json,1340,.json
fusion_walkforward\USDJPY\M5\quant\model.pkl,5245692,.pkl
fusion_walkforward\USDJPY\M5\quant\quant_metadata.json,1192,.json
fusion_walkforward\USDJPY\M5\reversal\model.pkl,1751988,.pkl
fusion_walkforward\USDJPY\M5\reversal\reversal_metadata.json,1481,.json
fusion_walkforward\USDJPY\M5\risk\model.pkl,1791012,.pkl
fusion_walkforward\USDJPY\M5\risk\risk_metadata.json,1778,.json
fusion_walkforward\USDJPY\M5\sr\model.pkl,5260892,.pkl
fusion_walkforward\USDJPY\M5\sr\sr_metadata.json,1609,.json
fusion_walkforward\USDJPY\M5\trend\model.pkl,5263372,.pkl
fusion_walkforward\USDJPY\M5\trend\trend_metadata.json,1694,.json
fusion_walkforward\USDJPY\M5\volatility\model.pkl,5310924,.pkl
fusion_walkforward\USDJPY\M5\volatility\volatility_metadata.json,1265,.json
genesis_alpha\genesis_config.yaml,4139,.yaml
genesis_alpha\genesis_global_model.pkl,5451452,.pkl
genesis_alpha\genesis_scaler.pkl,1287,.pkl
genesis_alpha\mlruns\0\meta.yaml,202,.yaml
genesis_alpha\mlruns\904023667381748678\33ca2478a99d44e19451989ba66f5db3\artifacts\label.pkl,2052094,.pkl
genesis_alpha\mlruns\904023667381748678\33ca2478a99d44e19451989ba66f5db3\artifacts\pred.pkl,2591214,.pkl
genesis_alpha\mlruns\904023667381748678\33ca2478a99d44e19451989ba66f5db3\artifacts\sig_analysis\ic.pkl,141576,.pkl
genesis_alpha\mlruns\904023667381748678\33ca2478a99d44e19451989ba66f5db3\artifacts\sig_analysis\ric.pkl,141576,.pkl
genesis_alpha\mlruns\904023667381748678\33ca2478a99d44e19451989ba66f5db3\artifacts\trained_model,255283,
genesis_alpha\mlruns\904023667381748678\33ca2478a99d44e19451989ba66f5db3\meta.yaml,402,.yaml
genesis_alpha\mlruns\904023667381748678\33ca2478a99d44e19451989ba66f5db3\metrics\IC,39,
genesis_alpha\mlruns\904023667381748678\33ca2478a99d44e19451989ba66f5db3\metrics\ICIR,39,
genesis_alpha\mlruns\904023667381748678\33ca2478a99d44e19451989ba66f5db3\metrics\l2.train,4810,.train
genesis_alpha\mlruns\904023667381748678\33ca2478a99d44e19451989ba66f5db3\metrics\l2.valid,4865,.valid
genesis_alpha\mlruns\904023667381748678\33ca2478a99d44e19451989ba66f5db3\metrics\Rank IC,39,
genesis_alpha\mlruns\904023667381748678\33ca2478a99d44e19451989ba66f5db3\metrics\Rank ICIR,39,
genesis_alpha\mlruns\904023667381748678\33ca2478a99d44e19451989ba66f5db3\params\cmd-sys.argv,64,.argv
genesis_alpha\mlruns\904023667381748678\33ca2478a99d44e19451989ba66f5db3\tags\mlflow.runName,15,.runname
genesis_alpha\mlruns\904023667381748678\33ca2478a99d44e19451989ba66f5db3\tags\mlflow.source.name,64,.name
genesis_alpha\mlruns\904023667381748678\33ca2478a99d44e19451989ba66f5db3\tags\mlflow.source.type,5,.type
genesis_alpha\mlruns\904023667381748678\33ca2478a99d44e19451989ba66f5db3\tags\mlflow.user,5,.user
genesis_alpha\mlruns\904023667381748678\4615c436d80d492eae45f5f52b93ce3b\artifacts\label.pkl,2052094,.pkl
genesis_alpha\mlruns\904023667381748678\4615c436d80d492eae45f5f52b93ce3b\artifacts\pred.pkl,2591214,.pkl
genesis_alpha\mlruns\904023667381748678\4615c436d80d492eae45f5f52b93ce3b\artifacts\sig_analysis\ic.pkl,141576,.pkl
genesis_alpha\mlruns\904023667381748678\4615c436d80d492eae45f5f52b93ce3b\artifacts\sig_analysis\ric.pkl,141576,.pkl
genesis_alpha\mlruns\904023667381748678\4615c436d80d492eae45f5f52b93ce3b\artifacts\trained_model,255280,
genesis_alpha\mlruns\904023667381748678\4615c436d80d492eae45f5f52b93ce3b\meta.yaml,402,.yaml
genesis_alpha\mlruns\904023667381748678\4615c436d80d492eae45f5f52b93ce3b\metrics\IC,39,
genesis_alpha\mlruns\904023667381748678\4615c436d80d492eae45f5f52b93ce3b\metrics\ICIR,38,
genesis_alpha\mlruns\904023667381748678\4615c436d80d492eae45f5f52b93ce3b\metrics\l2.train,4810,.train
genesis_alpha\mlruns\904023667381748678\4615c436d80d492eae45f5f52b93ce3b\metrics\l2.valid,4865,.valid
genesis_alpha\mlruns\904023667381748678\4615c436d80d492eae45f5f52b93ce3b\metrics\Rank IC,39,
genesis_alpha\mlruns\904023667381748678\4615c436d80d492eae45f5f52b93ce3b\metrics\Rank ICIR,39,
genesis_alpha\mlruns\904023667381748678\4615c436d80d492eae45f5f52b93ce3b\params\cmd-sys.argv,64,.argv
genesis_alpha\mlruns\904023667381748678\4615c436d80d492eae45f5f52b93ce3b\tags\mlflow.runName,15,.runname
genesis_alpha\mlruns\904023667381748678\4615c436d80d492eae45f5f52b93ce3b\tags\mlflow.source.name,64,.name
genesis_alpha\mlruns\904023667381748678\4615c436d80d492eae45f5f52b93ce3b\tags\mlflow.source.type,5,.type
genesis_alpha\mlruns\904023667381748678\4615c436d80d492eae45f5f52b93ce3b\tags\mlflow.user,5,.user
genesis_alpha\mlruns\904023667381748678\49a5debc0d9741849840bd68cbcafddf\artifacts\label.pkl,2052094,.pkl
genesis_alpha\mlruns\904023667381748678\49a5debc0d9741849840bd68cbcafddf\artifacts\pred.pkl,2591214,.pkl
genesis_alpha\mlruns\904023667381748678\49a5debc0d9741849840bd68cbcafddf\artifacts\sig_analysis\ic.pkl,141576,.pkl
genesis_alpha\mlruns\904023667381748678\49a5debc0d9741849840bd68cbcafddf\artifacts\sig_analysis\ric.pkl,141576,.pkl
genesis_alpha\mlruns\904023667381748678\49a5debc0d9741849840bd68cbcafddf\artifacts\trained_model,255283,
genesis_alpha\mlruns\904023667381748678\49a5debc0d9741849840bd68cbcafddf\meta.yaml,402,.yaml
genesis_alpha\mlruns\904023667381748678\49a5debc0d9741849840bd68cbcafddf\metrics\IC,39,
genesis_alpha\mlruns\904023667381748678\49a5debc0d9741849840bd68cbcafddf\metrics\ICIR,39,
genesis_alpha\mlruns\904023667381748678\49a5debc0d9741849840bd68cbcafddf\metrics\l2.train,4810,.train
genesis_alpha\mlruns\904023667381748678\49a5debc0d9741849840bd68cbcafddf\metrics\l2.valid,4865,.valid
genesis_alpha\mlruns\904023667381748678\49a5debc0d9741849840bd68cbcafddf\metrics\Rank IC,39,
genesis_alpha\mlruns\904023667381748678\49a5debc0d9741849840bd68cbcafddf\metrics\Rank ICIR,39,
genesis_alpha\mlruns\904023667381748678\49a5debc0d9741849840bd68cbcafddf\params\cmd-sys.argv,64,.argv
genesis_alpha\mlruns\904023667381748678\49a5debc0d9741849840bd68cbcafddf\tags\mlflow.runName,15,.runname
genesis_alpha\mlruns\904023667381748678\49a5debc0d9741849840bd68cbcafddf\tags\mlflow.source.name,64,.name
genesis_alpha\mlruns\904023667381748678\49a5debc0d9741849840bd68cbcafddf\tags\mlflow.source.type,5,.type
genesis_alpha\mlruns\904023667381748678\49a5debc0d9741849840bd68cbcafddf\tags\mlflow.user,5,.user
genesis_alpha\mlruns\904023667381748678\686e45cee213402caf059e3a93b98959\artifacts\label.pkl,2052094,.pkl
genesis_alpha\mlruns\904023667381748678\686e45cee213402caf059e3a93b98959\artifacts\pred.pkl,2591214,.pkl
genesis_alpha\mlruns\904023667381748678\686e45cee213402caf059e3a93b98959\artifacts\sig_analysis\ic.pkl,141576,.pkl
genesis_alpha\mlruns\904023667381748678\686e45cee213402caf059e3a93b98959\artifacts\sig_analysis\ric.pkl,141576,.pkl
genesis_alpha\mlruns\904023667381748678\686e45cee213402caf059e3a93b98959\artifacts\trained_model,255280,
genesis_alpha\mlruns\904023667381748678\686e45cee213402caf059e3a93b98959\meta.yaml,402,.yaml
genesis_alpha\mlruns\904023667381748678\686e45cee213402caf059e3a93b98959\metrics\IC,39,
genesis_alpha\mlruns\904023667381748678\686e45cee213402caf059e3a93b98959\metrics\ICIR,38,
genesis_alpha\mlruns\904023667381748678\686e45cee213402caf059e3a93b98959\metrics\l2.train,4810,.train
genesis_alpha\mlruns\904023667381748678\686e45cee213402caf059e3a93b98959\metrics\l2.valid,4865,.valid
genesis_alpha\mlruns\904023667381748678\686e45cee213402caf059e3a93b98959\metrics\Rank IC,39,
genesis_alpha\mlruns\904023667381748678\686e45cee213402caf059e3a93b98959\metrics\Rank ICIR,39,
genesis_alpha\mlruns\904023667381748678\686e45cee213402caf059e3a93b98959\params\cmd-sys.argv,64,.argv
genesis_alpha\mlruns\904023667381748678\686e45cee213402caf059e3a93b98959\tags\mlflow.runName,15,.runname
genesis_alpha\mlruns\904023667381748678\686e45cee213402caf059e3a93b98959\tags\mlflow.source.name,64,.name
genesis_alpha\mlruns\904023667381748678\686e45cee213402caf059e3a93b98959\tags\mlflow.source.type,5,.type
genesis_alpha\mlruns\904023667381748678\686e45cee213402caf059e3a93b98959\tags\mlflow.user,5,.user
genesis_alpha\mlruns\904023667381748678\meta.yaml,245,.yaml
nexus\alpha158_best.joblib,1980294,.joblib
nexus_backup\by_symbol\EURUSD\base_models\adaboost_AdaBoost_B1.pkl,50640,.pkl
nexus_backup\by_symbol\EURUSD\base_models\adaboost_AdaBoost_B2.pkl,69920,.pkl
nexus_backup\by_symbol\EURUSD\base_models\adaboost_AdaBoost_B3.pkl,36896,.pkl
nexus_backup\by_symbol\EURUSD\base_models\adaboost_AdaBoost_B4.pkl,46512,.pkl
nexus_backup\by_symbol\EURUSD\base_models\adaboost_AdaBoost_B5.pkl,70864,.pkl
nexus_backup\by_symbol\EURUSD\base_models\adaboost_AdaBoost_B6.pkl,28352,.pkl
nexus_backup\by_symbol\EURUSD\base_models\adaboost_AdaBoost_B7.pkl,49120,.pkl
nexus_backup\by_symbol\EURUSD\base_models\adaboost_AdaBoost_B8.pkl,58832,.pkl
nexus_backup\by_symbol\EURUSD\base_models\adaboost_AdaBoost_B9.pkl,20368,.pkl
nexus_backup\by_symbol\EURUSD\base_models\bayesianridge_BayesianRidge_B1.pkl,1879,.pkl
nexus_backup\by_symbol\EURUSD\base_models\bayesianridge_BayesianRidge_B2.pkl,1895,.pkl
nexus_backup\by_symbol\EURUSD\base_models\bayesianridge_BayesianRidge_B3.pkl,2543,.pkl
nexus_backup\by_symbol\EURUSD\base_models\bayesianridge_BayesianRidge_B4.pkl,1879,.pkl
nexus_backup\by_symbol\EURUSD\base_models\bayesianridge_BayesianRidge_B5.pkl,1895,.pkl
nexus_backup\by_symbol\EURUSD\base_models\bayesianridge_BayesianRidge_B6.pkl,1895,.pkl
nexus_backup\by_symbol\EURUSD\base_models\bayesianridge_BayesianRidge_B7.pkl,1879,.pkl
nexus_backup\by_symbol\EURUSD\base_models\bayesianridge_BayesianRidge_B8.pkl,1795,.pkl
nexus_backup\by_symbol\EURUSD\base_models\bayesianridge_BayesianRidge_B9.pkl,1795,.pkl
nexus_backup\by_symbol\EURUSD\base_models\decisiontree_DecisionTree_B1.pkl,21317361,.pkl
nexus_backup\by_symbol\EURUSD\base_models\decisiontree_DecisionTree_B2.pkl,21468145,.pkl
nexus_backup\by_symbol\EURUSD\base_models\decisiontree_DecisionTree_B3.pkl,21202753,.pkl
nexus_backup\by_symbol\EURUSD\base_models\decisiontree_DecisionTree_B4.pkl,10756545,.pkl
nexus_backup\by_symbol\EURUSD\base_models\decisiontree_DecisionTree_B5.pkl,11107345,.pkl
nexus_backup\by_symbol\EURUSD\base_models\decisiontree_DecisionTree_B6.pkl,5539441,.pkl
nexus_backup\by_symbol\EURUSD\base_models\decisiontree_DecisionTree_B7.pkl,1403729,.pkl
nexus_backup\by_symbol\EURUSD\base_models\decisiontree_DecisionTree_B8.pkl,1413089,.pkl
nexus_backup\by_symbol\EURUSD\base_models\decisiontree_DecisionTree_B9.pkl,287441,.pkl
nexus_backup\by_symbol\EURUSD\base_models\elasticnet_ElasticNet_B1.pkl,1068,.pkl
nexus_backup\by_symbol\EURUSD\base_models\elasticnet_ElasticNet_B2.pkl,1084,.pkl
nexus_backup\by_symbol\EURUSD\base_models\elasticnet_ElasticNet_B3.pkl,1136,.pkl
nexus_backup\by_symbol\EURUSD\base_models\elasticnet_ElasticNet_B4.pkl,1068,.pkl
nexus_backup\by_symbol\EURUSD\base_models\elasticnet_ElasticNet_B5.pkl,1084,.pkl
nexus_backup\by_symbol\EURUSD\base_models\elasticnet_ElasticNet_B6.pkl,1084,.pkl
nexus_backup\by_symbol\EURUSD\base_models\elasticnet_ElasticNet_B7.pkl,1068,.pkl
nexus_backup\by_symbol\EURUSD\base_models\elasticnet_ElasticNet_B8.pkl,1064,.pkl
nexus_backup\by_symbol\EURUSD\base_models\elasticnet_ElasticNet_B9.pkl,1064,.pkl
nexus_backup\by_symbol\EURUSD\base_models\extratrees_ExtraTrees_B1.pkl,645596193,.pkl
nexus_backup\by_symbol\EURUSD\base_models\extratrees_ExtraTrees_B2.pkl,660390913,.pkl
nexus_backup\by_symbol\EURUSD\base_models\extratrees_ExtraTrees_B3.pkl,636667345,.pkl
nexus_backup\by_symbol\EURUSD\base_models\extratrees_ExtraTrees_B4.pkl,330281841,.pkl
nexus_backup\by_symbol\EURUSD\base_models\extratrees_ExtraTrees_B5.pkl,340186033,.pkl
nexus_backup\by_symbol\EURUSD\base_models\extratrees_ExtraTrees_B6.pkl,168204081,.pkl
nexus_backup\by_symbol\EURUSD\base_models\extratrees_ExtraTrees_B7.pkl,43222417,.pkl
nexus_backup\by_symbol\EURUSD\base_models\extratrees_ExtraTrees_B8.pkl,43472545,.pkl
nexus_backup\by_symbol\EURUSD\base_models\extratrees_ExtraTrees_B9.pkl,9027905,.pkl
nexus_backup\by_symbol\EURUSD\base_models\gradientboosting_GradientBoosting_B1.pkl,142552,.pkl
nexus_backup\by_symbol\EURUSD\base_models\gradientboosting_GradientBoosting_B2.pkl,140118,.pkl
nexus_backup\by_symbol\EURUSD\base_models\gradientboosting_GradientBoosting_B3.pkl,142439,.pkl
nexus_backup\by_symbol\EURUSD\base_models\gradientboosting_GradientBoosting_B4.pkl,142567,.pkl
nexus_backup\by_symbol\EURUSD\base_models\gradientboosting_GradientBoosting_B5.pkl,139399,.pkl
nexus_backup\by_symbol\EURUSD\base_models\gradientboosting_GradientBoosting_B6.pkl,139830,.pkl
nexus_backup\by_symbol\EURUSD\base_models\gradientboosting_GradientBoosting_B7.pkl,137510,.pkl
nexus_backup\by_symbol\EURUSD\base_models\gradientboosting_GradientBoosting_B8.pkl,141542,.pkl
nexus_backup\by_symbol\EURUSD\base_models\gradientboosting_GradientBoosting_B9.pkl,136215,.pkl
nexus_backup\by_symbol\EURUSD\base_models\histgradientboosting_HistGradientBoosting_B1.pkl,58344,.pkl
nexus_backup\by_symbol\EURUSD\base_models\histgradientboosting_HistGradientBoosting_B2.pkl,61400,.pkl
nexus_backup\by_symbol\EURUSD\base_models\histgradientboosting_HistGradientBoosting_B3.pkl,58360,.pkl
nexus_backup\by_symbol\EURUSD\base_models\histgradientboosting_HistGradientBoosting_B4.pkl,58344,.pkl
nexus_backup\by_symbol\EURUSD\base_models\histgradientboosting_HistGradientBoosting_B5.pkl,60392,.pkl
nexus_backup\by_symbol\EURUSD\base_models\histgradientboosting_HistGradientBoosting_B6.pkl,60392,.pkl
nexus_backup\by_symbol\EURUSD\base_models\histgradientboosting_HistGradientBoosting_B7.pkl,83664,.pkl
nexus_backup\by_symbol\EURUSD\base_models\histgradientboosting_HistGradientBoosting_B8.pkl,76384,.pkl
nexus_backup\by_symbol\EURUSD\base_models\histgradientboosting_HistGradientBoosting_B9.pkl,72760,.pkl
nexus_backup\by_symbol\EURUSD\base_models\huberregressor_HuberRegressor_B1.pkl,207085,.pkl
nexus_backup\by_symbol\EURUSD\base_models\huberregressor_HuberRegressor_B2.pkl,207085,.pkl
nexus_backup\by_symbol\EURUSD\base_models\huberregressor_HuberRegressor_B3.pkl,207085,.pkl
nexus_backup\by_symbol\EURUSD\base_models\huberregressor_HuberRegressor_B4.pkl,207085,.pkl
nexus_backup\by_symbol\EURUSD\base_models\huberregressor_HuberRegressor_B5.pkl,207085,.pkl
nexus_backup\by_symbol\EURUSD\base_models\huberregressor_HuberRegressor_B6.pkl,207085,.pkl
nexus_backup\by_symbol\EURUSD\base_models\huberregressor_HuberRegressor_B7.pkl,207069,.pkl
nexus_backup\by_symbol\EURUSD\base_models\huberregressor_HuberRegressor_B8.pkl,207053,.pkl
nexus_backup\by_symbol\EURUSD\base_models\huberregressor_HuberRegressor_B9.pkl,207069,.pkl
nexus_backup\by_symbol\EURUSD\base_models\kneighbors_KNeighbors_B1.pkl,31361142,.pkl
nexus_backup\by_symbol\EURUSD\base_models\kneighbors_KNeighbors_B2.pkl,31361158,.pkl
nexus_backup\by_symbol\EURUSD\base_models\kneighbors_KNeighbors_B3.pkl,40422598,.pkl
nexus_backup\by_symbol\EURUSD\base_models\kneighbors_KNeighbors_B4.pkl,31361142,.pkl
nexus_backup\by_symbol\EURUSD\base_models\kneighbors_KNeighbors_B5.pkl,31361158,.pkl
nexus_backup\by_symbol\EURUSD\base_models\kneighbors_KNeighbors_B6.pkl,31361142,.pkl
nexus_backup\by_symbol\EURUSD\base_models\kneighbors_KNeighbors_B7.pkl,31361126,.pkl
nexus_backup\by_symbol\EURUSD\base_models\kneighbors_KNeighbors_B8.pkl,28758758,.pkl
nexus_backup\by_symbol\EURUSD\base_models\kneighbors_KNeighbors_B9.pkl,28758774,.pkl
nexus_backup\by_symbol\EURUSD\base_models\lasso_Lasso_B1.pkl,1068,.pkl
nexus_backup\by_symbol\EURUSD\base_models\lasso_Lasso_B2.pkl,1068,.pkl
nexus_backup\by_symbol\EURUSD\base_models\lasso_Lasso_B3.pkl,1120,.pkl
nexus_backup\by_symbol\EURUSD\base_models\lasso_Lasso_B4.pkl,1068,.pkl
nexus_backup\by_symbol\EURUSD\base_models\lasso_Lasso_B5.pkl,1084,.pkl
nexus_backup\by_symbol\EURUSD\base_models\lasso_Lasso_B6.pkl,1068,.pkl
nexus_backup\by_symbol\EURUSD\base_models\lasso_Lasso_B7.pkl,1052,.pkl
nexus_backup\by_symbol\EURUSD\base_models\lasso_Lasso_B8.pkl,1048,.pkl
nexus_backup\by_symbol\EURUSD\base_models\lasso_Lasso_B9.pkl,1064,.pkl
nexus_backup\by_symbol\EURUSD\base_models\lightgbm_LightGBM_B1.pkl,312673,.pkl
nexus_backup\by_symbol\EURUSD\base_models\lightgbm_LightGBM_B2.pkl,312890,.pkl
nexus_backup\by_symbol\EURUSD\base_models\lightgbm_LightGBM_B3.pkl,313824,.pkl
nexus_backup\by_symbol\EURUSD\base_models\lightgbm_LightGBM_B4.pkl,312280,.pkl
nexus_backup\by_symbol\EURUSD\base_models\lightgbm_LightGBM_B5.pkl,311377,.pkl
nexus_backup\by_symbol\EURUSD\base_models\lightgbm_LightGBM_B6.pkl,313890,.pkl
nexus_backup\by_symbol\EURUSD\base_models\lightgbm_LightGBM_B7.pkl,316235,.pkl
nexus_backup\by_symbol\EURUSD\base_models\lightgbm_LightGBM_B8.pkl,313908,.pkl
nexus_backup\by_symbol\EURUSD\base_models\lightgbm_LightGBM_B9.pkl,322995,.pkl
nexus_backup\by_symbol\EURUSD\base_models\linearregression_LinearRegression_B1.pkl,1025,.pkl
nexus_backup\by_symbol\EURUSD\base_models\linearregression_LinearRegression_B2.pkl,1041,.pkl
nexus_backup\by_symbol\EURUSD\base_models\linearregression_LinearRegression_B3.pkl,1137,.pkl
nexus_backup\by_symbol\EURUSD\base_models\linearregression_LinearRegression_B4.pkl,1025,.pkl
nexus_backup\by_symbol\EURUSD\base_models\linearregression_LinearRegression_B5.pkl,1041,.pkl
nexus_backup\by_symbol\EURUSD\base_models\linearregression_LinearRegression_B6.pkl,1041,.pkl
nexus_backup\by_symbol\EURUSD\base_models\linearregression_LinearRegression_B7.pkl,1025,.pkl
nexus_backup\by_symbol\EURUSD\base_models\linearregression_LinearRegression_B8.pkl,1021,.pkl
nexus_backup\by_symbol\EURUSD\base_models\linearregression_LinearRegression_B9.pkl,1021,.pkl
nexus_backup\by_symbol\EURUSD\base_models\randomforest_RandomForest_B1.pkl,405818913,.pkl
nexus_backup\by_symbol\EURUSD\base_models\randomforest_RandomForest_B2.pkl,410030769,.pkl
nexus_backup\by_symbol\EURUSD\base_models\randomforest_RandomForest_B3.pkl,402674545,.pkl
nexus_backup\by_symbol\EURUSD\base_models\randomforest_RandomForest_B4.pkl,279135057,.pkl
nexus_backup\by_symbol\EURUSD\base_models\randomforest_RandomForest_B5.pkl,288051121,.pkl
nexus_backup\by_symbol\EURUSD\base_models\randomforest_RandomForest_B6.pkl,163277553,.pkl
nexus_backup\by_symbol\EURUSD\base_models\randomforest_RandomForest_B7.pkl,42069553,.pkl
nexus_backup\by_symbol\EURUSD\base_models\randomforest_RandomForest_B8.pkl,42311041,.pkl
nexus_backup\by_symbol\EURUSD\base_models\randomforest_RandomForest_B9.pkl,8602097,.pkl
nexus_backup\by_symbol\EURUSD\base_models\ridge_Ridge_B1.pkl,993,.pkl
nexus_backup\by_symbol\EURUSD\base_models\ridge_Ridge_B2.pkl,993,.pkl
nexus_backup\by_symbol\EURUSD\base_models\ridge_Ridge_B3.pkl,1041,.pkl
nexus_backup\by_symbol\EURUSD\base_models\ridge_Ridge_B4.pkl,993,.pkl
nexus_backup\by_symbol\EURUSD\base_models\ridge_Ridge_B5.pkl,1009,.pkl
nexus_backup\by_symbol\EURUSD\base_models\ridge_Ridge_B6.pkl,993,.pkl
nexus_backup\by_symbol\EURUSD\base_models\ridge_Ridge_B7.pkl,977,.pkl
nexus_backup\by_symbol\EURUSD\base_models\ridge_Ridge_B8.pkl,973,.pkl
nexus_backup\by_symbol\EURUSD\base_models\ridge_Ridge_B9.pkl,989,.pkl
nexus_backup\by_symbol\EURUSD\base_models\svr_SVR_B1.pkl,1763,.pkl
nexus_backup\by_symbol\EURUSD\base_models\svr_SVR_B2.pkl,1779,.pkl
nexus_backup\by_symbol\EURUSD\base_models\svr_SVR_B3.pkl,1779,.pkl
nexus_backup\by_symbol\EURUSD\base_models\svr_SVR_B4.pkl,1763,.pkl
nexus_backup\by_symbol\EURUSD\base_models\svr_SVR_B5.pkl,1779,.pkl
nexus_backup\by_symbol\EURUSD\base_models\svr_SVR_B6.pkl,1779,.pkl
nexus_backup\by_symbol\EURUSD\base_models\svr_SVR_B7.pkl,1763,.pkl
nexus_backup\by_symbol\EURUSD\base_models\svr_SVR_B8.pkl,1763,.pkl
nexus_backup\by_symbol\EURUSD\base_models\svr_SVR_B9.pkl,1763,.pkl
nexus_backup\by_symbol\EURUSD\base_models\symbol_EURUSD.pkl,22561185,.pkl
nexus_backup\by_symbol\EURUSD\base_models\xgboost_XGBoost_B1.pkl,448928,.pkl
nexus_backup\by_symbol\EURUSD\base_models\xgboost_XGBoost_B2.pkl,438056,.pkl
nexus_backup\by_symbol\EURUSD\base_models\xgboost_XGBoost_B3.pkl,450095,.pkl
nexus_backup\by_symbol\EURUSD\base_models\xgboost_XGBoost_B4.pkl,430966,.pkl
nexus_backup\by_symbol\EURUSD\base_models\xgboost_XGBoost_B5.pkl,426899,.pkl
nexus_backup\by_symbol\EURUSD\base_models\xgboost_XGBoost_B6.pkl,430028,.pkl
nexus_backup\by_symbol\EURUSD\base_models\xgboost_XGBoost_B7.pkl,415715,.pkl
nexus_backup\by_symbol\EURUSD\base_models\xgboost_XGBoost_B8.pkl,425835,.pkl
nexus_backup\by_symbol\EURUSD\base_models\xgboost_XGBoost_B9.pkl,134457,.pkl
nexus_backup\by_symbol\EURUSD\ensemble\super_brain.pkl,677141,.pkl
nexus_backup\by_symbol\EURUSD\metadata\features.json,380,.json
nexus_backup\by_symbol\EURUSD\metadata\importancia_features.csv,61108,.csv
nexus_backup\by_symbol\EURUSD\metadata\ranking_final_consenso.csv,3211,.csv
nexus_backup\by_symbol\EURUSD\metadata\ranking_precisao_16_algoritmos.csv,900,.csv
nexus_backup\by_symbol\EURUSD\metadata\veredito_final_algoritmos.csv,236,.csv
nexus_backup\experimental\01_train_all.py,5584,.py
nexus_backup\experimental\02_top_20_features.py,1136,.py
nexus_backup\experimental\03_ranking_precisao.py,3453,.py
nexus_backup\experimental\04_Ensemble.py,1889,.py
nexus_backup\experimental\05_extracao_features.py,650,.py
nexus_backup\experimental\06_teste_final.py,1384,.py
nexus_backup\global\direction\direction_forex.pkl,173234,.pkl
nexus_backup\global\direction\direction_forex_D1.pkl,46344,.pkl
nexus_backup\global\direction\direction_mtf.pkl,524627,.pkl
nexus_backup\global\regime\regime_forex.pkl,213285,.pkl
nexus_backup\global\regime\regime_forex_D1.pkl,30132,.pkl
nexus_backup\global\strategies\global_all.pkl,40255134,.pkl
nexus_backup\global\strategies\hvn_ml.pkl,540111,.pkl
nexus_backup\global\strategies\ichimoku_ml.pkl,543460,.pkl
nexus_backup\global\strategies\momentum_ml.pkl,527441,.pkl
nexus_backup\global\strategies\pullback_ml.pkl,548397,.pkl
nexus_backup\global\strategies\symbol_ADAUSD.pkl,27148801,.pkl
nexus_backup\global\strategies\symbol_ATMUSD.pkl,28236481,.pkl
nexus_backup\global\strategies\symbol_AUDCAD.pkl,21957153,.pkl
nexus_backup\global\strategies\symbol_AUDCHF.pkl,21377057,.pkl
nexus_backup\global\strategies\symbol_AUDJPY.pkl,22018577,.pkl
nexus_backup\global\strategies\symbol_AUDNZD.pkl,22059761,.pkl
nexus_backup\global\strategies\symbol_AUDPLN.pkl,10736311,.pkl
nexus_backup\global\strategies\symbol_AUDSGD.pkl,20908545,.pkl
nexus_backup\global\strategies\symbol_AUDUSD.pkl,21390961,.pkl
nexus_backup\global\strategies\symbol_AUS200.pkl,19985425,.pkl
nexus_backup\global\strategies\symbol_BCHUSD.pkl,29357425,.pkl
nexus_backup\global\strategies\symbol_BNBUSD.pkl,29246193,.pkl
nexus_backup\global\strategies\symbol_BTCAUD.pkl,18508424,.pkl
nexus_backup\global\strategies\symbol_CA60.pkl,18423935,.pkl
nexus_backup\global\strategies\symbol_CADCHF.pkl,22522641,.pkl
nexus_backup\global\strategies\symbol_CADJPY.pkl,21678545,.pkl
nexus_backup\global\strategies\symbol_CHFJPY.pkl,19885105,.pkl
nexus_backup\global\strategies\symbol_CHFPLN.pkl,9558217,.pkl
nexus_backup\global\strategies\symbol_CHFSGD.pkl,21229921,.pkl
nexus_backup\global\strategies\symbol_CHINAH.pkl,19851841,.pkl
nexus_backup\global\strategies\symbol_CN50.pkl,21807729,.pkl
nexus_backup\global\strategies\symbol_COMPUSD.pkl,29746385,.pkl
nexus_backup\global\strategies\symbol_DOGEUSD.pkl,24397921,.pkl
nexus_backup\global\strategies\symbol_DOTUSD.pkl,30886865,.pkl
nexus_backup\global\strategies\symbol_ETCUSD.pkl,15590976,.pkl
nexus_backup\global\strategies\symbol_ETHAUD.pkl,28720305,.pkl
nexus_backup\global\strategies\symbol_EURAUD.pkl,21537745,.pkl
nexus_backup\global\strategies\symbol_EURCAD.pkl,22553617,.pkl
nexus_backup\global\strategies\symbol_EURCHF.pkl,22344001,.pkl
nexus_backup\global\strategies\symbol_EURCZK.pkl,21806849,.pkl
nexus_backup\global\strategies\symbol_EURDKK.pkl,15748744,.pkl
nexus_backup\global\strategies\symbol_EURGBP.pkl,21947825,.pkl
nexus_backup\global\strategies\symbol_EURHUF.pkl,22774321,.pkl
nexus_backup\global\strategies\symbol_EURJPY.pkl,22207601,.pkl
nexus_backup\global\strategies\symbol_EURMXN.pkl,10140497,.pkl
nexus_backup\global\strategies\symbol_EURNOK.pkl,19928392,.pkl
nexus_backup\global\strategies\symbol_EURNZD.pkl,22073137,.pkl
nexus_backup\global\strategies\symbol_EURPLN.pkl,21998689,.pkl
nexus_backup\global\strategies\symbol_EURSEK.pkl,19722648,.pkl
nexus_backup\global\strategies\symbol_EURSGD.pkl,21194369,.pkl
nexus_backup\global\strategies\symbol_EURTRY.pkl,18026721,.pkl
nexus_backup\global\strategies\symbol_EURX.pkl,32640705,.pkl
nexus_backup\global\strategies\symbol_EURZAR.pkl,9421799,.pkl
nexus_backup\global\strategies\symbol_EUSTX50-F.pkl,21821457,.pkl
nexus_backup\global\strategies\symbol_EUSTX50.pkl,21821457,.pkl
nexus_backup\global\strategies\symbol_FRA40-F.pkl,19133937,.pkl
nexus_backup\global\strategies\symbol_FRA40.pkl,19133937,.pkl
nexus_backup\global\strategies\symbol_GBPAUD.pkl,21769009,.pkl
nexus_backup\global\strategies\symbol_GBPCAD.pkl,20002673,.pkl
nexus_backup\global\strategies\symbol_GBPCHF.pkl,21562913,.pkl
nexus_backup\global\strategies\symbol_GBPJPY.pkl,21597761,.pkl
nexus_backup\global\strategies\symbol_GBPNZD.pkl,21501595,.pkl
nexus_backup\global\strategies\symbol_GBPUSD.pkl,22601947,.pkl
nexus_backup\global\strategies\symbol_GER40-F.pkl,22585403,.pkl
nexus_backup\global\strategies\symbol_GER40.pkl,22585403,.pkl
nexus_backup\global\strategies\symbol_HK50-F.pkl,23025579,.pkl
nexus_backup\global\strategies\symbol_HK50.pkl,23025579,.pkl
nexus_backup\global\strategies\symbol_JPN225-F.pkl,22229179,.pkl
nexus_backup\global\strategies\symbol_JPN225.pkl,22229179,.pkl
nexus_backup\global\strategies\symbol_JPYX.pkl,30351227,.pkl
nexus_backup\global\strategies\symbol_KSMUSD.pkl,28449899,.pkl
nexus_backup\global\strategies\symbol_LINKUSD.pkl,31108555,.pkl
nexus_backup\global\strategies\symbol_LTCUSD.pkl,24837851,.pkl
nexus_backup\global\strategies\symbol_MATICUSD.pkl,28531667,.pkl
nexus_backup\global\strategies\symbol_MXNJPY.pkl,13282987,.pkl
nexus_backup\global\strategies\symbol_NAS100-F.pkl,21469035,.pkl
nexus_backup\global\strategies\symbol_NAS100.pkl,21469035,.pkl
nexus_backup\global\strategies\symbol_NETH25.pkl,29036683,.pkl
nexus_backup\global\strategies\symbol_NZDCAD.pkl,22417147,.pkl
nexus_backup\global\strategies\symbol_NZDCHF.pkl,21962715,.pkl
nexus_backup\global\strategies\symbol_NZDJPY.pkl,22109675,.pkl
nexus_backup\global\strategies\symbol_NZDSGD.pkl,18874962,.pkl
nexus_backup\global\strategies\symbol_NZDUSD.pkl,21597867,.pkl
nexus_backup\global\strategies\symbol_SCI25.pkl,21680059,.pkl
nexus_backup\global\strategies\symbol_SGDJPY.pkl,22498283,.pkl
nexus_backup\global\strategies\symbol_SHBUSD.pkl,22255579,.pkl
nexus_backup\global\strategies\symbol_SPA35.pkl,21061067,.pkl
nexus_backup\global\strategies\symbol_SWI20-F.pkl,27873675,.pkl
nexus_backup\global\strategies\symbol_SWI20.pkl,27873675,.pkl
nexus_backup\global\strategies\symbol_TRXUSD.pkl,31174027,.pkl
nexus_backup\global\strategies\symbol_UK100-F.pkl,22720395,.pkl
nexus_backup\global\strategies\symbol_UK100.pkl,22720395,.pkl
nexus_backup\global\strategies\symbol_UNIUSD.pkl,29189803,.pkl
nexus_backup\global\strategies\symbol_US2000.pkl,22294827,.pkl
nexus_backup\global\strategies\symbol_US30-F.pkl,22109675,.pkl
nexus_backup\global\strategies\symbol_US30.pkl,22109675,.pkl
nexus_backup\global\strategies\symbol_US500-F.pkl,21400923,.pkl
nexus_backup\global\strategies\symbol_US500.pkl,21400923,.pkl
nexus_backup\global\strategies\symbol_USDCAD.pkl,23046171,.pkl
nexus_backup\global\strategies\symbol_USDCHF.pkl,23070987,.pkl
nexus_backup\global\strategies\symbol_USDCNH.pkl,23264939,.pkl
nexus_backup\global\strategies\symbol_USDCZK.pkl,21518843,.pkl
nexus_backup\global\strategies\symbol_USDDKK.pkl,22643131,.pkl
nexus_backup\global\strategies\symbol_USDHKD.pkl,19955083,.pkl
nexus_backup\global\strategies\symbol_USDHUF.pkl,21931915,.pkl
nexus_backup\global\strategies\symbol_USDILS.pkl,22849051,.pkl
nexus_backup\global\strategies\symbol_USDJPY.pkl,22692411,.pkl
nexus_backup\global\strategies\symbol_USDMXN.pkl,22228827,.pkl
nexus_backup\global\strategies\symbol_USDNOK.pkl,21909387,.pkl
nexus_backup\global\strategies\symbol_USDPLN.pkl,22397083,.pkl
nexus_backup\global\strategies\symbol_USDRON.pkl,21681819,.pkl
nexus_backup\global\strategies\symbol_USDSEK.pkl,21815403,.pkl
nexus_backup\global\strategies\symbol_USDSGD.pkl,22595787,.pkl
nexus_backup\global\strategies\symbol_USDTHB.pkl,22846587,.pkl
nexus_backup\global\strategies\symbol_USDTRY.pkl,24365819,.pkl
nexus_backup\global\strategies\symbol_USDX-F.pkl,22585403,.pkl
nexus_backup\global\strategies\symbol_USDX.pkl,22585403,.pkl
nexus_backup\global\strategies\symbol_USDZAR.pkl,22124459,.pkl
nexus_backup\global\strategies\symbol_XAGUSD-F.pkl,21766827,.pkl
nexus_backup\global\strategies\symbol_XAGUSD.pkl,21766827,.pkl
nexus_backup\global\strategies\symbol_XAUUSD-F.pkl,22961339,.pkl
nexus_backup\global\strategies\symbol_XAUUSD.pkl,22961339,.pkl
nexus_backup\global\strategies\symbol_XLMUSD.pkl,30561723,.pkl
nexus_backup\global\strategies\symbol_XPDUSD.pkl,22001259,.pkl
nexus_backup\global\strategies\symbol_XPTUSD.pkl,22432283,.pkl
nexus_backup\global\strategies\symbol_XRPUSD.pkl,31027067,.pkl
nexus_backup\global\strategies\symbol_XTZUSD.pkl,32967995,.pkl
nexus_backup\global\strategies\symbol_ZARJPY.pkl,21569179,.pkl
omnis_backup\modelos\catboost\base_catboost.py,586,.py
omnis_backup\modelos\catboost\catboost_candles.py,398,.py
omnis_backup\modelos\catboost\catboost_orderflow.py,402,.py
omnis_backup\modelos\catboost\catboost_pullback.py,400,.py
omnis_backup\modelos\catboost\catboost_quant.py,394,.py
omnis_backup\modelos\catboost\catboost_reversao.py,400,.py
omnis_backup\modelos\catboost\catboost_risco.py,394,.py
omnis_backup\modelos\catboost\catboost_sr.py,388,.py
omnis_backup\modelos\catboost\catboost_volatilidade.py,408,.py
omnis_backup\modelos\catboost\catboost_votacao.py,398,.py
omnis_backup\modelos\lightgbm\base_lightgbm.py,586,.py
omnis_backup\modelos\lightgbm\lightgbm_candles.py,398,.py
omnis_backup\modelos\lightgbm\lightgbm_orderflow.py,402,.py
omnis_backup\modelos\lightgbm\lightgbm_pullback.py,400,.py
omnis_backup\modelos\lightgbm\lightgbm_quant.py,394,.py
omnis_backup\modelos\lightgbm\lightgbm_reversao.py,400,.py
omnis_backup\modelos\lightgbm\lightgbm_risco.py,394,.py
omnis_backup\modelos\lightgbm\lightgbm_sr.py,388,.py
omnis_backup\modelos\lightgbm\lightgbm_volatilidade.py,408,.py
omnis_backup\modelos\lightgbm\lightgbm_votacao.py,398,.py
omnis_backup\modelos\log_regression\base_log_regression.py,597,.py
omnis_backup\modelos\log_regression\log_regression_candles.py,414,.py
omnis_backup\modelos\log_regression\log_regression_orderflow.py,418,.py
omnis_backup\modelos\log_regression\log_regression_pullback.py,416,.py
omnis_backup\modelos\log_regression\log_regression_quant.py,410,.py
omnis_backup\modelos\log_regression\log_regression_reversao.py,416,.py
omnis_backup\modelos\log_regression\log_regression_risco.py,410,.py
omnis_backup\modelos\log_regression\log_regression_sr.py,404,.py
omnis_backup\modelos\log_regression\log_regression_volatilidade.py,424,.py
omnis_backup\modelos\log_regression\log_regression_votacao.py,414,.py
omnis_backup\modelos\lstm\base_lstm.py,578,.py
omnis_backup\modelos\lstm\lstm_candles.py,386,.py
omnis_backup\modelos\lstm\lstm_orderflow.py,390,.py
omnis_backup\modelos\lstm\lstm_pullback.py,388,.py
omnis_backup\modelos\lstm\lstm_quant.py,382,.py
omnis_backup\modelos\lstm\lstm_reversao.py,388,.py
omnis_backup\modelos\lstm\lstm_risco.py,382,.py
omnis_backup\modelos\lstm\lstm_sr.py,376,.py
omnis_backup\modelos\lstm\lstm_volatilidade.py,396,.py
omnis_backup\modelos\lstm\lstm_votacao.py,386,.py
omnis_backup\modelos\random_forest\base_random_forest.py,595,.py
omnis_backup\modelos\random_forest\random_forest_candles.py,411,.py
omnis_backup\modelos\random_forest\random_forest_orderflow.py,415,.py
omnis_backup\modelos\random_forest\random_forest_pullback.py,413,.py
omnis_backup\modelos\random_forest\random_forest_quant.py,407,.py
omnis_backup\modelos\random_forest\random_forest_reversao.py,413,.py
omnis_backup\modelos\random_forest\random_forest_risco.py,407,.py
omnis_backup\modelos\random_forest\random_forest_sr.py,401,.py
omnis_backup\modelos\random_forest\random_forest_volatilidade.py,421,.py
omnis_backup\modelos\random_forest\random_forest_votacao.py,411,.py
omnis_backup\modelos\xgboost\base_xgboost.py,584,.py
omnis_backup\modelos\xgboost\xgboost_candles.py,395,.py
omnis_backup\modelos\xgboost\xgboost_orderflow.py,399,.py
omnis_backup\modelos\xgboost\xgboost_pullback.py,397,.py
omnis_backup\modelos\xgboost\xgboost_quant.py,391,.py
omnis_backup\modelos\xgboost\xgboost_reversao.py,397,.py
omnis_backup\modelos\xgboost\xgboost_risco.py,391,.py
omnis_backup\modelos\xgboost\xgboost_sr.py,385,.py
omnis_backup\modelos\xgboost\xgboost_volatilidade.py,405,.py
omnis_backup\modelos\xgboost\xgboost_votacao.py,395,.py
omnis_backup\models\backup2\candles_model.pkl,4236748,.pkl
omnis_backup\models\backup2\meta_decision_model.pkl,5020,.pkl
omnis_backup\models\backup2\orderflow_model.pkl,1314660,.pkl
omnis_backup\models\backup2\risk_model.pkl,419316,.pkl
omnis_backup\models\backup2\sr_model.pkl,2975612,.pkl
omnis_backup\models\backup2\trend_model.pkl,2956556,.pkl
omnis_backup\models\backup2\volatility_model.pkl,2935292,.pkl
omnis_backup\models\meta\backup_before_improvements\candles_model.pkl,4235132,.pkl
omnis_backup\models\meta\backup_before_improvements\orderflow_model.pkl,1241732,.pkl
omnis_backup\models\meta\backup_before_improvements\risk_model.pkl,422404,.pkl
omnis_backup\models\meta\backup_before_improvements\sr_model.pkl,3013468,.pkl
omnis_backup\models\meta\backup_before_improvements\trend_model.pkl,3004236,.pkl
omnis_backup\models\meta\backup_before_improvements\volatility_model.pkl,2894348,.pkl
omnis_backup\models\meta\candles_features.json,1051,.json
omnis_backup\models\meta\candles_metadata.pkl,1411,.pkl
omnis_backup\models\meta\candles_model.pkl,8375916,.pkl
omnis_backup\models\meta\meta_decision_model.pkl,5068,.pkl
omnis_backup\models\meta\orderflow_features.json,681,.json
omnis_backup\models\meta\orderflow_metadata.pkl,1338,.pkl
omnis_backup\models\meta\orderflow_model.pkl,6286236,.pkl
omnis_backup\models\meta\reversal_features.json,1344,.json
omnis_backup\models\meta\reversal_features.pkl,636,.pkl
omnis_backup\models\meta\reversal_metadata.pkl,1875,.pkl
omnis_backup\models\meta\reversal_model.pkl,1408116,.pkl
omnis_backup\models\meta\risk_features.json,1022,.json
omnis_backup\models\meta\risk_metadata.pkl,1698,.pkl
omnis_backup\models\meta\risk_model.pkl,550372,.pkl
omnis_backup\models\meta\sell_detector_model.pkl,1740164,.pkl
omnis_backup\models\meta\sr_features.json,957,.json
omnis_backup\models\meta\sr_metadata.pkl,1744,.pkl
omnis_backup\models\meta\sr_model.pkl,3987740,.pkl
omnis_backup\models\meta\trend_features.json,1627,.json
omnis_backup\models\meta\trend_metadata.pkl,1987,.pkl
omnis_backup\models\meta\trend_model.pkl,5216252,.pkl
omnis_backup\models\meta\volatility_features.json,1644,.json
omnis_backup\models\meta\volatility_metadata.pkl,2026,.pkl
omnis_backup\models\meta\volatility_model.pkl,5051436,.pkl
omnis_copia_best\best_models_manifest.csv,6883,.csv
omnis_copia_best\candlestick_expert_lightgbm.pkl,226625,.pkl
omnis_copia_best\correlation_expert_xgboost.pkl,186120,.pkl
omnis_copia_best\exhaustion_detector_random_forest.pkl,2293618,.pkl
omnis_copia_best\fibonacci_expert_random_forest.pkl,3945929,.pkl
omnis_copia_best\flow_aggressor_random_forest.pkl,2955527,.pkl
omnis_copia_best\gap_expert_xgboost.pkl,107899,.pkl
omnis_copia_best\hvn_expert_logistic.pkl,1600,.pkl
omnis_copia_best\ichimoku_expert_random_forest.pkl,3992328,.pkl
omnis_copia_best\market_microstructure_expert_gradient_boosting.pkl,290645,.pkl
omnis_copia_best\microstructure_expert_random_forest.pkl,4024632,.pkl
omnis_copia_best\ml_expert_gradient_boosting.pkl,285239,.pkl
omnis_copia_best\momentum_expert_lightgbm.pkl,216556,.pkl
omnis_copia_best\pattern_trigger_lightgbm.pkl,236098,.pkl
omnis_copia_best\pullback_hunter_gradient_boosting.pkl,374943,.pkl
omnis_copia_best\risk_guardian_xgboost.pkl,181629,.pkl
omnis_copia_best\seasonality_expert_random_forest.pkl,55948,.pkl
omnis_copia_best\stats_quant_random_forest.pkl,3286497,.pkl
omnis_copia_best\stochastic_expert_logistic.pkl,1756,.pkl
omnis_copia_best\swing_expert_random_forest.pkl,3353349,.pkl
omnis_copia_best\trend_master_random_forest.pkl,3359317,.pkl
omnis_copia_best\volatility_gauge_xgboost.pkl,182376,.pkl
omnis_copia_best\volume_expert_xgboost.pkl,186052,.pkl
omnis_copia_best\zone_mapper_random_forest.pkl,3282786,.pkl
omnis_legacy\qlib\metrics.json,148,.json
omnis_legacy\qlib\qlib_crypto_info.json,332,.json
omnis_legacy\qlib\qlib_crypto_labelencoder.pkl,266,.pkl
omnis_legacy\qlib\qlib_crypto_model.pkl,990964,.pkl
omnis_legacy\qlib\qlib_crypto_scaler.pkl,690,.pkl
omnis_legacy\qlib\qlib_forex_info.json,645,.json
omnis_legacy\qlib\qlib_forex_labelencoder.pkl,266,.pkl
omnis_legacy\qlib\qlib_forex_model.pkl,1010612,.pkl
omnis_legacy\qlib\qlib_forex_scaler.pkl,690,.pkl
omnis_legacy\qlib\qlib_metadata.pkl,592,.pkl
omnis_legacy\qlib\qlib_metals_info.json,311,.json
omnis_legacy\qlib\qlib_metals_labelencoder.pkl,266,.pkl
omnis_legacy\qlib\qlib_metals_model.pkl,979806,.pkl
omnis_legacy\qlib\qlib_metals_scaler.pkl,690,.pkl
omnis_legacy\qlib\qlib_model.pkl,264172,.pkl
omnis_legacy\qlib\qlib_scaler.pkl,1088,.pkl
omnis_legacy\qlib\qlib_xgboost_model.pkl,497721,.pkl
omnis_legacy\trained\forex\asset_models\AUDJPY_MULTI_TF.pkl,1648120,.pkl
omnis_legacy\trained\forex\asset_models\AUDUSD_MULTI_TF.pkl,1650632,.pkl
omnis_legacy\trained\forex\asset_models\EURCHF_MULTI_TF.pkl,1481114,.pkl
omnis_legacy\trained\forex\asset_models\EURGBP_MULTI_TF.pkl,1472884,.pkl
omnis_legacy\trained\forex\asset_models\EURJPY_MULTI_TF.pkl,1522726,.pkl
omnis_legacy\trained\forex\asset_models\EURUSD_MULTI_TF.pkl,1465944,.pkl
omnis_legacy\trained\forex\asset_models\GBPJPY_MULTI_TF.pkl,1490490,.pkl
omnis_legacy\trained\forex\asset_models\GBPUSD_MULTI_TF.pkl,1778000,.pkl
omnis_legacy\trained\forex\asset_models\NZDUSD_MULTI_TF.pkl,1391216,.pkl
omnis_legacy\trained\forex\asset_models\USDCAD_MULTI_TF.pkl,1476758,.pkl
omnis_legacy\trained\forex\asset_models\USDCHF_MULTI_TF.pkl,1724008,.pkl
omnis_legacy\trained\forex\asset_models\USDJPY_MULTI_TF.pkl,1432484,.pkl
omnis_legacy\trained\forex\individuals\AUDJPY_H1_OMNIS_CORE.pkl,589900,.pkl
omnis_legacy\trained\forex\individuals\AUDJPY_H4_OMNIS_CORE.pkl,515812,.pkl
omnis_legacy\trained\forex\individuals\AUDJPY_M15_OMNIS_CORE.pkl,589630,.pkl
omnis_legacy\trained\forex\individuals\AUDJPY_M30_OMNIS_CORE.pkl,572290,.pkl
omnis_legacy\trained\forex\individuals\AUDJPY_M5_OMNIS_CORE.pkl,596224,.pkl
omnis_legacy\trained\forex\individuals\AUDUSD_H1_OMNIS_CORE.pkl,544819,.pkl
omnis_legacy\trained\forex\individuals\AUDUSD_H4_OMNIS_CORE.pkl,557654,.pkl
omnis_legacy\trained\forex\individuals\AUDUSD_M15_OMNIS_CORE.pkl,591738,.pkl
omnis_legacy\trained\forex\individuals\AUDUSD_M30_OMNIS_CORE.pkl,558760,.pkl
omnis_legacy\trained\forex\individuals\AUDUSD_M5_OMNIS_CORE.pkl,600174,.pkl
omnis_legacy\trained\forex\individuals\EURCHF_H1_OMNIS_CORE.pkl,528700,.pkl
omnis_legacy\trained\forex\individuals\EURCHF_H4_OMNIS_CORE.pkl,557902,.pkl
omnis_legacy\trained\forex\individuals\EURCHF_M15_OMNIS_CORE.pkl,544546,.pkl
omnis_legacy\trained\forex\individuals\EURCHF_M30_OMNIS_CORE.pkl,598610,.pkl
omnis_legacy\trained\forex\individuals\EURCHF_M5_OMNIS_CORE.pkl,596366,.pkl
omnis_legacy\trained\forex\individuals\EURGBP_H1_OMNIS_CORE.pkl,566307,.pkl
omnis_legacy\trained\forex\individuals\EURGBP_H4_OMNIS_CORE.pkl,560660,.pkl
omnis_legacy\trained\forex\individuals\EURGBP_M15_OMNIS_CORE.pkl,611530,.pkl
omnis_legacy\trained\forex\individuals\EURGBP_M30_OMNIS_CORE.pkl,591878,.pkl
omnis_legacy\trained\forex\individuals\EURGBP_M5_OMNIS_CORE.pkl,570584,.pkl
omnis_legacy\trained\forex\individuals\EURJPY_H1_OMNIS_CORE.pkl,555419,.pkl
omnis_legacy\trained\forex\individuals\EURJPY_H4_OMNIS_CORE.pkl,583706,.pkl
omnis_legacy\trained\forex\individuals\EURJPY_M15_OMNIS_CORE.pkl,585406,.pkl
omnis_legacy\trained\forex\individuals\EURJPY_M30_OMNIS_CORE.pkl,535024,.pkl
omnis_legacy\trained\forex\individuals\EURJPY_M5_OMNIS_CORE.pkl,598606,.pkl
omnis_legacy\trained\forex\individuals\EURUSD_H1_OMNIS_CORE.pkl,576370,.pkl
omnis_legacy\trained\forex\individuals\EURUSD_H4_OMNIS_CORE.pkl,533120,.pkl
omnis_legacy\trained\forex\individuals\EURUSD_M15_OMNIS_CORE.pkl,609962,.pkl
omnis_legacy\trained\forex\individuals\EURUSD_M30_OMNIS_CORE.pkl,619276,.pkl
omnis_legacy\trained\forex\individuals\EURUSD_M5_OMNIS_CORE.pkl,579976,.pkl
omnis_legacy\trained\forex\individuals\GBPJPY_H1_OMNIS_CORE.pkl,578747,.pkl
omnis_legacy\trained\forex\individuals\GBPJPY_H4_OMNIS_CORE.pkl,547291,.pkl
omnis_legacy\trained\forex\individuals\GBPJPY_M15_OMNIS_CORE.pkl,554816,.pkl
omnis_legacy\trained\forex\individuals\GBPJPY_M30_OMNIS_CORE.pkl,535149,.pkl
omnis_legacy\trained\forex\individuals\GBPJPY_M5_OMNIS_CORE.pkl,574876,.pkl
omnis_legacy\trained\forex\individuals\GBPUSD_H1_OMNIS_CORE.pkl,583441,.pkl
omnis_legacy\trained\forex\individuals\GBPUSD_H4_OMNIS_CORE.pkl,558538,.pkl
omnis_legacy\trained\forex\individuals\GBPUSD_M15_OMNIS_CORE.pkl,546384,.pkl
omnis_legacy\trained\forex\individuals\GBPUSD_M30_OMNIS_CORE.pkl,555634,.pkl
omnis_legacy\trained\forex\individuals\GBPUSD_M5_OMNIS_CORE.pkl,593232,.pkl
omnis_legacy\trained\forex\individuals\NZDUSD_H1_OMNIS_CORE.pkl,536647,.pkl
omnis_legacy\trained\forex\individuals\NZDUSD_H4_OMNIS_CORE.pkl,555341,.pkl
omnis_legacy\trained\forex\individuals\NZDUSD_M15_OMNIS_CORE.pkl,545162,.pkl
omnis_legacy\trained\forex\individuals\NZDUSD_M30_OMNIS_CORE.pkl,552499,.pkl
omnis_legacy\trained\forex\individuals\NZDUSD_M5_OMNIS_CORE.pkl,583648,.pkl
omnis_legacy\trained\forex\individuals\trend\AUDJPY_H1_trend_metadata.json,250,.json
omnis_legacy\trained\forex\individuals\trend\AUDJPY_H1_trend_xgboost.pkl,589900,.pkl
omnis_legacy\trained\forex\individuals\trend\AUDJPY_H4_trend_metadata.json,250,.json
omnis_legacy\trained\forex\individuals\trend\AUDJPY_H4_trend_xgboost.pkl,515812,.pkl
omnis_legacy\trained\forex\individuals\trend\AUDJPY_M15_trend_metadata.json,251,.json
omnis_legacy\trained\forex\individuals\trend\AUDJPY_M15_trend_xgboost.pkl,589630,.pkl
omnis_legacy\trained\forex\individuals\trend\AUDJPY_M30_trend_metadata.json,251,.json
omnis_legacy\trained\forex\individuals\trend\AUDJPY_M30_trend_xgboost.pkl,572290,.pkl
omnis_legacy\trained\forex\individuals\trend\AUDJPY_M5_trend_metadata.json,250,.json
omnis_legacy\trained\forex\individuals\trend\AUDJPY_M5_trend_xgboost.pkl,596224,.pkl
omnis_legacy\trained\forex\individuals\trend\AUDUSD_H1_trend_metadata.json,250,.json
omnis_legacy\trained\forex\individuals\trend\AUDUSD_H1_trend_xgboost.pkl,544819,.pkl
omnis_legacy\trained\forex\individuals\trend\AUDUSD_H4_trend_metadata.json,250,.json
omnis_legacy\trained\forex\individuals\trend\AUDUSD_H4_trend_xgboost.pkl,557654,.pkl
omnis_legacy\trained\forex\individuals\trend\AUDUSD_M15_trend_metadata.json,251,.json
omnis_legacy\trained\forex\individuals\trend\AUDUSD_M15_trend_xgboost.pkl,591738,.pkl
omnis_legacy\trained\forex\individuals\trend\AUDUSD_M30_trend_metadata.json,251,.json
omnis_legacy\trained\forex\individuals\trend\AUDUSD_M30_trend_xgboost.pkl,558760,.pkl
omnis_legacy\trained\forex\individuals\trend\AUDUSD_M5_trend_metadata.json,250,.json
omnis_legacy\trained\forex\individuals\trend\AUDUSD_M5_trend_xgboost.pkl,600174,.pkl
omnis_legacy\trained\forex\individuals\trend\EURCHF_H1_trend_metadata.json,250,.json
omnis_legacy\trained\forex\individuals\trend\EURCHF_H1_trend_xgboost.pkl,528700,.pkl
omnis_legacy\trained\forex\individuals\trend\EURCHF_H4_trend_metadata.json,250,.json
omnis_legacy\trained\forex\individuals\trend\EURCHF_H4_trend_xgboost.pkl,557902,.pkl
omnis_legacy\trained\forex\individuals\trend\EURCHF_M15_trend_metadata.json,251,.json
omnis_legacy\trained\forex\individuals\trend\EURCHF_M15_trend_xgboost.pkl,544546,.pkl
omnis_legacy\trained\forex\individuals\trend\EURCHF_M30_trend_metadata.json,251,.json
omnis_legacy\trained\forex\individuals\trend\EURCHF_M30_trend_xgboost.pkl,598610,.pkl
omnis_legacy\trained\forex\individuals\trend\EURCHF_M5_trend_metadata.json,249,.json
omnis_legacy\trained\forex\individuals\trend\EURCHF_M5_trend_xgboost.pkl,596366,.pkl
omnis_legacy\trained\forex\individuals\trend\EURGBP_H1_trend_metadata.json,250,.json
omnis_legacy\trained\forex\individuals\trend\EURGBP_H1_trend_xgboost.pkl,566307,.pkl
omnis_legacy\trained\forex\individuals\trend\EURGBP_H4_trend_metadata.json,250,.json
omnis_legacy\trained\forex\individuals\trend\EURGBP_H4_trend_xgboost.pkl,560660,.pkl
omnis_legacy\trained\forex\individuals\trend\EURGBP_M15_trend_metadata.json,251,.json
omnis_legacy\trained\forex\individuals\trend\EURGBP_M15_trend_xgboost.pkl,611530,.pkl
omnis_legacy\trained\forex\individuals\trend\EURGBP_M30_trend_metadata.json,251,.json
omnis_legacy\trained\forex\individuals\trend\EURGBP_M30_trend_xgboost.pkl,591878,.pkl
omnis_legacy\trained\forex\individuals\trend\EURGBP_M5_trend_metadata.json,250,.json
omnis_legacy\trained\forex\individuals\trend\EURGBP_M5_trend_xgboost.pkl,570584,.pkl
omnis_legacy\trained\forex\individuals\trend\EURJPY_H1_trend_metadata.json,250,.json
omnis_legacy\trained\forex\individuals\trend\EURJPY_H1_trend_xgboost.pkl,555419,.pkl
omnis_legacy\trained\forex\individuals\trend\EURJPY_H4_trend_metadata.json,250,.json
omnis_legacy\trained\forex\individuals\trend\EURJPY_H4_trend_xgboost.pkl,583706,.pkl
omnis_legacy\trained\forex\individuals\trend\EURJPY_M15_trend_metadata.json,251,.json
omnis_legacy\trained\forex\individuals\trend\EURJPY_M15_trend_xgboost.pkl,585406,.pkl
omnis_legacy\trained\forex\individuals\trend\EURJPY_M30_trend_metadata.json,251,.json
omnis_legacy\trained\forex\individuals\trend\EURJPY_M30_trend_xgboost.pkl,535024,.pkl
omnis_legacy\trained\forex\individuals\trend\EURJPY_M5_trend_metadata.json,250,.json
omnis_legacy\trained\forex\individuals\trend\EURJPY_M5_trend_xgboost.pkl,598606,.pkl
omnis_legacy\trained\forex\individuals\trend\EURUSD_H1_trend_metadata.json,250,.json
omnis_legacy\trained\forex\individuals\trend\EURUSD_H1_trend_xgboost.pkl,576370,.pkl
omnis_legacy\trained\forex\individuals\trend\EURUSD_H4_trend_metadata.json,250,.json
omnis_legacy\trained\forex\individuals\trend\EURUSD_H4_trend_xgboost.pkl,533120,.pkl
omnis_legacy\trained\forex\individuals\trend\EURUSD_M15_trend_metadata.json,251,.json
omnis_legacy\trained\forex\individuals\trend\EURUSD_M15_trend_xgboost.pkl,609962,.pkl
omnis_legacy\trained\forex\individuals\trend\EURUSD_M30_trend_metadata.json,251,.json
omnis_legacy\trained\forex\individuals\trend\EURUSD_M30_trend_xgboost.pkl,619276,.pkl
omnis_legacy\trained\forex\individuals\trend\EURUSD_M5_trend_metadata.json,250,.json
omnis_legacy\trained\forex\individuals\trend\EURUSD_M5_trend_xgboost.pkl,579976,.pkl
omnis_legacy\trained\forex\individuals\trend\GBPJPY_H1_trend_metadata.json,250,.json
omnis_legacy\trained\forex\individuals\trend\GBPJPY_H1_trend_xgboost.pkl,578747,.pkl
omnis_legacy\trained\forex\individuals\trend\GBPJPY_H4_trend_metadata.json,250,.json
omnis_legacy\trained\forex\individuals\trend\GBPJPY_H4_trend_xgboost.pkl,547291,.pkl
omnis_legacy\trained\forex\individuals\trend\GBPJPY_M15_trend_metadata.json,251,.json
omnis_legacy\trained\forex\individuals\trend\GBPJPY_M15_trend_xgboost.pkl,554816,.pkl
omnis_legacy\trained\forex\individuals\trend\GBPJPY_M30_trend_metadata.json,251,.json
omnis_legacy\trained\forex\individuals\trend\GBPJPY_M30_trend_xgboost.pkl,535149,.pkl
omnis_legacy\trained\forex\individuals\trend\GBPJPY_M5_trend_metadata.json,250,.json
omnis_legacy\trained\forex\individuals\trend\GBPJPY_M5_trend_xgboost.pkl,574876,.pkl
omnis_legacy\trained\forex\individuals\trend\GBPUSD_H1_trend_metadata.json,250,.json
omnis_legacy\trained\forex\individuals\trend\GBPUSD_H1_trend_xgboost.pkl,583441,.pkl
omnis_legacy\trained\forex\individuals\trend\GBPUSD_H4_trend_metadata.json,250,.json
omnis_legacy\trained\forex\individuals\trend\GBPUSD_H4_trend_xgboost.pkl,558538,.pkl
omnis_legacy\trained\forex\individuals\trend\GBPUSD_M15_trend_metadata.json,251,.json
omnis_legacy\trained\forex\individuals\trend\GBPUSD_M15_trend_xgboost.pkl,546384,.pkl
omnis_legacy\trained\forex\individuals\trend\GBPUSD_M30_trend_metadata.json,250,.json
omnis_legacy\trained\forex\individuals\trend\GBPUSD_M30_trend_xgboost.pkl,555634,.pkl
omnis_legacy\trained\forex\individuals\USDCAD_H1_OMNIS_CORE.pkl,582288,.pkl
omnis_legacy\trained\forex\individuals\USDCAD_H4_OMNIS_CORE.pkl,567532,.pkl
omnis_legacy\trained\forex\individuals\USDCAD_M15_OMNIS_CORE.pkl,573450,.pkl
omnis_legacy\trained\forex\individuals\USDCAD_M30_OMNIS_CORE.pkl,592348,.pkl
omnis_legacy\trained\forex\individuals\USDCAD_M5_OMNIS_CORE.pkl,584120,.pkl
omnis_legacy\trained\forex\individuals\USDCHF_H1_OMNIS_CORE.pkl,577526,.pkl
omnis_legacy\trained\forex\individuals\USDCHF_H4_OMNIS_CORE.pkl,584326,.pkl
omnis_legacy\trained\forex\individuals\USDCHF_M15_OMNIS_CORE.pkl,560658,.pkl
omnis_legacy\trained\forex\individuals\USDCHF_M30_OMNIS_CORE.pkl,539165,.pkl
omnis_legacy\trained\forex\individuals\USDCHF_M5_OMNIS_CORE.pkl,592554,.pkl
omnis_legacy\trained\forex\individuals\USDJPY_H1_OMNIS_CORE.pkl,534726,.pkl
omnis_legacy\trained\forex\individuals\USDJPY_H4_OMNIS_CORE.pkl,525201,.pkl
omnis_legacy\trained\forex\individuals\USDJPY_M15_OMNIS_CORE.pkl,619210,.pkl
omnis_legacy\trained\forex\individuals\USDJPY_M30_OMNIS_CORE.pkl,610915,.pkl
omnis_legacy\trained\forex\individuals\USDJPY_M5_OMNIS_CORE.pkl,606496,.pkl
omnis_legacy\trained\forex\super_models\OMNIS_SUPER_GLOBAL.pkl,1749438,.pkl
omnis_legacy\trained\omnis_v2_classifier.pkl,4417388,.pkl
omnis_legacy\trained\omnis_v2_D1.pkl,4558444,.pkl
omnis_legacy\trained\omnis_v2_D1_features.txt,133,.txt
omnis_legacy\trained\omnis_v2_H1.pkl,5005292,.pkl
omnis_legacy\trained\omnis_v2_H1_features.txt,133,.txt
omnis_legacy\trained\omnis_v2_M15.pkl,5488844,.pkl
omnis_legacy\trained\omnis_v2_M15_features.txt,142,.txt
omnis_legacy\trained\orderflow\xgboost\AUDJPY_H1_orderflow_xgboost.pkl,90151,.pkl
omnis_legacy\trained\orderflow\xgboost\AUDJPY_H1_orderflow_xgboost_metadata.json,1584,.json
omnis_legacy\trained\orderflow\xgboost\AUDJPY_H4_orderflow_xgboost.pkl,75375,.pkl
omnis_legacy\trained\orderflow\xgboost\AUDJPY_H4_orderflow_xgboost_metadata.json,1584,.json
omnis_legacy\trained\orderflow\xgboost\AUDJPY_M15_orderflow_xgboost.pkl,75375,.pkl
omnis_legacy\trained\orderflow\xgboost\AUDJPY_M15_orderflow_xgboost_metadata.json,1585,.json
omnis_legacy\trained\orderflow\xgboost\AUDJPY_M30_orderflow_xgboost.pkl,75375,.pkl
omnis_legacy\trained\orderflow\xgboost\AUDJPY_M30_orderflow_xgboost_metadata.json,1585,.json
omnis_legacy\trained\orderflow\xgboost\AUDJPY_M5_orderflow_xgboost.pkl,75375,.pkl
omnis_legacy\trained\orderflow\xgboost\AUDJPY_M5_orderflow_xgboost_metadata.json,1584,.json
omnis_legacy\trained\orderflow\xgboost\AUDUSD_H1_orderflow_xgboost.pkl,75375,.pkl
omnis_legacy\trained\orderflow\xgboost\AUDUSD_H1_orderflow_xgboost_metadata.json,1584,.json
omnis_legacy\trained\orderflow\xgboost\AUDUSD_H4_orderflow_xgboost.pkl,75375,.pkl
omnis_legacy\trained\orderflow\xgboost\AUDUSD_H4_orderflow_xgboost_metadata.json,1584,.json
omnis_legacy\trained\orderflow\xgboost\AUDUSD_M15_orderflow_xgboost.pkl,75375,.pkl
omnis_legacy\trained\orderflow\xgboost\AUDUSD_M15_orderflow_xgboost_metadata.json,1585,.json
omnis_legacy\trained\orderflow\xgboost\AUDUSD_M30_orderflow_xgboost.pkl,75375,.pkl
omnis_legacy\trained\orderflow\xgboost\AUDUSD_M30_orderflow_xgboost_metadata.json,1585,.json
omnis_legacy\trained\orderflow\xgboost\AUDUSD_M5_orderflow_xgboost.pkl,75375,.pkl
omnis_legacy\trained\orderflow\xgboost\AUDUSD_M5_orderflow_xgboost_metadata.json,1584,.json
omnis_legacy\trained\orderflow\xgboost\BTCUSD_H1_orderflow_xgboost.pkl,75375,.pkl
omnis_legacy\trained\orderflow\xgboost\BTCUSD_H1_orderflow_xgboost_metadata.json,1584,.json
omnis_legacy\trained\orderflow\xgboost\BTCUSD_H4_orderflow_xgboost.pkl,75391,.pkl
omnis_legacy\trained\orderflow\xgboost\BTCUSD_H4_orderflow_xgboost_metadata.json,1584,.json
omnis_legacy\trained\orderflow\xgboost\BTCUSD_M15_orderflow_xgboost.pkl,75393,.pkl
omnis_legacy\trained\orderflow\xgboost\BTCUSD_M15_orderflow_xgboost_metadata.json,1585,.json
omnis_legacy\trained\orderflow\xgboost\BTCUSD_M30_orderflow_xgboost.pkl,75375,.pkl
omnis_legacy\trained\orderflow\xgboost\BTCUSD_M30_orderflow_xgboost_metadata.json,1585,.json
omnis_legacy\trained\orderflow\xgboost\BTCUSD_M5_orderflow_xgboost.pkl,75375,.pkl
omnis_legacy\trained\orderflow\xgboost\BTCUSD_M5_orderflow_xgboost_metadata.json,1584,.json
omnis_legacy\trained\orderflow\xgboost\ETHUSD_H1_orderflow_xgboost.pkl,75375,.pkl
omnis_legacy\trained\orderflow\xgboost\ETHUSD_H1_orderflow_xgboost_metadata.json,1584,.json
omnis_legacy\trained\orderflow\xgboost\ETHUSD_H4_orderflow_xgboost.pkl,75375,.pkl
omnis_legacy\trained\orderflow\xgboost\ETHUSD_H4_orderflow_xgboost_metadata.json,1584,.json
omnis_legacy\trained\orderflow\xgboost\ETHUSD_M15_orderflow_xgboost.pkl,75375,.pkl
omnis_legacy\trained\orderflow\xgboost\ETHUSD_M15_orderflow_xgboost_metadata.json,1585,.json
omnis_legacy\trained\orderflow\xgboost\ETHUSD_M30_orderflow_xgboost.pkl,75375,.pkl
omnis_legacy\trained\orderflow\xgboost\ETHUSD_M30_orderflow_xgboost_metadata.json,1585,.json
omnis_legacy\trained\orderflow\xgboost\ETHUSD_M5_orderflow_xgboost.pkl,75375,.pkl
omnis_legacy\trained\orderflow\xgboost\ETHUSD_M5_orderflow_xgboost_metadata.json,1584,.json
omnis_legacy\trained\orderflow\xgboost\EURCAD_H1_orderflow_xgboost.pkl,75375,.pkl
omnis_legacy\trained\orderflow\xgboost\EURCAD_H1_orderflow_xgboost_metadata.json,1584,.json
omnis_legacy\trained\orderflow\xgboost\EURCAD_H4_orderflow_xgboost.pkl,75375,.pkl
omnis_legacy\trained\orderflow\xgboost\EURCAD_H4_orderflow_xgboost_metadata.json,1584,.json
omnis_legacy\trained\orderflow\xgboost\EURCAD_M15_orderflow_xgboost.pkl,91305,.pkl
omnis_legacy\trained\orderflow\xgboost\EURCAD_M15_orderflow_xgboost_metadata.json,1585,.json
omnis_legacy\trained\orderflow\xgboost\EURCAD_M30_orderflow_xgboost.pkl,90081,.pkl
omnis_legacy\trained\orderflow\xgboost\EURCAD_M30_orderflow_xgboost_metadata.json,1585,.json
omnis_legacy\trained\orderflow\xgboost\EURCAD_M5_orderflow_xgboost.pkl,75375,.pkl
omnis_legacy\trained\orderflow\xgboost\EURCAD_M5_orderflow_xgboost_metadata.json,1584,.json
omnis_legacy\trained\orderflow\xgboost\EURCHF_H1_orderflow_xgboost.pkl,94025,.pkl
omnis_legacy\trained\orderflow\xgboost\EURCHF_H1_orderflow_xgboost_metadata.json,1584,.json
omnis_legacy\trained\orderflow\xgboost\EURCHF_H4_orderflow_xgboost.pkl,97101,.pkl
omnis_legacy\trained\orderflow\xgboost\EURCHF_H4_orderflow_xgboost_metadata.json,1584,.json
omnis_legacy\trained\orderflow\xgboost\EURCHF_M15_orderflow_xgboost.pkl,95183,.pkl
omnis_legacy\trained\orderflow\xgboost\EURCHF_M15_orderflow_xgboost_metadata.json,1585,.json
omnis_legacy\trained\orderflow\xgboost\EURCHF_M30_orderflow_xgboost.pkl,93821,.pkl
omnis_legacy\trained\orderflow\xgboost\EURCHF_M30_orderflow_xgboost_metadata.json,1585,.json
omnis_legacy\trained\orderflow\xgboost\EURCHF_M5_orderflow_xgboost.pkl,75375,.pkl
omnis_legacy\trained\orderflow\xgboost\EURCHF_M5_orderflow_xgboost_metadata.json,1584,.json
omnis_legacy\trained\orderflow\xgboost\EURGBP_H1_orderflow_xgboost.pkl,90967,.pkl
omnis_legacy\trained\orderflow\xgboost\EURGBP_H1_orderflow_xgboost_metadata.json,1584,.json
omnis_legacy\trained\orderflow\xgboost\EURGBP_H4_orderflow_xgboost.pkl,95820,.pkl
omnis_legacy\trained\orderflow\xgboost\EURGBP_H4_orderflow_xgboost_metadata.json,1584,.json
omnis_legacy\trained\orderflow\xgboost\EURGBP_M15_orderflow_xgboost.pkl,91099,.pkl
omnis_legacy\trained\orderflow\xgboost\EURGBP_M15_orderflow_xgboost_metadata.json,1585,.json
omnis_legacy\trained\orderflow\xgboost\EURGBP_M30_orderflow_xgboost.pkl,90761,.pkl
omnis_legacy\trained\orderflow\xgboost\EURGBP_M30_orderflow_xgboost_metadata.json,1585,.json
omnis_legacy\trained\orderflow\xgboost\EURGBP_M5_orderflow_xgboost.pkl,75375,.pkl
omnis_legacy\trained\orderflow\xgboost\EURGBP_M5_orderflow_xgboost_metadata.json,1584,.json
omnis_legacy\trained\orderflow\xgboost\EURJPY_H1_orderflow_xgboost.pkl,91783,.pkl
omnis_legacy\trained\orderflow\xgboost\EURJPY_H1_orderflow_xgboost_metadata.json,1584,.json
omnis_legacy\trained\orderflow\xgboost\EURJPY_H4_orderflow_xgboost.pkl,91238,.pkl
omnis_legacy\trained\orderflow\xgboost\EURJPY_H4_orderflow_xgboost_metadata.json,1584,.json
omnis_legacy\trained\orderflow\xgboost\EURJPY_M15_orderflow_xgboost.pkl,90898,.pkl
omnis_legacy\trained\orderflow\xgboost\EURJPY_M15_orderflow_xgboost_metadata.json,1585,.json
omnis_legacy\trained\orderflow\xgboost\EURJPY_M30_orderflow_xgboost.pkl,90762,.pkl
omnis_legacy\trained\orderflow\xgboost\EURJPY_M30_orderflow_xgboost_metadata.json,1585,.json
omnis_legacy\trained\orderflow\xgboost\EURJPY_M5_orderflow_xgboost.pkl,75375,.pkl
omnis_legacy\trained\orderflow\xgboost\EURJPY_M5_orderflow_xgboost_metadata.json,1584,.json
omnis_legacy\trained\orderflow\xgboost\EURUSD_H1_orderflow_xgboost.pkl,105739,.pkl
omnis_legacy\trained\orderflow\xgboost\EURUSD_H1_orderflow_xgboost_metadata.json,1584,.json
omnis_legacy\trained\orderflow\xgboost\EURUSD_H4_orderflow_xgboost.pkl,95659,.pkl
omnis_legacy\trained\orderflow\xgboost\EURUSD_H4_orderflow_xgboost_metadata.json,1584,.json
omnis_legacy\trained\orderflow\xgboost\EURUSD_M15_orderflow_xgboost.pkl,75375,.pkl
omnis_legacy\trained\orderflow\xgboost\EURUSD_M15_orderflow_xgboost_metadata.json,1585,.json
omnis_legacy\trained\orderflow\xgboost\EURUSD_M30_orderflow_xgboost.pkl,75375,.pkl
omnis_legacy\trained\orderflow\xgboost\EURUSD_M30_orderflow_xgboost_metadata.json,1585,.json
omnis_legacy\trained\orderflow\xgboost\EURUSD_M5_orderflow_xgboost.pkl,75375,.pkl
omnis_legacy\trained\orderflow\xgboost\EURUSD_M5_orderflow_xgboost_metadata.json,1584,.json
omnis_legacy\trained\orderflow\xgboost\GBPJPY_H1_orderflow_xgboost.pkl,92397,.pkl
omnis_legacy\trained\orderflow\xgboost\GBPJPY_H1_orderflow_xgboost_metadata.json,1584,.json
omnis_legacy\trained\orderflow\xgboost\GBPJPY_H4_orderflow_xgboost.pkl,96091,.pkl
omnis_legacy\trained\orderflow\xgboost\GBPJPY_H4_orderflow_xgboost_metadata.json,1584,.json
omnis_legacy\trained\orderflow\xgboost\GBPJPY_M15_orderflow_xgboost.pkl,90555,.pkl
omnis_legacy\trained\orderflow\xgboost\GBPJPY_M15_orderflow_xgboost_metadata.json,1585,.json
omnis_legacy\trained\orderflow\xgboost\GBPJPY_M30_orderflow_xgboost.pkl,90217,.pkl
omnis_legacy\trained\orderflow\xgboost\GBPJPY_M30_orderflow_xgboost_metadata.json,1585,.json
omnis_legacy\trained\orderflow\xgboost\GBPJPY_M5_orderflow_xgboost.pkl,75375,.pkl
omnis_legacy\trained\orderflow\xgboost\GBPJPY_M5_orderflow_xgboost_metadata.json,1584,.json
omnis_legacy\trained\orderflow\xgboost\GBPUSD_H1_orderflow_xgboost.pkl,93692,.pkl
omnis_legacy\trained\orderflow\xgboost\GBPUSD_H1_orderflow_xgboost_metadata.json,1584,.json
omnis_legacy\trained\orderflow\xgboost\GBPUSD_H4_orderflow_xgboost.pkl,96907,.pkl
omnis_legacy\trained\orderflow\xgboost\GBPUSD_H4_orderflow_xgboost_metadata.json,1584,.json
omnis_legacy\trained\orderflow\xgboost\GBPUSD_M15_orderflow_xgboost.pkl,89467,.pkl
omnis_legacy\trained\orderflow\xgboost\GBPUSD_M15_orderflow_xgboost_metadata.json,1585,.json
omnis_legacy\trained\orderflow\xgboost\GBPUSD_M30_orderflow_xgboost.pkl,90283,.pkl
omnis_legacy\trained\orderflow\xgboost\GBPUSD_M30_orderflow_xgboost_metadata.json,1585,.json
omnis_legacy\trained\orderflow\xgboost\GBPUSD_M5_orderflow_xgboost.pkl,75375,.pkl
omnis_legacy\trained\orderflow\xgboost\GBPUSD_M5_orderflow_xgboost_metadata.json,1584,.json
omnis_legacy\trained\orderflow\xgboost\GOLD_H1_orderflow_xgboost.pkl,85661,.pkl
omnis_legacy\trained\orderflow\xgboost\GOLD_H1_orderflow_xgboost_metadata.json,1582,.json
omnis_legacy\trained\orderflow\xgboost\GOLD_H4_orderflow_xgboost.pkl,85797,.pkl
omnis_legacy\trained\orderflow\xgboost\GOLD_H4_orderflow_xgboost_metadata.json,1582,.json
omnis_legacy\trained\orderflow\xgboost\GOLD_M15_orderflow_xgboost.pkl,85795,.pkl
omnis_legacy\trained\orderflow\xgboost\GOLD_M15_orderflow_xgboost_metadata.json,1583,.json
omnis_legacy\trained\orderflow\xgboost\GOLD_M30_orderflow_xgboost.pkl,85729,.pkl
omnis_legacy\trained\orderflow\xgboost\GOLD_M30_orderflow_xgboost_metadata.json,1583,.json
omnis_legacy\trained\orderflow\xgboost\GOLD_M5_orderflow_xgboost.pkl,75375,.pkl
omnis_legacy\trained\orderflow\xgboost\GOLD_M5_orderflow_xgboost_metadata.json,1582,.json
omnis_legacy\trained\orderflow\xgboost\NZDUSD_H1_orderflow_xgboost.pkl,91578,.pkl
omnis_legacy\trained\orderflow\xgboost\NZDUSD_H1_orderflow_xgboost_metadata.json,1584,.json
omnis_legacy\trained\orderflow\xgboost\NZDUSD_H4_orderflow_xgboost.pkl,96294,.pkl
omnis_legacy\trained\orderflow\xgboost\NZDUSD_H4_orderflow_xgboost_metadata.json,1584,.json
omnis_legacy\trained\orderflow\xgboost\NZDUSD_M15_orderflow_xgboost.pkl,91237,.pkl
omnis_legacy\trained\orderflow\xgboost\NZDUSD_M15_orderflow_xgboost_metadata.json,1585,.json
omnis_legacy\trained\orderflow\xgboost\NZDUSD_M30_orderflow_xgboost.pkl,92187,.pkl
omnis_legacy\trained\orderflow\xgboost\NZDUSD_M30_orderflow_xgboost_metadata.json,1585,.json
omnis_legacy\trained\orderflow\xgboost\NZDUSD_M5_orderflow_xgboost.pkl,75375,.pkl
omnis_legacy\trained\orderflow\xgboost\NZDUSD_M5_orderflow_xgboost_metadata.json,1584,.json
omnis_legacy\trained\orderflow\xgboost\USDCAD_H1_orderflow_xgboost.pkl,90425,.pkl
omnis_legacy\trained\orderflow\xgboost\USDCAD_H1_orderflow_xgboost_metadata.json,1584,.json
omnis_legacy\trained\orderflow\xgboost\USDCAD_H4_orderflow_xgboost.pkl,92265,.pkl
omnis_legacy\trained\orderflow\xgboost\USDCAD_H4_orderflow_xgboost_metadata.json,1584,.json
omnis_legacy\trained\orderflow\xgboost\USDCAD_M15_orderflow_xgboost.pkl,92256,.pkl
omnis_legacy\trained\orderflow\xgboost\USDCAD_M15_orderflow_xgboost_metadata.json,1585,.json
omnis_legacy\trained\orderflow\xgboost\USDCAD_M30_orderflow_xgboost.pkl,90695,.pkl
omnis_legacy\trained\orderflow\xgboost\USDCAD_M30_orderflow_xgboost_metadata.json,1585,.json
omnis_legacy\trained\orderflow\xgboost\USDCAD_M5_orderflow_xgboost.pkl,75375,.pkl
omnis_legacy\trained\orderflow\xgboost\USDCAD_M5_orderflow_xgboost_metadata.json,1584,.json
omnis_legacy\trained\orderflow\xgboost\USDCHF_H1_orderflow_xgboost.pkl,92595,.pkl
omnis_legacy\trained\orderflow\xgboost\USDCHF_H1_orderflow_xgboost_metadata.json,1584,.json
omnis_legacy\trained\orderflow\xgboost\USDCHF_H4_orderflow_xgboost.pkl,96019,.pkl
omnis_legacy\trained\orderflow\xgboost\USDCHF_H4_orderflow_xgboost_metadata.json,1584,.json
omnis_legacy\trained\orderflow\xgboost\USDCHF_M15_orderflow_xgboost.pkl,96745,.pkl
omnis_legacy\trained\orderflow\xgboost\USDCHF_M15_orderflow_xgboost_metadata.json,1585,.json
omnis_legacy\trained\orderflow\xgboost\USDCHF_M30_orderflow_xgboost.pkl,94841,.pkl
omnis_legacy\trained\orderflow\xgboost\USDCHF_M30_orderflow_xgboost_metadata.json,1585,.json
omnis_legacy\trained\orderflow\xgboost\USDCHF_M5_orderflow_xgboost.pkl,75375,.pkl
omnis_legacy\trained\orderflow\xgboost\USDCHF_M5_orderflow_xgboost_metadata.json,1584,.json
omnis_legacy\trained\orderflow\xgboost\USDJPY_H1_orderflow_xgboost.pkl,90287,.pkl
omnis_legacy\trained\orderflow\xgboost\USDJPY_H1_orderflow_xgboost_metadata.json,1584,.json
omnis_legacy\trained\orderflow\xgboost\USDJPY_H4_orderflow_xgboost.pkl,94314,.pkl
omnis_legacy\trained\orderflow\xgboost\USDJPY_H4_orderflow_xgboost_metadata.json,1584,.json
omnis_legacy\trained\orderflow\xgboost\USDJPY_M15_orderflow_xgboost.pkl,89807,.pkl
omnis_legacy\trained\orderflow\xgboost\USDJPY_M15_orderflow_xgboost_metadata.json,1585,.json
omnis_legacy\trained\orderflow\xgboost\USDJPY_M30_orderflow_xgboost.pkl,89741,.pkl
omnis_legacy\trained\orderflow\xgboost\USDJPY_M30_orderflow_xgboost_metadata.json,1585,.json
omnis_legacy\trained\orderflow\xgboost\USDJPY_M5_orderflow_xgboost.pkl,75375,.pkl
omnis_legacy\trained\orderflow\xgboost\USDJPY_M5_orderflow_xgboost_metadata.json,1584,.json
omnis_legacy\trained\reversal\xgboost\AUDJPY_H1_reversal_xgboost.pkl,75375,.pkl
omnis_legacy\trained\reversal\xgboost\AUDJPY_H1_reversal_xgboost_metadata.json,1584,.json
omnis_legacy\trained\reversal\xgboost\AUDJPY_H4_reversal_xgboost.pkl,75375,.pkl
omnis_legacy\trained\reversal\xgboost\AUDJPY_H4_reversal_xgboost_metadata.json,1584,.json
omnis_legacy\trained\reversal\xgboost\AUDJPY_M15_reversal_xgboost.pkl,75375,.pkl
omnis_legacy\trained\reversal\xgboost\AUDJPY_M15_reversal_xgboost_metadata.json,1585,.json
omnis_legacy\trained\reversal\xgboost\AUDJPY_M30_reversal_xgboost.pkl,75375,.pkl
omnis_legacy\trained\reversal\xgboost\AUDJPY_M30_reversal_xgboost_metadata.json,1585,.json
omnis_legacy\trained\reversal\xgboost\AUDJPY_M5_reversal_xgboost.pkl,75375,.pkl
omnis_legacy\trained\reversal\xgboost\AUDJPY_M5_reversal_xgboost_metadata.json,1584,.json
omnis_legacy\trained\reversal\xgboost\AUDUSD_H1_reversal_xgboost.pkl,75375,.pkl
omnis_legacy\trained\reversal\xgboost\AUDUSD_H1_reversal_xgboost_metadata.json,1584,.json
omnis_legacy\trained\reversal\xgboost\AUDUSD_H4_reversal_xgboost.pkl,75375,.pkl
omnis_legacy\trained\reversal\xgboost\AUDUSD_H4_reversal_xgboost_metadata.json,1584,.json
omnis_legacy\trained\reversal\xgboost\AUDUSD_M15_reversal_xgboost.pkl,75375,.pkl
omnis_legacy\trained\reversal\xgboost\AUDUSD_M15_reversal_xgboost_metadata.json,1585,.json
omnis_legacy\trained\reversal\xgboost\AUDUSD_M30_reversal_xgboost.pkl,75375,.pkl
omnis_legacy\trained\reversal\xgboost\AUDUSD_M30_reversal_xgboost_metadata.json,1585,.json
omnis_legacy\trained\reversal\xgboost\AUDUSD_M5_reversal_xgboost.pkl,75375,.pkl
omnis_legacy\trained\reversal\xgboost\AUDUSD_M5_reversal_xgboost_metadata.json,1584,.json
omnis_legacy\trained\reversal\xgboost\BTCUSD_H1_reversal_xgboost.pkl,75375,.pkl
omnis_legacy\trained\reversal\xgboost\BTCUSD_H1_reversal_xgboost_metadata.json,1584,.json
omnis_legacy\trained\reversal\xgboost\BTCUSD_H4_reversal_xgboost.pkl,75375,.pkl
omnis_legacy\trained\reversal\xgboost\BTCUSD_H4_reversal_xgboost_metadata.json,1584,.json
omnis_legacy\trained\reversal\xgboost\BTCUSD_M15_reversal_xgboost.pkl,75375,.pkl
omnis_legacy\trained\reversal\xgboost\BTCUSD_M15_reversal_xgboost_metadata.json,1585,.json
omnis_legacy\trained\reversal\xgboost\BTCUSD_M30_reversal_xgboost.pkl,75375,.pkl
omnis_legacy\trained\reversal\xgboost\BTCUSD_M30_reversal_xgboost_metadata.json,1585,.json
omnis_legacy\trained\reversal\xgboost\BTCUSD_M5_reversal_xgboost.pkl,75375,.pkl
omnis_legacy\trained\reversal\xgboost\BTCUSD_M5_reversal_xgboost_metadata.json,1584,.json
omnis_legacy\trained\reversal\xgboost\ETHUSD_H1_reversal_xgboost.pkl,75375,.pkl
omnis_legacy\trained\reversal\xgboost\ETHUSD_H1_reversal_xgboost_metadata.json,1584,.json
omnis_legacy\trained\reversal\xgboost\ETHUSD_H4_reversal_xgboost.pkl,75375,.pkl
omnis_legacy\trained\reversal\xgboost\ETHUSD_H4_reversal_xgboost_metadata.json,1584,.json
omnis_legacy\trained\reversal\xgboost\ETHUSD_M15_reversal_xgboost.pkl,75375,.pkl
omnis_legacy\trained\reversal\xgboost\ETHUSD_M15_reversal_xgboost_metadata.json,1585,.json
omnis_legacy\trained\reversal\xgboost\ETHUSD_M30_reversal_xgboost.pkl,75375,.pkl
omnis_legacy\trained\reversal\xgboost\ETHUSD_M30_reversal_xgboost_metadata.json,1585,.json
omnis_legacy\trained\reversal\xgboost\ETHUSD_M5_reversal_xgboost.pkl,75375,.pkl
omnis_legacy\trained\reversal\xgboost\ETHUSD_M5_reversal_xgboost_metadata.json,1584,.json
omnis_legacy\trained\reversal\xgboost\EURCAD_H1_reversal_xgboost.pkl,75375,.pkl
omnis_legacy\trained\reversal\xgboost\EURCAD_H1_reversal_xgboost_metadata.json,1584,.json
omnis_legacy\trained\reversal\xgboost\EURCAD_H4_reversal_xgboost.pkl,75375,.pkl
omnis_legacy\trained\reversal\xgboost\EURCAD_H4_reversal_xgboost_metadata.json,1584,.json
omnis_legacy\trained\reversal\xgboost\EURCAD_M15_reversal_xgboost.pkl,75375,.pkl
omnis_legacy\trained\reversal\xgboost\EURCAD_M15_reversal_xgboost_metadata.json,1585,.json
omnis_legacy\trained\reversal\xgboost\EURCAD_M30_reversal_xgboost.pkl,75375,.pkl
omnis_legacy\trained\reversal\xgboost\EURCAD_M30_reversal_xgboost_metadata.json,1585,.json
omnis_legacy\trained\reversal\xgboost\EURCAD_M5_reversal_xgboost.pkl,75375,.pkl
omnis_legacy\trained\reversal\xgboost\EURCAD_M5_reversal_xgboost_metadata.json,1584,.json
omnis_legacy\trained\reversal\xgboost\EURCHF_H1_reversal_xgboost.pkl,75375,.pkl
omnis_legacy\trained\reversal\xgboost\EURCHF_H1_reversal_xgboost_metadata.json,1584,.json
omnis_legacy\trained\reversal\xgboost\EURCHF_H4_reversal_xgboost.pkl,75375,.pkl
omnis_legacy\trained\reversal\xgboost\EURCHF_H4_reversal_xgboost_metadata.json,1584,.json
omnis_legacy\trained\reversal\xgboost\EURCHF_M15_reversal_xgboost.pkl,75375,.pkl
omnis_legacy\trained\reversal\xgboost\EURCHF_M15_reversal_xgboost_metadata.json,1585,.json
omnis_legacy\trained\reversal\xgboost\EURCHF_M30_reversal_xgboost.pkl,75375,.pkl
omnis_legacy\trained\reversal\xgboost\EURCHF_M30_reversal_xgboost_metadata.json,1585,.json
omnis_legacy\trained\reversal\xgboost\EURCHF_M5_reversal_xgboost.pkl,75375,.pkl
omnis_legacy\trained\reversal\xgboost\EURCHF_M5_reversal_xgboost_metadata.json,1584,.json
omnis_legacy\trained\reversal\xgboost\EURGBP_H1_reversal_xgboost.pkl,75375,.pkl
omnis_legacy\trained\reversal\xgboost\EURGBP_H1_reversal_xgboost_metadata.json,1584,.json
omnis_legacy\trained\reversal\xgboost\EURGBP_H4_reversal_xgboost.pkl,75375,.pkl
omnis_legacy\trained\reversal\xgboost\EURGBP_H4_reversal_xgboost_metadata.json,1584,.json
omnis_legacy\trained\reversal\xgboost\EURGBP_M15_reversal_xgboost.pkl,75375,.pkl
omnis_legacy\trained\reversal\xgboost\EURGBP_M15_reversal_xgboost_metadata.json,1585,.json
omnis_legacy\trained\reversal\xgboost\EURGBP_M30_reversal_xgboost.pkl,75375,.pkl
omnis_legacy\trained\reversal\xgboost\EURGBP_M30_reversal_xgboost_metadata.json,1585,.json
omnis_legacy\trained\reversal\xgboost\EURGBP_M5_reversal_xgboost.pkl,75375,.pkl
omnis_legacy\trained\reversal\xgboost\EURGBP_M5_reversal_xgboost_metadata.json,1584,.json
omnis_legacy\trained\reversal\xgboost\EURJPY_H1_reversal_xgboost.pkl,75375,.pkl
omnis_legacy\trained\reversal\xgboost\EURJPY_H1_reversal_xgboost_metadata.json,1584,.json
omnis_legacy\trained\reversal\xgboost\EURJPY_H4_reversal_xgboost.pkl,75375,.pkl
omnis_legacy\trained\reversal\xgboost\EURJPY_H4_reversal_xgboost_metadata.json,1584,.json
omnis_legacy\trained\reversal\xgboost\EURJPY_M15_reversal_xgboost.pkl,75375,.pkl
omnis_legacy\trained\reversal\xgboost\EURJPY_M15_reversal_xgboost_metadata.json,1585,.json
omnis_legacy\trained\reversal\xgboost\EURJPY_M30_reversal_xgboost.pkl,75375,.pkl
omnis_legacy\trained\reversal\xgboost\EURJPY_M30_reversal_xgboost_metadata.json,1585,.json
omnis_legacy\trained\reversal\xgboost\EURJPY_M5_reversal_xgboost.pkl,75375,.pkl
omnis_legacy\trained\reversal\xgboost\EURJPY_M5_reversal_xgboost_metadata.json,1584,.json
omnis_legacy\trained\reversal\xgboost\EURUSD_H1_reversal_xgboost.pkl,75375,.pkl
omnis_legacy\trained\reversal\xgboost\EURUSD_H1_reversal_xgboost_metadata.json,1584,.json
omnis_legacy\trained\reversal\xgboost\EURUSD_H4_reversal_xgboost.pkl,75375,.pkl
omnis_legacy\trained\reversal\xgboost\EURUSD_H4_reversal_xgboost_metadata.json,1584,.json
omnis_legacy\trained\reversal\xgboost\EURUSD_M15_reversal_xgboost.pkl,75375,.pkl
omnis_legacy\trained\reversal\xgboost\EURUSD_M15_reversal_xgboost_metadata.json,1585,.json
omnis_legacy\trained\reversal\xgboost\EURUSD_M30_reversal_xgboost.pkl,75375,.pkl
omnis_legacy\trained\reversal\xgboost\EURUSD_M30_reversal_xgboost_metadata.json,1585,.json
omnis_legacy\trained\reversal\xgboost\EURUSD_M5_reversal_xgboost.pkl,75375,.pkl
omnis_legacy\trained\reversal\xgboost\EURUSD_M5_reversal_xgboost_metadata.json,1584,.json
omnis_legacy\trained\reversal\xgboost\GBPJPY_H1_reversal_xgboost.pkl,75375,.pkl
omnis_legacy\trained\reversal\xgboost\GBPJPY_H1_reversal_xgboost_metadata.json,1584,.json
omnis_legacy\trained\reversal\xgboost\GBPJPY_H4_reversal_xgboost.pkl,75375,.pkl
omnis_legacy\trained\reversal\xgboost\GBPJPY_H4_reversal_xgboost_metadata.json,1584,.json
omnis_legacy\trained\reversal\xgboost\GBPJPY_M15_reversal_xgboost.pkl,75375,.pkl
omnis_legacy\trained\reversal\xgboost\GBPJPY_M15_reversal_xgboost_metadata.json,1585,.json
omnis_legacy\trained\reversal\xgboost\GBPJPY_M30_reversal_xgboost.pkl,75375,.pkl
omnis_legacy\trained\reversal\xgboost\GBPJPY_M30_reversal_xgboost_metadata.json,1585,.json
omnis_legacy\trained\reversal\xgboost\GBPJPY_M5_reversal_xgboost.pkl,75375,.pkl
omnis_legacy\trained\reversal\xgboost\GBPJPY_M5_reversal_xgboost_metadata.json,1584,.json
omnis_legacy\trained\reversal\xgboost\GBPUSD_H1_reversal_xgboost.pkl,75375,.pkl
omnis_legacy\trained\reversal\xgboost\GBPUSD_H1_reversal_xgboost_metadata.json,1584,.json
omnis_legacy\trained\reversal\xgboost\GBPUSD_H4_reversal_xgboost.pkl,75375,.pkl
omnis_legacy\trained\reversal\xgboost\GBPUSD_H4_reversal_xgboost_metadata.json,1584,.json
omnis_legacy\trained\reversal\xgboost\GBPUSD_M15_reversal_xgboost.pkl,75375,.pkl
omnis_legacy\trained\reversal\xgboost\GBPUSD_M15_reversal_xgboost_metadata.json,1585,.json
omnis_legacy\trained\reversal\xgboost\GBPUSD_M30_reversal_xgboost.pkl,75375,.pkl
omnis_legacy\trained\reversal\xgboost\GBPUSD_M30_reversal_xgboost_metadata.json,1585,.json
omnis_legacy\trained\reversal\xgboost\GBPUSD_M5_reversal_xgboost.pkl,75375,.pkl
omnis_legacy\trained\reversal\xgboost\GBPUSD_M5_reversal_xgboost_metadata.json,1584,.json
omnis_legacy\trained\reversal\xgboost\GOLD_H1_reversal_xgboost.pkl,75375,.pkl
omnis_legacy\trained\reversal\xgboost\GOLD_H1_reversal_xgboost_metadata.json,1582,.json
omnis_legacy\trained\reversal\xgboost\GOLD_H4_reversal_xgboost.pkl,75375,.pkl
omnis_legacy\trained\reversal\xgboost\GOLD_H4_reversal_xgboost_metadata.json,1582,.json
omnis_legacy\trained\reversal\xgboost\GOLD_M15_reversal_xgboost.pkl,75375,.pkl
omnis_legacy\trained\reversal\xgboost\GOLD_M15_reversal_xgboost_metadata.json,1583,.json
omnis_legacy\trained\reversal\xgboost\GOLD_M30_reversal_xgboost.pkl,75375,.pkl
omnis_legacy\trained\reversal\xgboost\GOLD_M30_reversal_xgboost_metadata.json,1583,.json
omnis_legacy\trained\reversal\xgboost\GOLD_M5_reversal_xgboost.pkl,75375,.pkl
omnis_legacy\trained\reversal\xgboost\GOLD_M5_reversal_xgboost_metadata.json,1582,.json
omnis_legacy\trained\reversal\xgboost\NZDUSD_H1_reversal_xgboost.pkl,75375,.pkl
omnis_legacy\trained\reversal\xgboost\NZDUSD_H1_reversal_xgboost_metadata.json,1584,.json
omnis_legacy\trained\reversal\xgboost\NZDUSD_H4_reversal_xgboost.pkl,75375,.pkl
omnis_legacy\trained\reversal\xgboost\NZDUSD_H4_reversal_xgboost_metadata.json,1584,.json
omnis_legacy\trained\reversal\xgboost\NZDUSD_M15_reversal_xgboost.pkl,75375,.pkl
omnis_legacy\trained\reversal\xgboost\NZDUSD_M15_reversal_xgboost_metadata.json,1585,.json
omnis_legacy\trained\reversal\xgboost\NZDUSD_M30_reversal_xgboost.pkl,75375,.pkl
omnis_legacy\trained\reversal\xgboost\NZDUSD_M30_reversal_xgboost_metadata.json,1585,.json
omnis_legacy\trained\reversal\xgboost\NZDUSD_M5_reversal_xgboost.pkl,75375,.pkl
omnis_legacy\trained\reversal\xgboost\NZDUSD_M5_reversal_xgboost_metadata.json,1584,.json
omnis_legacy\trained\reversal\xgboost\USDCAD_H1_reversal_xgboost.pkl,75375,.pkl
omnis_legacy\trained\reversal\xgboost\USDCAD_H1_reversal_xgboost_metadata.json,1584,.json
omnis_legacy\trained\reversal\xgboost\USDCAD_H4_reversal_xgboost.pkl,75375,.pkl
omnis_legacy\trained\reversal\xgboost\USDCAD_H4_reversal_xgboost_metadata.json,1584,.json
omnis_legacy\trained\reversal\xgboost\USDCAD_M15_reversal_xgboost.pkl,75375,.pkl
omnis_legacy\trained\reversal\xgboost\USDCAD_M15_reversal_xgboost_metadata.json,1585,.json
omnis_legacy\trained\reversal\xgboost\USDCAD_M30_reversal_xgboost.pkl,75375,.pkl
omnis_legacy\trained\reversal\xgboost\USDCAD_M30_reversal_xgboost_metadata.json,1585,.json
omnis_legacy\trained\reversal\xgboost\USDCAD_M5_reversal_xgboost.pkl,75375,.pkl
omnis_legacy\trained\reversal\xgboost\USDCAD_M5_reversal_xgboost_metadata.json,1584,.json
omnis_legacy\trained\reversal\xgboost\USDCHF_H1_reversal_xgboost.pkl,75375,.pkl
omnis_legacy\trained\reversal\xgboost\USDCHF_H1_reversal_xgboost_metadata.json,1584,.json
omnis_legacy\trained\reversal\xgboost\USDCHF_H4_reversal_xgboost.pkl,75375,.pkl
omnis_legacy\trained\reversal\xgboost\USDCHF_H4_reversal_xgboost_metadata.json,1584,.json
omnis_legacy\trained\reversal\xgboost\USDCHF_M15_reversal_xgboost.pkl,75375,.pkl
omnis_legacy\trained\reversal\xgboost\USDCHF_M15_reversal_xgboost_metadata.json,1585,.json
omnis_legacy\trained\reversal\xgboost\USDCHF_M30_reversal_xgboost.pkl,75375,.pkl
omnis_legacy\trained\reversal\xgboost\USDCHF_M30_reversal_xgboost_metadata.json,1585,.json
omnis_legacy\trained\reversal\xgboost\USDCHF_M5_reversal_xgboost.pkl,75375,.pkl
omnis_legacy\trained\reversal\xgboost\USDCHF_M5_reversal_xgboost_metadata.json,1584,.json
omnis_legacy\trained\reversal\xgboost\USDJPY_H1_reversal_xgboost.pkl,75375,.pkl
omnis_legacy\trained\reversal\xgboost\USDJPY_H1_reversal_xgboost_metadata.json,1584,.json
omnis_legacy\trained\reversal\xgboost\USDJPY_H4_reversal_xgboost.pkl,75375,.pkl
omnis_legacy\trained\reversal\xgboost\USDJPY_H4_reversal_xgboost_metadata.json,1584,.json
omnis_legacy\trained\reversal\xgboost\USDJPY_M15_reversal_xgboost.pkl,75375,.pkl
omnis_legacy\trained\reversal\xgboost\USDJPY_M15_reversal_xgboost_metadata.json,1585,.json
omnis_legacy\trained\reversal\xgboost\USDJPY_M30_reversal_xgboost.pkl,75375,.pkl
omnis_legacy\trained\reversal\xgboost\USDJPY_M30_reversal_xgboost_metadata.json,1585,.json
omnis_legacy\trained\reversal\xgboost\USDJPY_M5_reversal_xgboost.pkl,75375,.pkl
omnis_legacy\trained\reversal\xgboost\USDJPY_M5_reversal_xgboost_metadata.json,1584,.json
omnis_legacy\trained\trend\xgboost\AUDJPY_H1_trend_xgboost.pkl,239781,.pkl
omnis_legacy\trained\trend\xgboost\AUDJPY_H1_trend_xgboost_metadata.json,1587,.json
omnis_legacy\trained\trend\xgboost\AUDJPY_H4_trend_xgboost.pkl,204353,.pkl
omnis_legacy\trained\trend\xgboost\AUDJPY_H4_trend_xgboost_metadata.json,1587,.json
omnis_legacy\trained\trend\xgboost\AUDJPY_M15_trend_xgboost.pkl,266573,.pkl
omnis_legacy\trained\trend\xgboost\AUDJPY_M15_trend_xgboost_metadata.json,1587,.json
omnis_legacy\trained\trend\xgboost\AUDJPY_M30_trend_xgboost.pkl,248619,.pkl
omnis_legacy\trained\trend\xgboost\AUDJPY_M30_trend_xgboost_metadata.json,1588,.json
omnis_legacy\trained\trend\xgboost\AUDJPY_M5_trend_xgboost.pkl,274051,.pkl
omnis_legacy\trained\trend\xgboost\AUDJPY_M5_trend_xgboost_metadata.json,1587,.json
omnis_legacy\trained\trend\xgboost\AUDUSD_H1_trend_xgboost.pkl,236311,.pkl
omnis_legacy\trained\trend\xgboost\AUDUSD_H1_trend_xgboost_metadata.json,1587,.json
omnis_legacy\trained\trend\xgboost\AUDUSD_H4_trend_xgboost.pkl,201225,.pkl
omnis_legacy\trained\trend\xgboost\AUDUSD_H4_trend_xgboost_metadata.json,1587,.json
omnis_legacy\trained\trend\xgboost\AUDUSD_M15_trend_xgboost.pkl,268137,.pkl
omnis_legacy\trained\trend\xgboost\AUDUSD_M15_trend_xgboost_metadata.json,1588,.json
omnis_legacy\trained\trend\xgboost\AUDUSD_M30_trend_xgboost.pkl,254537,.pkl
omnis_legacy\trained\trend\xgboost\AUDUSD_M30_trend_xgboost_metadata.json,1588,.json
omnis_legacy\trained\trend\xgboost\AUDUSD_M5_trend_xgboost.pkl,267593,.pkl
omnis_legacy\trained\trend\xgboost\AUDUSD_M5_trend_xgboost_metadata.json,1587,.json
omnis_legacy\trained\trend\xgboost\BTCUSD_H1_trend_xgboost.pkl,239643,.pkl
omnis_legacy\trained\trend\xgboost\BTCUSD_H1_trend_xgboost_metadata.json,1587,.json
omnis_legacy\trained\trend\xgboost\BTCUSD_H4_trend_xgboost.pkl,241343,.pkl
omnis_legacy\trained\trend\xgboost\BTCUSD_H4_trend_xgboost_metadata.json,1587,.json
omnis_legacy\trained\trend\xgboost\BTCUSD_M15_trend_xgboost.pkl,265825,.pkl
omnis_legacy\trained\trend\xgboost\BTCUSD_M15_trend_xgboost_metadata.json,1588,.json
omnis_legacy\trained\trend\xgboost\BTCUSD_M30_trend_xgboost.pkl,259841,.pkl
omnis_legacy\trained\trend\xgboost\BTCUSD_M30_trend_xgboost_metadata.json,1588,.json
omnis_legacy\trained\trend\xgboost\BTCUSD_M5_trend_xgboost.pkl,275073,.pkl
omnis_legacy\trained\trend\xgboost\BTCUSD_M5_trend_xgboost_metadata.json,1587,.json
omnis_legacy\trained\trend\xgboost\ETHUSD_H1_trend_xgboost.pkl,240733,.pkl
omnis_legacy\trained\trend\xgboost\ETHUSD_H1_trend_xgboost_metadata.json,1587,.json
omnis_legacy\trained\trend\xgboost\ETHUSD_H4_trend_xgboost.pkl,237331,.pkl
omnis_legacy\trained\trend\xgboost\ETHUSD_H4_trend_xgboost_metadata.json,1587,.json
omnis_legacy\trained\trend\xgboost\ETHUSD_M15_trend_xgboost.pkl,262289,.pkl
omnis_legacy\trained\trend\xgboost\ETHUSD_M15_trend_xgboost_metadata.json,1588,.json
omnis_legacy\trained\trend\xgboost\ETHUSD_M30_trend_xgboost.pkl,262695,.pkl
omnis_legacy\trained\trend\xgboost\ETHUSD_M30_trend_xgboost_metadata.json,1588,.json
omnis_legacy\trained\trend\xgboost\ETHUSD_M5_trend_xgboost.pkl,270583,.pkl
omnis_legacy\trained\trend\xgboost\ETHUSD_M5_trend_xgboost_metadata.json,1587,.json
omnis_legacy\trained\trend\xgboost\EURCAD_H1_trend_xgboost.pkl,244065,.pkl
omnis_legacy\trained\trend\xgboost\EURCAD_H1_trend_xgboost_metadata.json,1587,.json
omnis_legacy\trained\trend\xgboost\EURCAD_H4_trend_xgboost.pkl,204759,.pkl
omnis_legacy\trained\trend\xgboost\EURCAD_H4_trend_xgboost_metadata.json,1587,.json
omnis_legacy\trained\trend\xgboost\EURCAD_M15_trend_xgboost.pkl,264261,.pkl
omnis_legacy\trained\trend\xgboost\EURCAD_M15_trend_xgboost_metadata.json,1588,.json
omnis_legacy\trained\trend\xgboost\EURCAD_M30_trend_xgboost.pkl,254469,.pkl
omnis_legacy\trained\trend\xgboost\EURCAD_M30_trend_xgboost_metadata.json,1587,.json
omnis_legacy\trained\trend\xgboost\EURCAD_M5_trend_xgboost.pkl,276567,.pkl
omnis_legacy\trained\trend\xgboost\EURCAD_M5_trend_xgboost_metadata.json,1587,.json
omnis_legacy\trained\trend\xgboost\EURCHF_H1_trend_xgboost.pkl,232231,.pkl
omnis_legacy\trained\trend\xgboost\EURCHF_H1_trend_xgboost_metadata.json,1587,.json
omnis_legacy\trained\trend\xgboost\EURCHF_H4_trend_xgboost.pkl,217749,.pkl
omnis_legacy\trained\trend\xgboost\EURCHF_H4_trend_xgboost_metadata.json,1584,.json
omnis_legacy\trained\trend\xgboost\EURCHF_M15_trend_xgboost.pkl,262083,.pkl
omnis_legacy\trained\trend\xgboost\EURCHF_M15_trend_xgboost_metadata.json,1588,.json
omnis_legacy\trained\trend\xgboost\EURCHF_M30_trend_xgboost.pkl,237945,.pkl
omnis_legacy\trained\trend\xgboost\EURCHF_M30_trend_xgboost_metadata.json,1588,.json
omnis_legacy\trained\trend\xgboost\EURCHF_M5_trend_xgboost.pkl,270311,.pkl
omnis_legacy\trained\trend\xgboost\EURCHF_M5_trend_xgboost_metadata.json,1587,.json
omnis_legacy\trained\trend\xgboost\EURGBP_H1_trend_xgboost.pkl,231145,.pkl
omnis_legacy\trained\trend\xgboost\EURGBP_H1_trend_xgboost_metadata.json,1587,.json
omnis_legacy\trained\trend\xgboost\EURGBP_H4_trend_xgboost.pkl,213057,.pkl
omnis_legacy\trained\trend\xgboost\EURGBP_H4_trend_xgboost_metadata.json,1587,.json
omnis_legacy\trained\trend\xgboost\EURGBP_M15_trend_xgboost.pkl,260317,.pkl
omnis_legacy\trained\trend\xgboost\EURGBP_M15_trend_xgboost_metadata.json,1588,.json
omnis_legacy\trained\trend\xgboost\EURGBP_M30_trend_xgboost.pkl,251817,.pkl
omnis_legacy\trained\trend\xgboost\EURGBP_M30_trend_xgboost_metadata.json,1588,.json
omnis_legacy\trained\trend\xgboost\EURGBP_M5_trend_xgboost.pkl,274187,.pkl
omnis_legacy\trained\trend\xgboost\EURGBP_M5_trend_xgboost_metadata.json,1587,.json
omnis_legacy\trained\trend\xgboost\EURJPY_H1_trend_xgboost.pkl,262493,.pkl
omnis_legacy\trained\trend\xgboost\EURJPY_H1_trend_xgboost_metadata.json,1587,.json
omnis_legacy\trained\trend\xgboost\EURJPY_H4_trend_xgboost.pkl,260655,.pkl
omnis_legacy\trained\trend\xgboost\EURJPY_H4_trend_xgboost_metadata.json,1587,.json
omnis_legacy\trained\trend\xgboost\EURJPY_M15_trend_xgboost.pkl,258345,.pkl
omnis_legacy\trained\trend\xgboost\EURJPY_M15_trend_xgboost_metadata.json,1587,.json
omnis_legacy\trained\trend\xgboost\EURJPY_M30_trend_xgboost.pkl,260997,.pkl
omnis_legacy\trained\trend\xgboost\EURJPY_M30_trend_xgboost_metadata.json,1588,.json
omnis_legacy\trained\trend\xgboost\EURJPY_M5_trend_xgboost.pkl,272621,.pkl
omnis_legacy\trained\trend\xgboost\EURJPY_M5_trend_xgboost_metadata.json,1587,.json
omnis_legacy\trained\trend\xgboost\EURUSD_H1_trend_xgboost.pkl,272897,.pkl
omnis_legacy\trained\trend\xgboost\EURUSD_H1_trend_xgboost_metadata.json,1587,.json
omnis_legacy\trained\trend\xgboost\EURUSD_H4_trend_xgboost.pkl,260589,.pkl
omnis_legacy\trained\trend\xgboost\EURUSD_H4_trend_xgboost_metadata.json,1587,.json
omnis_legacy\trained\trend\xgboost\EURUSD_M15_trend_xgboost.pkl,271537,.pkl
omnis_legacy\trained\trend\xgboost\EURUSD_M15_trend_xgboost_metadata.json,1588,.json
omnis_legacy\trained\trend\xgboost\EURUSD_M30_trend_xgboost.pkl,278133,.pkl
omnis_legacy\trained\trend\xgboost\EURUSD_M30_trend_xgboost_metadata.json,1588,.json
omnis_legacy\trained\trend\xgboost\EURUSD_M5_trend_xgboost.pkl,272827,.pkl
omnis_legacy\trained\trend\xgboost\EURUSD_M5_trend_xgboost_metadata.json,1587,.json
omnis_legacy\trained\trend\xgboost\GBPJPY_H1_trend_xgboost.pkl,247057,.pkl
omnis_legacy\trained\trend\xgboost\GBPJPY_H1_trend_xgboost_metadata.json,1587,.json
omnis_legacy\trained\trend\xgboost\GBPJPY_H4_trend_xgboost.pkl,220265,.pkl
omnis_legacy\trained\trend\xgboost\GBPJPY_H4_trend_xgboost_metadata.json,1587,.json
omnis_legacy\trained\trend\xgboost\GBPJPY_M15_trend_xgboost.pkl,265417,.pkl
omnis_legacy\trained\trend\xgboost\GBPJPY_M15_trend_xgboost_metadata.json,1588,.json
omnis_legacy\trained\trend\xgboost\GBPJPY_M30_trend_xgboost.pkl,250117,.pkl
omnis_legacy\trained\trend\xgboost\GBPJPY_M30_trend_xgboost_metadata.json,1588,.json
omnis_legacy\trained\trend\xgboost\GBPJPY_M5_trend_xgboost.pkl,279763,.pkl
omnis_legacy\trained\trend\xgboost\GBPJPY_M5_trend_xgboost_metadata.json,1587,.json
omnis_legacy\trained\trend\xgboost\GBPUSD_H1_trend_xgboost.pkl,233933,.pkl
omnis_legacy\trained\trend\xgboost\GBPUSD_H1_trend_xgboost_metadata.json,1587,.json
omnis_legacy\trained\trend\xgboost\GBPUSD_H4_trend_xgboost.pkl,212853,.pkl
omnis_legacy\trained\trend\xgboost\GBPUSD_H4_trend_xgboost_metadata.json,1586,.json
omnis_legacy\trained\trend\xgboost\GBPUSD_M15_trend_xgboost.pkl,267457,.pkl
omnis_legacy\trained\trend\xgboost\GBPUSD_M15_trend_xgboost_metadata.json,1588,.json
omnis_legacy\trained\trend\xgboost\GBPUSD_M30_trend_xgboost.pkl,248621,.pkl
omnis_legacy\trained\trend\xgboost\GBPUSD_M30_trend_xgboost_metadata.json,1588,.json
omnis_legacy\trained\trend\xgboost\GBPUSD_M5_trend_xgboost.pkl,273577,.pkl
omnis_legacy\trained\trend\xgboost\GBPUSD_M5_trend_xgboost_metadata.json,1587,.json
omnis_legacy\trained\trend\xgboost\GOLD_H1_trend_xgboost.pkl,235225,.pkl
omnis_legacy\trained\trend\xgboost\GOLD_H1_trend_xgboost_metadata.json,1585,.json
omnis_legacy\trained\trend\xgboost\GOLD_H4_trend_xgboost.pkl,224209,.pkl
omnis_legacy\trained\trend\xgboost\GOLD_H4_trend_xgboost_metadata.json,1585,.json
omnis_legacy\trained\trend\xgboost\GOLD_M15_trend_xgboost.pkl,267865,.pkl
omnis_legacy\trained\trend\xgboost\GOLD_M15_trend_xgboost_metadata.json,1586,.json
omnis_legacy\trained\trend\xgboost\GOLD_M30_trend_xgboost.pkl,259841,.pkl
omnis_legacy\trained\trend\xgboost\GOLD_M30_trend_xgboost_metadata.json,1584,.json
omnis_legacy\trained\trend\xgboost\GOLD_M5_trend_xgboost.pkl,267389,.pkl
omnis_legacy\trained\trend\xgboost\GOLD_M5_trend_xgboost_metadata.json,1585,.json
omnis_legacy\trained\trend\xgboost\NZDUSD_H1_trend_xgboost.pkl,228221,.pkl
omnis_legacy\trained\trend\xgboost\NZDUSD_H1_trend_xgboost_metadata.json,1587,.json
omnis_legacy\trained\trend\xgboost\NZDUSD_H4_trend_xgboost.pkl,200001,.pkl
omnis_legacy\trained\trend\xgboost\NZDUSD_H4_trend_xgboost_metadata.json,1586,.json
omnis_legacy\trained\trend\xgboost\NZDUSD_M15_trend_xgboost.pkl,260793,.pkl
omnis_legacy\trained\trend\xgboost\NZDUSD_M15_trend_xgboost_metadata.json,1588,.json
omnis_legacy\trained\trend\xgboost\NZDUSD_M30_trend_xgboost.pkl,249095,.pkl
omnis_legacy\trained\trend\xgboost\NZDUSD_M30_trend_xgboost_metadata.json,1588,.json
omnis_legacy\trained\trend\xgboost\NZDUSD_M5_trend_xgboost.pkl,270175,.pkl
omnis_legacy\trained\trend\xgboost\NZDUSD_M5_trend_xgboost_metadata.json,1587,.json
omnis_legacy\trained\trend\xgboost\USDCAD_H1_trend_xgboost.pkl,253177,.pkl
omnis_legacy\trained\trend\xgboost\USDCAD_H1_trend_xgboost_metadata.json,1587,.json
omnis_legacy\trained\trend\xgboost\USDCAD_H4_trend_xgboost.pkl,239577,.pkl
omnis_legacy\trained\trend\xgboost\USDCAD_H4_trend_xgboost_metadata.json,1587,.json
omnis_legacy\trained\trend\xgboost\USDCAD_M15_trend_xgboost.pkl,264731,.pkl
omnis_legacy\trained\trend\xgboost\USDCAD_M15_trend_xgboost_metadata.json,1588,.json
omnis_legacy\trained\trend\xgboost\USDCAD_M30_trend_xgboost.pkl,241819,.pkl
omnis_legacy\trained\trend\xgboost\USDCAD_M30_trend_xgboost_metadata.json,1588,.json
omnis_legacy\trained\trend\xgboost\USDCAD_M5_trend_xgboost.pkl,273711,.pkl
omnis_legacy\trained\trend\xgboost\USDCAD_M5_trend_xgboost_metadata.json,1587,.json
omnis_legacy\trained\trend\xgboost\USDCHF_H1_trend_xgboost.pkl,248483,.pkl
omnis_legacy\trained\trend\xgboost\USDCHF_H1_trend_xgboost_metadata.json,1587,.json
omnis_legacy\trained\trend\xgboost\USDCHF_H4_trend_xgboost.pkl,209925,.pkl
omnis_legacy\trained\trend\xgboost\USDCHF_H4_trend_xgboost_metadata.json,1587,.json
omnis_legacy\trained\trend\xgboost\USDCHF_M15_trend_xgboost.pkl,270653,.pkl
omnis_legacy\trained\trend\xgboost\USDCHF_M15_trend_xgboost_metadata.json,1588,.json
omnis_legacy\trained\trend\xgboost\USDCHF_M30_trend_xgboost.pkl,261813,.pkl
omnis_legacy\trained\trend\xgboost\USDCHF_M30_trend_xgboost_metadata.json,1588,.json
omnis_legacy\trained\trend\xgboost\USDCHF_M5_trend_xgboost.pkl,271807,.pkl
omnis_legacy\trained\trend\xgboost\USDCHF_M5_trend_xgboost_metadata.json,1587,.json
omnis_legacy\trained\trend\xgboost\USDJPY_H1_trend_xgboost.pkl,230125,.pkl
omnis_legacy\trained\trend\xgboost\USDJPY_H1_trend_xgboost_metadata.json,1587,.json
omnis_legacy\trained\trend\xgboost\USDJPY_H4_trend_xgboost.pkl,221147,.pkl
omnis_legacy\trained\trend\xgboost\USDJPY_H4_trend_xgboost_metadata.json,1587,.json
omnis_legacy\trained\trend\xgboost\USDJPY_M15_trend_xgboost.pkl,252903,.pkl
omnis_legacy\trained\trend\xgboost\USDJPY_M15_trend_xgboost_metadata.json,1588,.json
omnis_legacy\trained\trend\xgboost\USDJPY_M30_trend_xgboost.pkl,247465,.pkl
omnis_legacy\trained\trend\xgboost\USDJPY_M30_trend_xgboost_metadata.json,1586,.json
omnis_legacy\trained\trend\xgboost\USDJPY_M5_trend_xgboost.pkl,273033,.pkl
omnis_legacy\trained\trend\xgboost\USDJPY_M5_trend_xgboost_metadata.json,1587,.json
omnis_legacy_mlruns\0\meta.yaml,178,.yaml
omnis_legacy_mlruns\1\d3f0935297964088bd9bdf8694015a62\meta.yaml,409,.yaml
omnis_legacy_mlruns\1\d3f0935297964088bd9bdf8694015a62\tags\mlflow.runName,18,.runname
omnis_legacy_mlruns\1\d3f0935297964088bd9bdf8694015a62\tags\mlflow.source.name,41,.name
omnis_legacy_mlruns\1\d3f0935297964088bd9bdf8694015a62\tags\mlflow.source.type,5,.type
omnis_legacy_mlruns\1\d3f0935297964088bd9bdf8694015a62\tags\mlflow.user,5,.user
omnis_legacy_mlruns\1\meta.yaml,191,.yaml
omnis_legacy_mlruns\180157458946914775\417dca80bdbd42248a1c9649b656ebca\meta.yaml,384,.yaml
omnis_legacy_mlruns\180157458946914775\417dca80bdbd42248a1c9649b656ebca\tags\mlflow.runName,2,.runname
omnis_legacy_mlruns\180157458946914775\417dca80bdbd42248a1c9649b656ebca\tags\mlflow.source.name,18,.name
omnis_legacy_mlruns\180157458946914775\417dca80bdbd42248a1c9649b656ebca\tags\mlflow.source.type,5,.type
omnis_legacy_mlruns\180157458946914775\417dca80bdbd42248a1c9649b656ebca\tags\mlflow.user,5,.user
omnis_legacy_mlruns\180157458946914775\4b9768c300ed4f93ba719f491a98af16\meta.yaml,384,.yaml
omnis_legacy_mlruns\180157458946914775\4b9768c300ed4f93ba719f491a98af16\tags\mlflow.runName,2,.runname
omnis_legacy_mlruns\180157458946914775\4b9768c300ed4f93ba719f491a98af16\tags\mlflow.source.name,18,.name
omnis_legacy_mlruns\180157458946914775\4b9768c300ed4f93ba719f491a98af16\tags\mlflow.source.type,5,.type
omnis_legacy_mlruns\180157458946914775\4b9768c300ed4f93ba719f491a98af16\tags\mlflow.user,5,.user
omnis_legacy_mlruns\180157458946914775\53d1f0d391bd4d959caa2c32682ae12e\meta.yaml,384,.yaml
omnis_legacy_mlruns\180157458946914775\53d1f0d391bd4d959caa2c32682ae12e\metrics\accuracy,36,
omnis_legacy_mlruns\180157458946914775\53d1f0d391bd4d959caa2c32682ae12e\tags\mlflow.runName,2,.runname
omnis_legacy_mlruns\180157458946914775\53d1f0d391bd4d959caa2c32682ae12e\tags\mlflow.source.name,21,.name
omnis_legacy_mlruns\180157458946914775\53d1f0d391bd4d959caa2c32682ae12e\tags\mlflow.source.type,5,.type
omnis_legacy_mlruns\180157458946914775\53d1f0d391bd4d959caa2c32682ae12e\tags\mlflow.user,5,.user
omnis_legacy_mlruns\180157458946914775\5976d90f7ff8428c9eee01fa5a6bc518\meta.yaml,384,.yaml
omnis_legacy_mlruns\180157458946914775\5976d90f7ff8428c9eee01fa5a6bc518\metrics\accuracy,36,
omnis_legacy_mlruns\180157458946914775\5976d90f7ff8428c9eee01fa5a6bc518\tags\mlflow.runName,2,.runname
omnis_legacy_mlruns\180157458946914775\5976d90f7ff8428c9eee01fa5a6bc518\tags\mlflow.source.name,18,.name
omnis_legacy_mlruns\180157458946914775\5976d90f7ff8428c9eee01fa5a6bc518\tags\mlflow.source.type,5,.type
omnis_legacy_mlruns\180157458946914775\5976d90f7ff8428c9eee01fa5a6bc518\tags\mlflow.user,5,.user
omnis_legacy_mlruns\180157458946914775\7f9131be77444d7e9a12e4d345485115\meta.yaml,384,.yaml
omnis_legacy_mlruns\180157458946914775\7f9131be77444d7e9a12e4d345485115\tags\mlflow.runName,2,.runname
omnis_legacy_mlruns\180157458946914775\7f9131be77444d7e9a12e4d345485115\tags\mlflow.source.name,18,.name
omnis_legacy_mlruns\180157458946914775\7f9131be77444d7e9a12e4d345485115\tags\mlflow.source.type,5,.type
omnis_legacy_mlruns\180157458946914775\7f9131be77444d7e9a12e4d345485115\tags\mlflow.user,5,.user
omnis_legacy_mlruns\180157458946914775\meta.yaml,216,.yaml
omnis_legacy_mlruns\2\35087786e4094160b1d7943a64e1bf19\meta.yaml,405,.yaml
omnis_legacy_mlruns\2\35087786e4094160b1d7943a64e1bf19\metrics\accuracy,36,
omnis_legacy_mlruns\2\35087786e4094160b1d7943a64e1bf19\tags\mlflow.runName,14,.runname
omnis_legacy_mlruns\2\35087786e4094160b1d7943a64e1bf19\tags\mlflow.source.name,41,.name
omnis_legacy_mlruns\2\35087786e4094160b1d7943a64e1bf19\tags\mlflow.source.type,5,.type
omnis_legacy_mlruns\2\35087786e4094160b1d7943a64e1bf19\tags\mlflow.user,5,.user
omnis_legacy_mlruns\2\7b335d263f674846a445b1f4115edbbd\meta.yaml,406,.yaml
omnis_legacy_mlruns\2\7b335d263f674846a445b1f4115edbbd\metrics\accuracy,36,
omnis_legacy_mlruns\2\7b335d263f674846a445b1f4115edbbd\tags\mlflow.runName,15,.runname
omnis_legacy_mlruns\2\7b335d263f674846a445b1f4115edbbd\tags\mlflow.source.name,41,.name
omnis_legacy_mlruns\2\7b335d263f674846a445b1f4115edbbd\tags\mlflow.source.type,5,.type
omnis_legacy_mlruns\2\7b335d263f674846a445b1f4115edbbd\tags\mlflow.user,5,.user
omnis_legacy_mlruns\2\meta.yaml,186,.yaml
omnis_legacy_mlruns\223111183875917853\14c6bfe694d24b63bfc207dbb52c2b7e\meta.yaml,384,.yaml
omnis_legacy_mlruns\223111183875917853\14c6bfe694d24b63bfc207dbb52c2b7e\tags\mlflow.runName,2,.runname
omnis_legacy_mlruns\223111183875917853\14c6bfe694d24b63bfc207dbb52c2b7e\tags\mlflow.source.name,18,.name
omnis_legacy_mlruns\223111183875917853\14c6bfe694d24b63bfc207dbb52c2b7e\tags\mlflow.source.type,5,.type
omnis_legacy_mlruns\223111183875917853\14c6bfe694d24b63bfc207dbb52c2b7e\tags\mlflow.user,5,.user
omnis_legacy_mlruns\223111183875917853\2bf0091810324f878ab8c02ff6da522a\meta.yaml,384,.yaml
omnis_legacy_mlruns\223111183875917853\2bf0091810324f878ab8c02ff6da522a\tags\mlflow.runName,2,.runname
omnis_legacy_mlruns\223111183875917853\2bf0091810324f878ab8c02ff6da522a\tags\mlflow.source.name,18,.name
omnis_legacy_mlruns\223111183875917853\2bf0091810324f878ab8c02ff6da522a\tags\mlflow.source.type,5,.type
omnis_legacy_mlruns\223111183875917853\2bf0091810324f878ab8c02ff6da522a\tags\mlflow.user,5,.user
omnis_legacy_mlruns\223111183875917853\4af159a394eb422f9c6dc490fbd7eb80\meta.yaml,384,.yaml
omnis_legacy_mlruns\223111183875917853\4af159a394eb422f9c6dc490fbd7eb80\metrics\accuracy,36,
omnis_legacy_mlruns\223111183875917853\4af159a394eb422f9c6dc490fbd7eb80\tags\mlflow.runName,2,.runname
omnis_legacy_mlruns\223111183875917853\4af159a394eb422f9c6dc490fbd7eb80\tags\mlflow.source.name,21,.name
omnis_legacy_mlruns\223111183875917853\4af159a394eb422f9c6dc490fbd7eb80\tags\mlflow.source.type,5,.type
omnis_legacy_mlruns\223111183875917853\4af159a394eb422f9c6dc490fbd7eb80\tags\mlflow.user,5,.user
omnis_legacy_mlruns\223111183875917853\51b8140d286a4441bd4d55a15599d77f\meta.yaml,384,.yaml
omnis_legacy_mlruns\223111183875917853\51b8140d286a4441bd4d55a15599d77f\tags\mlflow.runName,2,.runname
omnis_legacy_mlruns\223111183875917853\51b8140d286a4441bd4d55a15599d77f\tags\mlflow.source.name,18,.name
omnis_legacy_mlruns\223111183875917853\51b8140d286a4441bd4d55a15599d77f\tags\mlflow.source.type,5,.type
omnis_legacy_mlruns\223111183875917853\51b8140d286a4441bd4d55a15599d77f\tags\mlflow.user,5,.user
omnis_legacy_mlruns\223111183875917853\d97fd1ab1cf240209c89a85ec7c2f956\meta.yaml,384,.yaml
omnis_legacy_mlruns\223111183875917853\d97fd1ab1cf240209c89a85ec7c2f956\metrics\accuracy,37,
omnis_legacy_mlruns\223111183875917853\d97fd1ab1cf240209c89a85ec7c2f956\tags\mlflow.runName,2,.runname
omnis_legacy_mlruns\223111183875917853\d97fd1ab1cf240209c89a85ec7c2f956\tags\mlflow.source.name,18,.name
omnis_legacy_mlruns\223111183875917853\d97fd1ab1cf240209c89a85ec7c2f956\tags\mlflow.source.type,5,.type
omnis_legacy_mlruns\223111183875917853\d97fd1ab1cf240209c89a85ec7c2f956\tags\mlflow.user,5,.user
omnis_legacy_mlruns\223111183875917853\meta.yaml,216,.yaml
omnis_legacy_mlruns\361334140096497770\d5d235d1f65b4b7da4bb6673ec0c62ba\meta.yaml,385,.yaml
omnis_legacy_mlruns\361334140096497770\d5d235d1f65b4b7da4bb6673ec0c62ba\tags\mlflow.runName,3,.runname
omnis_legacy_mlruns\361334140096497770\d5d235d1f65b4b7da4bb6673ec0c62ba\tags\mlflow.source.name,19,.name
omnis_legacy_mlruns\361334140096497770\d5d235d1f65b4b7da4bb6673ec0c62ba\tags\mlflow.source.type,5,.type
omnis_legacy_mlruns\361334140096497770\d5d235d1f65b4b7da4bb6673ec0c62ba\tags\mlflow.user,5,.user
omnis_legacy_mlruns\361334140096497770\meta.yaml,221,.yaml
omnis_legacy_mlruns\690823479305749513\6d97655d46d848faaa3ba868c937ec0e\meta.yaml,384,.yaml
omnis_legacy_mlruns\690823479305749513\6d97655d46d848faaa3ba868c937ec0e\metrics\accuracy,37,
omnis_legacy_mlruns\690823479305749513\6d97655d46d848faaa3ba868c937ec0e\tags\mlflow.runName,2,.runname
omnis_legacy_mlruns\690823479305749513\6d97655d46d848faaa3ba868c937ec0e\tags\mlflow.source.name,17,.name
omnis_legacy_mlruns\690823479305749513\6d97655d46d848faaa3ba868c937ec0e\tags\mlflow.source.type,5,.type
omnis_legacy_mlruns\690823479305749513\6d97655d46d848faaa3ba868c937ec0e\tags\mlflow.user,5,.user
omnis_legacy_mlruns\690823479305749513\d69c44b0c493412ab69164c345fcfbf2\meta.yaml,384,.yaml
omnis_legacy_mlruns\690823479305749513\d69c44b0c493412ab69164c345fcfbf2\tags\mlflow.runName,2,.runname
omnis_legacy_mlruns\690823479305749513\d69c44b0c493412ab69164c345fcfbf2\tags\mlflow.source.name,17,.name
omnis_legacy_mlruns\690823479305749513\d69c44b0c493412ab69164c345fcfbf2\tags\mlflow.source.type,5,.type
omnis_legacy_mlruns\690823479305749513\d69c44b0c493412ab69164c345fcfbf2\tags\mlflow.user,5,.user
omnis_legacy_mlruns\690823479305749513\meta.yaml,223,.yaml
omnis_legacy_mlruns\746556978850616487\35fb67a6280049dc9f6760ba5cd44809\meta.yaml,384,.yaml
omnis_legacy_mlruns\746556978850616487\35fb67a6280049dc9f6760ba5cd44809\metrics\accuracy,36,
omnis_legacy_mlruns\746556978850616487\35fb67a6280049dc9f6760ba5cd44809\tags\mlflow.runName,2,.runname
omnis_legacy_mlruns\746556978850616487\35fb67a6280049dc9f6760ba5cd44809\tags\mlflow.source.name,17,.name
omnis_legacy_mlruns\746556978850616487\35fb67a6280049dc9f6760ba5cd44809\tags\mlflow.source.type,5,.type
omnis_legacy_mlruns\746556978850616487\35fb67a6280049dc9f6760ba5cd44809\tags\mlflow.user,5,.user
omnis_legacy_mlruns\746556978850616487\c0fd1b5cb5c94230bdb25000fff0692c\meta.yaml,384,.yaml
omnis_legacy_mlruns\746556978850616487\c0fd1b5cb5c94230bdb25000fff0692c\metrics\accuracy,36,
omnis_legacy_mlruns\746556978850616487\c0fd1b5cb5c94230bdb25000fff0692c\tags\mlflow.runName,2,.runname
omnis_legacy_mlruns\746556978850616487\c0fd1b5cb5c94230bdb25000fff0692c\tags\mlflow.source.name,17,.name
omnis_legacy_mlruns\746556978850616487\c0fd1b5cb5c94230bdb25000fff0692c\tags\mlflow.source.type,5,.type
omnis_legacy_mlruns\746556978850616487\c0fd1b5cb5c94230bdb25000fff0692c\tags\mlflow.user,5,.user
omnis_legacy_mlruns\746556978850616487\d568d17f90c0479485f70fa796825910\meta.yaml,384,.yaml
omnis_legacy_mlruns\746556978850616487\d568d17f90c0479485f70fa796825910\metrics\accuracy,36,
omnis_legacy_mlruns\746556978850616487\d568d17f90c0479485f70fa796825910\tags\mlflow.runName,2,.runname
omnis_legacy_mlruns\746556978850616487\d568d17f90c0479485f70fa796825910\tags\mlflow.source.name,17,.name
omnis_legacy_mlruns\746556978850616487\d568d17f90c0479485f70fa796825910\tags\mlflow.source.type,5,.type
omnis_legacy_mlruns\746556978850616487\d568d17f90c0479485f70fa796825910\tags\mlflow.user,5,.user
omnis_legacy_mlruns\746556978850616487\meta.yaml,223,.yaml
omnis_legacy_mlruns\921859838001678030\43188ccfbc764aedb86a8e57e5cb1251\meta.yaml,385,.yaml
omnis_legacy_mlruns\921859838001678030\43188ccfbc764aedb86a8e57e5cb1251\metrics\accuracy,36,
omnis_legacy_mlruns\921859838001678030\43188ccfbc764aedb86a8e57e5cb1251\tags\mlflow.runName,3,.runname
omnis_legacy_mlruns\921859838001678030\43188ccfbc764aedb86a8e57e5cb1251\tags\mlflow.source.name,17,.name
omnis_legacy_mlruns\921859838001678030\43188ccfbc764aedb86a8e57e5cb1251\tags\mlflow.source.type,5,.type
omnis_legacy_mlruns\921859838001678030\43188ccfbc764aedb86a8e57e5cb1251\tags\mlflow.user,5,.user
omnis_legacy_mlruns\921859838001678030\a4a3f901307c427d9df69526a2b4e24f\meta.yaml,385,.yaml
omnis_legacy_mlruns\921859838001678030\a4a3f901307c427d9df69526a2b4e24f\tags\mlflow.runName,3,.runname
omnis_legacy_mlruns\921859838001678030\a4a3f901307c427d9df69526a2b4e24f\tags\mlflow.source.name,17,.name
omnis_legacy_mlruns\921859838001678030\a4a3f901307c427d9df69526a2b4e24f\tags\mlflow.source.type,5,.type
omnis_legacy_mlruns\921859838001678030\a4a3f901307c427d9df69526a2b4e24f\tags\mlflow.user,5,.user
omnis_legacy_mlruns\921859838001678030\de1976e1106f4a1c92be3e40ac2b6b3f\meta.yaml,385,.yaml
omnis_legacy_mlruns\921859838001678030\de1976e1106f4a1c92be3e40ac2b6b3f\metrics\accuracy,36,
omnis_legacy_mlruns\921859838001678030\de1976e1106f4a1c92be3e40ac2b6b3f\tags\mlflow.runName,3,.runname
omnis_legacy_mlruns\921859838001678030\de1976e1106f4a1c92be3e40ac2b6b3f\tags\mlflow.source.name,17,.name
omnis_legacy_mlruns\921859838001678030\de1976e1106f4a1c92be3e40ac2b6b3f\tags\mlflow.source.type,5,.type
omnis_legacy_mlruns\921859838001678030\de1976e1106f4a1c92be3e40ac2b6b3f\tags\mlflow.user,5,.user
omnis_legacy_mlruns\921859838001678030\e6ca78fd35244ab4b0ad905b65e85787\meta.yaml,385,.yaml
omnis_legacy_mlruns\921859838001678030\e6ca78fd35244ab4b0ad905b65e85787\metrics\accuracy,36,
omnis_legacy_mlruns\921859838001678030\e6ca78fd35244ab4b0ad905b65e85787\tags\mlflow.runName,3,.runname
omnis_legacy_mlruns\921859838001678030\e6ca78fd35244ab4b0ad905b65e85787\tags\mlflow.source.name,17,.name
omnis_legacy_mlruns\921859838001678030\e6ca78fd35244ab4b0ad905b65e85787\tags\mlflow.source.type,5,.type
omnis_legacy_mlruns\921859838001678030\e6ca78fd35244ab4b0ad905b65e85787\tags\mlflow.user,5,.user
omnis_legacy_mlruns\921859838001678030\meta.yaml,224,.yaml
omnis_legacy_mlruns\945470582359594342\a50f1acc49494fca866e2ea338bf0f38\meta.yaml,385,.yaml
omnis_legacy_mlruns\945470582359594342\a50f1acc49494fca866e2ea338bf0f38\metrics\accuracy,36,
omnis_legacy_mlruns\945470582359594342\a50f1acc49494fca866e2ea338bf0f38\tags\mlflow.runName,3,.runname
omnis_legacy_mlruns\945470582359594342\a50f1acc49494fca866e2ea338bf0f38\tags\mlflow.source.name,19,.name
omnis_legacy_mlruns\945470582359594342\a50f1acc49494fca866e2ea338bf0f38\tags\mlflow.source.type,5,.type
omnis_legacy_mlruns\945470582359594342\a50f1acc49494fca866e2ea338bf0f38\tags\mlflow.user,5,.user
omnis_legacy_mlruns\945470582359594342\meta.yaml,217,.yaml
production_registry\M5_approved_ensembles.csv,3700,.csv
production_registry\M5_approved_ensembles.json,3715,.json
projeto_qlib_final\omnis_model_eurusd_m5.pkl,1509385,.pkl
qlib\modelo_alpha158_sucesso.pkl,9230,.pkl
qlib\modelo_balanceado_lightgbm.pkl,390852,.pkl
